term,bill_id,bill_no,proc_dt,tally_members,tally_voted,tally_yes,tally_no,tally_abstain,rows,yes,no,abstain,absent,n_tally_rows,any_row_match,first_row_match,status,missing_yes,missing_no,missing_abstain,explanation
20,PRC_B1L9V0K9P2L3B1Q9B4P3X5D8H0Q8W8,2024994,2020-05-20,290,156,154,0,2,290,154,0,2,134,1,True,True,match,0,0,0,
20,PRC_D2E0K0I5F1H9X1C3I3A3Y2I7W8O9X2,2024993,2020-05-20,290,171,162,0,9,290,162,0,9,119,1,True,True,match,0,0,0,
20,PRC_B2E0Q0P5K1J4V1V8O1Q1J5Y2C1E5W0,2024992,2020-05-20,290,177,175,0,2,290,175,0,2,113,1,True,True,match,0,0,0,
20,PRC_W2P0W0Q5H1E4I1V8J1X8L4D5G0S2G2,2024991,2020-05-20,290,169,165,1,3,290,165,1,3,121,1,True,True,match,0,0,0,
20,PRC_J2N0I0X5I1Y4H1C8B1K6H0E7E1X7Z8,2024990,2020-05-20,290,178,175,0,3,290,175,0,3,112,1,True,True,match,0,0,0,
20,PRC_E2I0R0G5R1O4A1U8X1O6P5Y0M8R5J6,2024989,2020-05-20,290,182,180,0,2,290,180,0,2,108,1,True,True,match,0,0,0,
20,PRC_D2N0W0Q5V1Q4J1P8U1E7U4S6A1Y1Y5,2024988,2020-05-20,290,175,174,0,1,290,174,0,1,115,1,True,True,match,0,0,0,
20,PRC_C2Y0Z0Y5N1D4D1S8F1A9B2D8N7F0M8,2024987,2020-05-20,290,171,166,0,5,290,166,0,5,119,1,True,True,match,0,0,0,
20,PRC_Y2D0I0I3S0L4M1B7O3K9B2F0R3W5F9,2024986,2020-05-20,290,174,147,14,13,290,147,14,13,116,1,True,True,match,0,0,0,
20,PRC_S2Y0I0M5E1O4Y1W6X0K4O2W0H1V5J0,2024985,2020-05-20,290,179,169,2,8,290,169,2,8,111,1,True,True,match,0,0,0,
20,PRC_Z2P0M0E5M0Y6S1I5W5F0U3S8E2Z3T2,2024984,2020-05-20,290,158,158,0,0,290,158,0,0,132,1,True,True,match,0,0,0,
20,PRC_T2M0D0A5G1H4E1F6A0M3X2D0X1Q1O8,2024983,2020-05-20,290,177,177,0,0,290,177,0,0,113,1,True,True,match,0,0,0,
20,PRC_J2H0O0L5E1Y4P1G5J5V8P4Z4N5E9L3,2024982,2020-05-20,290,184,183,0,1,290,183,0,1,106,1,True,True,match,0,0,0,
20,PRC_N2C0M0Y5V1C4R1P8Q1D3W4E8Z9O8E4,2024981,2020-05-20,290,176,175,0,1,290,175,0,1,114,1,True,True,match,0,0,0,
20,PRC_G2T0V0A5P0S6I1J5X3N3Q3Q9J0D7X7,2024980,2020-05-20,290,158,158,0,0,290,158,0,0,132,1,True,True,match,0,0,0,
20,PRC_Q2Q0Q0K5Z0J6P1S5D3W2C2J1H5L3B1,2024979,2020-05-20,290,159,158,0,1,290,158,0,1,131,1,True,True,match,0,0,0,
20,PRC_S2M0L0K5L0Y6Y1S5Z3S1B4J2N0F8J8,2024978,2020-05-20,290,158,158,0,0,290,158,0,0,132,1,True,True,match,0,0,0,
20,PRC_V2N0M0H5D0B6G1L5N3I0O3W8F5B6C5,2024977,2020-05-20,290,157,157,0,0,290,157,0,0,133,1,True,True,match,0,0,0,
20,PRC_I2I0C0G5A0K7V1C4M5C9C0X8E8E9G8,2024976,2020-05-20,290,152,150,0,2,290,150,0,2,138,1,True,True,match,0,0,0,
20,PRC_U2T0M0X5A0D7U1E4D5I7D5B6S4P8G8,2024975,2020-05-20,290,154,154,0,0,290,154,0,0,136,1,True,True,match,0,0,0,
20,PRC_H2W0F0Z5S0R7X1V4M5A6G4I7U4O4G3,2024974,2020-05-20,290,173,171,1,1,290,171,1,1,117,1,True,True,match,0,0,0,
20,PRC_E2V0B0H5V0L7V1I4Z5F5J1J1X9V3T4,2024973,2020-05-20,290,172,170,0,2,290,170,0,2,118,1,True,True,match,0,0,0,
20,PRC_Z2I0T0U5J0S7Z1A4O4V9X3D9N5O5V3,2024972,2020-05-20,290,167,166,0,1,290,166,0,1,123,1,True,True,match,0,0,0,
20,PRC_O2V0J0A5A0B7G1Q4S5F0R5X7E2Z3F4,2024971,2020-05-20,290,166,163,0,3,290,163,0,3,124,1,True,True,match,0,0,0,
20,PRC_O2U0F0S5H1R9D2T1C4V9I2Q9X4C6E3,2024970,2020-05-20,290,202,198,1,3,290,198,1,3,88,1,True,True,match,0,0,0,
20,PRC_O2V0N0P5N0W6M2M0Z5J7T4Q8B7R2J7,2024969,2020-05-20,290,190,190,0,0,290,190,0,0,100,1,True,True,match,0,0,0,
20,PRC_E2W0H0L5E0I6C2J1A2A4J0R3B6N1F0,2024967,2020-05-20,290,190,187,1,2,290,187,1,2,100,1,True,True,match,0,0,0,
20,PRC_U2C0J0Q5P0E6O2O2K3J5E4V5R1T1W3,2024966,2020-05-20,290,188,184,0,4,290,184,0,4,102,1,True,True,match,0,0,0,
20,PRC_D2D0S0R5U0T6B2L1G0M0M3E6R7G3T5,2024965,2020-05-20,290,191,184,3,4,290,184,3,4,99,1,True,True,match,0,0,0,
20,PRC_M2Q0E0N5P0X4B1I8D5S8H2C4W1F9J2,2024964,2020-05-20,290,173,171,0,2,290,171,0,2,117,1,True,True,match,0,0,0,
20,PRC_T2T0X0S5M0K6C2Q1O2C7Z5W5Y4C6R3,2024963,2020-05-20,290,177,174,0,3,290,174,0,3,113,1,True,True,match,0,0,0,
20,PRC_M2K0B0J5E0M6P2E1T2E2Y3V1Z4V1R8,2024962,2020-05-20,290,181,178,0,3,290,178,0,3,109,1,True,True,match,0,0,0,
20,PRC_Z2H0M0J5N0N4O1S9B0Q0E3V6H5V7U5,2024961,2020-05-20,290,187,185,0,2,290,185,0,2,103,1,True,True,match,0,0,0,
20,PRC_A2C0C0E5M0Q6Z2Y1R3V0A3V1J1A5A4,2024960,2020-05-20,290,180,173,0,7,290,173,0,7,110,1,True,True,match,0,0,0,
20,PRC_Z2J0O0O5N0O6P2D1O3D7X0T8Z9J6O1,2024959,2020-05-20,290,178,170,2,6,290,170,2,6,112,1,True,True,match,0,0,0,
20,PRC_X1P9O1F1D2J8J1V3B0K8X4Z4E4J6D9,2024958,2020-05-20,290,195,194,0,1,290,194,0,1,95,1,True,True,match,0,0,0,
20,PRC_Y2A0W0J5D0Y4A1K8U5P4L5Z4J6V8Z5,2024957,2020-05-20,290,176,176,0,0,290,176,0,0,114,1,True,True,match,0,0,0,
20,PRC_H2P0Y0X5Y0U7F1K4S4L2Q4M1E9T3J1,2024956,2020-05-20,290,152,151,0,1,290,151,0,1,138,1,True,True,match,0,0,0,
20,PRC_A2O0G0J5I0Z7A1Y1O1Y1C1C1R4X8C5,2024955,2020-05-20,290,151,147,1,3,290,147,1,3,139,1,True,True,match,0,0,0,
20,PRC_F2R0L0H5R0E7M1D1N0T8A5L1O3W0P7,2024954,2020-05-20,290,154,153,0,1,290,153,0,1,136,1,True,True,match,0,0,0,
20,PRC_Z2X0H0Y5U0Z7I1F1T1E7L4K8Y1N4M2,2024953,2020-05-20,290,151,151,0,0,290,151,0,0,139,1,True,True,match,0,0,0,
20,PRC_A2B0I0E5V0S7P1T0D5A0Q3X0I0M1U5,2024952,2020-05-20,290,154,150,0,4,290,150,0,4,136,1,True,True,match,0,0,0,
20,PRC_W2Q0A0N5J0O7F1J0Y5T7Y3D1P3P6E8,2024951,2020-05-20,290,153,152,0,1,290,152,0,1,137,1,True,True,match,0,0,0,
20,PRC_M2M0L0X5W0B7N1S1H2R0H5N5C2O0W0,2024950,2020-05-20,290,156,149,2,5,290,149,2,5,134,1,True,True,match,0,0,0,
20,PRC_O2J0U0J5Y0D7N1S1D2Z5F1K5C7U9N4,2024949,2020-05-20,290,153,151,0,2,290,151,0,2,137,1,True,True,match,0,0,0,
20,PRC_A2I0W0P5E0A7X1K1B2U3X1Z0O2V3D7,2024948,2020-05-20,290,153,152,0,1,290,152,0,1,137,1,True,True,match,0,0,0,
20,PRC_A2I0Z0M5K0U7P1P1Q0S6W1D5E6H0M9,2024947,2020-05-20,290,149,146,0,3,290,146,0,3,141,1,True,True,match,0,0,0,
20,PRC_E2S0R0Q5Q1K1S0R9Y2O3R3M2Q0D8T1,2024946,2020-05-20,290,150,100,7,43,290,100,7,43,140,1,True,True,match,0,0,0,
20,PRC_P2D0B0C5F0I9D1D4V2X9D4L1T8N5B9,2024945,2020-05-20,290,160,159,0,1,290,159,0,1,130,1,True,True,match,0,0,0,
20,PRC_N2O0S0S5R0Q9G1B4P3B0Y3X6A2N8T7,2024944,2020-05-20,290,161,158,0,3,290,158,0,3,129,1,True,True,match,0,0,0,
20,PRC_O2W0E0J5O1D1O0W9V1Z9O4C6B6K8Z6,2024943,2020-05-20,290,162,155,1,6,290,155,1,6,128,1,True,True,match,0,0,0,
20,PRC_Q2N0Z0K5I1Y1E0I9M2F0I3O9O1Y3D7,2024942,2020-05-20,290,157,153,0,4,290,153,0,4,133,1,True,True,match,0,0,0,
20,PRC_F2N0L0R5K1F1B0I9T1A8W5X9T5K1H0,2024941,2020-05-20,290,151,148,0,3,290,148,0,3,139,1,True,True,match,0,0,0,
20,PRC_Z2F0X0H5B1B1R0U9T2W2G4S8B6J7I1,2024940,2020-05-20,290,149,138,0,11,290,138,0,11,141,1,True,True,match,0,0,0,
20,PRC_N2T0Q0B5R0J9L1F4X2Q8Y3P6K4S2Z2,2024939,2020-05-20,290,160,159,0,1,290,159,0,1,130,1,True,True,match,0,0,0,
20,PRC_J2W0N0R5C1R9L1C9T4T9P1I3N2Y1D7,2024937,2020-05-20,290,203,200,0,3,290,200,0,3,87,1,True,True,match,0,0,0,
20,PRC_U2V0A0K5B1R9K1S9H4A3L1S2D9B6R4,2024935,2020-05-20,290,197,191,0,6,290,191,0,6,93,1,True,True,match,0,0,0,
20,PRC_A2H0U0K5O1Z9A1K9G4N7I5W0E2O3E3,2024934,2020-05-20,290,202,199,1,2,290,199,1,2,88,1,True,True,match,0,0,0,
20,PRC_M2S0J0G5R0Y7J1Q6C1Y5B2R2H4I6K4,2024927,2020-05-20,290,164,162,1,1,290,162,1,1,126,1,True,True,match,0,0,0,
20,PRC_A2Z0Q0K4O2B9J1Y7H0O2U0V6Y8F6P3,2024880,2020-05-20,290,172,171,0,1,290,171,0,1,118,1,True,True,match,0,0,0,
20,PRC_F2S0D0J4B2L7W1Q1N3P9T4Y5L9L3S8,2024869,2020-05-20,290,149,149,0,0,290,149,0,0,141,1,True,True,match,0,0,0,
20,PRC_B2Q0Q0W1G1X6L1A7U2Y3G5S2Q8H1E8,2024523,2020-05-20,290,154,153,0,1,290,153,0,1,136,1,True,True,match,0,0,0,
20,PRC_J2F0F0S1N0W6E1O4U3X0S1J4J1O6S2,2024476,2020-05-20,290,187,180,1,6,290,180,1,6,103,1,True,True,match,0,0,0,
20,PRC_W2T0K0B1Y0W2I1A7D3K6T1Y2S9O3N3,2024455,2020-05-20,290,155,151,1,3,290,151,1,3,135,1,True,True,match,0,0,0,
20,ARC_T1O9J1L2C3K1J1S3K4F1H5I3N0V0O9,2024414,2020-05-20,290,164,159,0,5,290,159,0,5,126,1,True,True,match,0,0,0,
20,ARC_Z1Y9D1Q2L0K2F1J6X5D5M2I3O3U2Q1,2024150,2020-05-20,290,188,187,0,1,290,187,0,1,102,1,True,True,match,0,0,0,
20,ARC_H1N9T1R2Y0K2E1P7G0W4F2W6W5D2U3,2024149,2020-05-20,290,199,198,0,1,290,198,0,1,91,1,True,True,match,0,0,0,
20,PRC_M1A9R1B1Z2D0E1L7W1S1I5F2Q9D0I6,2023916,2020-05-20,290,159,153,0,6,290,153,0,6,131,1,True,True,match,0,0,0,
20,PRC_E1Y9K1W1H0E4H1M6X3A2R2B6U0Q2O6,2023569,2020-05-20,290,150,147,0,3,290,147,0,3,140,1,True,True,match,0,0,0,
20,PRC_U1L9B1Y0M3U1L2F0U4B1U5C2T9D9I6,2023517,2020-05-20,290,152,147,0,5,290,147,0,5,138,1,True,True,match,0,0,0,
20,PRC_N1P9S1T0G3G1Y1S1T4T1A1W0R4J4O2,2023372,2020-05-20,290,150,147,0,3,290,147,0,3,140,1,True,True,match,0,0,0,
20,PRC_L1B9Y1X0V1M8T1R7O2I2N1J1L2H2U6,2022919,2020-05-20,290,162,160,0,2,290,160,0,2,128,1,True,True,match,0,0,0,
20,PRC_J1Q9H1N0X1O6E1U0Z5Z0L3M3S1D8L9,2022898,2020-05-20,290,185,184,0,1,290,184,0,1,105,1,True,True,match,0,0,0,
20,PRC_E1Z9D0H9Y2Y6H1O0H5N2F3S4C9P2L2,2022695,2020-05-20,290,177,176,0,1,290,176,0,1,113,1,True,True,match,0,0,0,
20,PRC_P1C9Y0M9K2P6J1L0H3W5E3O5B9Q6X8,2022693,2020-05-20,290,153,152,0,1,290,152,0,1,137,1,True,True,match,0,0,0,
20,PRC_M1G9T0Y9C1P9L1M7U2V1C0C2Q4X6N1,2022554,2020-05-20,290,179,177,0,2,290,177,0,2,111,1,True,True,match,0,0,0,
20,PRC_L1G9G0H9D1P0U1K7Q1H1H3Y3X4U9P8,2022429,2020-05-20,290,164,163,0,1,290,163,0,1,126,1,True,True,match,0,0,0,
20,PRC_T1W9V0H9C0O3D1Z5B3R8T2P5W7S7B7,2022316,2020-05-20,290,180,177,0,3,290,177,0,3,110,1,True,True,match,0,0,0,
20,PRC_I1U9Y0T8L2A7M1E8Z0S9T2V5L1I5P8,2022128,2020-05-20,290,154,154,0,0,290,154,0,0,136,1,True,True,match,0,0,0,
20,PRC_Y1G9T0W8U2B6Q1X1Q2R3U0O7L9S7Z0,2022105,2020-05-20,290,163,161,0,2,290,161,0,2,127,1,True,True,match,0,0,0,
20,ARC_G1C9M0F8U2V3B1G6L2E1X2T3H9J5M4,2022095,2020-05-20,290,172,170,0,2,290,170,0,2,118,1,True,True,match,0,0,0,
20,PRC_D1N9Q0L8B2X0Y1T4F2P0G2O1M3D1O1,2022031,2020-05-20,290,151,150,0,1,290,150,0,1,139,1,True,True,match,0,0,0,
20,PRC_V1A9B0P8R0Y7G1G5J2I8X1A7L1Z5Q3,2021878,2020-05-20,290,153,150,0,3,290,150,0,3,137,1,True,True,match,0,0,0,
20,PRC_Y1A9G0E7X3Z0Z1K5J5V9Z0W7K6V4E7,2021730,2020-05-20,290,156,154,0,2,290,154,0,2,134,1,True,True,match,0,0,0,
20,PRC_B1S9I0J7R2G6D1L4Z5Y0F3Q5A2V8J4,2021686,2020-05-20,290,157,157,0,0,290,157,0,0,133,1,True,True,match,0,0,0,
20,PRC_I1C9P0B7F1D8T1H8K0A0F4A0Z8D6J3,2021549,2020-05-20,290,151,148,0,3,290,148,0,3,139,1,True,True,match,0,0,0,
20,PRC_P1Q9D0K7P1W8F1O4N3R5C1N6Y4B7S7,2021537,2020-05-20,290,151,150,0,1,290,150,0,1,139,1,True,True,match,0,0,0,
20,PRC_F1F9E0F7Q1L0I1A3O5H7P2K1E5B3O1,2021407,2020-05-20,290,189,186,0,3,290,186,0,3,101,1,True,True,match,0,0,0,
20,ARC_Z1H9T0X6Q2X8F1D1K2M7L0Q6L4H6E1,2021185,2020-05-20,290,177,175,0,2,290,175,0,2,113,1,True,True,match,0,0,0,
20,PRC_Z1M9K0O6S2N4O1L5M3A2K4W7W6O4Z8,2021095,2020-05-20,290,151,150,0,1,290,150,0,1,139,1,True,True,match,0,0,0,
20,PRC_R1K9Z0T6G2V0O1D1M1G7V3H5F5S8J2,2021064,2020-05-20,290,167,167,0,0,290,167,0,0,123,1,True,True,match,0,0,0,
20,PRC_W1B9M0O6F0Q5X1T1K3K5O5I8L3F0E1,2020847,2020-05-20,290,168,168,0,0,290,168,0,0,122,1,True,True,match,0,0,0,
20,PRC_R1F9Y0A6U0F5M1G1J2Y7M2P3I4X3Y0,2020846,2020-05-20,290,174,174,0,0,290,174,0,0,116,1,True,True,match,0,0,0,
20,PRC_H1O9J0S5S2G9Z1I6R3T6W0C0B1H5I3,2020685,2020-05-20,290,204,200,0,4,290,200,0,4,86,1,True,True,match,0,0,0,
20,PRC_R1C9Q0P5B2Z8N1U8S0Z0C0J7Y7H4B8,2020672,2020-05-20,290,153,150,0,3,290,150,0,3,137,1,True,True,match,0,0,0,
20,PRC_I1U9O0S5Q2S7A1S5M2F6V4E8J1X9C9,2020645,2020-05-20,290,191,189,0,2,290,189,0,2,99,1,True,True,match,0,0,0,
20,PRC_U1G9R0U5C2W4N1Z4Y5U9U4U5I2R6J2,2020626,2020-05-20,290,201,196,0,5,290,196,0,5,89,1,True,True,match,0,0,0,
20,ARC_R1S9C0N5T2G4B1L4X4F3H4R0E4B6M6,2020625,2020-05-20,290,168,168,0,0,290,168,0,0,122,1,True,True,match,0,0,0,
20,PRC_U1G9O0O5R2O2A1A7F3E1V0G0O2W4M4,2020574,2020-05-20,290,176,165,4,7,290,165,4,7,114,1,True,True,match,0,0,0,
20,PRC_V1F9N0M5Z2C2V1R7C2R2C0Z4H6O0O2,2020573,2020-05-20,290,168,160,3,5,290,160,3,5,122,1,True,True,match,0,0,0,
20,PRC_G1Y9Y0J5L2X1G1L0J4C0K1Q8H6R7U1,2020525,2020-05-20,290,161,159,0,2,290,159,0,2,129,1,True,True,match,0,0,0,
20,PRC_P1E9W0L5S1O0D1M1S2V4U4R0Q6F3M7,2020364,2020-05-20,290,210,210,0,0,290,210,0,0,80,1,True,True,match,0,0,0,
20,PRC_F1G9P0B5Y0B2E1B3M1E6L2A8G1K2C9,2020140,2020-05-20,290,154,152,0,2,290,152,0,2,136,1,True,True,match,0,0,0,
20,PRC_J1P9H0P4Y3M0O1U6V2G3M4V5W8N3N3,2020084,2020-05-20,290,187,185,0,2,290,185,0,2,103,1,True,True,match,0,0,0,
20,PRC_A1E9R0A4N2Q3P1S5J4P1H1J1M5K0C3,2019978,2020-05-20,290,168,167,0,1,290,167,0,1,122,1,True,True,match,0,0,0,
20,PRC_L1T9T0K4G1B6L1H4E1I8W3H2P4O8M8,2019838,2020-05-20,290,170,166,0,4,290,166,0,4,120,1,True,True,match,0,0,0,
20,PRC_P1T9L0F4L1V1T1Z7R2I0A5E6E9U5C0,2019757,2020-05-20,290,165,163,0,2,290,163,0,2,125,1,True,True,match,0,0,0,
20,PRC_N1S9J0E2I1D8Z1M7O3T3M4I7Z5R5N1,2018681,2020-05-20,290,208,204,0,4,290,204,0,4,82,1,True,True,match,0,0,0,
20,PRC_X1N9I0O2X1E5R1Q5W5Y4N0S4Y7Q7K3,2018660,2020-05-20,290,177,168,1,8,290,168,1,8,113,1,True,True,match,0,0,0,
20,PRC_S1K9F0A1Y3Z0M1U3I3V1R4C4B7G4T5,2018399,2020-05-20,290,166,164,0,2,290,164,0,2,124,1,True,True,match,0,0,0,
20,PRC_P1A9A0A1M2D5S1Y5U1A3N5D9F1F5D6,2018333,2020-05-20,290,172,166,0,6,290,166,0,6,118,1,True,True,match,0,0,0,
20,ARC_B1B9Q0A1L1J1A1Z4B4K5N2Y6F2D0W0,2018146,2020-05-20,290,179,177,0,2,290,177,0,2,111,1,True,True,match,0,0,0,
20,ARC_T1J9S0Y1Y0O4C1K4K0Z5F0B8V7W3Z5,2018038,2020-05-20,290,178,178,0,0,290,178,0,0,112,1,True,True,match,0,0,0,
20,PRC_W1R8R1T2E2P8P1D7B5D9L1J9E5A4C1,2017894,2020-05-20,290,155,153,0,2,290,153,0,2,135,1,True,True,match,0,0,0,
20,PRC_O1F8U1K2D1K7Q1C8B2P8O1M7Y8Y8W6,2017585,2020-05-20,290,182,181,0,1,290,181,0,1,108,1,True,True,match,0,0,0,
20,PRC_V1L8E1V2O0Q6S1A7A1P7U4U6Q6J2F7,2017209,2020-05-20,290,166,162,0,4,290,162,0,4,124,1,True,True,match,0,0,0,
20,PRC_P1O8G1Z0L1L0X0E9V2Z7V4R4W6P1X9,2015920,2020-05-20,290,176,174,0,2,290,174,0,2,114,1,True,True,match,0,0,0,
20,PRC_T1G8Z0A8Q0T1T1O6Z1J4V4I0D7A8A8,2014712,2020-05-20,290,179,176,0,3,290,176,0,3,111,1,True,True,match,0,0,0,
20,ARC_D1R8J0I7Y0O2K1T4O5B1I4B8Y8Q8S9,2014161,2020-05-20,290,187,180,3,4,290,180,3,4,103,1,True,True,match,0,0,0,
20,PRC_Z1E8V0U5C1Q8B1O3R3H8H3H2R6D2U9,2013633,2020-05-20,290,152,147,0,5,290,147,0,5,138,1,True,True,match,0,0,0,
20,ARC_R1J8N0Z3S2E3Z1D8C0T3A5T6R3O9D8,2012638,2020-05-20,290,204,203,1,0,290,203,1,0,86,1,True,True,match,0,0,0,
20,PRC_A1V8K0I1Y1B8P1H4O2B5M4M0M4I1H1,2011441,2020-05-20,290,177,173,0,4,290,173,0,4,113,1,True,True,match,0,0,0,
20,ARC_D1G7G1G2P2W8G1D6U3Y6T3J2D2L6D9,2011084,2020-05-20,290,180,176,0,4,290,176,0,4,110,1,True,True,match,0,0,0,
20,ARC_L1C7F1Q2T2B8V1I5R2C5W1S6H4F6C8,2011077,2020-05-20,290,171,171,0,0,290,171,0,0,119,1,True,True,match,0,0,0,
20,PRC_R1T7C1V1B2C4H1F4H2V3F1Z3S3M8P8,2010398,2020-05-20,290,164,161,0,3,290,161,0,3,126,1,True,True,match,0,0,0,
20,PRC_U1J7T1U1V2P2S1N1W3Q2N3M5R9P7T6,2010314,2020-05-20,290,172,168,0,4,290,168,0,4,118,1,True,True,match,0,0,0,
20,PRC_I1W7K0I9Y2Y7T1P5T5K8K3B3W4B9H2,2009628,2020-05-20,290,172,170,0,2,290,170,0,2,118,1,True,True,match,0,0,0,
20,PRC_K1W7L0B9O2T7E1Q5J5J6I0M4C1L3W4,2009627,2020-05-20,290,171,169,0,2,290,169,0,2,119,1,True,True,match,0,0,0,
20,PRC_P1T7H0F9H2B7K1N5C2H8C2D2V2W6P3,2009621,2020-05-20,290,169,167,0,2,290,167,0,2,121,1,True,True,match,0,0,0,
20,PRC_M1Y7O0C9M0F4W1U7C2N0P4S9M5Q1M0,2009062,2020-05-20,290,165,161,1,3,290,161,1,3,125,1,True,True,match,0,0,0,
20,ARC_N1N7Q0V3O1Y6B1H7U4I6G4X9I7L6Q2,2006230,2020-05-20,290,182,176,0,6,290,176,0,6,108,1,True,True,match,0,0,0,
20,PRC_N1O7O0E2N2T8A1U1L4N9T5G3J0E7D9,2005833,2020-05-20,290,162,160,0,2,290,160,0,2,128,1,True,True,match,0,0,0,
20,PRC_L1L6L1R1K2L3M2A0I3N3I4X2E3S7A9,2004050,2020-05-20,290,208,184,13,11,290,184,13,11,82,1,True,True,match,0,0,0,
20,PRC_H1Q6X1J1B2T8G1S7K4E8M5M6D8P5L1,2003916,2020-05-20,290,180,179,1,0,290,179,1,0,110,1,True,True,match,0,0,0,
20,PRC_B1E6E0O6N2R0F1D8X2R1F0U0U1D1D1,2000365,2020-05-20,290,156,152,0,4,290,152,0,4,134,1,True,True,match,0,0,0,
20,PRC_Y2N0Y0F2O2E4M0A9G4O9S1F1R4L8S1,2024921,2020-04-30,290,188,187,0,1,290,187,0,1,102,1,True,True,match,0,0,0,
20,PRC_Y1H9Z1K1X2D8M0N8B3D4P3A6W8T1O6,2024920,2020-04-30,290,189,187,0,2,290,187,0,2,101,1,True,True,match,0,0,0,
20,PRC_N2R0U0Y2B2P4E0K9E5K2Q2C1A9I7B1,2024919,2020-04-30,290,186,185,0,1,290,185,0,1,104,1,True,True,match,0,0,0,
20,PRC_V1B8I0Z2H2X0A1V3F2S5U1H6U3K9C8,2024918,2020-04-30,290,188,187,1,0,290,187,1,0,102,1,True,True,match,0,0,0,
20,PRC_F2N0V0Q2G2X4H0M9Z5P1R4E1Z8O8L1,2024917,2020-04-30,290,189,184,0,5,290,184,0,5,101,1,True,True,match,0,0,0,
20,PRC_H2S0C0K2E2O4Y0H9Y5S3F3K0M5B5B4,2024913,2020-04-30,290,199,199,0,0,290,199,0,0,91,1,True,True,match,0,0,0,
20,PRC_O2H0T0N2T2I4K0Y9P5O4Y0A9C3J9I5,2024912,2020-04-30,290,197,196,0,1,290,196,0,1,93,1,True,True,match,0,0,0,
20,PRC_V2M0D0X2V2U4A0W9I5R0X2I4E5H8F0,2024911,2020-04-30,290,190,184,0,6,290,184,0,6,100,1,True,True,match,0,0,0,
20,PRC_A1T9I1N1F2Y0Z1K6M3L3J5R4D8S7E4,2024906,2020-04-30,290,175,170,0,5,290,170,0,5,115,1,True,True,match,0,0,0,
20,PRC_O2G0P0C3X0O3K1I5A4I0B2Q7N1D9C7,2024904,2020-04-30,290,181,179,0,2,290,179,0,2,109,1,True,True,match,0,0,0,
20,PRC_A2M0R0D2O1Y8T1J7V1Y8J1B6I9P4G7,2024903,2020-04-30,290,190,190,0,0,290,190,0,0,100,1,True,True,match,0,0,0,
20,PRC_Q2J0Z0Y3X0X3H1N5S5W7Z3C1B2A8L3,2024901,2020-04-30,290,179,178,0,1,290,178,0,1,111,1,True,True,match,0,0,0,
20,PRC_K2Y0P0A3K0Z3U1M5L5J5B1K8S6S7X1,2024900,2020-04-30,290,183,183,0,0,290,183,0,0,107,1,True,True,match,0,0,0,
20,PRC_Z2A0H0G3L0F3F1M5F5S6J4D6F5I8I8,2024899,2020-04-30,290,184,181,0,3,290,181,0,3,106,1,True,True,match,0,0,0,
20,PRC_V2P0B0Y3H0D3B1N5M5G8U2D5A8A5W2,2024897,2020-04-30,290,188,187,0,1,290,187,0,1,102,1,True,True,match,0,0,0,
20,PRC_B2O0N0B3U0G3F1N5E5T9Y1J9B7L1A9,2024896,2020-04-30,290,183,181,0,2,290,181,0,2,107,1,True,True,match,0,0,0,
20,PRC_E2X0E0A4O2Z7J0Q9T0Z7A5T5C4S1A2,2024868,2020-04-30,290,199,192,0,7,290,192,0,7,91,1,True,True,match,0,0,0,
20,PRC_I2X0T0R4B1N6A1O4G3Q5W4B6I3J8W9,2024847,2020-04-30,290,201,186,0,15,290,186,0,15,89,1,True,True,match,0,0,0,
20,PRC_V2Y0H0O4F1G6P1R4J3B3D4I7V2L7G8,2024846,2020-04-30,290,201,188,0,13,290,188,0,13,89,1,True,True,match,0,0,0,
20,PRC_Y2L0G0P4S1A6X1O4Z3P2P2B9E3W3M2,2024845,2020-04-30,290,200,184,0,16,290,184,0,16,90,1,True,True,match,0,0,0,
20,PRC_B2I0A0I4B1S6T1M4C3Z1I2N1Y3C3K3,2024844,2020-04-30,290,201,188,0,13,290,188,0,13,89,1,True,True,match,0,0,0,
20,PRC_A2U0H0Z4M1D6S1U4Y2J9G3W7M7U3F9,2024843,2020-04-30,290,203,184,1,18,290,184,1,18,87,1,True,True,match,0,0,0,
20,PRC_H2A0P0J4J1Y6Z1U4S2X7X2F0I5W8H6,2024842,2020-04-30,290,202,192,0,10,290,192,0,10,88,1,True,True,match,0,0,0,
20,PRC_T2J0D0N4O1V6W1U4U1W0L5R5E7E9J0,2024841,2020-04-30,290,206,186,6,14,290,186,6,14,84,1,True,True,match,0,0,0,
20,PRC_A1M9P1O2V3L1U1F4K5H3H1G3V5H7W5,2024420,2020-04-30,290,184,183,0,1,290,183,0,1,106,1,True,True,match,0,0,0,
20,PRC_L1W9K1F2W3Q0D1P5U4U4F3P9Z0S2D1,2024393,2020-04-30,290,186,186,0,0,290,186,0,0,104,1,True,True,match,0,0,0,
20,ARC_Q1H9S1W2T0E6O1Q3W4Z3L5M9X6S4O7,2024210,2020-04-30,290,186,184,0,2,290,184,0,2,104,1,True,True,match,0,0,0,
20,ARC_O1B9O1Y2A0B6S1Y3E3Q9M3N8E7I3I0,2024206,2020-04-30,290,173,172,0,1,290,172,0,1,117,1,True,True,match,0,0,0,
20,PRC_N1N9A1A1Y2D9I1A3F1N7D1I3P5C5O2,2024069,2020-04-30,290,180,180,0,0,290,180,0,0,110,1,True,True,match,0,0,0,
20,ARC_X1I9Y1G1F0V8R1F1B4Z0I1O7Z6Z1C3,2023674,2020-04-30,290,186,186,0,0,290,186,0,0,104,1,True,True,match,0,0,0,
20,ARC_I1D9O1W1T0V5T1L1N2A8R4S9O3K9M8,2023594,2020-04-30,290,189,188,0,1,290,188,0,1,101,1,True,True,match,0,0,0,
20,PRC_J1F9M1T0X3F1O1V3E4O8H3Q1T3C7X8,2023388,2020-04-30,290,184,183,0,1,290,183,0,1,106,1,True,True,match,0,0,0,
20,PRC_J1Z9H1U0C2K4X1N7C4B9T2G7S6Z6V0,2023005,2020-04-30,290,184,183,0,1,290,183,0,1,106,1,True,True,match,0,0,0,
20,PRC_X1Z9B0B7N1O1G1W1Q4L7M3L0Q2U3R9,2021422,2020-04-30,290,193,193,0,0,290,193,0,0,97,1,True,True,match,0,0,0,
20,PRC_P1U7I0O8J2G5D1Y4H2H0V3F4O5P8R1,2008692,2020-04-30,290,186,185,0,1,290,185,0,1,104,1,True,True,match,0,0,0,
20,PRC_Y1O6N1Z1M2J2K1P1B2Q4P3F0D6K7P7,2003765,2020-04-30,290,178,170,2,6,290,170,2,6,112,1,True,True,match,0,0,0,
20,PRC_J2U0P0L4B2A9K1I0P2J8G4I2E2S4L9,2024916,2020-04-29,290,185,185,0,0,290,185,0,0,105,1,True,True,match,0,0,0,
20,PRC_S2R0K0D3V0D4J1H7H3A6G2W4X1L5X6,2024915,2020-04-29,290,182,181,0,1,290,181,0,1,108,1,True,True,match,0,0,0,
20,PRC_Z2L0T0H4A2R8O1G6W4M9Y4B9U2T4V6,2024914,2020-04-29,290,175,174,0,1,290,174,0,1,115,1,True,True,match,0,0,0,
20,PRC_W1B9M1I1N2N6E1V7D4B8O1O6H6U6P6,2024910,2020-04-29,290,155,154,0,1,290,154,0,1,135,1,True,True,match,0,0,0,
20,PRC_D2W0C0N3H0P3E1L7H5M7O5L3Y0Z1O0,2024909,2020-04-29,290,160,160,0,0,290,160,0,0,130,1,True,True,match,0,0,0,
20,PRC_I2X0U0Y3B0V3Q1C6W5H0K4E8Y4X5Z5,2024908,2020-04-29,290,159,158,0,1,290,158,0,1,131,1,True,True,match,0,0,0,
20,PRC_M2G0Q0X3M0X3D1N5A5F2P5B3F5X7O6,2024907,2020-04-29,290,177,174,0,3,290,174,0,3,113,1,True,True,match,0,0,0,
20,PRC_I2Z0E0P3B0W3O1F7I5U8D1A8A2U9Y2,2024905,2020-04-29,290,158,158,0,0,290,158,0,0,132,1,True,True,match,0,0,0,
20,PRC_C2J0R0W3B0B3K1N5U4Q1S3I7C7S7L3,2024902,2020-04-29,290,179,176,0,3,290,176,0,3,111,1,True,True,match,0,0,0,
20,PRC_B2D0E0L3E0G3E1E5B4U5D1Y9F0J3E6,2024898,2020-04-29,290,178,172,0,6,290,172,0,6,112,1,True,True,match,0,0,0,
20,PRC_A2I0P0H4R2P9X1Z5G2Q0Y0L0Y9A7J0,2024895,2020-04-29,290,190,184,0,6,290,184,0,6,100,1,True,True,match,0,0,0,
20,PRC_T2U0W0C3D0O3P1C5K4M2D2U4Q3P6C0,2024894,2020-04-29,290,173,171,0,2,290,171,0,2,117,1,True,True,match,0,0,0,
20,PRC_U2R0G0N2L2P6G1W6S1F7L2S3R6Z1N7,2024893,2020-04-29,290,187,185,0,2,290,185,0,2,103,1,True,True,match,0,0,0,
20,PRC_S2S0I0Q4V2L8J0V9C0T5E5F1J7Z1Q1,2024892,2020-04-29,290,209,163,23,23,290,163,23,23,81,1,True,True,match,0,0,0,
20,PRC_G2R0I0Y3G0S4J1G1T0V0S5M4Q3U6D3,2024891,2020-04-29,290,203,202,0,1,290,202,0,1,87,1,True,True,match,0,0,0,
20,PRC_A2H0Y0L3Q0B5X1A0W5O2X2K5C6C1G8,2024890,2020-04-29,290,158,155,0,3,290,155,0,3,132,1,True,True,match,0,0,0,
20,PRC_H2G0C0G3V0O4V1S3D1R0Q5J4Y2G8J5,2024889,2020-04-29,290,204,200,0,4,290,200,0,4,86,1,True,True,match,0,0,0,
20,PRC_A2U0D0Z3E0C6W1O1B2X4D0L2S6U8V2,2024888,2020-04-29,290,157,156,0,1,290,156,0,1,133,1,True,True,match,0,0,0,
20,PRC_L2B0M0H3T0F4T1L1T0K4O3U7D5Y2R1,2024887,2020-04-29,290,205,203,0,2,290,203,0,2,85,1,True,True,match,0,0,0,
20,PRC_V2H0P0U3I0I4E1M1J0M8G3S0A4V9Q7,2024886,2020-04-29,290,205,202,0,3,290,202,0,3,85,1,True,True,match,0,0,0,
20,PRC_E2M0G0D3O0D4V1B3Y1F4H5K3N7Q7J4,2024885,2020-04-29,290,206,205,0,1,290,205,0,1,84,1,True,True,match,0,0,0,
20,PRC_X2X0E0G3I0O4G1B3N2V3X5N3P6W3T2,2024884,2020-04-29,290,203,200,0,3,290,200,0,3,87,1,True,True,match,0,0,0,
20,PRC_C2L0D0D4A2R9H1S8S0P7T5W5Q1K6B5,2024883,2020-04-29,290,189,189,0,0,290,189,0,0,101,1,True,True,match,0,0,0,
20,PRC_P2P0E0N4N2C9J1D8L1Y0B3D7C3I0O2,2024882,2020-04-29,290,191,190,0,1,290,190,0,1,99,1,True,True,match,0,0,0,
20,PRC_Y2G0C0C4X2O9P1X8D1A1L4C5E1V7E5,2024881,2020-04-29,290,192,192,0,0,290,192,0,0,98,1,True,True,match,0,0,0,
20,PRC_C2M0K0A4T2W7S1C2J0P0T1W3Y8P3J8,2024870,2020-04-29,290,175,159,3,13,290,159,3,13,115,1,True,True,match,0,0,0,
20,PRC_L2T0K0H4I2A3E1O3F3P0H5Q3D6U5L8,2024861,2020-04-29,290,211,202,2,7,290,202,2,7,79,1,True,True,match,0,0,0,
20,PRC_K1Y9H1W2R1O0V1L6N2N2T2O2R2R3O2,2024238,2020-04-29,290,162,161,0,1,290,161,0,1,128,1,True,True,match,0,0,0,
20,ARC_U1B9M1H2F0Z2B1H6B2D4Y4M7L0G3P1,2024142,2020-04-29,290,166,166,0,0,290,166,0,0,124,1,True,True,match,0,0,0,
20,ARC_V1X9J1V2M0L2J1H6G1L7N4E3J0Y2F1,2024139,2020-04-29,290,160,157,0,3,290,157,0,3,130,1,True,True,match,0,0,0,
20,PRC_F1L9W1G1G2D9Z1I4U4L5Y2N5N8D7Q4,2024070,2020-04-29,290,152,149,0,3,290,149,0,3,138,1,True,True,match,0,0,0,
20,ARC_P1Q9J1W1Z1P5E1U0V5J9L0T9A7H0G9,2023816,2020-04-29,290,178,174,0,4,290,174,0,4,112,1,True,True,match,0,0,0,
20,PRC_J1H9W1B1Z1C3Z1Q6O1O1E0S8T8N9C7,2023759,2020-04-29,290,162,161,0,1,290,161,0,1,128,1,True,True,match,0,0,0,
20,PRC_A1L9T1N1L1U1G1Y0O2W2U2O8G2T6F7,2023705,2020-04-29,290,159,157,0,2,290,157,0,2,131,1,True,True,match,0,0,0,
20,PRC_E1W9L1W1W0P5E1L5Y3Q5Z0Z1R8R0H6,2023604,2020-04-29,290,168,164,0,4,290,164,0,4,122,1,True,True,match,0,0,0,
20,PRC_R1M9A1G0H2M9T1Q6B1D7E2T3O7G1K5,2023175,2020-04-29,290,154,153,0,1,290,153,0,1,136,1,True,True,match,0,0,0,
20,PRC_N1B9I1I0D2A8H1R7I1B8M0J1O6J2V1,2023091,2020-04-29,290,169,168,0,1,290,168,0,1,121,1,True,True,match,0,0,0,
20,ARC_C1F9X1Q0L2U5H1V6S0J7V4U5Z0J6X0,2023054,2020-04-29,290,180,175,0,5,290,175,0,5,110,1,True,True,match,0,0,0,
20,ARC_X1N9D1B0U0K7T1Y3Q4Q4W3P1N3W4U0,2022845,2020-04-29,290,163,159,0,4,290,159,0,4,127,1,True,True,match,0,0,0,
20,ARC_R1U9R1W0U0E7G1M3Z4C4L2Y0U0H6Y5,2022844,2020-04-29,290,161,155,0,6,290,155,0,6,129,1,True,True,match,0,0,0,
20,ARC_K1C9D1W0H0D7N1J3X4V4A0B9D0M9U9,2022843,2020-04-29,290,160,157,0,3,290,157,0,3,130,1,True,True,match,0,0,0,
20,PRC_Z1I9P0K9T2O7W1Y5B0A6A1U0Q1J3I4,2022720,2020-04-29,290,212,209,0,3,290,209,0,3,78,1,True,True,match,0,0,0,
20,PRC_T1M9C0P8S2F8H1X6K4F0M0K5V3W7K1,2022183,2020-04-29,290,172,171,1,0,290,171,1,0,118,1,True,True,match,0,0,0,
20,PRC_S1L9M0Y8U2X8J1Q4O5E3Q3B9F0W0B4,2022157,2020-04-29,290,160,160,0,0,290,160,0,0,130,1,True,True,match,0,0,0,
20,PRC_W1X9R0H8A2N7L1P5R5B6E4G2T8M2N0,2022126,2020-04-29,290,158,155,0,3,290,155,0,3,132,1,True,True,match,0,0,0,
20,PRC_J1Q9L0I8V2H6W1D6I1S7D5K3M6U7Y8,2022111,2020-04-29,290,201,201,0,0,290,201,0,0,89,1,True,True,match,0,0,0,
20,PRC_Q1F9L0I8P0E7V1A0B3S7U3W0C9F5N8,2021871,2020-04-29,290,207,195,7,5,290,195,7,5,83,1,True,True,match,0,0,0,
20,PRC_O1X9Y0I8L0S5E1T3M3D5U4V9K2N2I8,2021843,2020-04-29,290,181,181,0,0,290,181,0,0,109,1,True,True,match,0,0,0,
20,PRC_Y1J9K0X7B2Q9Y1B7Z0S6I2D3T1Y8Y2,2021709,2020-04-29,290,206,206,0,0,290,206,0,0,84,1,True,True,match,0,0,0,
20,PRC_O1D9O0P7M2U2G1C5V1A4K1R6O9A9L0,2021585,2020-04-29,290,207,205,0,2,290,205,0,2,83,1,True,True,match,0,0,0,
20,PRC_V1J9W0L6X1P7H1N6A0N3W1M4Q0P3U6,2021015,2020-04-29,290,180,179,0,1,290,179,0,1,110,1,True,True,match,0,0,0,
20,PRC_V1F9M0U2M1B3B1S0W0G6A5H0A2V0Z5,2018601,2020-04-29,290,158,156,0,2,290,156,0,2,132,1,True,True,match,0,0,0,
20,PRC_F1G9Z0R2C1U2U1Z6C1V2P0S0F1B7C0,2018591,2020-04-29,290,206,205,0,1,290,205,0,1,84,1,True,True,match,0,0,0,
20,PRC_A1R8T1T2G1L0H1D7Q1T3D1Z5S2A5Z7,2017452,2020-04-29,290,168,166,0,2,290,166,0,2,122,1,True,True,match,0,0,0,
20,PRC_Z1O8Z0F5C2O4Z1S5M4D4O2J1X5Z5I2,2013743,2020-04-29,290,165,160,0,5,290,160,0,5,125,1,True,True,match,0,0,0,
20,PRC_X1A8Z0Z5R0N1M1O5A5A3R1F9M8J0L8,2013371,2020-04-29,290,177,169,0,8,290,169,0,8,113,1,True,True,match,0,0,0,
20,PRC_Z1L8B0L3H1O3P1T0L0F8L5Y2Q4Q8S3,2012444,2020-04-29,290,160,154,0,6,290,154,0,6,130,1,True,True,match,0,0,0,
20,PRC_U1U7L1V1T2C1J1D7I4F1R3T9C8J0D0,2010284,2020-04-29,290,172,170,0,2,290,170,0,2,118,1,True,True,match,0,0,0,
20,PRC_I2U0B0Q3J1L1R1H5C3V1K1W1Y5Q0W9,2024814,2020-03-17,295,219,218,0,1,295,218,0,1,76,1,True,True,match,0,0,0,
20,PRC_H2R0D0G3O1C1S1R7D5N9M4I5L4U6M7,2024806,2020-03-17,295,218,217,1,0,295,217,1,0,77,1,True,True,match,0,0,0,
20,PRC_N1C8F0A4K0Q9C1W3K3J7I3I8F3F3D7,2024767,2020-03-17,295,220,161,38,21,295,161,38,21,75,1,True,True,match,0,0,0,
20,PRC_V2W0G0U3H0N5E0Z9Y3P3W3Z1F4X5S1,2024746,2020-03-17,295,222,220,0,2,295,220,0,2,73,1,True,True,match,0,0,0,
20,PRC_N2X0C0K3Z0L5R0S9I3O3A1F3B7R4N3,2024745,2020-03-17,295,220,220,0,0,295,220,0,0,75,1,True,True,match,0,0,0,
20,PRC_P2S0S0L3L0M5V0T9L3T2D5Y3F9B0J7,2024744,2020-03-17,295,221,219,0,2,295,219,0,2,74,1,True,True,match,0,0,0,
20,PRC_J2Q0S0Y3L0R5H0G9M3S2C3U2V7U2A9,2024743,2020-03-17,295,222,221,0,1,295,221,0,1,73,1,True,True,match,0,0,0,
20,PRC_W2G0T0P3N0C5Z0B9Z3U2U1F0N8I4C8,2024742,2020-03-17,295,221,221,0,0,295,221,0,0,74,1,True,True,match,0,0,0,
20,PRC_K2I0P0F3V0K5Z0E9X3W1U4J2R1D8W3,2024741,2020-03-17,295,222,220,0,2,295,220,0,2,73,1,True,True,match,0,0,0,
20,PRC_Q2T0R0Q3L0C5H0K9W3Y1K2V0S5N5H1,2024740,2020-03-17,295,222,222,0,0,295,222,0,0,73,1,True,True,match,0,0,0,
20,PRC_Q2D0A0J3X0J5N0U9Z3Y0E4T9Y6S3T7,2024739,2020-03-17,295,223,223,0,0,295,223,0,0,72,1,True,True,match,0,0,0,
20,PRC_F2V0Y0Y3U0U5Z0T9J3C0W2W2B8O2S6,2024738,2020-03-17,295,220,220,0,0,295,220,0,0,75,1,True,True,match,0,0,0,
20,PRC_R2Q0C0G3X0Q5B0U8S5A9S3K5C2F9P9,2024734,2020-03-17,295,225,222,1,2,295,222,1,2,70,1,True,True,match,0,0,0,
20,PRC_A2E0Z0D3V0S6B2K1P1R8P1J0Y2L8S2,2024797,2020-03-07,295,177,176,0,1,295,176,0,1,118,1,True,True,match,0,0,0,
20,PRC_B2T0Q0H3L0J6A2P1F1F7O1M1C0L4R2,2024796,2020-03-07,295,175,141,21,13,295,141,21,13,120,1,True,True,match,0,0,0,
20,PRC_D2W0I0C3O0O4M1D1P4B7K5H1O6U8Q4,2024661,2020-03-07,295,157,146,2,9,295,146,2,9,138,1,True,True,match,0,0,0,
20,PRC_H2V0F0E2U1B4F1O0Y1H5S2P4S0T5L6,2024624,2020-03-07,295,173,172,0,1,295,172,0,1,122,1,True,True,match,0,0,0,
20,PRC_E1G9I1T1U2V6R1F6G1G4K3B9O5W9G6,2024778,2020-03-06,295,177,163,7,7,295,163,7,7,118,1,True,True,match,0,0,0,
20,PRC_I1A9C1F1H2Q6N0E9I1M8R0D2V1S2W2,2024777,2020-03-06,295,177,174,1,2,295,174,1,2,118,1,True,True,match,0,0,0,
20,PRC_W2V0Y0G3R0V5S1D1R0K4C4G4C3K3Z1,2024774,2020-03-06,295,164,152,2,10,295,152,2,10,131,1,True,True,match,0,0,0,
20,PRC_N2L0Z0H3Y0N5X1X1J0Z3B2M2P7L8L8,2024773,2020-03-06,295,161,150,2,9,295,150,2,9,134,1,True,True,match,0,0,0,
20,PRC_Y2I0G0V3V0K5C1D1D0Y1R4W7X3G9V9,2024772,2020-03-06,295,160,159,0,1,295,159,0,1,135,1,True,True,match,0,0,0,
20,PRC_C2J0A0H3Q0D5G1D1Y0Z0D1E2I5O5M5,2024771,2020-03-06,295,161,157,0,4,295,157,0,4,134,1,True,True,match,0,0,0,
20,PRC_N1B9Z1T1D2X9V2S0M3N1N2Q7F2D9I2,2024770,2020-03-06,295,179,179,0,0,295,179,0,0,116,1,True,True,match,0,0,0,
20,PRC_Z1I9U1S1P2J9H2V0V2G4D2W5G6G6J2,2024769,2020-03-06,295,179,178,0,1,295,178,0,1,116,1,True,True,match,0,0,0,
20,PRC_H2U0R0O2K2M4J1Q0L3G3W4D7B7Q0X8,2024768,2020-03-06,295,176,167,2,7,295,167,2,7,119,1,True,True,match,0,0,0,
20,PRC_U1H9W1X1H2C8L1E9Q4P5B4D5W2S3C3,2024766,2020-03-06,295,193,190,0,3,295,190,0,3,102,1,True,True,match,0,0,0,
20,PRC_R1X9H1H1C2F8N1G9Q4C6S2E2V7D1E0,2024765,2020-03-06,295,195,194,0,1,295,194,0,1,100,1,True,True,match,0,0,0,
20,PRC_O1W9H1N1J2D8T1C9Q4U4A2E3C7X8N1,2024764,2020-03-06,295,193,193,0,0,295,193,0,0,102,1,True,True,match,0,0,0,
20,PRC_E1Y9A1G1Z2O8F1S9B4U3W3S4T6W4B0,2024763,2020-03-06,295,193,190,0,3,295,190,0,3,102,1,True,True,match,0,0,0,
20,PRC_S1I9D1M1L2Q8P1O9K4I2W4L5L9W1V9,2024762,2020-03-06,295,193,193,0,0,295,193,0,0,102,1,True,True,match,0,0,0,
20,PRC_G1W9S1G1T2K8G1G9Q4X6B5V0C8H6Y8,2024761,2020-03-06,295,195,193,0,2,295,193,0,2,100,1,True,True,match,0,0,0,
20,PRC_R1K9V1Q1V2T8O1L9V4H2N1T1Z7C2Q2,2024760,2020-03-06,295,191,188,0,3,295,188,0,3,104,1,True,True,match,0,0,0,
20,PRC_P1J9J1L1Z2E8M1A9K4H1U2Q6J4N1X6,2024759,2020-03-06,295,190,186,0,4,295,186,0,4,105,1,True,True,match,0,0,0,
20,PRC_U1J9Z1L1N2K8B1W9D4K7R3A2V9L9U8,2024758,2020-03-06,295,195,194,0,1,295,194,0,1,100,1,True,True,match,0,0,0,
20,PRC_X1B9A1D1E2Z8E1L9O4J0D4E3M0Y6D0,2024757,2020-03-06,295,186,186,0,0,295,186,0,0,109,1,True,True,match,0,0,0,
20,PRC_F1L9M1C1T2Z8G1M9J3A9E0E8I8E1L4,2024756,2020-03-06,295,184,179,0,5,295,179,0,5,111,1,True,True,match,0,0,0,
20,PRC_K1X9J1A1W2E8K1Y9W4V9U1O0U3P6Y5,2024755,2020-03-06,295,193,188,1,4,295,188,1,4,102,1,True,True,match,0,0,0,
20,PRC_S1D9V1H1L2M8F1E9D3J5K4O3I4U3O2,2024754,2020-03-06,295,178,171,0,7,295,171,0,7,117,1,True,True,match,0,0,0,
20,PRC_O1V9B1W1I2Q8Z1N9H3X7N5R6F4L9D1,2024753,2020-03-06,295,175,171,1,3,295,171,1,3,120,1,True,True,match,0,0,0,
20,PRC_T1R9O1E1U2Q8O1X9K5H0W3B2Y3B9U6,2024752,2020-03-06,295,195,189,1,5,295,189,1,5,100,1,True,True,match,0,0,0,
20,PRC_Z1G9R1P1Q2Z8T1E9Q3M4K2D3W3V3E5,2024751,2020-03-06,295,172,170,0,2,295,170,0,2,123,1,True,True,match,0,0,0,
20,PRC_M1S9Z0K6T2M6D1N1S1L1T1B8K9X6K5,2024750,2020-03-06,295,172,168,1,3,295,168,1,3,123,1,True,True,match,0,0,0,
20,PRC_P1Y9A1X1L2L8U1U9V3R3K0X3G3J0S9,2024749,2020-03-06,295,161,159,0,2,295,159,0,2,134,1,True,True,match,0,0,0,
20,PRC_E1B9W1O1A2Q7N0Q9D1X4T5Q5U7N5T0,2024748,2020-03-06,295,179,176,0,3,295,176,0,3,116,1,True,True,match,0,0,0,
20,PRC_B1P9X1D1B2X7S0H9S2Q3G1C6V1Q4T2,2024747,2020-03-06,295,176,175,0,1,295,175,0,1,119,1,True,True,match,0,0,0,
20,PRC_Z1C9K1K1B2A7K0K9X2A0F0C2R7S5W0,2024737,2020-03-06,295,175,174,0,1,295,174,0,1,120,1,True,True,match,0,0,0,
20,PRC_H1E9U1W1D2U7T0S9F2P6P3G7O5O7A5,2024736,2020-03-06,295,173,167,0,6,295,167,0,6,122,1,True,True,match,0,0,0,
20,PRC_X2G0N0K3Q0F5O0A9F0N7E5I3D7H3S8,2024735,2020-03-06,295,177,164,1,12,295,164,1,12,118,1,True,True,match,0,0,0,
20,PRC_Z2F0I0H2A1E8L1Y7L2B4L4X4K1X2F5,2024733,2020-03-06,295,171,167,0,4,295,167,0,4,124,1,True,True,match,0,0,0,
20,PRC_Q1V9F1A1K2T0K1T6I5R8B2J1D7V0A4,2024732,2020-03-06,295,163,163,0,0,295,163,0,0,132,1,True,True,match,0,0,0,
20,PRC_P1C9Z1H1H2M0G1X6I5X4M2B2E3N8Y1,2024731,2020-03-06,295,161,159,0,2,295,159,0,2,134,1,True,True,match,0,0,0,
20,PRC_W1P9G1H1Z2B0A1L6T4U6K3A7E9V9B1,2024730,2020-03-06,295,161,155,2,4,295,155,2,4,134,1,True,True,match,0,0,0,
20,PRC_A1C9O1E2T1G2H1S8C3X7L4Q1N8I8D6,2024729,2020-03-06,295,170,170,0,0,295,170,0,0,125,1,True,True,match,0,0,0,
20,PRC_X1Q9U1B1W2R0X1O7V0S6W4M9Z5I1E8,2024728,2020-03-06,295,158,141,6,11,295,141,6,11,137,1,True,True,match,0,0,0,
20,PRC_H1W9Y1X2J1Y2O1G8D4S0G0X9Q5Y6K8,2024727,2020-03-06,295,180,179,0,1,295,179,0,1,115,1,True,True,match,0,0,0,
20,PRC_K2E0Y0P2F1F8C1W7Q1C9B3E2F5X6P9,2024726,2020-03-06,295,174,174,0,0,295,174,0,0,121,1,True,True,match,0,0,0,
20,PRC_V2R0I0H2Q1R8I1X7L2J3P4L9M4T8Y4,2024725,2020-03-06,295,167,166,0,1,295,166,0,1,128,1,True,True,match,0,0,0,
20,PRC_C1V9M1M1Y2T0I0Q9B4U3S1X0D5H0F5,2024724,2020-03-06,295,163,162,0,1,295,162,0,1,132,1,True,True,match,0,0,0,
20,PRC_J2J0B0N2Z1E8V1S7M2K0U1U9K9W4N8,2024723,2020-03-06,295,181,179,0,2,295,179,0,2,114,1,True,True,match,0,0,0,
20,PRC_K2M0U0D2U1M8P1N7D2R1I0P0I3W4P9,2024722,2020-03-06,295,174,173,0,1,295,173,0,1,121,1,True,True,match,0,0,0,
20,PRC_J1Y9O1B1L2O0C1E6X4K1P2R4V1Z7V1,2024721,2020-03-06,295,159,155,0,4,295,155,0,4,136,1,True,True,match,0,0,0,
20,PRC_D2V0D0S2N1N8J1Q7N2V6F2X1N5H7N7,2024720,2020-03-06,295,174,172,0,2,295,172,0,2,121,1,True,True,match,0,0,0,
20,PRC_Z1E9B1U1C2B0I1V6V3I9F2N9A0P6H3,2024719,2020-03-06,295,164,156,2,6,295,156,2,6,131,1,True,True,match,0,0,0,
20,PRC_B2V0H0I2W1R7V1C6N5L9F2P1Y4S4X9,2024718,2020-03-06,295,168,166,0,2,295,166,0,2,127,1,True,True,match,0,0,0,
20,PRC_T2R0X0Q2G2P4O1U0E5Y3J4B9P5X4R4,2024717,2020-03-06,295,179,178,0,1,295,178,0,1,116,1,True,True,match,0,0,0,
20,PRC_O2M0G0I2M1W7Q1O6X5W7Q2T2M9H6W7,2024716,2020-03-06,295,176,174,0,2,295,174,0,2,119,1,True,True,match,0,0,0,
20,PRC_D1T9R1J1N2M0W1Y6A3O8M2M6F8Q8S8,2024715,2020-03-06,295,161,160,0,1,295,160,0,1,134,1,True,True,match,0,0,0,
20,PRC_U1X9W1S1C1B9S1P9B4V1L1D6U9J2X4,2024714,2020-03-06,295,164,163,0,1,295,163,0,1,131,1,True,True,match,0,0,0,
20,PRC_N2Q0Z0D2F1S7K1P6N5A8O1W0F3I2L2,2024713,2020-03-06,295,175,173,0,2,295,173,0,2,120,1,True,True,match,0,0,0,
20,PRC_A1X9G1C1S2K0O1W6A3I4O5D6I7Q0W2,2024712,2020-03-06,295,158,152,1,5,295,152,1,5,137,1,True,True,match,0,0,0,
20,PRC_Q1C9J1T2I0S5X1I8G4T4Y5P2Q0W0P0,2024711,2020-03-06,295,173,171,0,2,295,171,0,2,122,1,True,True,match,0,0,0,
20,PRC_F1F9X1X2O0Y5N1Y8K4E2G4W2I9U2P6,2024710,2020-03-06,295,185,169,7,9,295,169,7,9,110,1,True,True,match,0,0,0,
20,PRC_R1Q9T1Y1R2Y0X1W6N3R7R3Q1G5E8L6,2024709,2020-03-06,295,157,155,0,2,295,155,0,2,138,1,True,True,match,0,0,0,
20,PRC_F1M9C1C2J0X5T1Y8F4Z5C5I5P2O4V3,2024708,2020-03-06,295,173,170,0,3,295,170,0,3,122,1,True,True,match,0,0,0,
20,PRC_F1B9N1B2I0V5I1E8W4R3C3F3Q9W3A0,2024707,2020-03-06,295,173,169,0,4,295,169,0,4,122,1,True,True,match,0,0,0,
20,PRC_C1D9R1W1V2A8W0M8G2U7S0M2N9B4B0,2024706,2020-03-06,295,183,176,1,6,295,176,1,6,112,1,True,True,match,0,0,0,
20,PRC_F1V9J1I2A0C5I1K8E3G7R3R3I6U7G5,2024705,2020-03-06,295,181,177,0,4,295,177,0,4,114,1,True,True,match,0,0,0,
20,PRC_E1U9M1N1T2F8L0Z8M2E5S1R0L5X3M6,2024704,2020-03-06,295,173,170,0,3,295,170,0,3,122,1,True,True,match,0,0,0,
20,PRC_S1Y9T1A2V0N5T1I8K4K1B2E8M9M2R9,2024703,2020-03-06,295,181,177,1,3,295,177,1,3,114,1,True,True,match,0,0,0,
20,PRC_E1D9A1L1O2A8M0H8D2N6W0Z4J7M9U4,2024702,2020-03-06,295,186,186,0,0,295,186,0,0,109,1,True,True,match,0,0,0,
20,PRC_B1Z9F1L1H2G8G0W8D3E3F0C0R2N1K0,2024701,2020-03-06,295,174,173,0,1,295,173,0,1,121,1,True,True,match,0,0,0,
20,PRC_Q1C9I1O1I2I8M0J8Q3F5M2K6V6X5H4,2024699,2020-03-06,295,170,168,0,2,295,168,0,2,125,1,True,True,match,0,0,0,
20,PRC_Y2P0U0D2J1R9V1D6D5C7W0J8K4Q9N1,2024697,2020-03-06,295,165,163,0,2,295,163,0,2,130,1,True,True,match,0,0,0,
20,PRC_Z1E9Q1E1S2C8U0Z8U3A2V0Y6P0T1O2,2024696,2020-03-06,295,171,168,0,3,295,168,0,3,124,1,True,True,match,0,0,0,
20,PRC_W2H0W0N2H1T9B1B6I5X2E0D2P3O7S9,2024695,2020-03-06,295,159,157,0,2,295,157,0,2,136,1,True,True,match,0,0,0,
20,PRC_F2A0M0G2K1H9F1J6V4Z9C5X0I5Y0H2,2024694,2020-03-06,295,168,167,0,1,295,167,0,1,127,1,True,True,match,0,0,0,
20,PRC_P2H0O0E2J1S9M1P6S5L3O0F7C0G8E1,2024693,2020-03-06,295,164,158,1,5,295,158,1,5,131,1,True,True,match,0,0,0,
20,PRC_Q2P0E0W2M1R9Y1W6P4H4D4E9A0P9P6,2024692,2020-03-06,295,164,162,0,2,295,162,0,2,131,1,True,True,match,0,0,0,
20,PRC_Y2N0J0D2V1T9T1N6I5R8N1P6O9G9I4,2024691,2020-03-06,295,158,155,0,3,295,155,0,3,137,1,True,True,match,0,0,0,
20,PRC_R2W0N0C2W1K9A1C6H5Z9T4F0V4T3R8,2024687,2020-03-06,295,164,162,0,2,295,162,0,2,131,1,True,True,match,0,0,0,
20,PRC_Y1O9Z1Y1Q2T9F1X1M1P8P1V1J0W0P0,2024685,2020-03-06,295,166,164,0,2,295,164,0,2,129,1,True,True,match,0,0,0,
20,PRC_G1G9B1J1X2L9V1V1A1S3V1A8N1B9J9,2024684,2020-03-06,295,160,156,0,4,295,156,0,4,135,1,True,True,match,0,0,0,
20,PRC_J1J9Z1I1H2W9Q1C1D1R1Z0S8A9T4F6,2024683,2020-03-06,295,155,152,0,3,295,152,0,3,140,1,True,True,match,0,0,0,
20,PRC_Q1E9R1A1X2T9D1D1F0G8M1K0R2R4H4,2024682,2020-03-06,295,163,160,0,3,295,160,0,3,132,1,True,True,match,0,0,0,
20,PRC_S1K9L1J1U2I9X1Q1R0T6M3U8Z2Y8A9,2024681,2020-03-06,295,164,163,0,1,295,163,0,1,131,1,True,True,match,0,0,0,
20,PRC_V1A9M1R1L2C9E1D1R0L4G2L5D9T0N0,2024680,2020-03-06,295,170,168,0,2,295,168,0,2,125,1,True,True,match,0,0,0,
20,PRC_D1I9K1G1M2C9R1J1B0P2Z2X8X1N6P7,2024679,2020-03-06,295,167,167,0,0,295,167,0,0,128,1,True,True,match,0,0,0,
20,PRC_J1N9J1I1A2N9V1X0N5F9U4X7P1A9I7,2024678,2020-03-06,295,153,152,0,1,295,152,0,1,142,1,True,True,match,0,0,0,
20,PRC_A1K9W1V1G2A9O1U0S5A7Q5M8S6P1A8,2024676,2020-03-06,295,165,164,0,1,295,164,0,1,130,1,True,True,match,0,0,0,
20,PRC_H1C9A1W1H2D9A1U7N3I0Q2R2Z8U0J7,2024675,2020-03-06,295,150,148,0,2,295,148,0,2,145,1,True,True,match,0,0,0,
20,PRC_R1O9M1Q1F2X9O1B4I1G5Q1K0A5B6D5,2024674,2020-03-06,295,163,161,0,2,295,161,0,2,132,1,True,True,match,0,0,0,
20,PRC_L1H9Z1A1B2N9T1I1U2L2W3P1C9Y4I5,2024673,2020-03-06,295,172,171,0,1,295,171,0,1,123,1,True,True,match,0,0,0,
20,PRC_X1V9X1Z1L2A9O1W1S0Q9F2Y5Q1B7C9,2024671,2020-03-06,295,165,163,0,2,295,163,0,2,130,1,True,True,match,0,0,0,
20,PRC_Z1K9L1L1G2O9C1A1J0M1D1U4O0Z4D5,2024670,2020-03-06,295,166,166,0,0,295,166,0,0,129,1,True,True,match,0,0,0,
20,PRC_Z1F9J1D1T2Q9H1E4G1J3O5F4X2N9P4,2024669,2020-03-06,295,169,165,0,4,295,165,0,4,126,1,True,True,match,0,0,0,
20,PRC_E1Z9U1Y1E2L9H1N4F1H0H4E0G4A8Q2,2024668,2020-03-06,295,180,180,0,0,295,180,0,0,115,1,True,True,match,0,0,0,
20,PRC_U1M9W1C1G2N9V1Y4U0L9W2J6O5A6A0,2024667,2020-03-06,295,164,161,0,3,295,161,0,3,131,1,True,True,match,0,0,0,
20,PRC_P1D9C1K1Q2P9I1S1X2U4E1Q0U8E2R4,2024666,2020-03-06,295,177,175,0,2,295,175,0,2,118,1,True,True,match,0,0,0,
20,PRC_T1N9F1Q1M2I9G1E4T0L7Q4B5Q2U6D2,2024665,2020-03-06,295,167,164,0,3,295,164,0,3,128,1,True,True,match,0,0,0,
20,PRC_M1P9P1R1F0R1E1P7K0Y6C4I7T5R7Z8,2023546,2020-03-06,295,159,158,0,1,295,158,0,1,136,1,True,True,match,0,0,0,
20,PRC_E1O9N1J1B0H1U1T5V5F3A0W3I9K9G4,2023541,2020-03-06,295,158,156,0,2,295,156,0,2,137,1,True,True,match,0,0,0,
20,PRC_A1M9K1U1P0W1R1A5O2V7Z5M8X8X7T9,2023539,2020-03-06,295,168,168,0,0,295,168,0,0,127,1,True,True,match,0,0,0,
20,PRC_K1U9U1J0I2Y8E1A0G4B6Q2V6G6R4M2,2023070,2020-03-06,295,173,172,0,1,295,172,0,1,122,1,True,True,match,0,0,0,
20,PRC_L1Y9E1A0C2T2U1Q7H4A4Z5N1H5C5I4,2022952,2020-03-06,295,169,169,0,0,295,169,0,0,126,1,True,True,match,0,0,0,
20,ARC_V1D9T1T0U0W7X1I3L4N4C4K0O5O5B2,2022846,2020-03-06,295,167,166,0,1,295,166,0,1,128,1,True,True,match,0,0,0,
20,ARC_S1I9Q1R0H0B7P1W3I2Z4V1D6O1Z1I4,2022842,2020-03-06,295,163,157,2,4,295,157,2,4,132,1,True,True,match,0,0,0,
20,ARC_P1J9N0I9Y2U7G1R6H1P2R4E4U5A1G6,2022730,2020-03-06,295,173,173,0,0,295,173,0,0,122,1,True,True,match,0,0,0,
20,ARC_G1Y9F0E9T2H7I1T5Y5D3V4O0L3E1K2,2022726,2020-03-06,295,175,175,0,0,295,175,0,0,120,1,True,True,match,0,0,0,
20,PRC_O1J9K0X9K2D4W1D5A2O8B4R9Q9E8R7,2022634,2020-03-06,295,162,159,0,3,295,159,0,3,133,1,True,True,match,0,0,0,
20,PRC_J1F9Z0Z9I0I5J1O0V5L2F5O4C8H7S6,2022345,2020-03-06,295,166,165,0,1,295,165,0,1,129,1,True,True,match,0,0,0,
20,ARC_Y1Y9L0F8P2R3N1C6B1M3F0S8Z5R2N2,2022093,2020-03-06,295,176,176,0,0,295,176,0,0,119,1,True,True,match,0,0,0,
20,ARC_Z1F9H0R8I1S6N1U4L5Q1W5D8O4O6A2,2021995,2020-03-06,295,169,166,0,3,295,166,0,3,126,1,True,True,match,0,0,0,
20,PRC_I1W9T0L8D1S4C1I5D3O3K5I6U9H9B3,2021978,2020-03-06,295,185,181,0,4,295,181,0,4,110,1,True,True,match,0,0,0,
20,PRC_G1J9K0C8R0V9M1S4P5S5Y2Y7I0N4U9,2021922,2020-03-06,295,166,159,1,6,295,159,1,6,129,1,True,True,match,0,0,0,
20,PRC_T1H9E0K8S0B6W1E2U3F3M0E9K9U0O2,2021857,2020-03-06,295,174,171,0,3,295,171,0,3,121,1,True,True,match,0,0,0,
20,PRC_O1B9K0V7R2U6Z1P5U0H9J1X3I4H7K6,2021688,2020-03-06,295,169,168,0,1,295,168,0,1,126,1,True,True,match,0,0,0,
20,PRC_L1H9I0V7H1D9N1T7A0A4T1C7F2N1S3,2021565,2020-03-06,295,174,172,0,2,295,172,0,2,121,1,True,True,match,0,0,0,
20,PRC_Q1G9U0O7D0O8X1A4M1Q0Y2M4I3V3B4,2021370,2020-03-06,295,162,158,2,2,295,158,2,2,133,1,True,True,match,0,0,0,
20,PRC_H1L9K0H6M2J6M1U4G0X2T2R5Z4U6D8,2021138,2020-03-06,295,174,171,0,3,295,171,0,3,121,1,True,True,match,0,0,0,
20,PRC_P1V9X0O6Y2U0U1E7Q5Y6H2E2T1B3F0,2021073,2020-03-06,295,177,176,0,1,295,176,0,1,118,1,True,True,match,0,0,0,
20,PRC_B1H9N0V6K0U7L1E4X2L5X3R3I5O7J1,2020868,2020-03-06,295,169,165,0,4,295,165,0,4,126,1,True,True,match,0,0,0,
20,PRC_N1X9R0U5E2K2W1P4V2T7B4Z0D4W0U0,2020561,2020-03-06,295,167,165,0,2,295,165,0,2,128,1,True,True,match,0,0,0,
20,PRC_I1G9Z0I5Y0P7E1G6S4G5B5H6P3Z5I2,2020222,2020-03-06,295,188,185,0,3,295,185,0,3,107,1,True,True,match,0,0,0,
20,PRC_U1Z9Q0H4O2Z9D1D7O1Y1H4Z7H5U7C2,2020055,2020-03-06,295,174,173,0,1,295,173,0,1,121,1,True,True,match,0,0,0,
20,PRC_I1Z9N0V4N1F7N1T4O1X1S2Y4P2B1Z2,2019858,2020-03-06,295,172,169,0,3,295,169,0,3,123,1,True,True,match,0,0,0,
20,PRC_E1V9C0B4S1T2Q1F4Y4R2S4S8Y1P5E8,2019778,2020-03-06,295,172,165,4,3,295,165,4,3,123,1,True,True,match,0,0,0,
20,PRC_N1G9K0T4F0X8E1O9A1U1M4P7F5E5D3,2019702,2020-03-06,295,174,169,0,5,295,169,0,5,121,1,True,True,match,0,0,0,
20,PRC_G1A9B0Y4S0Q8K1T4W5D7N2A8I8T8D6,2019674,2020-03-06,295,182,179,0,3,295,179,0,3,113,1,True,True,match,0,0,0,
20,PRC_Y1P9S0U3N2S9J2T0H5Z6S0L3B8A1D8,2019487,2020-03-06,295,188,187,0,1,295,187,0,1,107,1,True,True,match,0,0,0,
20,PRC_B1C9L0O3A2X6C1I7E1Q4X2I2I2T4Y1,2019395,2020-03-06,295,166,166,0,0,295,166,0,0,129,1,True,True,match,0,0,0,
20,PRC_O1S9I0B3Q2Q6D0O9T4G6Y0U7E1N7E1,2019385,2020-03-06,295,193,193,0,0,295,193,0,0,102,1,True,True,match,0,0,0,
20,PRC_J1I9U0Z3L1K5E1V6K0N4W5H5C5V6N9,2019238,2020-03-06,295,167,162,0,5,295,162,0,5,128,1,True,True,match,0,0,0,
20,PRC_E1K9A0L3S1X3X1I4K1Q9R3I9F9R3Z1,2019181,2020-03-06,295,168,163,0,5,295,163,0,5,127,1,True,True,match,0,0,0,
20,PRC_C1M9B0R3H1R3K1A4Q1J4G4P6D6O0P5,2019180,2020-03-06,295,176,170,0,6,295,170,0,6,119,1,True,True,match,0,0,0,
20,PRC_N1R9K0B3Y0O8G1U8F0U0R5W5P5D8J0,2019062,2020-03-06,295,175,172,0,3,295,172,0,3,120,1,True,True,match,0,0,0,
20,PRC_H1E9H0S3Q0G8T1V7U5H8A1E1Q7W9C0,2019057,2020-03-06,295,171,167,0,4,295,167,0,4,124,1,True,True,match,0,0,0,
20,PRC_K1L9O0K3Q0C8D1K6M3I6D3G2I0V1X1,2019042,2020-03-06,295,177,172,0,5,295,172,0,5,118,1,True,True,match,0,0,0,
20,PRC_H1U9A0R3R0E8X1N5W4Z9C1Y1J8Y7Y6,2019041,2020-03-06,295,163,162,0,1,295,162,0,1,132,1,True,True,match,0,0,0,
20,PRC_R1Q9L0X3H0V8C1I5B4E6G1Z5I0S3R5,2019040,2020-03-06,295,166,166,0,0,295,166,0,0,129,1,True,True,match,0,0,0,
20,PRC_Q1M9D0Q3O0J4V1H6M1H1A4Y8R1S6R5,2018937,2020-03-06,295,176,171,0,5,295,171,0,5,119,1,True,True,match,0,0,0,
20,PRC_E1O9E0T2W1F3K1H3B2F7F0U7W4F2I1,2018608,2020-03-06,295,169,166,0,3,295,166,0,3,126,1,True,True,match,0,0,0,
20,PRC_C1Y9C0R1Y3R0M1B5W2K3R3V2V1G2P5,2018416,2020-03-06,295,161,156,0,5,295,156,0,5,134,1,True,True,match,0,0,0,
20,PRC_P1I9P0S1S2P2H1Z0K1Y9G4J2E1W8A4,2018276,2020-03-06,295,172,169,1,2,295,169,1,2,123,1,True,True,match,0,0,0,
20,PRC_W1O9Y0J1O1H7B1U7I1W8T3A8P0F5Y0,2018239,2020-03-06,295,174,169,0,5,295,169,0,5,121,1,True,True,match,0,0,0,
20,PRC_T1D9S0X1S1S7D1P7N0Z5N0T9F4K5A2,2018238,2020-03-06,295,193,186,1,6,295,186,1,6,102,1,True,True,match,0,0,0,
20,PRC_Z1A9R0B1O0C3M1X8L1O8Y2G4R5W9N2,2018033,2020-03-06,295,186,186,0,0,295,186,0,0,109,1,True,True,match,0,0,0,
20,PRC_J1P9O0C1H0N3C1E7U5A8I2W0P3E4Q5,2018027,2020-03-06,295,178,177,0,1,295,177,0,1,117,1,True,True,match,0,0,0,
20,PRC_J1X9G0Y1W0X3R1U7F3L0G2J1W6Q3S8,2018015,2020-03-06,295,194,192,0,2,295,192,0,2,101,1,True,True,match,0,0,0,
20,ARC_A1E8A1H2I2X1C1Q7Q4W7A0G6F1S9Q2,2017684,2020-03-06,295,176,170,3,3,295,170,3,3,119,1,True,True,match,0,0,0,
20,PRC_W1D8Q1P1A2A3G1S4C0R7B0F7Q0A4Y2,2016760,2020-03-06,295,163,159,0,4,295,159,0,4,132,1,True,True,match,0,0,0,
20,PRC_H1L8L1O1P2F2R1A4U5S0A2B5K9Z5U5,2016724,2020-03-06,295,177,168,1,8,295,168,1,8,118,1,True,True,match,0,0,0,
20,PRC_R1Y8W1W0X3K0V1H8X2Q9T5I9Q5E4Q7,2016140,2020-03-06,295,192,185,0,7,295,185,0,7,103,1,True,True,match,0,0,0,
20,PRC_M1B8J1L0V3G0P1R8Z2S8E3X0W4X3O1,2016139,2020-03-06,295,189,186,0,3,295,186,0,3,106,1,True,True,match,0,0,0,
20,PRC_I1H8I1K0M3D0S1F8S0H3W1R9D0T8Q3,2016138,2020-03-06,295,186,181,0,5,295,181,0,5,109,1,True,True,match,0,0,0,
20,PRC_W1N8X1H0S1N0L1H3I2Q6S1H2G6W5M1,2015941,2020-03-06,295,171,165,0,6,295,165,0,6,124,1,True,True,match,0,0,0,
20,PRC_G1A8K1W0C1J0U1O3S2Z4N3C4C8M6O0,2015940,2020-03-06,295,165,157,0,8,295,157,0,8,130,1,True,True,match,0,0,0,
20,PRC_A1K8F1J0T0I1T1I1B1V0V3T4Y1A2P1,2015807,2020-03-06,295,176,173,0,3,295,173,0,3,119,1,True,True,match,0,0,0,
20,PRC_H1K8O0R9V1J8W1M6Z3S0P2B1T7L9Z3,2015611,2020-03-06,295,172,155,6,11,295,155,6,11,123,1,True,True,match,0,0,0,
20,PRC_A1D8I0H9R1D0M1V6V0G8Q4Q7K2Z7E4,2015410,2020-03-06,295,197,191,1,5,295,191,1,5,98,1,True,True,match,0,0,0,
20,PRC_N1Q8W0R5F1J0O1I6U1J2Q5P7K4O6M5,2013513,2020-03-06,295,160,157,0,3,295,157,0,3,135,1,True,True,match,0,0,0,
20,PRC_O1J8G0F3U0B8E1Z6W5W0I4I8V6W2T6,2012388,2020-03-06,295,159,151,3,5,295,151,3,5,136,1,True,True,match,0,0,0,
20,PRC_B1V7S1B2S1I2G1Q6F0W1C3I4C4W4Y4,2010789,2020-03-06,295,196,188,1,7,295,188,1,7,99,1,True,True,match,0,0,0,
20,PRC_L1S6Z1C1D2O3U1G7V5U6B5I0B0X3V7,2003811,2020-03-06,295,162,158,0,4,295,158,0,4,133,1,True,True,match,0,0,0,
20,PRC_X1I9J1A1N2P2F1F9B1S5Z4X2J9N7K0,2024779,2020-03-05,295,190,188,0,2,295,188,0,2,105,1,True,True,match,0,0,0,
20,PRC_S1W9V1R1K2Y5J1A5K3V1Z0L4X1H3W9,2024776,2020-03-05,295,182,182,0,0,295,182,0,0,113,1,True,True,match,0,0,0,
20,PRC_H1C9C1F1S2T2E1B9V1T1I4X0J5O8T9,2024775,2020-03-05,295,180,178,0,2,295,178,0,2,115,1,True,True,match,0,0,0,
20,PRC_W2F0V0S3R0X3Z2G0J3P8A0N6M8L2W3,2024698,2020-03-05,295,187,187,0,0,295,187,0,0,108,1,True,True,match,0,0,0,
20,PRC_Z2A0X0D3B0X3M2G0I5K0K0S7E1B6J7,2024690,2020-03-05,295,191,187,0,4,295,187,0,4,104,1,True,True,match,0,0,0,
20,PRC_V2H0D0P3S0J3L2R0J3C9F3U1H0A7H1,2024689,2020-03-05,295,193,190,0,3,295,190,0,3,102,1,True,True,match,0,0,0,
20,PRC_O2M0Z0L3C0B3X2N0R3R6B3Y5F6Z7A7,2024688,2020-03-05,295,184,183,0,1,295,183,0,1,111,1,True,True,match,0,0,0,
20,PRC_E2W0Z0P3C0E3M2V0R3B7Q2C2W2A3I7,2024686,2020-03-05,295,184,179,0,5,295,179,0,5,111,1,True,True,match,0,0,0,
20,PRC_A2J0M0M3T0O3S2E0T4S8T3Z8D0J3R8,2024677,2020-03-05,295,193,161,20,12,295,161,20,12,102,1,True,True,match,0,0,0,
20,PRC_O1G9X0N6I1M7G1K6F2N7S3R3I0O8B8,2021016,2020-03-05,295,192,191,0,1,295,191,0,1,103,1,True,True,match,0,0,0,
20,PRC_Z1S9P0O6Q0S5B1F1U2R3U0B8R2G7X4,2020845,2020-03-05,295,194,189,0,5,295,189,0,5,101,1,True,True,match,0,0,0,
20,PRC_M1E9S0A5B2U4T1M5L2S0I3I4F3I9Y7,2020628,2020-03-05,295,184,75,82,27,295,75,82,27,111,1,True,True,match,0,0,0,
20,ARC_S1H8G1M2D1T4J1D6N0Q4Y3O4L2B8U4,2017565,2020-03-05,295,192,192,0,0,295,192,0,0,103,1,True,True,match,0,0,0,
20,ARC_I1V8P1V1Y3M0V1T3W4M6O1W8S6G0W7,2016941,2020-03-05,295,190,190,0,0,295,190,0,0,105,1,True,True,match,0,0,0,
20,ARC_Z1A8M1Q1B0V9P1F6Q3T6R5S1R7L8T6,2016477,2020-03-05,295,191,189,0,2,295,189,0,2,104,1,True,True,match,0,0,0,
20,PRC_S1W8N1Q0X3T1R1G7X3S7K3L3K6N5H4,2016211,2020-03-05,295,191,180,1,10,295,180,1,10,104,1,True,True,match,0,0,0,
20,PRC_Z1O8L1X0K3Y1G1I7F3Q5Q4W4F2Q8X5,2016206,2020-03-05,295,184,174,1,9,295,174,1,9,111,1,True,True,match,0,0,0,
20,PRC_A1C8A1T0O3L1W1F7G3M4F5G6V0V5F4,2016203,2020-03-05,295,189,180,1,8,295,180,1,8,106,1,True,True,match,0,0,0,
20,PRC_U1U8J0K9R1E2Q1Y7B4V4E0Z4J8D4I8,2015472,2020-03-05,295,193,193,0,0,295,193,0,0,102,1,True,True,match,0,0,0,
20,PRC_Q1Y8I0G9R1G2K1D7H0T2G0L1Q7O0D3,2015464,2020-03-05,295,185,184,0,1,295,184,0,1,110,1,True,True,match,0,0,0,
20,PRC_G1I7I0T7Y0K4A1D5L0S0F5T3T5Q2T5,2007771,2020-03-05,295,186,183,0,3,295,183,0,3,109,1,True,True,match,0,0,0,
20,PRC_U2T0I0N2O2U6F1V3K3M9A4D5N6E2D0,2024636,2020-02-26,295,237,237,0,0,295,237,0,0,58,1,True,True,match,0,0,0,
20,PRC_I2E0D0E2N2S6J1B3Q3X5U0Y8J2E8S1,2024635,2020-02-26,295,236,236,0,0,295,236,0,0,59,1,True,True,match,0,0,0,
20,PRC_M2N0R0A2B2H6O1Z3X3Q7C5H8C4Z9Y8,2024634,2020-02-26,295,237,236,0,1,295,236,0,1,58,1,True,True,match,0,0,0,
20,PRC_V2N0U0E2L2D4X1V0Q2Z8U4Y9R7J9Z8,2024629,2020-02-26,295,228,227,0,1,295,227,0,1,67,1,True,True,match,0,0,0,
20,PRC_W1W9N1I2J2K4Q1V9B0J3Q4K6R3H3L9,2020030,2020-01-13,295,167,165,1,1,295,165,1,1,128,1,True,True,match,0,0,0,
20,PRC_R1X9K1O1S0H6B1G0S3L3N1C1U3P2L1,2017705,2020-01-13,295,165,163,0,2,295,163,0,2,130,1,True,True,match,0,0,0,
20,PRC_G1N9K1T1U2U9L1Z3D5B9S1M3D1L0C6,2017704,2020-01-13,295,157,1,151,5,295,1,151,5,138,1,True,True,match,0,0,0,
20,PRC_O1G9I1F1M0X6N1Z0K4X0E5O5T1G3D0,2017704,2020-01-13,295,165,164,0,1,295,164,0,1,130,1,True,True,match,0,0,0,
20,PRC_M1L9O1T1Q0O6T1U0C3M2S5A1X7B8K7,2017702,2020-01-13,295,162,159,0,3,295,159,0,3,133,1,True,True,match,0,0,0,
20,PRC_B1J9P1W1D2I9R1C3K5S8R1R0P5J8R3,2017702,2020-01-13,295,155,2,151,2,295,2,151,2,140,1,True,True,match,0,0,0,
20,PRC_R1N9Y1H2V2F4M1I9D0J2V1M1Y6X4I3,2016500,2020-01-13,295,166,164,1,1,295,164,1,1,129,1,True,True,match,0,0,0,
20,PRC_T2F0T0B1E0U9D2M1N0Y6U0G5D0R6F4,2024499,2020-01-09,295,150,145,1,4,295,145,1,4,145,1,True,True,match,0,0,0,
20,PRC_G2Y0F0C1N0G9K1M7L5T1S2X9B9Y4J7,2024498,2020-01-09,295,151,151,0,0,295,151,0,0,144,1,True,True,match,0,0,0,
20,PRC_L1Y9A1T1D2G5C1D8U1C3A3N5L7A6C1,2024495,2020-01-09,295,151,117,13,21,295,117,13,21,144,1,True,True,match,0,0,0,
20,PRC_D1R9D1C1Y2S5M1J8C2K7D5G2Q1U5Y3,2024494,2020-01-09,295,158,157,0,1,295,157,0,1,137,1,True,True,match,0,0,0,
20,PRC_H1I9S1N1P2T8U1S6C1K4G1T6Q1L9U0,2024492,2020-01-09,295,152,114,15,23,295,114,15,23,143,1,True,True,match,0,0,0,
20,PRC_F1L9C1M2N0G4U1B6E2Q2R4X9C8J7C8,2024491,2020-01-09,295,155,137,7,11,295,137,7,11,140,1,True,True,match,0,0,0,
20,PRC_Q1G9X1I1K2Y0R1L6M2U3F3X5P0Z6T7,2024490,2020-01-09,295,151,149,0,2,295,149,0,2,144,1,True,True,match,0,0,0,
20,PRC_D2K0X0A1E0Y9Z0N9X5Z6V0E0R4B4B8,2024489,2020-01-09,295,153,152,0,1,295,152,0,1,142,1,True,True,match,0,0,0,
20,PRC_A2Q0P0J1F0E8H2H3Z0Q1V0L4S1J5L6,2024488,2020-01-09,295,149,147,0,2,295,147,0,2,146,1,True,True,match,0,0,0,
20,PRC_A1S9C1A2L0B5K1X8V4E0Z3K0W4O8O7,2024487,2020-01-09,295,151,151,0,0,295,151,0,0,144,1,True,True,match,0,0,0,
20,PRC_F1K9F1H2I0H6T1A1D0P8X2C2L3J6W1,2024486,2020-01-09,295,154,153,0,1,295,153,0,1,141,1,True,True,match,0,0,0,
20,PRC_W2L0T0F1A0Z8Y2L3U0X2A1Y6T8I0T4,2024485,2020-01-09,295,153,151,0,2,295,151,0,2,142,1,True,True,match,0,0,0,
20,PRC_T1V9K1R1Z2L9S1C0I5F6W2Y3G7C6G1,2024484,2020-01-09,295,152,150,0,2,295,150,0,2,143,1,True,True,match,0,0,0,
20,PRC_Z1X9X1O1K2V9Q1V4L1O1I5H1C6U2M5,2024483,2020-01-09,295,155,154,0,1,295,154,0,1,140,1,True,True,match,0,0,0,
20,PRC_Z1M9U1M1K2B9F1K0Q5C3H5B9X3W7O3,2024482,2020-01-09,295,153,151,0,2,295,151,0,2,142,1,True,True,match,0,0,0,
20,PRC_M1B9B1V1R2M8W0Q9K3G7G2F1O2H5J7,2024081,2020-01-09,295,150,149,0,1,295,149,0,1,145,1,True,True,match,0,0,0,
20,PRC_B1Q9A1P1X2L8A2Z2Y3W7J0Q7D6B7Q3,2024076,2020-01-09,295,156,154,0,2,295,154,0,2,139,1,True,True,match,0,0,0,
20,PRC_Z1A9K1S1Q2O9N1B1M1V6B1M2N6B6R3,2024075,2020-01-09,295,156,152,0,4,295,152,0,4,139,1,True,True,match,0,0,0,
20,PRC_H1J9H1F1Y2D9M1X0C3X2R0Q2Z9Q9H3,2024074,2020-01-09,295,157,156,0,1,295,156,0,1,138,1,True,True,match,0,0,0,
20,PRC_K1N9A1R1Y2Q8J0N8Z3B0B5O1U5Z2X8,2024073,2020-01-09,295,151,149,0,2,295,149,0,2,144,1,True,True,match,0,0,0,
20,PRC_N1X7B1U1K2L9C1Y0B5D0T4I8X9K0J4,2024064,2020-01-09,295,153,150,0,3,295,150,0,3,142,1,True,True,match,0,0,0,
20,PRC_T1U9V0L7J1Z7V1F6Z5A3H4M1N3F2Q3,2024063,2020-01-09,295,152,151,0,1,295,151,0,1,143,1,True,True,match,0,0,0,
20,PRC_E1G9Z1A1E2Z1C1H8P5H2P2K7M0Y4X9,2024061,2020-01-09,295,152,149,1,2,295,149,1,2,143,1,True,True,match,0,0,0,
20,PRC_W1N9U1I1X1Z9A1P9L0B6L5V9Z7J9P1,2024060,2020-01-09,295,151,150,0,1,295,150,0,1,144,1,True,True,match,0,0,0,
20,PRC_Q1P9Q0X6A2S7V1T3D2J0Q5I1Z2C5Y1,2024059,2020-01-09,295,154,152,0,2,295,152,0,2,141,1,True,True,match,0,0,0,
20,PRC_V1X9K1Y1X2U0W1A8K2Y0S0E9H4F9G2,2024058,2020-01-09,295,149,147,0,2,295,147,0,2,146,1,True,True,match,0,0,0,
20,PRC_W1R9J1U1N2C0V1C7A0Z4U1G2A7J8W5,2024055,2020-01-09,295,152,150,0,2,295,150,0,2,143,1,True,True,match,0,0,0,
20,PRC_F1O7E0W9V1J9C1N9O0D3J0G5I8E5V1,2024054,2020-01-09,295,153,152,0,1,295,152,0,1,142,1,True,True,match,0,0,0,
20,PRC_N1Z9N0L8R2B0U1I5P1C5A1X5J9Y5C5,2024053,2020-01-09,295,152,147,0,5,295,147,0,5,143,1,True,True,match,0,0,0,
20,PRC_N1A9Q1U1Z1T9H1F1H0E2L0A4R6O3R5,2024051,2020-01-09,295,154,150,0,4,295,150,0,4,141,1,True,True,match,0,0,0,
20,PRC_M1D9F1F1L2E0I1K6G4O4Z3Z0J1F7S0,2024049,2020-01-09,295,151,146,0,5,295,146,0,5,144,1,True,True,match,0,0,0,
20,PRC_H1Y9Q1X1T2C0Q1K6D3P2R5P5S8O7A0,2024047,2020-01-09,295,150,147,0,3,295,147,0,3,145,1,True,True,match,0,0,0,
20,PRC_Q1N9B1Y1B2A0N1U7X0W5V1P7C1O7J5,2024046,2020-01-09,295,151,149,1,1,295,149,1,1,144,1,True,True,match,0,0,0,
20,PRC_L1X9C1S1C2Q0T1R6P3O2J3B2U3U1H5,2024045,2020-01-09,295,151,145,2,4,295,145,2,4,144,1,True,True,match,0,0,0,
20,PRC_G1Y9H1X1Q2N0L1Z7P0G5O0X2J2N4Q5,2024044,2020-01-09,295,150,148,0,2,295,148,0,2,145,1,True,True,match,0,0,0,
20,PRC_M1F9E1E1W2W0H1M6O3T0L5X9K7C1L3,2024043,2020-01-09,295,149,148,0,1,295,148,0,1,146,1,True,True,match,0,0,0,
20,PRC_Y1L9B1O1N2J0X1N7N0C3Z4Z9U2L9Y7,2024042,2020-01-09,295,151,149,0,2,295,149,0,2,144,1,True,True,match,0,0,0,
20,PRC_Q1C9O1Y1A2Q0H1P7D0T3C1Q9D9Q9O0,2024041,2020-01-09,295,151,149,0,2,295,149,0,2,144,1,True,True,match,0,0,0,
20,PRC_P1I9B1Z1O2A0E1O6P2E7F3Y3S1U8C6,2024040,2020-01-09,295,151,147,0,4,295,147,0,4,144,1,True,True,match,0,0,0,
20,PRC_J1E9M1O1G2G0F1A6F5X7R0Z7O6E6M8,2024039,2020-01-09,295,150,148,0,2,295,148,0,2,145,1,True,True,match,0,0,0,
20,PRC_T1B9A1A1C2R0B1A6E5O6G0T8Q2Z4O5,2024037,2020-01-09,295,152,144,0,8,295,144,0,8,143,1,True,True,match,0,0,0,
20,PRC_Q1P9A1C1Z2Y0A1E6C5G5A0L6I9Z4N1,2024034,2020-01-09,295,150,139,2,9,295,139,2,9,145,1,True,True,match,0,0,0,
20,PRC_C1O9P1U1J2B0J1J1L1Y6W4W3R0Q1M3,2024031,2020-01-09,295,148,147,0,1,295,147,0,1,147,1,True,True,match,0,0,0,
20,PRC_G1F9S1E1A2G0O1O6T5B0Y4T2R5K6V3,2024030,2020-01-09,295,152,150,0,2,295,150,0,2,143,1,True,True,match,0,0,0,
20,PRC_Z1R9O1K1A2C0D1S6S4Z9K0H6L3F4U5,2024029,2020-01-09,295,151,150,0,1,295,150,0,1,144,1,True,True,match,0,0,0,
20,PRC_P1L9B1H1Q2N0I1U6L4D0D3D7W2T1I9,2024028,2020-01-09,295,150,148,0,2,295,148,0,2,145,1,True,True,match,0,0,0,
20,PRC_G1V9F1D1J1K9V2M0G0F6P1W2D9K6Q9,2024027,2020-01-09,295,152,149,0,3,295,149,0,3,143,1,True,True,match,0,0,0,
20,PRC_F1Q9U1N1K2S0T1K6R3I9K2Z5X2H8B0,2024026,2020-01-09,295,152,147,0,5,295,147,0,5,143,1,True,True,match,0,0,0,
20,PRC_H1E9H1U1I2Z0I1B6A3E7T4Y3R0B7P5,2024025,2020-01-09,295,150,148,0,2,295,148,0,2,145,1,True,True,match,0,0,0,
20,PRC_F1S9T1C1A2D0Y1R7D0R7D2F1J9Q0L7,2024024,2020-01-09,295,152,150,0,2,295,150,0,2,143,1,True,True,match,0,0,0,
20,PRC_A1G9K1A1Q2X0X1D6Q4E3Y0I0F7K0M9,2024023,2020-01-09,295,149,148,0,1,295,148,0,1,146,1,True,True,match,0,0,0,
20,PRC_B1V9R1F1Y2R0E1Q6J3M6Q2Y5O8K2Q7,2024022,2020-01-09,295,153,151,0,2,295,151,0,2,142,1,True,True,match,0,0,0,
20,PRC_B1L9K1D1B2K0S1L6V3S5F4Y5A2M2P3,2024021,2020-01-09,295,154,150,0,4,295,150,0,4,141,1,True,True,match,0,0,0,
20,PRC_F1W9D1T1S2J0K1D6I3H3T5D8C0F9S7,2024019,2020-01-09,295,151,149,0,2,295,149,0,2,144,1,True,True,match,0,0,0,
20,PRC_D1N9Z1K1M2M0U1B6X4X3R4W1P0X9M3,2024018,2020-01-09,295,148,146,0,2,295,146,0,2,147,1,True,True,match,0,0,0,
20,PRC_Y1X9Q1W1G2W1L1N8Q5X5K1Z3W0H1X4,2024017,2020-01-09,295,149,147,0,2,295,147,0,2,146,1,True,True,match,0,0,0,
20,PRC_O1M9K1I1S1F9U1U9J5D7F4B3S9Z3T8,2024016,2020-01-09,295,150,149,0,1,295,149,0,1,145,1,True,True,match,0,0,0,
20,PRC_H1J9M1K1W1I9G1T9J5E3V0U3A0C8P5,2024015,2020-01-09,295,148,146,0,2,295,146,0,2,147,1,True,True,match,0,0,0,
20,PRC_R1L9L1C1J1U9W1K9R3C4H5E5Q0W5T2,2024014,2020-01-09,295,152,149,0,3,295,149,0,3,143,1,True,True,match,0,0,0,
20,PRC_N1B9J1Y1J1R9Z1H9X1Q0X1C5J7G2N8,2024013,2020-01-09,295,151,142,0,9,295,142,0,9,144,1,True,True,match,0,0,0,
20,PRC_P1G9R1W1W1C9Z1F9N0H8J2S9B4Q1K9,2024012,2020-01-09,295,149,146,1,2,295,146,1,2,146,1,True,True,match,0,0,0,
20,PRC_A1R9E1X1L1G9W1T9C0U6G1P0T9H2W9,2024011,2020-01-09,295,151,148,0,3,295,148,0,3,144,1,True,True,match,0,0,0,
20,PRC_K1V9D1T1P1K9C1F9L0Y1L4O3B6D2H3,2024010,2020-01-09,295,151,148,0,3,295,148,0,3,144,1,True,True,match,0,0,0,
20,PRC_T1N9X0T9L2O0W1Q8V0C5D0J0C4L7R0,2024009,2020-01-09,295,153,150,0,3,295,150,0,3,142,1,True,True,match,0,0,0,
20,PRC_K1O9Q0D4E0N5Y1K4T1E3C5L4L9P5T9,2024008,2020-01-09,295,152,149,0,3,295,149,0,3,143,1,True,True,match,0,0,0,
20,PRC_M1U9I1P1J2S0H1E7X0N6R4C4M8Z8Q5,2024007,2020-01-09,295,151,147,0,4,295,147,0,4,144,1,True,True,match,0,0,0,
20,PRC_E1P9A1A1N2H1Q1D8Z4F5U1G8S0W6L3,2024005,2020-01-09,295,149,146,0,3,295,146,0,3,146,1,True,True,match,0,0,0,
20,PRC_E1E9K1H1I1J9C2E0T0R5R1X7V3H0I1,2024004,2020-01-09,295,149,148,0,1,295,148,0,1,146,1,True,True,match,0,0,0,
20,PRC_R1J9A1R1Y2M1N1Y8K3J6J4C8F0S7Y9,2024003,2020-01-09,295,150,149,0,1,295,149,0,1,145,1,True,True,match,0,0,0,
20,PRC_Y1W9E1Z1T1T9D2S0W0S3M5S9W7V8W5,2024002,2020-01-09,295,149,148,0,1,295,148,0,1,146,1,True,True,match,0,0,0,
20,PRC_A1F9I1Z1G2K1I1U8P4B6Q1R9N3N4X2,2024001,2020-01-09,295,150,148,0,2,295,148,0,2,145,1,True,True,match,0,0,0,
20,PRC_K1P9I1F1F2D1Q1X8T4K9X5J6R0P5E8,2024000,2020-01-09,295,150,149,0,1,295,149,0,1,145,1,True,True,match,0,0,0,
20,PRC_T1J9B1Y0Y0H1O0L9G4K6T4G8I7N1H6,2023999,2020-01-09,295,149,147,0,2,295,147,0,2,146,1,True,True,match,0,0,0,
20,PRC_P1N9K1O1A2K1B1O8X5Z1I2P5Q2I3S7,2023998,2020-01-09,295,151,149,0,2,295,149,0,2,144,1,True,True,match,0,0,0,
20,PRC_Y1M9T1Y1K1L9Z2X0H0G2O1I2I1A4T8,2023997,2020-01-09,295,149,144,0,5,295,144,0,5,146,1,True,True,match,0,0,0,
20,PRC_G1P9J0A3F2L6Q1D4O0C2K0Z9P3S0B0,2023996,2020-01-09,295,149,148,0,1,295,148,0,1,146,1,True,True,match,0,0,0,
20,PRC_N1N9W0G6N2S6Q1E7T1L5O3D0Q8Y3Q1,2023995,2020-01-09,295,153,150,0,3,295,150,0,3,142,1,True,True,match,0,0,0,
20,PRC_G1A9T0T6F2Z6T1S7H1B6F2C9H2E4G1,2023994,2020-01-09,295,153,152,0,1,295,152,0,1,142,1,True,True,match,0,0,0,
20,PRC_T1P9X0F6N2N6Y1Z7O1K8V2X7L1L1G2,2023993,2020-01-09,295,150,149,0,1,295,149,0,1,145,1,True,True,match,0,0,0,
20,PRC_A1T9P0J6S2C6D1U7R2V1V1O6V2I5B2,2023992,2020-01-09,295,153,151,0,2,295,151,0,2,142,1,True,True,match,0,0,0,
20,PRC_B1I9H0N6Q2J6V1O7N2Y2U1B9G5L7W4,2023991,2020-01-09,295,153,152,0,1,295,152,0,1,142,1,True,True,match,0,0,0,
20,PRC_R1X9E0P6A2C6E1I7Q2O6U0Z2U0I5W8,2023990,2020-01-09,295,151,149,0,2,295,149,0,2,144,1,True,True,match,0,0,0,
20,PRC_K1O9Y0S6A2C6L1Q9E4D6J3Q3D0G9F1,2023989,2020-01-09,295,153,150,0,3,295,150,0,3,142,1,True,True,match,0,0,0,
20,PRC_N1I9R1F1X2R1H1Z9H1W7R4I3M0C8B8,2023988,2020-01-09,295,150,149,0,1,295,149,0,1,145,1,True,True,match,0,0,0,
20,PRC_Z1T9M1O1H2R2J1N8G1Z9Y3J6Z0Y4Y6,2023987,2020-01-09,295,157,154,0,3,295,154,0,3,138,1,True,True,match,0,0,0,
20,PRC_T1Y9I1U1P2K2P1E9E5Z7B2G6D3B7K6,2023983,2020-01-09,295,153,153,0,0,295,153,0,0,142,1,True,True,match,0,0,0,
20,PRC_R1E9E1K1U2Y2B1D9K5B6I4Q9S1W9X8,2023982,2020-01-09,295,152,152,0,0,295,152,0,0,143,1,True,True,match,0,0,0,
20,PRC_Q1Q9Q1I1Z2D2R1O9T5E4K1X5O4S9E1,2023980,2020-01-09,295,152,149,0,3,295,149,0,3,143,1,True,True,match,0,0,0,
20,PRC_B1Y9Y1H1D2N2N1P9U5P2Q5U6Z3A5J3,2023979,2020-01-09,295,151,151,0,0,295,151,0,0,144,1,True,True,match,0,0,0,
20,PRC_M1Q9E1C1W2R2B1M9B5X0Q1N9L0Z0T1,2023977,2020-01-09,295,151,150,0,1,295,150,0,1,144,1,True,True,match,0,0,0,
20,PRC_I1P9P0B7Y1R7Z1H0J4Y4H5Q9Q6I2T5,2023965,2020-01-09,295,148,147,0,1,295,147,0,1,147,1,True,True,match,0,0,0,
20,PRC_H1O9I1V1O1T4P1O8M3Y5F4V5V2U5G4,2023812,2020-01-09,295,152,118,6,28,295,118,6,28,143,1,True,True,match,0,0,0,
20,PRC_N1C9T1S1D1H4U1M4Z1N6Y4H4R7H4U1,2023789,2020-01-09,295,148,127,2,19,295,127,2,19,147,1,True,True,match,0,0,0,
20,PRC_X1N9R1W1S1Q4K1V4U1C0R0G0D3E7S9,2023787,2020-01-09,295,149,128,1,20,295,128,1,20,146,1,True,True,match,0,0,0,
20,PRC_C1R9S1N1P1Y4G1I4V0W8Y5D3K8U1A1,2023786,2020-01-09,295,148,123,4,21,295,123,4,21,147,1,True,True,match,0,0,0,
20,PRC_I1S9C1D1V1T3J1J7Q2E2R1C4S0D1M9,2023771,2020-01-09,295,153,142,0,11,295,142,0,11,142,1,True,True,match,0,0,0,
20,PRC_X1S9S1A1L1N3E1A6A4M1U3C9A8T7H3,2023764,2020-01-09,295,152,140,0,12,295,140,0,12,143,1,True,True,match,0,0,0,
20,PRC_A1Q9V1H1A1L2S1Y7J4Q8E2Y8L0M6R8,2023746,2020-01-09,295,149,120,4,25,295,120,4,25,146,1,True,True,match,0,0,0,
20,PRC_B1J9Z1T1M1D2N1E7M4Z0L5U1G9C5C3,2023745,2020-01-09,295,148,124,5,19,295,124,5,19,147,1,True,True,match,0,0,0,
20,PRC_G1M9C1X1L1H2X1E7N1F7E0B0M1B9N5,2023741,2020-01-09,295,150,124,5,21,295,124,5,21,145,1,True,True,match,0,0,0,
20,PRC_D1J9U1F1O1A2L1B7N1E6O0X4O9M6X2,2023740,2020-01-09,295,149,124,4,21,295,124,4,21,146,1,True,True,match,0,0,0,
20,PRC_C1D9S1R1W1O1D1H5E2H2O5E1B6X3T4,2023714,2020-01-09,295,150,118,1,31,295,118,1,31,145,1,True,True,match,0,0,0,
20,PRC_F1F9Z1A1A0I8S1Z4G5R5A4H2C2T2I6,2023685,2020-01-09,295,148,110,10,28,295,110,10,28,147,1,True,True,match,0,0,0,
20,PRC_Z1G9U1G1N0B7Y1O7R3N3F5N2A9K1S8,2023665,2020-01-09,295,148,98,11,39,295,98,11,39,147,1,True,True,match,0,0,0,
20,PRC_K1Q9W1B1E0J7J1W7V3N2C2O0S5U8U8,2023664,2020-01-09,295,151,102,10,39,295,102,10,39,144,1,True,True,match,0,0,0,
20,PRC_N1P9N1B1H0V7I1L7C3E2Z0M5N5O4C8,2023663,2020-01-09,295,149,97,8,44,295,97,8,44,146,1,True,True,match,0,0,0,
20,PRC_E1Y9P1O1L0Z7D1M7Q1N2I5B8O7X9V8,2023659,2020-01-09,295,153,151,0,2,295,151,0,2,142,1,True,True,match,0,0,0,
20,PRC_O1B9W1U1C0J7V1O5B3Q9E5A0K9Y2P6,2023655,2020-01-09,295,152,124,2,26,295,124,2,26,143,1,True,True,match,0,0,0,
20,PRC_Q1K9X1V1O0I7N1Y5E2R4N1Z7W9S3M5,2023651,2020-01-09,295,152,128,1,23,295,128,1,23,143,1,True,True,match,0,0,0,
20,PRC_C1U9L1G1Z0Q6F1L4T4X2X1X7W5C8R2,2023629,2020-01-09,295,151,139,0,12,295,139,0,12,144,1,True,True,match,0,0,0,
20,PRC_E1U9I1A1V0G6L1W4Q2E9D5M1T5T3S5,2023628,2020-01-09,295,153,147,0,6,295,147,0,6,142,1,True,True,match,0,0,0,
20,PRC_R1J9P1C1R0T5C1I7M3V0T5K2D6A9N1,2023613,2020-01-09,295,152,135,0,17,295,135,0,17,143,1,True,True,match,0,0,0,
20,PRC_F1U9B1M1B0J5R1P7N1B8M2X8J0R8M6,2023611,2020-01-09,295,148,123,3,22,295,123,3,22,147,1,True,True,match,0,0,0,
20,PRC_Y1B9X1J1K0T5U1S7N1D6D0F6H8Y0B6,2023610,2020-01-09,295,148,126,3,19,295,126,3,19,147,1,True,True,match,0,0,0,
20,PRC_L1U9Y1P1Z0N5V1W6B1K5Y5X7M9S3U1,2023607,2020-01-09,295,148,127,4,17,295,127,4,17,147,1,True,True,match,0,0,0,
20,PRC_W1I9D1C1I0K5S1E5X2T3G5O0J7Z9F5,2023603,2020-01-09,295,154,144,0,10,295,144,0,10,141,1,True,True,match,0,0,0,
20,PRC_P1X9B1V1H0V5W1W0C5V3H4G5D8O8D9,2023593,2020-01-09,295,148,128,1,19,295,128,1,19,147,1,True,True,match,0,0,0,
20,PRC_L1P9E1S1I0T5C1A0W5E1B4U4C3R6U4,2023591,2020-01-09,295,148,126,3,19,295,126,3,19,147,1,True,True,match,0,0,0,
20,PRC_W1G9D1P1B0K5Z1Z0D5P0T3S5F9S2R7,2023590,2020-01-09,295,149,123,3,23,295,123,3,23,146,1,True,True,match,0,0,0,
20,PRC_L1O9P1J1Y0A5P1C0I4K5T0A6K6Z6I1,2023589,2020-01-09,295,150,123,2,25,295,123,2,25,145,1,True,True,match,0,0,0,
20,PRC_R1R9V1P1U0U5J1X0P2C1T5Z2U2P6W8,2023586,2020-01-09,295,151,137,0,14,295,137,0,14,144,1,True,True,match,0,0,0,
20,PRC_C1A9M1Y1D0X5X1H0L1Z6G0K6S8Q2W7,2023585,2020-01-09,295,152,119,8,25,295,119,8,25,143,1,True,True,match,0,0,0,
20,PRC_B1A9K1R1O0L5A1T0X0M9H0C2P6A5Y8,2023583,2020-01-09,295,151,138,0,13,295,138,0,13,144,1,True,True,match,0,0,0,
20,PRC_J1E9N1L1N0X5W1W0D0B1X2C9A7A5W9,2023582,2020-01-09,295,150,142,0,8,295,142,0,8,145,1,True,True,match,0,0,0,
20,PRC_J1X9X1K1M0Z5J1G0R0E0E4E6C7V4K4,2023580,2020-01-09,295,148,143,0,5,295,143,0,5,147,1,True,True,match,0,0,0,
20,PRC_T1A9G1C1M0G4X1T7M0N2B0I4O0L3G0,2023574,2020-01-09,295,148,114,3,31,295,114,3,31,147,1,True,True,match,0,0,0,
20,PRC_A1G9J1E1D0J4X1L6S3J3Z1B5V2S6S3,2023570,2020-01-09,295,152,125,1,26,295,125,1,26,143,1,True,True,match,0,0,0,
20,PRC_O1F9J1X1V0C4X1R6A2A1Z0D6T8I4F9,2023566,2020-01-09,295,151,121,3,27,295,121,3,27,144,1,True,True,match,0,0,0,
20,PRC_Z1K9D1B1B0K4A1T6B1I9T4E9C9Z6Z9,2023565,2020-01-09,295,148,120,6,22,295,120,6,22,147,1,True,True,match,0,0,0,
20,PRC_S1J9E1L1Z0D4X1Q6Y1D9N0I1Z1H4X0,2023564,2020-01-09,295,152,115,9,28,295,115,9,28,143,1,True,True,match,0,0,0,
20,PRC_G1U9R1P1M0U4R1B6N1M1A3Q5A2O2O3,2023563,2020-01-09,295,151,118,8,25,295,118,8,25,144,1,True,True,match,0,0,0,
20,PRC_A1Z9M1J0W2H4I1F5K3U0E5L0Q2D9V8,2022995,2020-01-09,295,151,145,0,6,295,145,0,6,144,1,True,True,match,0,0,0,
20,ARC_M1W9R1H0N0A7F1I1J3L1N3D4C9B6C4,2022834,2020-01-09,295,149,146,0,3,295,146,0,3,146,1,True,True,match,0,0,0,
20,ARC_J1Q9C1P0D0Z7K1E1E2Y1C5X9S3C6E8,2022832,2020-01-09,295,150,145,0,5,295,145,0,5,145,1,True,True,match,0,0,0,
20,ARC_H1M9Z1H0T0H7Y1N1D2L1A2Y7X0U6Z8,2022821,2020-01-09,295,151,146,0,5,295,146,0,5,144,1,True,True,match,0,0,0,
20,ARC_H1S9G1F0Y0P4G1O0U1Z9E5D4N3B2O1,2022797,2020-01-09,295,148,143,1,4,295,143,1,4,147,1,True,True,match,0,0,0,
20,PRC_J1Q9N1A0Y0F2Z1K1L4G2L3A7Q5U7F3,2022792,2020-01-09,295,150,147,1,2,295,147,1,2,145,1,True,True,match,0,0,0,
20,PRC_V1Y9C0O9X0J6A1W8D2D2H1A0H8D4A5,2022391,2020-01-09,295,151,143,0,8,295,143,0,8,144,1,True,True,match,0,0,0,
20,PRC_P1J9M0R9Q0V5K1G6D2N0W1S4U5H3X9,2022356,2020-01-09,295,148,144,1,3,295,144,1,3,147,1,True,True,match,0,0,0,
20,PRC_H1D9E0B8T2H1I1V5Q4A1M4W9O2J9E8,2022058,2020-01-09,295,151,144,0,7,295,144,0,7,144,1,True,True,match,0,0,0,
20,ARC_T1Q9S0C8K1I6V1S3V3W2S4X8B6T2Y3,2021992,2020-01-09,295,151,151,0,0,295,151,0,0,144,1,True,True,match,0,0,0,
20,PRC_J1H9N0G8A0E7T1W4R5B5H2H6R2Y4A5,2021877,2020-01-09,295,153,152,0,1,295,152,0,1,142,1,True,True,match,0,0,0,
20,PRC_H1W9E0V7E2R4O1A3Y2M9V1Z2M7C5X8,2021621,2020-01-09,295,148,139,2,7,295,139,2,7,147,1,True,True,match,0,0,0,
20,PRC_C1Z9E0R7E1Z7P1E5S1A9J2D3X9G0V0,2021526,2020-01-09,295,154,152,0,2,295,152,0,2,141,1,True,True,match,0,0,0,
20,PRC_T1H9V0V7V1J6Y1Q0U3Y2X2O6D7E3G1,2021493,2020-01-09,295,148,146,0,2,295,146,0,2,147,1,True,True,match,0,0,0,
20,PRC_S1V9C0V6Y2Y4B1S7N3W0W2G6B6T2Q9,2021114,2020-01-09,295,148,145,1,2,295,145,1,2,147,1,True,True,match,0,0,0,
20,PRC_R1A9Z0E6Q2G4G1S7I2H5Q0I6S4W5M7,2021110,2020-01-09,295,149,146,0,3,295,146,0,3,146,1,True,True,match,0,0,0,
20,PRC_M1G9W0O6K2L0K1X0V5Q3V3O2T6Y5O3,2021063,2020-01-09,295,150,147,0,3,295,147,0,3,145,1,True,True,match,0,0,0,
20,PRC_C1U9A0O6G0U3A1C5A2D8K3B2D6U0B1,2020783,2020-01-09,295,152,152,0,0,295,152,0,0,143,1,True,True,match,0,0,0,
20,PRC_H1Y9D0L5H3C0X1T7P0I6X0B5X1L3K7,2020724,2020-01-09,295,153,152,0,1,295,152,0,1,142,1,True,True,match,0,0,0,
20,PRC_P1N9B0D5K2W3T1C7S0A4C4B5R3F5V0,2020604,2020-01-09,295,149,148,0,1,295,148,0,1,146,1,True,True,match,0,0,0,
20,PRC_M1D9U0G5M1E6O1T5B5K7B3X5H0P8U8,2020473,2020-01-09,295,149,143,1,5,295,143,1,5,146,1,True,True,match,0,0,0,
20,PRC_D1C9A0T5D1S6D0Z9D5V3A5J4L6P1J9,2020455,2020-01-09,295,149,147,0,2,295,147,0,2,146,1,True,True,match,0,0,0,
20,ARC_S1X9G0N5C0O3I1F7R0X9I2J9Y6G1I6,2020196,2020-01-09,295,153,152,0,1,295,152,0,1,142,1,True,True,match,0,0,0,
20,PRC_V1D9K0B5Q0N1R1V7N0A1N3J8P7N4A4,2020123,2020-01-09,295,154,153,0,1,295,153,0,1,141,1,True,True,match,0,0,0,
20,PRC_O1Z9F0Y5I0K1O1Y5N0S4M3P4L8C6X9,2020109,2020-01-09,295,150,146,1,3,295,146,1,3,145,1,True,True,match,0,0,0,
20,PRC_Z1P9B0W4I1Y9J1R5W2N2D0P1E0V1T3,2019908,2020-01-09,295,149,140,2,7,295,140,2,7,146,1,True,True,match,0,0,0,
20,PRC_E1R9V0F4V1A5S1O3K4L7F2D0J7S2W7,2019800,2020-01-09,295,152,151,0,1,295,151,0,1,143,1,True,True,match,0,0,0,
20,PRC_L1F9R0N4F1D5V1C1Z2N7Y0W4J6B9A0,2019797,2020-01-09,295,151,150,0,1,295,150,0,1,144,1,True,True,match,0,0,0,
20,PRC_I1T9M0K4R0G2M1N8Z1F2Y4R5A9J4C2,2019548,2020-01-09,295,149,145,0,4,295,145,0,4,146,1,True,True,match,0,0,0,
20,ARC_W1S9M0O3L2J9F0J9P1O6W2Z0W8T6U4,2019434,2020-01-09,295,152,152,0,0,295,152,0,0,143,1,True,True,match,0,0,0,
20,PRC_Q1V9X0K3J2B1E0S9X4Y3Z0B7O1X1R7,2019324,2020-01-09,295,151,150,0,1,295,150,0,1,144,1,True,True,match,0,0,0,
20,ARC_L1U9X0Z3D1X5G1Z1O2N1Z2C7T7C9L1,2019222,2020-01-09,295,153,153,0,0,295,153,0,0,142,1,True,True,match,0,0,0,
20,ARC_Z1F9Y0W2N2Q8L1C6D4O9E3A8O4I9X0,2018902,2020-01-09,295,150,150,0,0,295,150,0,0,145,1,True,True,match,0,0,0,
20,PRC_C1Y9K0Z2I2K2W1R7M1U2S5Q7Z5C9L4,2018791,2020-01-09,295,154,151,0,3,295,151,0,3,141,1,True,True,match,0,0,0,
20,PRC_O1G9R0F2P2Z2T1Y7H1L1O4V3B2N0C7,2018790,2020-01-09,295,156,153,0,3,295,153,0,3,139,1,True,True,match,0,0,0,
20,PRC_A1I9V1Z1T2F8I1W8P2K8U0P9P6L7H8,2018741,2020-01-09,295,150,147,0,3,295,147,0,3,145,1,True,True,match,0,0,0,
20,PRC_H1H9O0N1O2P9X1U7D4O6X2L6I1A1K4,2018390,2020-01-09,295,153,153,0,0,295,153,0,0,142,1,True,True,match,0,0,0,
20,PRC_F1X9G0P1Q2F9G1O7O4P5Q2M6V4Q9V2,2018387,2020-01-09,295,153,153,0,0,295,153,0,0,142,1,True,True,match,0,0,0,
20,PRC_C1L9E0C1C2I5Y1Y6V4V5W5H0W5R9M8,2018340,2020-01-09,295,154,150,0,4,295,150,0,4,141,1,True,True,match,0,0,0,
20,PRC_R1X9V0G1T1B7T1D5I0P1Q4A7J0A0D8,2018218,2020-01-09,295,153,151,0,2,295,151,0,2,142,1,True,True,match,0,0,0,
20,PRC_Q1S9U0G1L0H3C1Z8T2K2O1U1R2J3M5,2018035,2020-01-09,295,152,143,0,9,295,143,0,9,143,1,True,True,match,0,0,0,
20,ARC_J1A9D0Q1Q0N3C1H7G4S6R5I2T9S1I5,2018017,2020-01-09,295,150,148,0,2,295,148,0,2,145,1,True,True,match,0,0,0,
20,PRC_O1J8V1R2N2N8U1A7A2Y3D0J6P3G0G8,2017876,2020-01-09,295,150,148,0,2,295,148,0,2,145,1,True,True,match,0,0,0,
20,ARC_A1U8Z1S2K2D7O1M6E1H3F0S6Y3U5V9,2017797,2020-01-09,295,150,149,0,1,295,149,0,1,145,1,True,True,match,0,0,0,
20,ARC_Q1K8I1W2M2U1F1B5C3O5J0V8V0C4O0,2017663,2020-01-09,295,153,152,0,1,295,152,0,1,142,1,True,True,match,0,0,0,
20,ARC_O1G8V1I2H0Q3N1Z0X3L5I2I8F8O3P0,2016988,2020-01-09,295,149,148,0,1,295,148,0,1,146,1,True,True,match,0,0,0,
20,PRC_V1K8D1Z1Q2D8T1A7M4Y1B5U8W4J1A5,2016868,2020-01-09,295,151,150,0,1,295,150,0,1,144,1,True,True,match,0,0,0,
20,ARC_C1R8B1H1F2Q6H1S8W3X0C3T1T2T8U7,2016810,2020-01-09,295,151,150,0,1,295,150,0,1,144,1,True,True,match,0,0,0,
20,ARC_D1W8A1E0K2U6O1I5D3K5R0S2I1Z1C9,2016094,2020-01-09,295,153,152,0,1,295,152,0,1,142,1,True,True,match,0,0,0,
20,PRC_G2D0S0C1L0T9V1T3C3O0Y3C4T6J7A2,2015817,2020-01-09,295,151,145,0,6,295,145,0,6,144,1,True,True,match,0,0,0,
20,PRC_H1Q8C0R9S1X4V1O8S0K7T3K8Q4T0Q1,2015574,2020-01-09,295,152,151,0,1,295,151,0,1,143,1,True,True,match,0,0,0,
20,PRC_C1H8U0L9N0M5N0L9K5N8S2T8U0Y5Y5,2015322,2020-01-09,295,152,148,0,4,295,148,0,4,143,1,True,True,match,0,0,0,
20,PRC_E1F8P0I7I2S7A1B5I2N5H1P2H7H1R3,2014596,2020-01-09,295,149,148,0,1,295,148,0,1,146,1,True,True,match,0,0,0,
20,PRC_W1O8V0V6G1W5H1I6T4M5J0Y2T2A0C6,2013931,2020-01-09,295,151,149,0,2,295,149,0,2,144,1,True,True,match,0,0,0,
20,PRC_P1Y8V0M5Y0X8X1Q7M3O2E4V2H4P2N4,2013482,2020-01-09,295,150,149,0,1,295,149,0,1,145,1,True,True,match,0,0,0,
20,PRC_D1X8R0I1E1L0H1B6V4H8F4J9W1N2W8,2011344,2020-01-09,295,148,131,1,16,295,131,1,16,147,1,True,True,match,0,0,0,
20,ARC_R1Y7K1S2R1C5S1G4S3I5H1W1W2A8X0,2010856,2020-01-09,295,153,152,0,1,295,152,0,1,142,1,True,True,match,0,0,0,
20,PRC_X1Z7C0B9F2E9X1T4E2T6E2E6J6P7T2,2009764,2020-01-09,295,152,150,0,2,295,150,0,2,143,1,True,True,match,0,0,0,
20,ARC_N1V7J0M9M0J8L1S7D0K1Q4K7D3E0Q4,2009209,2020-01-09,295,153,153,0,0,295,153,0,0,142,1,True,True,match,0,0,0,
20,ARC_C1L7H0Q8E3D0B1E7M4U1I2L2H3P4S3,2008882,2020-01-09,295,151,149,0,2,295,149,0,2,144,1,True,True,match,0,0,0,
20,ARC_V1X7F0U5E1L0P1Z6H5C3G2G1I8G8H6,2006850,2020-01-09,295,150,148,0,2,295,148,0,2,145,1,True,True,match,0,0,0,
20,PRC_L1V7O0F2A1A6I1I5D3D4S1R0F1E7J9,2005672,2020-01-09,295,150,149,0,1,295,149,0,1,145,1,True,True,match,0,0,0,
20,PRC_N1S7B0N2X1H3H1Z5C4A5Y3G7B1P3U0,2005602,2020-01-09,295,148,142,0,6,295,142,0,6,147,1,True,True,match,0,0,0,
20,PRC_D1C6R1Y2X2O2G1F0A4R0N0H7U8B2I1,2004551,2020-01-09,295,153,153,0,0,295,153,0,0,142,1,True,True,match,0,0,0,
20,PRC_A1H6S1J2O2A0D1L5B5K9P0V8I9E6Y8,2004495,2020-01-09,295,150,149,0,1,295,149,0,1,145,1,True,True,match,0,0,0,
20,PRC_Y1Q6G1R1Y2V8E1X7B3N3Y5W5M6B7Y1,2003908,2020-01-09,295,153,146,0,7,295,146,0,7,142,1,True,True,match,0,0,0,
20,PRC_D1G6S1Q1T0Y7X1E5Q0G8F5W9X3R1R0,2003334,2020-01-09,295,153,151,0,2,295,151,0,2,142,1,True,True,match,0,0,0,
20,PRC_B1T6S1V0C1W8O1O8T0S7K5X8A2Q4T8,2002695,2020-01-09,295,150,144,0,6,295,144,0,6,145,1,True,True,match,0,0,0,
20,PRC_L1Y6O0L9F0S1S1D7H2T5R0B6Z5Z3L0,2002037,2020-01-09,295,149,147,0,2,295,147,0,2,146,1,True,True,match,0,0,0,
20,PRC_R1M9L0B9E0N3A1H0X4Z5X2K2U4M7W1,2022309,2019-12-30,295,167,164,0,3,295,164,0,3,128,1,True,True,match,0,0,0,
20,PRC_Q1F9H0P9O0L3M1K0H4L0R5T8B5X4L4,2022308,2019-12-30,295,168,166,0,2,295,166,0,2,127,1,True,True,match,0,0,0,
20,PRC_T1S9B0T9I0Y3P1B0S3I6T3Q2G6H7B9,2022307,2019-12-30,295,165,163,0,2,295,163,0,2,130,1,True,True,match,0,0,0,
20,PRC_C1X9P1S2I2Z9Y0F0P1F0O4E6V8J2Z6,2020029,2019-12-30,295,173,12,152,9,295,12,152,9,122,1,True,True,match,0,0,0,
20,PRC_R1W9Z1C2I2F4R1C9T0O2S2A9I6K0L5,2020029,2019-12-30,295,177,160,14,3,295,160,14,3,118,1,True,True,match,0,0,0,
20,PRC_Q1M9V1T2M2Z7P1I3I3Q4S3V0M2V5U6,2024369,2019-12-27,295,165,156,9,0,295,156,9,0,130,1,True,True,match,0,0,0,
20,PRC_H1C9S1T2I2X7V1D4J0R6B3D9Y3N6A0,2024369,2019-12-27,295,167,11,156,0,295,11,156,0,128,1,True,True,match,0,0,0,
20,PRC_Z1J9D1P2W2Z7I1Y8A2Y0Y0Q0L1G2C7,2024126,2019-12-27,295,154,154,0,0,295,154,0,0,141,1,True,True,match,0,0,0,
20,PRC_X1A9M1E2M2R7J1X8R3V3Z5U6O5W4T5,2024125,2019-12-27,295,154,153,0,1,295,153,0,1,141,1,True,True,match,0,0,0,
20,PRC_B1M9Z1V2E2Z7B1W8F2X2V4V9I5P6S9,2024124,2019-12-27,295,153,153,0,0,295,153,0,0,142,1,True,True,match,0,0,0,
20,PRC_Y1P9H1X2T2O7V1P8R1R4Q5J4C9E8Q6,2024123,2019-12-27,295,154,154,0,0,295,154,0,0,141,1,True,True,match,0,0,0,
20,PRC_L1H9A1R2J2Y7J1V8X2E2V1S8R5S4M6,2024122,2019-12-27,295,154,154,0,0,295,154,0,0,141,1,True,True,match,0,0,0,
20,PRC_G1K9D1D2Z2E7N1H8E2C1R3Q8K3Q6J2,2024121,2019-12-27,295,156,156,0,0,295,156,0,0,139,1,True,True,match,0,0,0,
20,PRC_O1P9J1T2Z2Q7P1L8G2N4T5I6H7B1T7,2024120,2019-12-27,295,155,155,0,0,295,155,0,0,140,1,True,True,match,0,0,0,
20,PRC_A1M9G1I2J2O7R1T8Y2I5C1M5T9X9C1,2024119,2019-12-27,295,155,155,0,0,295,155,0,0,140,1,True,True,match,0,0,0,
20,PRC_H1J9M1K2C2R7N1V3V4Q8E4T9V8T6E1,2024118,2019-12-27,295,158,157,0,1,295,157,0,1,137,1,True,True,match,0,0,0,
20,PRC_F1R9E1J2C2M7M1A3Y4C9B3A2J3X8B7,2024114,2019-12-27,295,161,160,0,1,295,160,0,1,134,1,True,True,match,0,0,0,
20,PRC_T1K9N1O1B2S1O1M8O4V1D3J2J8B8D0,2024062,2019-12-27,295,172,171,0,1,295,171,0,1,123,1,True,True,match,0,0,0,
20,PRC_F1R9R1W1S1X9N1D1W3U4A1S0J2P0B1,2024050,2019-12-27,295,166,165,0,1,295,165,0,1,129,1,True,True,match,0,0,0,
20,PRC_C1N9Q1I1T1Z9C1V1T1F6B4Q2N6I5U3,2024048,2019-12-27,295,167,166,0,1,295,166,0,1,128,1,True,True,match,0,0,0,
20,PRC_E1Y9T1W1S2K2L1A9I5X5N3F6E1K0Q6,2023981,2019-12-27,295,168,163,2,3,295,163,2,3,127,1,True,True,match,0,0,0,
20,PRC_Y1E9H1O1N2W2K1Z9I5C1T5N0M7J1U5,2023978,2019-12-27,295,168,168,0,0,295,168,0,0,127,1,True,True,match,0,0,0,
20,PRC_N1Q9Y1A2Q2D7Z1N8P2W2T2X7U0X6D4,2023170,2019-12-27,295,153,153,0,0,295,153,0,0,142,1,True,True,match,0,0,0,
20,PRC_S1J9Y1W2Z2J7D1R4W1H9J2J6I8T2U5,2022762,2019-12-27,295,158,156,1,1,295,156,1,1,137,1,True,True,match,0,0,0,
20,PRC_Y1P9X1N2J2Z7Z1I8N1T7L0Q2R2X5M9,2022732,2019-12-27,295,155,153,0,2,295,153,0,2,140,1,True,True,match,0,0,0,
20,PRC_L1O9Y1T2J2Y7G1Y8R2W1U3N9M7X2F5,2022650,2019-12-27,295,154,152,0,2,295,152,0,2,141,1,True,True,match,0,0,0,
20,PRC_M1D9R1H2V2O7B1P8Z1X8S2Z9S5Z2X2,2022625,2019-12-27,295,154,154,0,0,295,154,0,0,141,1,True,True,match,0,0,0,
20,PRC_R1V9P1P2N2I7O1L8X1O9N3G5I7Y6C6,2022621,2019-12-27,295,155,155,0,0,295,155,0,0,140,1,True,True,match,0,0,0,
20,PRC_T1L9T1K2S2V7Z1R7Z5M5R5H0L4D9R1,2022404,2019-12-27,295,158,155,2,1,295,155,2,1,137,1,True,True,match,0,0,0,
20,PRC_F1W9G1G2N2R7Z1V8X2W8S1W1P6M8R2,2022209,2019-12-27,295,155,154,0,1,295,154,0,1,140,1,True,True,match,0,0,0,
20,PRC_G1U9A1J2N2F7O1C8Z2B1L3S8D5A2P0,2022208,2019-12-27,295,155,155,0,0,295,155,0,0,140,1,True,True,match,0,0,0,
20,PRC_B1T9Z1A2T2O7A1M8H2H2P0G7K3P8T5,2022205,2019-12-27,295,153,153,0,0,295,153,0,0,142,1,True,True,match,0,0,0,
20,PRC_J1T9V1V2I2F3L2D1O1Z5F2W8B5M3O6,2019985,2019-12-27,295,167,156,10,1,295,156,10,1,128,1,True,True,match,0,0,0,
20,PRC_B1S9U1P2V2X3G2M1H3G6X1P3K0U4K6,2024354,2019-12-23,295,156,153,3,0,295,153,3,0,139,1,True,True,match,0,0,0,
20,PRC_G1Z9C1X2G2C3Q1I9I0J7F5K9N0Z6A8,2024345,2019-12-23,295,157,151,4,2,295,151,4,2,138,1,True,True,match,0,0,0,
20,PRC_C1X9R1X2T2S3I2P1L1O1M3T4V2Y8A8,2024117,2019-12-23,295,155,152,1,2,295,152,1,2,140,1,True,True,match,0,0,0,
20,PRC_L1R9Z1O2U2L3B2X0P2E8C0X8Y8F0I1,2024116,2019-12-23,295,154,146,1,7,295,146,1,7,141,1,True,True,match,0,0,0,
20,PRC_S1Y9F1H1E2N9I2S0R1C1I0F4Q8C8Y7,2024115,2019-12-10,295,159,156,1,2,295,156,1,2,136,1,True,True,match,0,0,0,
20,PRC_L1D9R1Z1R3Q0G0W6F1D5T4D7E1C7I9,2024113,2019-12-10,295,155,154,0,1,295,154,0,1,140,1,True,True,match,0,0,0,
20,PRC_C1K9G1Z1D2A9H2K0I1B2N2A8W3Q1G6,2024112,2019-12-10,295,177,150,22,5,295,150,22,5,118,1,True,True,match,0,0,0,
20,PRC_E1Z9W1H1I2P5E1R8S3A1P0M5V2M3R8,2024079,2019-12-10,295,242,242,0,0,295,242,0,0,53,1,True,True,match,0,0,0,
20,PRC_D1D9M1C1Y2C8S0O8K3M3U4T1Z7M4A2,2024072,2019-12-10,295,246,245,0,1,295,245,0,1,49,1,True,True,match,0,0,0,
20,PRC_D1O9Y1P1B2H9H1G3Y5H5N0T1M3I8T5,2024071,2019-12-10,295,227,219,2,6,295,219,2,6,68,1,True,True,match,0,0,0,
20,PRC_R1G9I1B2A1I0O2Y3L2E7A1O1B4K3S3,2022996,2019-12-10,295,177,23,152,2,295,23,152,2,118,1,True,True,match,0,0,0,
20,PRC_D1Z9Z1B2I1W0T2X3O2O8A0Y1M7X1V9,2022996,2019-12-10,295,178,25,151,2,295,25,151,2,117,1,True,True,match,0,0,0,
20,PRC_R1X9Q1D2F1Z0Y2L3S2I3N2I0O0F7C3,2022996,2019-12-10,295,184,29,152,3,295,29,152,3,111,1,True,True,match,0,0,0,
20,PRC_C1U9Z1L2Y1Q0T2P3F2S0R5M6Y5B9F1,2022996,2019-12-10,295,175,17,153,5,295,17,153,5,120,1,True,True,match,0,0,0,
20,PRC_I1K9N1L0Q2N4N1O5A3D3S5S0O3G2W1,2022996,2019-12-10,295,167,153,11,3,295,153,11,3,128,1,True,True,match,0,0,0,
20,PRC_Y1R9B1M2B1O0U2Z3J3Y0R5T7D1P0M4,2022996,2019-12-10,295,192,36,150,6,295,36,150,6,103,1,True,True,match,0,0,0,
20,PRC_O1H9H1Z0M1Q7C1D4M4B6P2G8P4G2H5,2022907,2019-12-10,295,239,230,0,9,295,230,0,9,56,1,True,True,match,0,0,0,
20,PRC_Y1F9D1Y0B1I7P1T4T4P5S5D1Q9N6C7,2022906,2019-12-10,295,238,227,0,11,295,227,0,11,57,1,True,True,match,0,0,0,
20,PRC_G1J9L1E0U1Y1U1X0Z4I0U5L3N7C8C0,2022862,2019-12-10,295,245,233,8,4,295,233,8,4,50,1,True,True,match,0,0,0,
20,PRC_B1U9R1U0W1S1M1E0V3Y8D4X6M7F1O4,2022861,2019-12-10,295,244,234,7,3,295,234,7,3,51,1,True,True,match,0,0,0,
20,PRC_P1C9D0J9A0J3U1I0W1Q0A0G8U8C0R4,2022306,2019-12-10,295,158,158,0,0,295,158,0,0,137,1,True,True,match,0,0,0,
20,PRC_Z1F9G1Q2H1R0E1F9J2D0E1J5X3V4V4,2022305,2019-12-10,295,158,158,0,0,295,158,0,0,137,1,True,True,match,0,0,0,
20,PRC_W1A9R1A2D1B0X1F9T1Q6J4Z3G5Z8I6,2022304,2019-12-10,295,161,156,3,2,295,156,3,2,134,1,True,True,match,0,0,0,
20,PRC_X1M9Z0B8I2B0I1P4T3Y9M3J8D9U0P7,2022041,2019-12-10,295,245,244,0,1,295,244,0,1,50,1,True,True,match,0,0,0,
20,PRC_Y1S9Y0L8M2L0V1A4Q3E9O2E2R2P4T9,2022040,2019-12-10,295,242,242,0,0,295,242,0,0,53,1,True,True,match,0,0,0,
20,PRC_T1S9H0D8Q2U0Z1G4P3S9A0U2H9B3G3,2022039,2019-12-10,295,244,244,0,0,295,244,0,0,51,1,True,True,match,0,0,0,
20,PRC_B1V9U0T8V2A0S1F4B3N8Y3G4J0K9M3,2022038,2019-12-10,295,243,243,0,0,295,243,0,0,52,1,True,True,match,0,0,0,
20,PRC_G1F9L0E8M2H0M1Y4A3U5N0D6W8G6M5,2022037,2019-12-10,295,248,247,0,1,295,247,0,1,47,1,True,True,match,0,0,0,
20,PRC_O1B9Q0H8U2H0V1F4T3O4R1D7Z7A8T0,2022036,2019-12-10,295,250,250,0,0,295,250,0,0,45,1,True,True,match,0,0,0,
20,PRC_P1I9E0O8N2V0H1M4X3Y2M4X8T8N5R9,2022034,2019-12-10,295,246,244,0,2,295,244,0,2,49,1,True,True,match,0,0,0,
20,PRC_F1E9I0D8O2Y0K1W4R2F1L4A3T8X7B0,2022032,2019-12-10,295,248,246,0,2,295,246,0,2,47,1,True,True,match,0,0,0,
20,PRC_Y1Q9V0V6Y2R6K1X7Q1P7F2Z2K9P6B1,2023892,2019-11-19,295,198,184,0,14,295,184,0,14,97,1,True,True,match,0,0,0,
20,PRC_W1T9I0C6J2Y6K1H7T1Y4X2I6E3Z3R2,2023891,2019-11-19,295,198,176,4,18,295,176,4,18,97,1,True,True,match,0,0,0,
20,PRC_Q1U9W0G6T2C6K1F7W1A9Q2M9O1J2E2,2023890,2019-11-19,295,195,187,2,6,295,187,2,6,100,1,True,True,match,0,0,0,
20,PRC_A1C9A0V6P2A6N1R7S2J8G2R8P3O6F2,2023889,2019-11-19,295,201,198,1,2,295,198,1,2,94,1,True,True,match,0,0,0,
20,PRC_X1D9C0H6G2E6A1I7G2C6F3I9J4A8E2,2023888,2019-11-19,295,197,192,1,4,295,192,1,4,98,1,True,True,match,0,0,0,
20,PRC_C1W9H1Y0J1K7B1Q9H1C3J5Q3N0W1T8,2023887,2019-11-19,295,204,188,3,13,295,188,3,13,91,1,True,True,match,0,0,0,
20,PRC_U1Z9O1C0X1V7B1N9X1Q4O3O4L3M1H0,2023886,2019-11-19,295,201,196,0,5,295,196,0,5,94,1,True,True,match,0,0,0,
20,PRC_K1H9S1U0F1E7F1C9N1Z5A4A9L7J1X0,2023885,2019-11-19,295,202,198,1,3,295,198,1,3,93,1,True,True,match,0,0,0,
20,PRC_O1V9O1H0V1R7U1C9Q1D2V4O7M7S3Q3,2023884,2019-11-19,295,193,181,4,8,295,181,4,8,102,1,True,True,match,0,0,0,
20,PRC_S1I9G0M9Y2F0M1P8M0H1Z4M3K2I1W8,2023876,2019-11-19,295,188,182,1,5,295,182,1,5,107,1,True,True,match,0,0,0,
20,PRC_G1A9I0O9X2S3Q1C6J1Z4K4W6J0Z5G5,2023875,2019-11-19,295,234,233,0,1,295,233,0,1,61,1,True,True,match,0,0,0,
20,PRC_Y1A9F1Y0Z3F0P1X5H5O6I4G5D4Z1S6,2023874,2019-11-19,295,229,227,2,0,295,227,2,0,66,1,True,True,match,0,0,0,
20,PRC_I1Y9R0T9T2M0C1H8M0V0G0I5M9E5U4,2023873,2019-11-19,295,187,187,0,0,295,187,0,0,108,1,True,True,match,0,0,0,
20,PRC_V1R9Z0G9F2J0D1P8I0V3E0T3B3Q9S6,2023871,2019-11-19,295,186,183,0,3,295,183,0,3,109,1,True,True,match,0,0,0,
20,PRC_F1Y9W0A9Y2Q3N1B6W1Z3J2V8F6T5S1,2023870,2019-11-19,295,233,230,0,3,295,230,0,3,62,1,True,True,match,0,0,0,
20,PRC_A1T9G0N9U2H4K1P8Z3Y7E4B5D0D3G0,2023865,2019-11-19,295,222,219,0,3,295,219,0,3,73,1,True,True,match,0,0,0,
20,PRC_Q1W9B0O9K2B4S1B8Q3N3K4H1N4M5I1,2023864,2019-11-19,295,219,219,0,0,295,219,0,0,76,1,True,True,match,0,0,0,
20,PRC_N1B9C0O9B2G4Z1H8F3S4V5O3X2N1Z1,2023863,2019-11-19,295,219,218,0,1,295,218,0,1,76,1,True,True,match,0,0,0,
20,PRC_T1M9T0W9Z2O4M1B8I4R1O2Z9Z6M6L3,2023862,2019-11-19,295,225,221,0,4,295,221,0,4,70,1,True,True,match,0,0,0,
20,PRC_A1A9X0D9P2V4J1A8E4J0K0N3K9Q5M5,2023861,2019-11-19,295,224,214,0,10,295,214,0,10,71,1,True,True,match,0,0,0,
20,PRC_L1W9M0T9H2X4T1D8R3A8Z4E1D5L7N6,2023860,2019-11-19,295,228,226,0,2,295,226,0,2,67,1,True,True,match,0,0,0,
20,PRC_V1F9N0N9J2B4V1M8H4Z3X2E3J7D8T9,2023859,2019-11-19,295,226,221,1,4,295,221,1,4,69,1,True,True,match,0,0,0,
20,PRC_E1P9Z0Y9U2M4Y1F8B3S6R4M5J1K4F1,2023858,2019-11-19,295,223,220,0,3,295,220,0,3,72,1,True,True,match,0,0,0,
20,PRC_H1R9J0S9I0X4S1K3Q0G1B3S3L6D7N2,2023850,2019-11-19,295,190,187,0,3,295,187,0,3,105,1,True,True,match,0,0,0,
20,PRC_B1T9L0L9J0Q4D1V3Z0Y0I1R4Z6R7W1,2023848,2019-11-19,295,193,191,0,2,295,191,0,2,102,1,True,True,match,0,0,0,
20,PRC_C1O9S0X9L0Q5A1D1E1S6M3E2P6I2A8,2023847,2019-11-19,295,182,179,0,3,295,179,0,3,113,1,True,True,match,0,0,0,
20,PRC_M1C9O1J0Y0J1V0B9M4I4I4V7F1A4E0,2023845,2019-11-19,295,176,174,0,2,295,174,0,2,119,1,True,True,match,0,0,0,
20,PRC_I1X9W0U9Y2A0T1L8P0C3C5V7G7H9A6,2023844,2019-11-19,295,189,187,0,2,295,187,0,2,106,1,True,True,match,0,0,0,
20,PRC_O1T9X0K9R2K4C1E9Q4V8P1C1W7R2M6,2023843,2019-11-19,295,202,197,0,5,295,197,0,5,93,1,True,True,match,0,0,0,
20,PRC_I1R9I0E9W2R4Q1O9Y4F3T1M6K8F2O3,2023842,2019-11-19,295,201,197,0,4,295,197,0,4,94,1,True,True,match,0,0,0,
20,PRC_G1N9Q1A0N0M1G0R9J4G7K3V7C2E4E6,2023841,2019-11-19,295,190,190,0,0,295,190,0,0,105,1,True,True,match,0,0,0,
20,PRC_J1A9H1G0I0W4R1Z6Y1W8C0O5X3S0A7,2023836,2019-11-19,295,193,188,1,4,295,188,1,4,102,1,True,True,match,0,0,0,
20,PRC_R1P9L0Q9H1H9D0D8T5S6V1A0Z2V5H7,2023835,2019-11-19,295,190,189,0,1,295,189,0,1,105,1,True,True,match,0,0,0,
20,PRC_J1T9F1Y0R0P1E0R9V4O3H4F7N3O5T9,2023833,2019-11-19,295,192,189,0,3,295,189,0,3,103,1,True,True,match,0,0,0,
20,PRC_X1I9O0R9H1U9K0O8G5H7A0Y4R2Z9D5,2023832,2019-11-19,295,194,193,0,1,295,193,0,1,101,1,True,True,match,0,0,0,
20,PRC_D1T9Y0S9P1J9U0L8T5L8Z0P8F1S4G5,2023830,2019-11-19,295,189,187,0,2,295,187,0,2,106,1,True,True,match,0,0,0,
20,PRC_B1D9K0Q5Q3N1Z1W6Q0J0I1T3N2B7Z7,2020752,2019-11-19,295,231,223,1,7,295,223,1,7,64,1,True,True,match,0,0,0,
20,PRC_H1G9P0H5M3M0X1T0O2E7R2W8D4W8O2,2020699,2019-11-19,295,235,230,0,5,295,230,0,5,60,1,True,True,match,0,0,0,
20,PRC_M1P9T0F5S3U0M0Q9S4B1J2S4Q8W0Y9,2020697,2019-11-19,295,181,178,0,3,295,178,0,3,114,1,True,True,match,0,0,0,
20,PRC_R1D9A0S5S2X3M1Y4N5E7V3U8S5G0M3,2020595,2019-11-19,295,232,229,0,3,295,229,0,3,63,1,True,True,match,0,0,0,
20,PRC_M1D9M0H5W1S5J1Z7L1R8F5I5Q3O2K1,2020448,2019-11-19,295,198,183,2,13,295,183,2,13,97,1,True,True,match,0,0,0,
20,PRC_C1X9P0T5I1W3H1B1H2W1G4T9L1W9R9,2020390,2019-11-19,295,176,173,1,2,295,173,1,2,119,1,True,True,match,0,0,0,
20,PRC_L1I9I0Y4N2B4G1A5U2V5N0W1T1O9X3,2019988,2019-11-19,295,170,170,0,0,295,170,0,0,125,1,True,True,match,0,0,0,
20,PRC_K1Q9X0W4C1D9I1A7K2D7F4K8D8K0W7,2019931,2019-11-19,295,192,186,0,6,295,186,0,6,103,1,True,True,match,0,0,0,
20,PRC_X1F9C0Q4X1Y6F1J4V2R1U3I2C8R7I2,2019839,2019-11-19,295,230,225,0,5,295,225,0,5,65,1,True,True,match,0,0,0,
20,PRC_V1S9C0E4P1R5I1L6F1J0L5F3O3W6I7,2019813,2019-11-19,295,192,187,1,4,295,187,1,4,103,1,True,True,match,0,0,0,
20,PRC_G1S9R0M4Q1G5C1J6A1Z0K1Y0T1X9Z5,2019812,2019-11-19,295,194,192,0,2,295,192,0,2,101,1,True,True,match,0,0,0,
20,PRC_J1C9A0C4S1K1I1Q0L4R2D4D2P9J7P5,2019742,2019-11-19,295,167,166,0,1,295,166,0,1,128,1,True,True,match,0,0,0,
20,PRC_P1H9Z0J4U1W0S1W7U1W2K3U6Z2R1M6,2019737,2019-11-19,295,186,178,1,7,295,178,1,7,109,1,True,True,match,0,0,0,
20,PRC_S1X9P0A4V1M0N1X6D0J9P1K2F1K2T3,2019732,2019-11-19,295,186,183,1,2,295,183,1,2,109,1,True,True,match,0,0,0,
20,PRC_A1C9G0F2X2M8D1N6Y2W3A3X5H1R9N7,2018900,2019-11-19,295,227,226,0,1,295,226,0,1,68,1,True,True,match,0,0,0,
20,ARC_U1Z9F0C2D2J2C1S0Y5Q5F4P0M2A1I8,2018762,2019-11-19,295,196,193,1,2,295,193,1,2,99,1,True,True,match,0,0,0,
20,PRC_W1T9B0R2J1V9M1U5P0I6A4F3A4I0C2,2018695,2019-11-19,295,192,191,0,1,295,191,0,1,103,1,True,True,match,0,0,0,
20,PRC_Y1C8Z1C2H3I1R2K0A2H1Q0F1V5A1I7,2017985,2019-11-19,295,180,172,0,8,295,172,0,8,115,1,True,True,match,0,0,0,
20,PRC_X1T8T1L2V3A1Q1J8W5C4Q0G0I2X2Z8,2017983,2019-11-19,295,190,189,0,1,295,189,0,1,105,1,True,True,match,0,0,0,
20,PRC_A1U8D1Q2R3H1D1V8A0U1E4C1T0H4N7,2017975,2019-11-19,295,191,187,0,4,295,187,0,4,104,1,True,True,match,0,0,0,
20,PRC_L1G8F1P2S3H1V1Q7B1J9G2V8A6C5Y1,2017966,2019-11-19,295,190,190,0,0,295,190,0,0,105,1,True,True,match,0,0,0,
20,PRC_O1K8O1F2W3R1G1H6J1F3B3C5Y7M5E3,2017956,2019-11-19,295,189,186,0,3,295,186,0,3,106,1,True,True,match,0,0,0,
20,PRC_S1E8N1P2P3O1K1S6G1A2N2F7F1P4A3,2017952,2019-11-19,295,191,186,0,5,295,186,0,5,104,1,True,True,match,0,0,0,
20,ARC_E1L8U1P2R2J8E1Q5S1U0N3E9W6H9X1,2017860,2019-11-19,295,204,201,0,3,295,201,0,3,91,1,True,True,match,0,0,0,
20,ARC_M1A8C1F2H2T1O1P7O3W5U1Q8X2J5K1,2017681,2019-11-19,295,228,208,3,17,295,208,3,17,67,1,True,True,match,0,0,0,
20,ARC_X1R8Q1H2F2J1W1A7B3O1M4K7F4L1Y4,2017680,2019-11-19,295,228,211,3,14,295,211,3,14,67,1,True,True,match,0,0,0,
20,PRC_C1R8Q1M2Y0G6L1I5N5T7Y4R5Z7Z7R2,2017204,2019-11-19,295,192,188,0,4,295,188,0,4,103,1,True,True,match,0,0,0,
20,PRC_N1G8V1N1I2O8V1N5M5B2L2X0I5E5H1,2016860,2019-11-19,295,226,221,0,5,295,221,0,5,69,1,True,True,match,0,0,0,
20,PRC_S1Y8K1B1P2N8K1S5U4D9P0E6F3A5Z9,2016858,2019-11-19,295,221,217,0,4,295,217,0,4,74,1,True,True,match,0,0,0,
20,PRC_U1W8H1O1W2G6D1J4T2R3H3G9S5P2A9,2016796,2019-11-19,295,232,231,0,1,295,231,0,1,63,1,True,True,match,0,0,0,
20,PRC_S1Q8U1L1N1T9U1I8S0V8C5W1N1Z5L5,2016679,2019-11-19,295,189,185,0,4,295,185,0,4,106,1,True,True,match,0,0,0,
20,PRC_W1M8R1L1B0D7C1A7S2T3P5K7Y1J2V9,2016406,2019-11-19,295,173,172,0,1,295,172,0,1,122,1,True,True,match,0,0,0,
20,PRC_A1D8M1U1F0B7T1G7A1Y3P3C2D1C3J9,2016402,2019-11-19,295,199,196,0,3,295,196,0,3,96,1,True,True,match,0,0,0,
20,PRC_Z1E8S1B0V3P1L1Q1G4R2F0U3E5K5H7,2016152,2019-11-19,295,193,189,1,3,295,189,1,3,102,1,True,True,match,0,0,0,
20,PRC_V1K8Y1W0S1L0Z1N0E2E1K0S3O0F5M8,2015924,2019-11-19,295,225,221,0,4,295,221,0,4,70,1,True,True,match,0,0,0,
20,ARC_K1S8L0X9S2N8U1P6F4X8G3H2M1T0K3,2015781,2019-11-19,295,229,221,2,6,295,221,2,6,66,1,True,True,match,0,0,0,
20,ARC_P1W8Z0C9G2X7I1Y5A2L3P3P6J5S1B7,2015754,2019-11-19,295,204,199,0,5,295,199,0,5,91,1,True,True,match,0,0,0,
20,PRC_D1J8I0Z7E0O6V1J7Y3G0G2K5S5X0A1,2014271,2019-11-19,295,198,188,2,8,295,188,2,8,97,1,True,True,match,0,0,0,
20,PRC_B1M8A0B6Z2Z8G1N7X5O2N2I2T2B6P2,2014082,2019-11-19,295,179,174,2,3,295,174,2,3,116,1,True,True,match,0,0,0,
20,PRC_P1J8L0O6E1S5B1L7O0T6Q4K4A7K4Y2,2013937,2019-11-19,295,169,169,0,0,295,169,0,0,126,1,True,True,match,0,0,0,
20,PRC_D1Y8X0Z4X3H0Y1U5J3C0R5R9E0P8O8,2013320,2019-11-19,295,229,226,0,3,295,226,0,3,66,1,True,True,match,0,0,0,
20,PRC_F1C8I0A4B3T0T1Y5Y2V8P1N3E9K7F7,2013319,2019-11-19,295,221,219,0,2,295,219,0,2,74,1,True,True,match,0,0,0,
20,PRC_S1U8L0F4Y0F4Q1F6K2U5V4A6V4N2L0,2012888,2019-11-19,295,200,194,1,5,295,194,1,5,95,1,True,True,match,0,0,0,
20,PRC_Q1E8S0Z2J0S1G1S5X3L0I0L1A5J4W8,2011708,2019-11-19,295,186,184,0,2,295,184,0,2,109,1,True,True,match,0,0,0,
20,PRC_C1R7P0C9O2U6I1H5N0F3B3O8P9D2G4,2009600,2019-11-19,295,183,181,0,2,295,181,0,2,112,1,True,True,match,0,0,0,
20,PRC_X1K7B0W9W0K1R1G6O1R9X4E8P0L8X8,2008977,2019-11-19,295,193,185,1,7,295,185,1,7,102,1,True,True,match,0,0,0,
20,PRC_Q1K7J0B8D0S4S1T7T2C4R3N7D8P7T7,2008400,2019-11-19,295,193,189,0,4,295,189,0,4,102,1,True,True,match,0,0,0,
20,PRC_U1S7T0I5Z2H9K1E2T1Z4J4L6Q9Y4A9,2007059,2019-11-19,295,202,190,3,9,295,190,3,9,93,1,True,True,match,0,0,0,
20,PRC_H1R6W1I2D0I8A1K8U3H1T2D4T0U8X2,2004252,2019-11-19,295,231,229,0,2,295,229,0,2,64,1,True,True,match,0,0,0,
20,PRC_R1H6R0I9V0A1Y1P7Q1R1F0O4K9X6P9,2002034,2019-11-19,295,186,183,0,3,295,183,0,3,109,1,True,True,match,0,0,0,
20,PRC_C1H6F0S7W2D1O1J4X5M8E5C0Z9K6X8,2001036,2019-11-19,295,195,186,1,8,295,186,1,8,100,1,True,True,match,0,0,0,
20,PRC_U1Q6Y0I7C2Y1H1O4J4O7G1V9F5R0F6,2001032,2019-11-19,295,200,195,1,4,295,195,1,4,95,1,True,True,match,0,0,0,
20,PRC_Z1W9F1U0Q3I1A1K5W0I0M2P8A3E6C9,2023280,2019-10-31,296,226,78,139,9,296,78,139,9,70,1,True,True,match,0,0,0,
20,PRC_U1F9E0X9K2J4M1A1T5C9Q0W1Y3N5Q0,2023280,2019-10-31,296,218,144,43,31,296,144,43,31,78,1,True,True,match,0,0,0,
20,PRC_Z1G9T0Q9W2T3P1T6H1Q7P3H9K2Q4M9,2023279,2019-10-31,296,186,180,0,6,296,180,0,6,110,1,True,True,match,0,0,0,
20,PRC_S1K9T0H8G1S9W1G7O5I7Z0L4F1Z2R0,2023277,2019-10-31,296,186,179,0,7,296,179,0,7,110,1,True,True,match,0,0,0,
20,PRC_B1R9H0R8B1P9E1R7R5C0E3G6C7B9Q3,2023256,2019-10-31,296,187,178,0,9,296,178,0,9,109,1,True,True,match,0,0,0,
20,PRC_I1G9T0L8O1X9M1Y7M5R4K2J3V4T4Y6,2023255,2019-10-31,296,198,193,0,5,296,193,0,5,98,1,True,True,match,0,0,0,
20,PRC_B1S9P0A8Y2Q1J1E1Q0B3U5G3L0O6L1,2023251,2019-10-31,296,165,163,0,2,296,163,0,2,131,1,True,True,match,0,0,0,
20,PRC_K1B9G0A8E2H1S1I2B2O4B1P7N5P9K1,2023250,2019-10-31,296,169,167,0,2,296,167,0,2,127,1,True,True,match,0,0,0,
20,PRC_Z1I9M0C8R2J2Z1Q4D3B5U4C3H8J2Q0,2023248,2019-10-31,296,222,212,0,10,296,212,0,10,74,1,True,True,match,0,0,0,
20,PRC_R1T9K0Q8R2Q1W1V1I1Q9I4P2A5J6Y0,2023247,2019-10-31,296,165,164,0,1,296,164,0,1,131,1,True,True,match,0,0,0,
20,PRC_K1E9M0I8I2C1A1W0F4L8S1H9G2K2Q4,2023246,2019-10-31,296,166,165,0,1,296,165,0,1,130,1,True,True,match,0,0,0,
20,PRC_X1O9S0I8G1L9D1X7I4L9P4R1S3E6Q2,2023245,2019-10-31,296,196,183,2,11,296,183,2,11,100,1,True,True,match,0,0,0,
20,PRC_O1D9K0L8C2T2W1F7P0Z5B1Z4D4R9Q7,2023244,2019-10-31,296,229,227,0,2,296,227,0,2,67,1,True,True,match,0,0,0,
20,PRC_K1O9O0T8I2B3T1K3S0J5D2G8P5I7A2,2023243,2019-10-31,296,184,172,2,10,296,172,2,10,112,1,True,True,match,0,0,0,
20,PRC_B1G9C0Y8H2R2A1A4Q3U4W5H0Z3T4Z8,2023242,2019-10-31,296,237,234,0,3,296,234,0,3,59,1,True,True,match,0,0,0,
20,PRC_S1G9X0S8I2K2S1V4A4Z0B1P2Z2U5E4,2023241,2019-10-31,296,236,235,0,1,296,235,0,1,60,1,True,True,match,0,0,0,
20,PRC_T1F9R0Q8X2R2H1N4Z4A1Q4N1Q8F5I9,2023238,2019-10-31,296,219,177,13,29,296,177,13,29,77,1,True,True,match,0,0,0,
20,PRC_S1X9O0S7I1J7U1P7N3O1G0S5Q4N4C7,2023236,2019-10-31,296,181,177,0,4,296,177,0,4,115,1,True,True,match,0,0,0,
20,PRC_A1M9L0V8D2C0V1K5E1X7E5M2G0X5D7,2023226,2019-10-31,296,171,166,0,5,296,166,0,5,125,1,True,True,match,0,0,0,
20,PRC_C1L9X0G8G2V0H1I5S1O3R2D0Q8J3C8,2023224,2019-10-31,296,169,167,0,2,296,167,0,2,127,1,True,True,match,0,0,0,
20,PRC_U1Z9I0X8N1Y4J1G6R5O9H0S3I8P7P2,2023223,2019-10-31,296,218,217,0,1,296,217,0,1,78,1,True,True,match,0,0,0,
20,PRC_J1Y9L0H8Y2P2P1M7M3P3A2N5T5J7E9,2023221,2019-10-31,296,163,160,1,2,296,160,1,2,133,1,True,True,match,0,0,0,
20,PRC_F1A9Y0P8B2I2K1G7R3F2A0Y6M1X7S1,2023219,2019-10-31,296,164,163,0,1,296,163,0,1,132,1,True,True,match,0,0,0,
20,PRC_K1F9K0N8W2F0X1V5J1M6W1B1Z4H2V3,2023218,2019-10-31,296,170,165,1,4,296,165,1,4,126,1,True,True,match,0,0,0,
20,PRC_C1N9F0B8Z2R0T1P5M1J8P4L3I0Y9Q5,2023217,2019-10-31,296,162,161,0,1,296,161,0,1,134,1,True,True,match,0,0,0,
20,PRC_U1P9L0B7E1D1Z1J3X1B4F5A7T4U8E7,2023216,2019-10-31,296,170,166,0,4,296,166,0,4,126,1,True,True,match,0,0,0,
20,PRC_L1P9D0D8Q2L0Y1N5Z1Y4X2E6A7Q0P9,2023215,2019-10-31,296,172,167,0,5,296,167,0,5,124,1,True,True,match,0,0,0,
20,PRC_N1O9F0Y8E1F4F1B6J5L5R4L0X9T2I2,2023214,2019-10-31,296,219,215,1,3,296,215,1,3,77,1,True,True,match,0,0,0,
20,PRC_H1W9C0X8U1D4Z1H6Y5Q3N5F5O0L0Q2,2023213,2019-10-31,296,219,212,1,6,296,212,1,6,77,1,True,True,match,0,0,0,
20,PRC_S1T9X0E7L1P7T1F7N0T1Y5N5F8N9U1,2023212,2019-10-31,296,165,164,0,1,296,164,0,1,131,1,True,True,match,0,0,0,
20,PRC_V1K9T0X7S1H7K1U7A0P3R2D7A8M5D4,2023211,2019-10-31,296,166,162,0,4,296,162,0,4,130,1,True,True,match,0,0,0,
20,PRC_L1D9Z0J7M1V7D1B7B0N5L0H4R1D3M2,2023210,2019-10-31,296,168,168,0,0,296,168,0,0,128,1,True,True,match,0,0,0,
20,PRC_R1Z9P0W7B1K7C1S7C0L6N1C8X9F8D6,2023209,2019-10-31,296,163,163,0,0,296,163,0,0,133,1,True,True,match,0,0,0,
20,PRC_Q1B9K0F7I1E7Q1X7R0M8C1J0K1K1D5,2023208,2019-10-31,296,165,160,0,5,296,160,0,5,131,1,True,True,match,0,0,0,
20,PRC_G1P9X0H7V1Y7B1C7K0T9Y0N9J5N6N0,2023207,2019-10-31,296,177,163,6,8,296,163,6,8,119,1,True,True,match,0,0,0,
20,PRC_I1B9D0S7U1G7F1G7B1I0X5S9Q2B2S5,2023206,2019-10-31,296,172,172,0,0,296,172,0,0,124,1,True,True,match,0,0,0,
20,PRC_O1V9G0N7Y1T7S1A7Z2G7T0W6O0L7X4,2023205,2019-10-31,296,180,176,2,2,296,176,2,2,116,1,True,True,match,0,0,0,
20,PRC_V1E9D0X7S1M7D1Z7H3Q2H1H9H9N2U8,2023204,2019-10-31,296,166,166,0,0,296,166,0,0,130,1,True,True,match,0,0,0,
20,PRC_U1L9M0C7N1N7V1Q7W3Y3K4D4G7E3A2,2023203,2019-10-31,296,181,177,0,4,296,177,0,4,115,1,True,True,match,0,0,0,
20,PRC_G1O9A0U8Q1G9U1F6D4U3B5K7K0T2E0,2023166,2019-10-31,296,157,157,0,0,296,157,0,0,139,1,True,True,match,0,0,0,
20,PRC_D1R9E0U8V1M9D1M6V4K2R4R3O8F6D3,2023165,2019-10-31,296,159,158,0,1,296,158,0,1,137,1,True,True,match,0,0,0,
20,PRC_X1Y9V0H7Q1O6F0K9D3F7J4S9R8P6K1,2023156,2019-10-31,296,170,167,0,3,296,167,0,3,126,1,True,True,match,0,0,0,
20,PRC_J1F9D0M7B1F6P0G9W3B0A4J5P8E3F2,2023155,2019-10-31,296,163,159,0,4,296,159,0,4,133,1,True,True,match,0,0,0,
20,PRC_G1H9U0A7C1R6I0D9V3U6G4D4O4I4T7,2023154,2019-10-31,296,168,164,0,4,296,164,0,4,128,1,True,True,match,0,0,0,
20,PRC_S1Y9G0S7V1U6K1M1M1Y7M4H1C0Z4O5,2023153,2019-10-31,296,166,165,0,1,296,165,0,1,130,1,True,True,match,0,0,0,
20,PRC_Q1O9D0E7J1J6D1Z0X5Y7O3Q5X8I7B4,2023152,2019-10-31,296,162,162,0,0,296,162,0,0,134,1,True,True,match,0,0,0,
20,PRC_T1F9R0T7Y1I6R0U9I3S2X2N7P1M8C2,2023150,2019-10-31,296,169,164,0,5,296,164,0,5,127,1,True,True,match,0,0,0,
20,PRC_V1Y9K0P7O1I6G1Y8P1Q8E2A2F5C5Q0,2023148,2019-10-31,296,167,166,0,1,296,166,0,1,129,1,True,True,match,0,0,0,
20,PRC_P1V9O0U7R1H6Z1G2M4Q7E2J3P9Q4C8,2023147,2019-10-31,296,172,166,0,6,296,166,0,6,124,1,True,True,match,0,0,0,
20,PRC_Z1U9G0X7B1I6O1W8Q2P1L0J0Y9I3J8,2023145,2019-10-31,296,176,175,0,1,296,175,0,1,120,1,True,True,match,0,0,0,
20,PRC_N1G9F0H7F1X6J1Y8F1R9B4H7P9W9Z5,2023144,2019-10-31,296,165,164,0,1,296,164,0,1,131,1,True,True,match,0,0,0,
20,PRC_B1C9Q0V7V1K6C1H8G2D2C0Q2Y0P5D5,2023143,2019-10-31,296,177,175,0,2,296,175,0,2,119,1,True,True,match,0,0,0,
20,PRC_T1Q9Q0D7P1W6E1B1H0R0J0V2A6K9D3,2023142,2019-10-31,296,163,163,0,0,296,163,0,0,133,1,True,True,match,0,0,0,
20,PRC_K1A9X0C7K1U6Q0M9J3S4W1Z9G6U8C4,2023141,2019-10-31,296,174,173,0,1,296,173,0,1,122,1,True,True,match,0,0,0,
20,PRC_H1B9E0Y8U1G4L1C6Y5S8C3J0J3X9W8,2023140,2019-10-31,296,214,212,0,2,296,212,0,2,82,1,True,True,match,0,0,0,
20,PRC_S1C9M0N8O1J4O1R6I5D3H0N2D3M6Y9,2023139,2019-10-31,296,213,212,0,1,296,212,0,1,83,1,True,True,match,0,0,0,
20,PRC_I1N9B0N8B1R4G1Q6K5O7A4X3Q1V3V2,2023138,2019-10-31,296,222,221,0,1,296,221,0,1,74,1,True,True,match,0,0,0,
20,PRC_N1Y9V0K7I1E7X1M0Z4G3N5H7O9Z6I5,2023135,2019-10-31,296,175,174,0,1,296,174,0,1,121,1,True,True,match,0,0,0,
20,PRC_X1M9P0T7E1M8J0Q9Q2Q6I2H4Z9U4S3,2023134,2019-10-31,296,176,173,0,3,296,173,0,3,120,1,True,True,match,0,0,0,
20,PRC_L1F9P0D7G1M8R0H9X2W4A1U9K7G8K3,2023133,2019-10-31,296,170,168,0,2,296,168,0,2,126,1,True,True,match,0,0,0,
20,PRC_H1K9C0Q7D1Q8X0J9N2K5K4L3W1Q0J8,2023132,2019-10-31,296,176,174,0,2,296,174,0,2,120,1,True,True,match,0,0,0,
20,PRC_E1W9K0G7O1O7H1G1S0K1I2R3L6H4Z8,2023131,2019-10-31,296,170,169,0,1,296,169,0,1,126,1,True,True,match,0,0,0,
20,PRC_J1O9S0H7C1L7E1C1F0G0I2Z8F1X8H3,2023130,2019-10-31,296,167,167,0,0,296,167,0,0,129,1,True,True,match,0,0,0,
20,PRC_W1X9F0G7Q1V7D1N0Z4K6J0T5R9G9E8,2023129,2019-10-31,296,161,161,0,0,296,161,0,0,135,1,True,True,match,0,0,0,
20,PRC_A1K9T0C7C1U8X1V5S2M0Q4J6Y7D8Y4,2023128,2019-10-31,296,174,173,0,1,296,173,0,1,122,1,True,True,match,0,0,0,
20,PRC_N1E9Z0F7E1Z7S1K0S4O7O0V1B0L6O3,2023127,2019-10-31,296,166,161,0,5,296,161,0,5,130,1,True,True,match,0,0,0,
20,PRC_Q1Z9K0G7T1Q8E0Y9W2P4V5L9V0L7K4,2023125,2019-10-31,296,174,170,0,4,296,170,0,4,122,1,True,True,match,0,0,0,
20,PRC_X1H9D0S7Y1A7X1Q0P4T7C4F6G7H5X6,2023123,2019-10-31,296,165,163,0,2,296,163,0,2,131,1,True,True,match,0,0,0,
20,PRC_O1L9J0O7I1D7J1C0L4Z8J3P7F8U2D6,2023122,2019-10-31,296,167,164,0,3,296,164,0,3,129,1,True,True,match,0,0,0,
20,PRC_D1A9G0K7C1R7T1D0K5M4R3R7U9S5V9,2023120,2019-10-31,296,168,166,0,2,296,166,0,2,128,1,True,True,match,0,0,0,
20,PRC_C1G9L1M0D2H1V1Z5O2Z2Y5S5D1Z7P2,2023119,2019-10-31,296,236,232,0,4,296,232,0,4,60,1,True,True,match,0,0,0,
20,PRC_C1J9Q0R8V1O4E1W6W5X6P3D4X9V3Q7,2023118,2019-10-31,296,217,216,0,1,296,216,0,1,79,1,True,True,match,0,0,0,
20,PRC_X1V9P0G7D1Y7X1M0U5U6V4J2D8R1B6,2023115,2019-10-31,296,168,167,0,1,296,167,0,1,128,1,True,True,match,0,0,0,
20,PRC_B1L9H0U8L2S8G1L5K4A8B3V5O2Q8M0,2023113,2019-10-31,296,173,171,0,2,296,171,0,2,123,1,True,True,match,0,0,0,
20,PRC_I1C9H0Q7H1I7C1R0G5E2X4H6J2J2Y6,2023112,2019-10-31,296,165,160,0,5,296,160,0,5,131,1,True,True,match,0,0,0,
20,PRC_Y1U9U0B7R1M7U2Y0V3L4S4F2F5L2W6,2023086,2019-10-31,296,216,206,0,10,296,206,0,10,80,1,True,True,match,0,0,0,
20,PRC_A1V9E0K7U1L7H2V0E3A7S4J2O1Y3J1,2023085,2019-10-31,296,220,212,0,8,296,212,0,8,76,1,True,True,match,0,0,0,
20,PRC_B1A9R0Q7V1F7U2S0Q3T8T4C3V2U8F8,2023075,2019-10-31,296,218,214,1,3,296,214,1,3,78,1,True,True,match,0,0,0,
20,PRC_C1O9H0C7W1Q2C1M7R2I3K4F4R9A6E3,2023064,2019-10-31,296,169,162,0,7,296,162,0,7,127,1,True,True,match,0,0,0,
20,PRC_N1P9K0Z7F1X2Y1W7V2T1K4Z5E4Q5V0,2023029,2019-10-31,296,172,170,0,2,296,170,0,2,124,1,True,True,match,0,0,0,
20,PRC_H1U9Z0Q7P1D2F1F7P2R9Y0O9Z2I3K7,2023028,2019-10-31,296,170,167,0,3,296,167,0,3,126,1,True,True,match,0,0,0,
20,PRC_T1Y9K0J7C1J2P1V7E2X8F0F4W2G9B8,2023027,2019-10-31,296,171,166,0,5,296,166,0,5,125,1,True,True,match,0,0,0,
20,PRC_A1M9A0N7V1H2I1Q7R2Z5D0D1Q4X6U9,2023026,2019-10-31,296,173,167,0,6,296,167,0,6,123,1,True,True,match,0,0,0,
20,PRC_A1L9P0Z7O1T2N1S7V2J0Y0B4J2W1K3,2023021,2019-10-31,296,169,155,3,11,296,155,3,11,127,1,True,True,match,0,0,0,
20,PRC_I1P9N0W6Q2A6T0P9H5X8R4X8U2W9U6,2021134,2019-10-31,296,167,163,3,1,296,163,3,1,129,1,True,True,match,0,0,0,
20,PRC_I1W9F0Z6C1K4B1A0S3P6R5E2R6F2H2,2020982,2019-10-31,296,171,168,0,3,296,168,0,3,125,1,True,True,match,0,0,0,
20,PRC_G1Y9M0E6J0B5N1V0V2X4L4M6H6I5T5,2020838,2019-10-31,296,172,172,0,0,296,172,0,0,124,1,True,True,match,0,0,0,
20,PRC_B1W9G0P5Q3Z1M1W1F2Y8C5F8J5C6A7,2020739,2019-10-31,296,233,225,1,7,296,225,1,7,63,1,True,True,match,0,0,0,
20,PRC_T1U9Y0V5T3J1P1M1Q1X3G3K5S1M3B7,2020735,2019-10-31,296,232,228,1,3,296,228,1,3,64,1,True,True,match,0,0,0,
20,PRC_R1B9S0I5K3A0G0I9F5Y8Z2C4D1L4R1,2020698,2019-10-31,296,198,191,1,6,296,191,1,6,98,1,True,True,match,0,0,0,
20,PRC_Z1I9A0L5G1O7U1L5G3R6I0I7P9E7U9,2020492,2019-10-31,296,164,164,0,0,296,164,0,0,132,1,True,True,match,0,0,0,
20,PRC_V1I9H0Z5U0H3F1U6A5W9D4N0E3U4Q9,2020194,2019-10-31,296,169,167,0,2,296,167,0,2,127,1,True,True,match,0,0,0,
20,PRC_I1Q9P0Y5Z0B3I1H1E2C9Z0I5L3I8R6,2020172,2019-10-31,296,191,186,0,5,296,186,0,5,105,1,True,True,match,0,0,0,
20,PRC_B1G9P0Y5S0T2I0K9M5B7O5K8O9J8Z6,2020133,2019-10-31,296,166,165,0,1,296,165,0,1,130,1,True,True,match,0,0,0,
20,PRC_A1X9L0C4X1B9Q1W4H2W1I0C7X8U4N1,2019906,2019-10-31,296,170,168,1,1,296,168,1,1,126,1,True,True,match,0,0,0,
20,PRC_Y1J9Y0O4R1P7L1L6H3Q1M4Y2O7W9W0,2019866,2019-10-31,296,169,165,0,4,296,165,0,4,127,1,True,True,match,0,0,0,
20,PRC_R1G9I0Y4X1V6P1R0N1I7C0N4L1U7D2,2019832,2019-10-31,296,160,158,0,2,296,158,0,2,136,1,True,True,match,0,0,0,
20,PRC_A1J9E1P0G3F1I1J5F0X6T2Y4Y2R9Q6,2019826,2019-10-31,296,209,61,134,14,296,61,134,14,87,1,True,True,match,0,0,0,
20,PRC_V1E9N0U4Y1X5D1Z8L0I7U2G8M6N7U1,2019826,2019-10-31,296,199,141,29,29,296,141,29,29,97,1,True,True,match,0,0,0,
20,PRC_K1C9H0T4V1S5U1A7C2L8G1J2H6S2T4,2019823,2019-10-31,296,171,137,19,15,296,137,19,15,125,1,True,True,match,0,0,0,
20,PRC_B1L9A0V4B0B4D1G6N2O0H3E5E2H3A2,2019572,2019-10-31,296,166,162,0,4,296,162,0,4,130,1,True,True,match,0,0,0,
20,PRC_S1H9M0K4Y0V3H1D8V1C2V1R4M3X2Y8,2019557,2019-10-31,296,173,167,0,6,296,167,0,6,123,1,True,True,match,0,0,0,
20,PRC_B1L9K0G4V0E2D0Z9S5M1F5J1X4T6L5,2019520,2019-10-31,296,163,160,0,3,296,160,0,3,133,1,True,True,match,0,0,0,
20,PRC_K1Y9W0N3X2U9T1Y4I4X4J0R1T0Q5W4,2019452,2019-10-31,296,164,163,0,1,296,163,0,1,132,1,True,True,match,0,0,0,
20,PRC_X1U9F0Z3A2K9I1Z4E4I1W4N8Z4C4M7,2019449,2019-10-31,296,161,161,0,0,296,161,0,0,135,1,True,True,match,0,0,0,
20,PRC_M1E9N0T3G2N7L1Q1O0N8O3Q6R7A6D2,2019398,2019-10-31,296,164,160,0,4,296,160,0,4,132,1,True,True,match,0,0,0,
20,PRC_S1X9Z0X3Y1L8G1G6M5R0S0E0Y6T0X6,2019279,2019-10-31,296,161,161,0,0,296,161,0,0,135,1,True,True,match,0,0,0,
20,PRC_K1M9M0B3X1M2O1S7C4O6X4P3O4W5K9,2019147,2019-10-31,296,161,161,0,0,296,161,0,0,135,1,True,True,match,0,0,0,
20,PRC_L1O9X0S3S0K8S1R8U1A0J5X7Y2K8E2,2019068,2019-10-31,296,216,213,0,3,296,213,0,3,80,1,True,True,match,0,0,0,
20,PRC_O1F9C0N3W0W8A1L7X2H9L4M5Z7O1G5,2019052,2019-10-31,296,178,176,0,2,296,176,0,2,118,1,True,True,match,0,0,0,
20,PRC_Q1W9V0L3F0U7N1A7P4X6I2F1J6U9P6,2019028,2019-10-31,296,193,187,0,6,296,187,0,6,103,1,True,True,match,0,0,0,
20,ARC_Y1W9I0E3Z0I7F1B4C3B6N5U5S3E2U0,2019016,2019-10-31,296,177,173,3,1,296,173,3,1,119,1,True,True,match,0,0,0,
20,PRC_D1G9S0U2T2F6Y1I6N4K8H5Q2I8N9D9,2018863,2019-10-31,296,162,161,0,1,296,161,0,1,134,1,True,True,match,0,0,0,
20,PRC_W1Y9Y0U2X2B6F1Y5N3C1L1Z0C8T9S9,2018847,2019-10-31,296,166,162,1,3,296,162,1,3,130,1,True,True,match,0,0,0,
20,PRC_J1D9L0T2W2V6B1Y3C5X2A5T4W2E1N8,2018830,2019-10-31,296,190,182,1,7,296,182,1,7,106,1,True,True,match,0,0,0,
20,PRC_H1V9Q0Q2P1J2M1G5K5A7W3H0Z5Q2N1,2018590,2019-10-31,296,170,162,0,8,296,162,0,8,126,1,True,True,match,0,0,0,
20,PRC_X1T9C0U2T1M2M1E0M4D2O3D5D4K2F4,2018575,2019-10-31,296,164,161,0,3,296,161,0,3,132,1,True,True,match,0,0,0,
20,PRC_I1T9G0S1I3N1R1P7R5D5W2N4F6I2U7,2018466,2019-10-31,296,163,162,0,1,296,162,0,1,133,1,True,True,match,0,0,0,
20,PRC_J1Y9H0F1Q3A1S1S7V3P4G5P3B1K2D7,2018461,2019-10-31,296,174,171,0,3,296,171,0,3,122,1,True,True,match,0,0,0,
20,PRC_I1F9N0E1J3Z1Q1N7X3B1Z1H2A4Y6E1,2018460,2019-10-31,296,178,175,0,3,296,175,0,3,118,1,True,True,match,0,0,0,
20,ARC_T1H9R0S1V3M0J1Y7W2R7M2Y4S0B9K2,2018423,2019-10-31,296,222,219,0,3,296,219,0,3,74,1,True,True,match,0,0,0,
20,PRC_R1I9D0K1R2K9E1J1D1W5B5I9T4E2E3,2018374,2019-10-31,296,167,162,0,5,296,162,0,5,129,1,True,True,match,0,0,0,
20,PRC_X1W9Z0J1J1U7W1T5V0Z6S1C2B4I1M9,2018223,2019-10-31,296,218,215,0,3,296,215,0,3,78,1,True,True,match,0,0,0,
20,PRC_E1W9A0I1L1P7R1C3O2V5P3Q4E6L9R5,2018213,2019-10-31,296,161,159,0,2,296,159,0,2,135,1,True,True,match,0,0,0,
20,PRC_E1Y9R0E1J1R1A1D1G2E3Z3R6Y4T1X5,2018141,2019-10-31,296,165,162,1,2,296,162,1,2,131,1,True,True,match,0,0,0,
20,PRC_E1Z8Z1P2X3J1T1U6I1S3W1P8O2F1X2,2017955,2019-10-31,296,168,163,0,5,296,163,0,5,128,1,True,True,match,0,0,0,
20,PRC_N1W8J1E2F2R7T1B8T0H2G3F9I5W8L1,2017826,2019-10-31,296,165,165,0,0,296,165,0,0,131,1,True,True,match,0,0,0,
20,ARC_U1B8H1Z2U2L1X1O4Q3D6I2O3I8A5M2,2017657,2019-10-31,296,214,210,0,4,296,210,0,4,82,1,True,True,match,0,0,0,
20,ARC_S1R8V1Y2O2M1Y1Q3N4D3M0X6Y8X9R9,2017655,2019-10-31,296,173,172,0,1,296,172,0,1,123,1,True,True,match,0,0,0,
20,ARC_U1V8Y1Z2V2T1U1L1P2M6H1J7Y6S3K9,2017648,2019-10-31,296,207,205,0,2,296,205,0,2,89,1,True,True,match,0,0,0,
20,PRC_C1J8P1P2B1S1Z1J8M1I9O1V1C9X4W7,2017503,2019-10-31,296,219,215,0,4,296,215,0,4,77,1,True,True,match,0,0,0,
20,PRC_X1V8P1G2K0M6Y1O4G4U6Z3Q6C2V7Y4,2017196,2019-10-31,296,177,170,2,5,296,170,2,5,119,1,True,True,match,0,0,0,
20,PRC_K1W8F1K1N3L0X1S6F0L1U1D4Z9F1C3,2016953,2019-10-31,296,221,219,0,2,296,219,0,2,75,1,True,True,match,0,0,0,
20,PRC_E1O8X1K1S3Y0B1I1E2G3T5P9U4H7U2,2016938,2019-10-31,296,234,232,1,1,296,232,1,1,62,1,True,True,match,0,0,0,
20,PRC_N1L8I1J1Z2U8B1V6R1U2V0L7L7P5Q0,2016862,2019-10-31,296,165,163,0,2,296,163,0,2,131,1,True,True,match,0,0,0,
20,PRC_R1G8M1M1E2A6E1P8X0M8K4Y4L2W8R3,2016809,2019-10-31,296,169,163,0,6,296,163,0,6,127,1,True,True,match,0,0,0,
20,ARC_U1Y8R1F1X1L6Z1B4D4F1R4M0K5G0O2,2016649,2019-10-31,296,175,167,0,8,296,167,0,8,121,1,True,True,match,0,0,0,
20,PRC_G1S8S1H1Q1M2K1V7Z0A9P1X6C7M6V9,2016508,2019-10-31,296,169,164,0,5,296,164,0,5,127,1,True,True,match,0,0,0,
20,ARC_X1G8A1E1H0J8X1V7Z1S3M1J2S6D5V9,2016447,2019-10-31,296,171,168,0,3,296,168,0,3,125,1,True,True,match,0,0,0,
20,PRC_C1V8Y1N1T0U7L1J7D2I7F0P3N8E7K6,2016407,2019-10-31,296,235,223,0,12,296,223,0,12,61,1,True,True,match,0,0,0,
20,PRC_R1E8U1L1I0G6D1J8Z0B6C0O4N7H8C1,2016365,2019-10-31,296,158,157,0,1,296,157,0,1,138,1,True,True,match,0,0,0,
20,PRC_U1Y8I1O1J0I6T1H7T4Z3H4T0U9E5F2,2016362,2019-10-31,296,165,163,0,2,296,163,0,2,131,1,True,True,match,0,0,0,
20,PRC_Q1T8N1F0O3W1M1D7N4N6L1U1U7G7Y0,2016224,2019-10-31,296,163,161,0,2,296,161,0,2,133,1,True,True,match,0,0,0,
20,PRC_U1E8W1R0Z3X1V1Z7Z3R7I4H0Q6V1U6,2016212,2019-10-31,296,163,160,0,3,296,160,0,3,133,1,True,True,match,0,0,0,
20,PRC_C1M8Y1Z0W3I1M1C3K3U8P0S7B0D4X8,2016163,2019-10-31,296,219,215,0,4,296,215,0,4,77,1,True,True,match,0,0,0,
20,PRC_S1V8N1O0D3H0S1I5M2C2L0M4D6S8B4,2016124,2019-10-31,296,236,228,0,8,296,228,0,8,60,1,True,True,match,0,0,0,
20,PRC_D1E8Z1Z0V1A9A1O8B0Y2C0N1M9O7V3,2016024,2019-10-31,296,164,161,0,3,296,161,0,3,132,1,True,True,match,0,0,0,
20,ARC_M1J8I1G0J1T9P1B0G2T0A0Q6U8J5K8,2016017,2019-10-31,296,229,225,0,4,296,225,0,4,67,1,True,True,match,0,0,0,
20,PRC_O1I8K0C8F3L0N1M0F1E3L5Y6N3W4V3,2015158,2019-10-31,296,233,229,0,4,296,229,0,4,63,1,True,True,match,0,0,0,
20,PRC_L1K8C0Q8Z2Y9V1E0Q1D4X5P5E0F0E7,2015122,2019-10-31,296,162,161,0,1,296,161,0,1,134,1,True,True,match,0,0,0,
20,PRC_N1M8L0E8K2K4N1O1C0E2M5B1Z1B6F8,2015022,2019-10-31,296,174,172,0,2,296,172,0,2,122,1,True,True,match,0,0,0,
20,ARC_K1S8P0G8F2O3E1V3B5Y6H1S5T4Z5T8,2015006,2019-10-31,296,172,167,0,5,296,167,0,5,124,1,True,True,match,0,0,0,
20,PRC_M1L8N0B7K0Z5U0Z9X5E9G2D4C1H0I0,2014220,2019-10-31,296,161,159,0,2,296,159,0,2,135,1,True,True,match,0,0,0,
20,PRC_Z1Q8M0V6F2O9D1C0C1A9H1O1Q4S2T4,2014104,2019-10-31,296,174,172,0,2,296,172,0,2,122,1,True,True,match,0,0,0,
20,PRC_E1S8I0K6K2Q9J0I9O2V5S5Y3Y2N6Q5,2014087,2019-10-31,296,170,167,0,3,296,167,0,3,126,1,True,True,match,0,0,0,
20,PRC_F1P8J0F6K2Z8B1A5V2H4V3J2F7N5G6,2014066,2019-10-31,296,178,111,54,13,296,111,54,13,118,1,True,True,match,0,0,0,
20,ARC_G1D8H0A6Z1U5B0P9F2N9M1U8H7A2V5,2013919,2019-10-31,296,228,225,0,3,296,225,0,3,68,1,True,True,match,0,0,0,
20,PRC_R1F8H0J6L0R7U1D4T1S8I2B3D6I7Q7,2013900,2019-10-31,296,169,165,0,4,296,165,0,4,127,1,True,True,match,0,0,0,
20,PRC_U1Z8A0T5H3S0R1W7V2J4D3H2O2E9X8,2013847,2019-10-31,296,238,238,0,0,296,238,0,0,58,1,True,True,match,0,0,0,
20,PRC_I1J8D0W4G3A0X1W8W1H5X3D8J3X1H4,2013344,2019-10-31,296,160,155,1,4,296,155,1,4,136,1,True,True,match,0,0,0,
20,PRC_O1X8W0D3Z0L9T1S5M2P3A4T2I5H4Y8,2012416,2019-10-31,296,161,158,0,3,296,158,0,3,135,1,True,True,match,0,0,0,
20,PRC_L1H7D1Y1F0V2D1Y5G0W6D3Z7J4U2T9,2009983,2019-10-31,296,166,160,0,6,296,160,0,6,130,1,True,True,match,0,0,0,
20,PRC_U1M7G0C9Z0J1A1X8Z0V1M5C2J2Q9F8,2009004,2019-10-31,296,166,161,0,5,296,161,0,5,130,1,True,True,match,0,0,0,
20,PRC_O1R7M0T8G3O1N1G5H3L8J4B9D9F7A4,2008906,2019-10-31,296,163,159,0,4,296,159,0,4,133,1,True,True,match,0,0,0,
20,PRC_F1N7T0U7O1F4Q1S3E4E8T5V0P2E0C6,2007997,2019-10-31,296,167,164,0,3,296,164,0,3,129,1,True,True,match,0,0,0,
20,PRC_P1A7B0T6U0P1M1N5C4H7M3G4R9F3J2,2007173,2019-10-31,296,163,161,0,2,296,161,0,2,133,1,True,True,match,0,0,0,
20,PRC_S1M7D0D5V2V4Z1H5P0M8K4R8F4S1D0,2007012,2019-10-31,296,162,159,0,3,296,159,0,3,134,1,True,True,match,0,0,0,
20,PRC_G1D7F0L3T2X0R1Q7X4V4R2I5Y8E7W3,2006298,2019-10-31,296,181,161,4,16,296,161,4,16,115,1,True,True,match,0,0,0,
20,PRC_L1L6G1C1T2S5J1X7I4T8U3F4Y3C6L6,2003879,2019-10-31,296,170,169,0,1,296,169,0,1,126,1,True,True,match,0,0,0,
20,PRC_C1B9E0N9Y0M4E1N5A0L6Z1R8H3X9C6,2022332,2019-10-28,297,233,231,0,2,297,231,0,2,64,1,True,True,match,0,0,0,
20,PRC_L1U9S0S9K0D4R1U3T3S4B5D1G3C9J6,2022357,2019-09-30,297,203,162,16,25,297,162,16,25,94,1,True,True,match,0,0,0,
20,PRC_Z1J9Q0V8W2X8D1U8E1D7I1B3N2H5G2,2022214,2019-09-30,297,199,196,0,3,297,196,0,3,98,1,True,True,match,0,0,0,
20,PRC_W1B9X0L8A0L5V1R6R0H3Z2A0Y5L4R5,2021862,2019-09-30,297,180,168,4,8,297,168,4,8,117,1,True,True,match,0,0,0,
20,PRC_W1E9D0Z7J3G1A1D7U2R5S0K4Z4X5O6,2021817,2019-08-02,297,221,220,0,1,297,220,0,1,76,1,True,True,match,0,0,0,
20,PRC_F1Q9X0L4D0B4M1E6K4H5G1I7F5T5R5,2021801,2019-08-02,297,209,205,1,3,297,205,1,3,88,1,True,True,match,0,0,0,
20,PRC_F1J9A0W4L0M4V1O6I4W6K2G7Y7N2O0,2021800,2019-08-02,297,203,197,0,6,297,197,0,6,94,1,True,True,match,0,0,0,
20,PRC_U1T9E0Q4X0Z4O1F6Q5U9S4A1K3B9N7,2021799,2019-08-02,297,211,206,1,4,297,206,1,4,86,1,True,True,match,0,0,0,
20,PRC_K1P9T0I4M0H4K1I7C0R3Y5A3E5C9A8,2021798,2019-08-02,297,200,198,0,2,297,198,0,2,97,1,True,True,match,0,0,0,
20,PRC_F1F9P0K4X0H4H1O7U0S1D0E8C1A3O4,2021797,2019-08-02,297,202,199,0,3,297,199,0,3,95,1,True,True,match,0,0,0,
20,PRC_N1E9Q0K4V0N4E1O6T5M6I5F5A4W9L8,2021796,2019-08-02,297,206,202,0,4,297,202,0,4,91,1,True,True,match,0,0,0,
20,PRC_Z1L9Y0X4L0N5W1M7Y1B9F1L5R7B5F3,2021795,2019-08-02,297,204,201,0,3,297,201,0,3,93,1,True,True,match,0,0,0,
20,PRC_F1F9H0Y4J0T4O1X7C0I2Z2C0G9U8F8,2021794,2019-08-02,297,205,198,0,7,297,198,0,7,92,1,True,True,match,0,0,0,
20,PRC_W1H9R0K4A0Y4Y1L6M4G7H3U3S2S9C8,2021793,2019-08-02,297,194,193,0,1,297,193,0,1,103,1,True,True,match,0,0,0,
20,PRC_R1K9R0K4Q0V4S1E7U0X9J0H1W4G9P6,2021792,2019-08-02,297,203,168,12,23,297,168,12,23,94,1,True,True,match,0,0,0,
20,PRC_N1H9D0A4E0S4Z1X7M1Z3E1A5S0Y7G9,2021791,2019-08-02,297,207,205,0,2,297,205,0,2,90,1,True,True,match,0,0,0,
20,PRC_T1U9F0Z4K0T4R1F7E1Q2R2J9B5N2J4,2021790,2019-08-02,297,207,204,0,3,297,204,0,3,90,1,True,True,match,0,0,0,
20,PRC_Y1L9S0Q4B0H4P1L7R1O1G4J2L9I5B2,2021789,2019-08-02,297,214,204,0,10,297,204,0,10,83,1,True,True,match,0,0,0,
20,PRC_O1S9H0I4Y0J4E1J7T0O7Y5J4O1X9U0,2021788,2019-08-02,297,200,194,1,5,297,194,1,5,97,1,True,True,match,0,0,0,
20,PRC_N1N9H0B4I0S4X1W7F0C6C1H8X2Y4V0,2021787,2019-08-02,297,197,190,1,6,297,190,1,6,100,1,True,True,match,0,0,0,
20,PRC_V1Z9Y0L4N0W4H1Y7P0E5N0L5D2Z1W5,2021786,2019-08-02,297,213,207,1,5,297,207,1,5,84,1,True,True,match,0,0,0,
20,PRC_J1P9T0J4G0D4T1Y7S4Q4R3W5A1M2C5,2021785,2019-08-02,297,210,206,0,4,297,206,0,4,87,1,True,True,match,0,0,0,
20,PRC_O1W9L0Y7D1W1X1L3A1L9Q5A1U5J7E7,2021784,2019-08-02,297,171,163,2,6,297,163,2,6,126,1,True,True,match,0,0,0,
20,PRC_M1S9Z0U7R1A1H1P3N0D0E4O3H1E8Y8,2021782,2019-08-02,297,176,174,0,2,297,174,0,2,121,1,True,True,match,0,0,0,
20,PRC_H1S9T0J7C1G1E1E3V2P1A1I5F4N8J1,2021781,2019-08-02,297,164,163,0,1,297,163,0,1,133,1,True,True,match,0,0,0,
20,PRC_V1G9I0S7W1K1M1Y2N5K9I3Q7S0B9Z0,2021780,2019-08-02,297,163,158,0,5,297,158,0,5,134,1,True,True,match,0,0,0,
20,PRC_L1Y9P0R7Q1D1E1S3J1O7B2J2W7R3M2,2021779,2019-08-02,297,167,160,6,1,297,160,6,1,130,1,True,True,match,0,0,0,
20,PRC_H1W9H0D7R1F1V1Q3W2E5Y1Y0M4C8L0,2021778,2019-08-02,297,205,202,0,3,297,202,0,3,92,1,True,True,match,0,0,0,
20,PRC_X1C9V0G7W1L1U1R3A2G3N0L8C7N3Y2,2021777,2019-08-02,297,191,164,4,23,297,164,4,23,106,1,True,True,match,0,0,0,
20,PRC_L1G9P0Q7L1W1R1Y3R2U4K1Q0B9T4V3,2021776,2019-08-02,297,195,189,1,5,297,189,1,5,102,1,True,True,match,0,0,0,
20,PRC_M1O9P0F3O2A9T0N9N2E7M5N7X7N8A8,2021775,2019-08-02,297,212,204,3,5,297,204,3,5,85,1,True,True,match,0,0,0,
20,PRC_Y1B9Q0A7G1D1F1P3F1G6I3N2J6H8D3,2021774,2019-08-02,297,176,164,7,5,297,164,7,5,121,1,True,True,match,0,0,0,
20,PRC_F1K9O0V7C1K1N1W8C0B9O2L1M0O7K5,2021773,2019-08-02,297,210,206,0,4,297,206,0,4,87,1,True,True,match,0,0,0,
20,PRC_V1V9N0W7R1B1N1A3W2Y7Q3O2I4C7L2,2021772,2019-08-02,297,201,200,0,1,297,200,0,1,96,1,True,True,match,0,0,0,
20,PRC_L1S9H0M7E1Y1V1W3Z0E7J1T4K9Q8E9,2021771,2019-08-02,297,177,169,1,7,297,169,1,7,120,1,True,True,match,0,0,0,
20,PRC_V1D9A0K7V1Y1R1X8R1N2X4U6S1N3C2,2021770,2019-08-02,297,216,208,0,8,297,208,0,8,81,1,True,True,match,0,0,0,
20,PRC_R1Q9P0K3T2H5D1E8H0K0Z2U1D7P0D1,2021769,2019-08-02,297,212,211,0,1,297,211,0,1,85,1,True,True,match,0,0,0,
20,PRC_O1G9B0P7L1K1X1Q1U2Z9O3F9D0U6F1,2021768,2019-08-02,297,218,209,0,9,297,209,0,9,79,1,True,True,match,0,0,0,
20,PRC_L1P9B0I7C1F1N1J2D5Y8I0P3L8T0N1,2021767,2019-08-02,297,166,166,0,0,297,166,0,0,131,1,True,True,match,0,0,0,
20,PRC_A1Z9H0X7C1N1F1M8U1L3U5L3W5D5J4,2021766,2019-08-02,297,214,210,0,4,297,210,0,4,83,1,True,True,match,0,0,0,
20,PRC_O1T9L0G7O1B1G1A8W1X4U4B8S0N1D9,2021765,2019-08-02,297,217,212,0,5,297,212,0,5,80,1,True,True,match,0,0,0,
20,PRC_J1M9Z0Z7A1A2U0E9Y1B5Q3K7R0W7Z9,2021764,2019-08-02,297,215,211,0,4,297,211,0,4,82,1,True,True,match,0,0,0,
20,PRC_Q1V9Y0M7O1S1U1E8L1H0V5Z3N6M1P8,2021763,2019-08-02,297,209,205,0,4,297,205,0,4,88,1,True,True,match,0,0,0,
20,PRC_C1D9J0S7J1A2X0C9N2T0G2M8W8F1K3,2021762,2019-08-02,297,217,215,0,2,297,215,0,2,80,1,True,True,match,0,0,0,
20,PRC_W1A9T0D7T1J2I0J9K1B7C4C6K2D0Q0,2021761,2019-08-02,297,221,219,0,2,297,219,0,2,76,1,True,True,match,0,0,0,
20,PRC_E1J9J0X7D1G1S1L0D3A4R4O6U2W8J3,2021760,2019-08-02,297,219,213,0,6,297,213,0,6,78,1,True,True,match,0,0,0,
20,PRC_W1H9Q0J7V1M1Z1J8I0N1H3C8U8Z5G3,2021758,2019-08-02,297,210,201,7,2,297,201,7,2,87,1,True,True,match,0,0,0,
20,PRC_F1D9R0L3J2X8M0G9T0H1X3D0W2E7C8,2021755,2019-08-02,297,193,190,1,2,297,190,1,2,104,1,True,True,match,0,0,0,
20,PRC_D1K9V0I3V2E6K1Q4P2G3D4P7M4K1Q2,2021754,2019-08-02,297,195,179,3,13,297,179,3,13,102,1,True,True,match,0,0,0,
20,PRC_G1Q8G0H9L0S7T1M1V1B9Z3J2V7Y7N0,2021753,2019-08-02,297,189,177,0,12,297,177,0,12,108,1,True,True,match,0,0,0,
20,PRC_C1R9C0O3A2U2U1D2E4P3P3T8L8E9A9,2021751,2019-08-02,297,196,182,8,6,297,182,8,6,101,1,True,True,match,0,0,0,
20,PRC_K1N9T0J3V2C2R1Y3Z2G0X4A8H1Q5R9,2021750,2019-08-02,297,189,181,2,6,297,181,2,6,108,1,True,True,match,0,0,0,
20,PRC_H1K9A0E8A0X2O1M6R1G4T1S3X0R9Z0,2021601,2019-08-02,297,228,228,0,0,297,228,0,0,69,1,True,True,match,0,0,0,
20,PRC_J1T9V0E4A2Z5E1N0G0X9C2I8W0X5A6,2020013,2019-08-02,297,224,199,5,20,297,199,5,20,73,1,True,True,match,0,0,0,
20,PRC_I1P9I0G4R2Q5C1O0I0O8X1B2F9G4E1,2020012,2019-08-02,297,224,197,6,21,297,197,6,21,73,1,True,True,match,0,0,0,
20,PRC_D1L9Q0V4F2J5D1B0T0Z6F3A7F5N3O8,2020011,2019-08-02,297,224,193,5,26,297,193,5,26,73,1,True,True,match,0,0,0,
20,PRC_G1T9N0H4M2H5Y1N0L0C0A5N2H8T8B6,2020010,2019-08-02,297,224,184,15,25,297,184,15,25,73,1,True,True,match,0,0,0,
20,PRC_A1V9M0E4T2H5E1M0S0Z0S3Q8F4Q1E3,2020009,2019-08-02,297,224,197,4,23,297,197,4,23,73,1,True,True,match,0,0,0,
20,PRC_O1O9K0D4P2C5D0B9M5U9R2W9A8A6P4,2020008,2019-08-02,297,224,191,7,26,297,191,7,26,73,1,True,True,match,0,0,0,
20,PRC_D1Z9Q0F4S2N5X0U9Z5Y9U1J8D3X3C6,2020007,2019-08-02,297,222,188,9,25,297,188,9,25,75,1,True,True,match,0,0,0,
20,PRC_R1Q9I0I4P2A5G0T9Y5Z8A4Q3J3R5D9,2020006,2019-08-02,297,222,196,6,20,297,196,6,20,75,1,True,True,match,0,0,0,
20,PRC_R1R9Y0P4Z2P5F0K9L5E7V5Z8E7U1L1,2020005,2019-08-02,297,226,198,2,26,297,198,2,26,71,1,True,True,match,0,0,0,
20,PRC_T1V9J0H4F2S5K0V9W5X7A2K8T9H4J5,2020004,2019-08-02,297,221,191,4,26,297,191,4,26,76,1,True,True,match,0,0,0,
20,PRC_T1Z9D0T4C2B5J0P9J5I7C0A3U3V7Q5,2020003,2019-08-02,297,222,184,10,28,297,184,10,28,75,1,True,True,match,0,0,0,
20,PRC_A1B9I0C4O2U5C0O9G5F6V4Z7C2D1E9,2020002,2019-08-02,297,222,185,8,29,297,185,8,29,75,1,True,True,match,0,0,0,
20,PRC_W1B9U0F4P2H5P0N9S5Q6O4I0R4K6B4,2020001,2019-08-02,297,225,183,17,25,297,183,17,25,72,1,True,True,match,0,0,0,
20,PRC_C1F9H0W4N2K5I0S9S5Q5Y5L1Y7Z1Z7,2020000,2019-08-02,297,219,188,6,25,297,188,6,25,78,1,True,True,match,0,0,0,
20,PRC_I1W9B0B4P2Q5C0U9Z5G5P0V3X6I9H3,2019999,2019-08-02,297,223,199,6,18,297,199,6,18,74,1,True,True,match,0,0,0,
20,PRC_B1P9B0W4I2B5B0F9P5W4G1D5J8X4W5,2019998,2019-08-02,297,221,191,8,22,297,191,8,22,76,1,True,True,match,0,0,0,
20,PRC_T1I9W0S4T2A5K0W9U5T3V1Z9C8L5E2,2019997,2019-08-02,297,223,194,7,22,297,194,7,22,74,1,True,True,match,0,0,0,
20,PRC_L1L9A0R4T2P5G0Z9V5D2N3M9T1U2T2,2019996,2019-08-02,297,225,195,4,26,297,195,4,26,72,1,True,True,match,0,0,0,
20,PRC_S1J9E0P4V2I5E0O9Q5T2P2O9Z6L6V7,2019995,2019-08-02,297,223,185,11,27,297,185,11,27,74,1,True,True,match,0,0,0,
20,PRC_X1T9D0Q4R2V5G0Y9W5T1K2R9W3N2Z8,2019994,2019-08-02,297,224,200,7,17,297,200,7,17,73,1,True,True,match,0,0,0,
20,PRC_Y1K9O0T4O2F5C0D9L3Z0T5D0X6B9U7,2019993,2019-08-02,297,228,196,12,20,297,196,12,20,69,1,True,True,match,0,0,0,
20,PRC_S1G9K0J7U3B1T1R7W3J0L2P6Y9T4U5,2019578,2019-08-02,297,195,169,10,16,297,169,10,16,102,1,True,True,match,0,0,0,
20,PRC_X1C9L0C3K1W1C1R8T0X0W1P1B1W6F6,2019121,2019-08-02,297,213,194,4,15,297,194,4,15,84,1,True,True,match,0,0,0,
20,PRC_H1S9Q0E3M1F1S1B7A5V4F0H8G4N0T1,2019118,2019-08-02,297,215,201,5,9,297,201,5,9,82,1,True,True,match,0,0,0,
20,PRC_Z1A9S0Z3G1B1K1B7P2S8E2M3F7F7Y1,2019112,2019-08-02,297,213,195,3,15,297,195,3,15,84,1,True,True,match,0,0,0,
20,PRC_F1L9F0R3R1O1L1J7A2T3X3X7M6M6C5,2019111,2019-08-02,297,216,198,5,13,297,198,5,13,81,1,True,True,match,0,0,0,
20,PRC_Q1E9C0W2C2M6E1N4L4R1H0G4A2A1B1,2018839,2019-08-02,297,197,195,0,2,297,195,0,2,100,1,True,True,match,0,0,0,
20,PRC_K1P9J0X2D2R6T1Z4T1R0H0G4Q6J3H1,2018833,2019-08-02,297,207,203,0,4,297,203,0,4,90,1,True,True,match,0,0,0,
20,PRC_F1C9A0Y2Y2N6Q1N4P0T7I2R0D6B9W9,2018832,2019-08-02,297,206,199,0,7,297,199,0,7,91,1,True,True,match,0,0,0,
20,PRC_T1H9F0K2V2Z2A1I5D1T7K1O3U0M5R4,2018781,2019-08-02,297,184,183,0,1,297,183,0,1,113,1,True,True,match,0,0,0,
20,PRC_Z1Z9A0G2E0Q8P1L0P4N5O3M0N8S9M9,2018518,2019-08-02,297,214,214,0,0,297,214,0,0,83,1,True,True,match,0,0,0,
20,PRC_T1B9J0W1F1R8T1Q7X4U2Y4Y4C9U8V0,2018261,2019-08-02,297,205,204,0,1,297,204,0,1,92,1,True,True,match,0,0,0,
20,PRC_E1N9L0O1C1U1X1Z6S0H2G4A9Y9Q7H6,2018151,2019-08-02,297,208,193,7,8,297,193,7,8,89,1,True,True,match,0,0,0,
20,PRC_V1G8M1Y2W3A1G1B8V1D1B3A6D9S8Y6,2017980,2019-08-02,297,203,196,0,7,297,196,0,7,94,1,True,True,match,0,0,0,
20,PRC_V1X8L1F2C2L9Y1Z7K1J4R5J1R9X8W1,2017917,2019-08-02,297,209,205,1,3,297,205,1,3,88,1,True,True,match,0,0,0,
20,PRC_H1L8W1J2X2X9A1G7T0Y0K4N7V1F9P7,2017916,2019-08-02,297,187,183,0,4,297,183,0,4,110,1,True,True,match,0,0,0,
20,PRC_Q1B8Z1O2F2V8F1B8P0F8N4E6Q9H4H3,2017901,2019-08-02,297,216,215,0,1,297,215,0,1,81,1,True,True,match,0,0,0,
20,PRC_E1L8C1X2V2P8M1N8D0Q6E1F6N4L5T3,2017899,2019-08-02,297,215,213,0,2,297,213,0,2,82,1,True,True,match,0,0,0,
20,PRC_Z1H8D1Z2K2S8Z1E3X4I1E2N3J8U5G4,2017850,2019-08-02,297,215,214,0,1,297,214,0,1,82,1,True,True,match,0,0,0,
20,PRC_I1N8K1X2E2G8U1C1G4O6U5X0F3K0Y8,2017849,2019-08-02,297,216,213,0,3,297,213,0,3,81,1,True,True,match,0,0,0,
20,PRC_E1D8B1V2O2U8V1O1U3H9Q4M5K4Y7P6,2017847,2019-08-02,297,216,214,0,2,297,214,0,2,81,1,True,True,match,0,0,0,
20,PRC_P1S8J1O2S2C8X1F1P2F7P5X2W0W8N7,2017844,2019-08-02,297,214,212,0,2,297,212,0,2,83,1,True,True,match,0,0,0,
20,PRC_E1P8C1K2U2T8X1B1O1T3P0L1C3V8G9,2017842,2019-08-02,297,214,212,0,2,297,212,0,2,83,1,True,True,match,0,0,0,
20,PRC_S1B8B1I2E2Q8A1J0B3G5T5W7X5S5D1,2017836,2019-08-02,297,220,216,1,3,297,216,1,3,77,1,True,True,match,0,0,0,
20,PRC_T1W8X1D2W2D6R1L3O4G6U1Q9P8A9R5,2017715,2019-08-02,297,213,212,0,1,297,212,0,1,84,1,True,True,match,0,0,0,
20,PRC_Y1Q8V1Z2Q1C3K1O8D0U8H3Y2T8P0Q9,2017546,2019-08-02,297,184,179,0,5,297,179,0,5,113,1,True,True,match,0,0,0,
20,PRC_Z1K8D1O2G1Y2U1W8E2O3W5I7Z3V8R6,2017529,2019-08-02,297,190,162,4,24,297,162,4,24,107,1,True,True,match,0,0,0,
20,PRC_G1K8Z1R2Q0J3X1M7A2Z0T4P5E6A7J5,2017009,2019-08-02,297,221,221,0,0,297,221,0,0,76,1,True,True,match,0,0,0,
20,PRC_C1K8R1X2S0W3W1V7A1T7S5Z1U9B1M2,2017007,2019-08-02,297,218,218,0,0,297,218,0,0,79,1,True,True,match,0,0,0,
20,PRC_L1P8Q1R1H3Z0S1T1U4N5M1R8H1X1B6,2016939,2019-08-02,297,208,207,0,1,297,207,0,1,89,1,True,True,match,0,0,0,
20,ARC_B1I8F1J1P2W9G1D6L2G1S3X6H1S2O5,2016921,2019-08-02,297,213,211,0,2,297,211,0,2,84,1,True,True,match,0,0,0,
20,PRC_C1U8P1K1V2W8P1H8C1X2P3W2H6S7T8,2016871,2019-08-02,297,207,199,0,8,297,199,0,8,90,1,True,True,match,0,0,0,
20,PRC_S1P8B1O1S2Q8N1H5P5G8C5T0T5J6M6,2016861,2019-08-02,297,182,167,8,7,297,167,8,7,115,1,True,True,match,0,0,0,
20,PRC_U1U8M1B1S2H7H1D7Y0W3V3Y3X3Y1C7,2016837,2019-08-02,297,185,178,0,7,297,178,0,7,112,1,True,True,match,0,0,0,
20,PRC_K1I8F1N1G2Y7B1L6G3J5Q4R1S7S4B3,2016832,2019-08-02,297,180,175,0,5,297,175,0,5,117,1,True,True,match,0,0,0,
20,PRC_R1R8I1Z1P2F0O1R9L4O1F1L0K9T8S0,2016699,2019-08-02,297,205,204,0,1,297,204,0,1,92,1,True,True,match,0,0,0,
20,PRC_A1I8X1J1V1M3R1Q0X2V7R4M8F0Y5I3,2016513,2019-08-02,297,218,216,1,1,297,216,1,1,79,1,True,True,match,0,0,0,
20,PRC_W1W8X1D1E0U9X1A8P2U0E3Z1Z1Y3A5,2016486,2019-08-02,297,209,204,0,5,297,204,0,5,88,1,True,True,match,0,0,0,
20,PRC_Z1R8I1C1K0C9T1V5L5W3W2L7K0D5F6,2016471,2019-08-02,297,206,203,0,3,297,203,0,3,91,1,True,True,match,0,0,0,
20,PRC_U1H8P1B1R0D8K1Q8C0C8Y3S6Q3Q1V7,2016454,2019-08-02,297,200,199,1,0,297,199,1,0,97,1,True,True,match,0,0,0,
20,PRC_N1O8F1Z1E0Q2V1B1W5N3E4I7G1T0S6,2016291,2019-08-02,297,207,203,0,4,297,203,0,4,90,1,True,True,match,0,0,0,
20,PRC_U1Q8D1A0Y3W1S2C1V1F9U5B9R3K9I1,2016241,2019-08-02,297,213,212,0,1,297,212,0,1,84,1,True,True,match,0,0,0,
20,PRC_I1M8P1R0W3V1I1Z7J3H5O5F3F4Q0V5,2016207,2019-08-02,297,201,199,0,2,297,199,0,2,96,1,True,True,match,0,0,0,
20,PRC_R1E8M1Q0R3Z1T1C7M2T6U5L6E2O3M8,2016197,2019-08-02,297,200,198,0,2,297,198,0,2,97,1,True,True,match,0,0,0,
20,PRC_E1P8N1G0M1M6C1F7U5R4W5Z4D8U2T5,2015992,2019-08-02,297,211,201,0,10,297,201,0,10,86,1,True,True,match,0,0,0,
20,PRC_P1R8L1M0K0K4E1X6N1N3N4K7O2I7Q7,2015862,2019-08-02,297,208,206,0,2,297,206,0,2,89,1,True,True,match,0,0,0,
20,PRC_K1R8A0M9P1M7A1M8F2X8Q3L8M6X3V5,2015594,2019-08-02,297,206,201,0,5,297,201,0,5,91,1,True,True,match,0,0,0,
20,PRC_A1T8J0K9P1K3R1F8W3V6V4Q1H9O3A9,2015534,2019-08-02,297,219,212,0,7,297,212,0,7,78,1,True,True,match,0,0,0,
20,PRC_U1Z8B0H9C1V3R1N7C5X1O3Y2I2L9Z0,2015518,2019-08-02,297,208,204,0,4,297,204,0,4,89,1,True,True,match,0,0,0,
20,PRC_F1K8X0F9A1L0T1Q7N4Y8K2K1N5T5S4,2015419,2019-08-02,297,171,171,0,0,297,171,0,0,126,1,True,True,match,0,0,0,
20,PRC_B1X8M0X8R2G0T1W6R4W7I5J3O4C9B4,2014956,2019-08-02,297,202,198,0,4,297,198,0,4,95,1,True,True,match,0,0,0,
20,ARC_D1Z8V0J7F3R1M1J6K2I1P0A3S8B7U9,2014694,2019-08-02,297,207,206,0,1,297,206,0,1,90,1,True,True,match,0,0,0,
20,ARC_D1U8M0V7N3B1Y1Y4L5T0A5P3L9B8O6,2014652,2019-08-02,297,209,201,0,8,297,201,0,8,88,1,True,True,match,0,0,0,
20,PRC_S1A8N0M7X2D4M1H6I0V3S5J0Z2Q9N1,2014528,2019-08-02,297,170,167,0,3,297,167,0,3,127,1,True,True,match,0,0,0,
20,PRC_Z1A8X0C7W1V3V1W7J1Q9L0W9K0F2I6,2014407,2019-08-02,297,178,177,0,1,297,177,0,1,119,1,True,True,match,0,0,0,
20,PRC_Q1F8C0F7J1A1I1S6F3W2A4L6U2I6O2,2014346,2019-08-02,297,210,203,0,7,297,203,0,7,87,1,True,True,match,0,0,0,
20,PRC_K1G8I0X7M1U1D1L6C0P9A0F9O1P4T2,2014340,2019-08-02,297,216,211,0,5,297,211,0,5,81,1,True,True,match,0,0,0,
20,PRC_N1L8X0T6K2U7U1B7D3J9U1B4O2Q9Q3,2014053,2019-08-02,297,195,186,1,8,297,186,1,8,102,1,True,True,match,0,0,0,
20,PRC_G1I8H0A4C1K7L1Y7F3C4R0R4I8R6J0,2013109,2019-08-02,297,218,213,0,5,297,213,0,5,79,1,True,True,match,0,0,0,
20,PRC_N1B8R0S4L1P1N1G5C5P9R1X4I9P7D3,2013010,2019-08-02,297,205,196,4,5,297,196,4,5,92,1,True,True,match,0,0,0,
20,PRC_X1L8W0C3K2K3M1I8B1J1T5E2E5G6A2,2012644,2019-08-02,297,214,208,1,5,297,208,1,5,83,1,True,True,match,0,0,0,
20,PRC_Z1B8P0B3E2T3S1O8N0H5H2D7D6P7H6,2012639,2019-08-02,297,219,209,0,10,297,209,0,10,78,1,True,True,match,0,0,0,
20,PRC_R1T8R0F3Y1G6G1W7P5J2R4I1O3H5H2,2012520,2019-08-02,297,195,189,1,5,297,189,1,5,102,1,True,True,match,0,0,0,
20,PRC_U1S8I0J3F1I6Y1E7I4D2S1Y2C4G7M8,2012508,2019-08-02,297,195,191,1,3,297,191,1,3,102,1,True,True,match,0,0,0,
20,PRC_A1T8X0V3U0F9N1W5P3P6N4O0D6V1Z9,2012420,2019-08-02,297,200,190,1,9,297,190,1,9,97,1,True,True,match,0,0,0,
20,PRC_T1J8J0Z3O0O9M1T5D2Y0Z3D3Y0D1J1,2012413,2019-08-02,297,203,195,1,7,297,195,1,7,94,1,True,True,match,0,0,0,
20,PRC_J1A8Y0Y3G0H6T1U5A2R1U2M5A4L8I5,2012325,2019-08-02,297,209,200,2,7,297,200,2,7,88,1,True,True,match,0,0,0,
20,PRC_B1O8X0U1I2H4L1H3K5U7G2V8Y7A2V6,2011520,2019-08-02,297,196,189,1,6,297,189,1,6,101,1,True,True,match,0,0,0,
20,PRC_U1Y8Q0B1Y1Q0I1M4D5J3H4M0V1P6J5,2011339,2019-08-02,297,206,206,0,0,297,206,0,0,91,1,True,True,match,0,0,0,
20,PRC_R1K7H1L2G2K1V1R6G4V4O0Z6F4T9Z5,2010960,2019-08-02,297,202,198,0,4,297,198,0,4,95,1,True,True,match,0,0,0,
20,PRC_I1I7K0A9P2W9T1Q7R3K4E0O2P1M9F9,2009795,2019-08-02,297,172,169,0,3,297,169,0,3,125,1,True,True,match,0,0,0,
20,PRC_S1N7O0N9Z0T1V1A9U5W7M1Y2T4X0O3,2009029,2019-08-02,297,214,207,0,7,297,207,0,7,83,1,True,True,match,0,0,0,
20,ARC_S1W7X0M8O3H1D1V9S0F6P4B2G5H1U0,2008919,2019-08-02,297,202,199,0,3,297,199,0,3,95,1,True,True,match,0,0,0,
20,ARC_S1N7E0K8W2W8B1W8M0V6V1X6M3G1A6,2008811,2019-08-02,297,209,206,0,3,297,206,0,3,88,1,True,True,match,0,0,0,
20,PRC_Q1Z7J0Y8X2O8J1V5L1C4H3D1W1X7I2,2008764,2019-08-02,297,166,165,0,1,297,165,0,1,131,1,True,True,match,0,0,0,
20,PRC_K1M7L0M7E0H6T1K3J4Y4A4K4O4G0C1,2007811,2019-08-02,297,182,177,0,5,297,177,0,5,115,1,True,True,match,0,0,0,
20,PRC_S1E7L0G3H2J0F1G7P1B8B4Z7G6T5C8,2006296,2019-08-02,297,213,212,0,1,297,212,0,1,84,1,True,True,match,0,0,0,
20,PRC_S1J6F1D2O2F8B1L6Y0V3Y2W0R1X0K6,2004687,2019-08-02,297,206,202,0,4,297,202,0,4,91,1,True,True,match,0,0,0,
20,PRC_A1J6S0P9B1Q2Z1X0A4R5X0W8G8D2A8,2002271,2019-08-02,297,205,202,0,3,297,202,0,3,92,1,True,True,match,0,0,0,
20,PRC_R1T9Z0G6J2O8L1B3M4P9W4Z0Y5R4X1,2021194,2019-06-28,298,220,202,5,13,298,202,5,13,78,1,True,True,match,0,0,0,
20,PRC_O1V9Q0A6U2S8P1Y3H4P9K2O2C0S5L4,2021193,2019-06-28,298,215,206,4,5,298,206,4,5,83,1,True,True,match,0,0,0,
20,PRC_F1V9P0I3X2B5A1G0S3O4C1X8B6D0E0,2019632,2019-04-05,300,205,203,0,2,300,203,0,2,95,1,True,True,match,0,0,0,
20,PRC_M1A9U0L3L2L5R1N0J3Y7W1H5C1T8T4,2019631,2019-04-05,300,210,203,0,7,300,203,0,7,90,1,True,True,match,0,0,0,
20,PRC_C1Z9M0G3H2U5E1Y0O3O9T1N2C8U1Z8,2019630,2019-04-05,300,206,204,0,2,300,204,0,2,94,1,True,True,match,0,0,0,
20,PRC_F1C9K0T3G2X5L1K0R3Y0Y4T5S7S7P2,2019629,2019-04-05,300,196,188,0,8,300,188,0,8,104,1,True,True,match,0,0,0,
20,PRC_L1S9T0C3Y2K5H1L0T4Z2Q0R9W3C2Z0,2019628,2019-04-05,300,199,195,0,4,300,195,0,4,101,1,True,True,match,0,0,0,
20,PRC_W1T9I0T3W2M8I1W1T1Y0J2L5E5D1G8,2019627,2019-04-05,300,209,197,0,12,300,197,0,12,91,1,True,True,match,0,0,0,
20,PRC_D1G9R0L3S2F8B1H1V1S1A4Q6G6Y5M8,2019626,2019-04-05,300,204,200,0,4,300,200,0,4,96,1,True,True,match,0,0,0,
20,PRC_A1J8F0L3L1F6X1L7G1C6Z4I5T3O2D8,2019625,2019-04-05,300,209,207,0,2,300,207,0,2,91,1,True,True,match,0,0,0,
20,PRC_U1D8P0D3A1S6A1D7X1A5Z5P3Y1P4K5,2019624,2019-04-05,300,206,203,0,3,300,203,0,3,94,1,True,True,match,0,0,0,
20,PRC_K1A9W0G3W2B5N1N0L2P7M3Z1O5Z0E9,2019623,2019-04-05,300,202,202,0,0,300,202,0,0,98,1,True,True,match,0,0,0,
20,PRC_P1B7C1V1I2F9T0F9R4Q1S1O5C4Y2G4,2019622,2019-04-05,300,198,191,0,7,300,191,0,7,102,1,True,True,match,0,0,0,
20,PRC_R1J9T0J3A2F5F1W0E2R9Q2K5F7X9P3,2019621,2019-04-05,300,197,194,0,3,300,194,0,3,103,1,True,True,match,0,0,0,
20,PRC_X1Z9I0U3H2L8R1B1G0P6A1U7Y1V1W1,2019620,2019-04-05,300,206,203,0,3,300,203,0,3,94,1,True,True,match,0,0,0,
20,PRC_L1B9J0G3N2C8D1M1H0R9G3G5M8J1P9,2019619,2019-04-05,300,206,203,0,3,300,203,0,3,94,1,True,True,match,0,0,0,
20,PRC_K1J9L0I3M2W5Q1I0U4D0W3O3N2V9V0,2019618,2019-04-05,300,187,186,0,1,300,186,0,1,113,1,True,True,match,0,0,0,
20,PRC_W1H9E0K3S2F5X1B0J2Y2C3I2P5I4M0,2019617,2019-04-05,300,209,205,0,4,300,205,0,4,91,1,True,True,match,0,0,0,
20,PRC_C1I9M0B3L2M5F1X0L1U0E4V8M0L9N2,2019616,2019-04-05,300,202,192,0,10,300,192,0,10,98,1,True,True,match,0,0,0,
20,PRC_Z1O9F0L3G2H5J1X0J1M6B2D7Y5T9P0,2019615,2019-04-05,300,199,193,0,6,300,193,0,6,101,1,True,True,match,0,0,0,
20,PRC_O1C9W0F3I2F5X1L0S1G2V5G3W3Z2M3,2019614,2019-04-05,300,207,198,1,8,300,198,1,8,93,1,True,True,match,0,0,0,
20,PRC_Z1A9G0C4P0J3Z0N9C5V7K5Q2L7Q7V3,2019613,2019-04-05,300,250,217,8,25,300,217,8,25,50,1,True,True,match,0,0,0,
20,PRC_G1D9U0R4G0H3X0C9I5F7Y2Q9W7Y6U2,2019612,2019-04-05,300,250,227,7,16,300,227,7,16,50,1,True,True,match,0,0,0,
20,PRC_H1Z9V0C4M0Q3S1X6V5Z8E4P8O5N5V3,2019611,2019-04-05,300,252,238,3,11,300,238,3,11,48,1,True,True,match,0,0,0,
20,PRC_H1M9Y0S3G2S6O2H0Q0G1X1V4T8L9L3,2019610,2019-04-05,300,198,195,1,2,300,195,1,2,102,1,True,True,match,0,0,0,
20,PRC_F1K9M0L3L2J6L2J0E1Z4E4W3Z2F4B0,2019609,2019-04-05,300,203,201,0,2,300,201,0,2,97,1,True,True,match,0,0,0,
20,PRC_U1O9G0T3M2Y6Y2O0I1I4Y0K4R8M5K7,2019608,2019-04-05,300,204,202,0,2,300,202,0,2,96,1,True,True,match,0,0,0,
20,PRC_U1Z9J0Y3J2A6O2M0E0M2V5E4K2M5Z8,2019607,2019-04-05,300,202,200,0,2,300,200,0,2,98,1,True,True,match,0,0,0,
20,PRC_S1Z9I0C3X2Z6X1P4T0Z1H1L5N8L8V5,2019606,2019-04-05,300,206,203,0,3,300,203,0,3,94,1,True,True,match,0,0,0,
20,PRC_F1C9B0R3F2Q6Y2T0Z0J2T0U8D1D6K5,2019605,2019-04-05,300,203,202,0,1,300,202,0,1,97,1,True,True,match,0,0,0,
20,PRC_M1R9T0F3Z2V6H2C0B1O2P3O2E8Q6P5,2019604,2019-04-05,300,201,197,0,4,300,197,0,4,99,1,True,True,match,0,0,0,
20,PRC_F1P9M0Z3C2O8I0H9L0C7C2F8P9E5J1,2019603,2019-04-05,300,204,199,0,5,300,199,0,5,96,1,True,True,match,0,0,0,
20,PRC_F1O9D0V3K2T6S1I5A0V4C0Q2F4Q8P0,2019602,2019-04-05,300,201,197,0,4,300,197,0,4,99,1,True,True,match,0,0,0,
20,PRC_L1F9Z0Z3C2L6Q1K3M5W6Q1R8K7O5K2,2019601,2019-04-05,300,202,200,0,2,300,200,0,2,98,1,True,True,match,0,0,0,
20,PRC_J1T9S0N3T2V6X2M0S1W3S2H6E7G0H9,2019600,2019-04-05,300,198,195,0,3,300,195,0,3,102,1,True,True,match,0,0,0,
20,PRC_K1Q9M0G3Z2N8F1E4D4M0X5O4Y5A5C6,2019599,2019-04-05,300,213,211,0,2,300,211,0,2,87,1,True,True,match,0,0,0,
20,PRC_D1X9J0X3Y2L8U1Y2H3F5A4Y1F8U5F9,2019598,2019-04-05,300,212,202,0,10,300,202,0,10,88,1,True,True,match,0,0,0,
20,PRC_C1I9F0A3C2T8B1T3F0Z2Y4X1W4C8Y9,2019597,2019-04-05,300,211,197,2,12,300,197,2,12,89,1,True,True,match,0,0,0,
20,PRC_V1Q9I0Q3Z2Y6U1J9W5S8K2O7O4C7X0,2019596,2019-04-05,300,193,192,0,1,300,192,0,1,107,1,True,True,match,0,0,0,
20,PRC_U1C9P0S3O2Q6L1O4P2C1N3U9B4X0W5,2019595,2019-04-05,300,199,192,3,4,300,192,3,4,101,1,True,True,match,0,0,0,
20,PRC_V1T9F0A3H2S6U1Y3S5V9H3F8I5O4C1,2019594,2019-04-05,300,207,200,2,5,300,200,2,5,93,1,True,True,match,0,0,0,
20,PRC_C1X9D0S3O2H6C2M0D1O1A1R8A8R5S0,2019593,2019-04-05,300,199,191,0,8,300,191,0,8,101,1,True,True,match,0,0,0,
20,PRC_M1A9W0J3X2A6Z1Z9Y5W7X2L8I3Z5O7,2019592,2019-04-05,300,202,197,1,4,300,197,1,4,98,1,True,True,match,0,0,0,
20,PRC_N1F9A0M3I2F8A1F2O5U2W1I9B0S1S9,2019591,2019-04-05,300,212,206,0,6,300,206,0,6,88,1,True,True,match,0,0,0,
20,PRC_S1X9L0D3N2W8G1D3G5I0X2P8X8F7X3,2019590,2019-04-05,300,213,209,0,4,300,209,0,4,87,1,True,True,match,0,0,0,
20,PRC_O1U9L0G3U2D8V1J3A1R9J2D1X6M1U8,2019589,2019-04-05,300,213,211,0,2,300,211,0,2,87,1,True,True,match,0,0,0,
20,PRC_C1B6E1N1K1X0X0A9J5A7M5P6H8L2R5,2019587,2019-04-05,300,204,197,0,7,300,197,0,7,96,1,True,True,match,0,0,0,
20,PRC_Z1I9C0S3Q2W9N0G9G3S1G3J3R9K2N0,2019586,2019-04-05,300,206,205,0,1,300,205,0,1,94,1,True,True,match,0,0,0,
20,PRC_V1A9V0M3Y2P9N0J9X2P5A4O0K6E1D2,2019585,2019-04-05,300,200,198,1,1,300,198,1,1,100,1,True,True,match,0,0,0,
20,PRC_N1Y9V0Y3J2N5Y1J8U0X1J4K7E7W9P7,2019583,2019-04-05,300,217,211,1,5,300,211,1,5,83,1,True,True,match,0,0,0,
20,PRC_J1A8J0F9T1V9G1D2E3W3H2L5H1R6G5,2019582,2019-04-05,300,212,195,0,17,300,195,0,17,88,1,True,True,match,0,0,0,
20,PRC_K1W8J1U2R2P7Q1Q0N3J9P4K9Q0Z4D7,2019581,2019-04-05,300,220,211,0,9,300,211,0,9,80,1,True,True,match,0,0,0,
20,PRC_L1T9A0Q3Z2U2R1O2X0C6S1T5Z7Q9L1,2019580,2019-04-05,300,203,200,1,2,300,200,1,2,97,1,True,True,match,0,0,0,
20,PRC_I1E9F0F3T2K2O1P2S4O1C5G7F7Z9Q1,2019579,2019-04-05,300,200,190,0,10,300,190,0,10,100,1,True,True,match,0,0,0,
20,PRC_Q1G9B0O3F2H6L1A6O0J4A2X4F2X9S3,2019577,2019-04-05,300,243,238,0,5,300,238,0,5,57,1,True,True,match,0,0,0,
20,PRC_N1I9W0Y4M0O3W1L9Y3T8B5M1U5R6G8,2019576,2019-04-05,300,239,230,1,8,300,230,1,8,61,1,True,True,match,0,0,0,
20,PRC_G1T9C0M4N0R3I1Y9O3K9A4J5Z9Z7Y2,2019575,2019-04-05,300,247,243,1,3,300,243,1,3,53,1,True,True,match,0,0,0,
20,PRC_B1J9U0I4G0A3R0U9O5R1A0K6E1M4N9,2019564,2019-04-05,300,199,199,0,0,300,199,0,0,101,1,True,True,match,0,0,0,
20,PRC_Y1F9J0T3O2V8P1C5T3J0H1M6E9B8C0,2019432,2019-04-05,300,165,164,0,1,300,164,0,1,135,1,True,True,match,0,0,0,
20,PRC_G1I9F0C3N2Y7U1S9C1K6Y3G3S4F5H9,2019425,2019-04-05,300,160,157,0,3,300,157,0,3,140,1,True,True,match,0,0,0,
20,PRC_A1G9Y0F3F1F2F1D0H3D7B2B5K1E8K1,2019128,2019-04-05,300,194,139,33,22,300,139,33,22,106,1,True,True,match,0,0,0,
20,PRC_E1L9N0R2Z1A3U1G5P5E4Y2H1W8I1T3,2018615,2019-04-05,300,214,213,0,1,300,213,0,1,86,1,True,True,match,0,0,0,
20,PRC_Q1M9N0O2U1O3I1W4W5Q9B2C0S7P6Y8,2018611,2019-04-05,300,207,203,0,4,300,203,0,4,93,1,True,True,match,0,0,0,
20,PRC_H1H9H0D1O0W9Z1L1R0Z7E0U9W3K6F6,2018109,2019-04-05,300,213,209,0,4,300,209,0,4,87,1,True,True,match,0,0,0,
20,PRC_O1M9L0S1A0P8D1O4B5S8C4P2J6X4E6,2018088,2019-04-05,300,214,208,0,6,300,208,0,6,86,1,True,True,match,0,0,0,
20,PRC_D1B9J0Q1E0H8C1C4L5S5E4R7B9I3F4,2018086,2019-04-05,300,214,209,0,5,300,209,0,5,86,1,True,True,match,0,0,0,
20,PRC_P1W9L0Z1N0U2I0S9R5J2J2U4Y4O7I1,2017987,2019-04-05,300,210,209,0,1,300,209,0,1,90,1,True,True,match,0,0,0,
20,PRC_F1N8C1Q2T2S8C1P7M4R0Q3U9Y8M3P1,2017891,2019-04-05,300,215,212,0,3,300,212,0,3,85,1,True,True,match,0,0,0,
20,PRC_J1X8B1Q2S2T8R1B4I1P7T5K0F3Q7G9,2017854,2019-04-05,300,203,193,0,10,300,193,0,10,97,1,True,True,match,0,0,0,
20,PRC_E1A8U1C2B2N8P1B1E4A1Z3N2E9I7W2,2017848,2019-04-05,300,205,195,0,10,300,195,0,10,95,1,True,True,match,0,0,0,
20,PRC_Y1A8F1O2B2T4J1O5T5X7Q1K9A4S4A9,2017707,2019-04-05,300,205,203,0,2,300,203,0,2,95,1,True,True,match,0,0,0,
20,PRC_S1Q8I1S2P1Z0S1E6O3U7S3Y9A4W8Y5,2017414,2019-04-05,300,195,191,1,3,300,191,1,3,105,1,True,True,match,0,0,0,
20,PRC_K1U8J1H2I0D6G1K4K1P9A2L2M2V2S6,2017194,2019-04-05,300,198,196,1,1,300,196,1,1,102,1,True,True,match,0,0,0,
20,PRC_Z1F8Q1M1V1N3P1V5D3M5C4U7Q5G4M3,2016527,2019-04-05,300,212,209,0,3,300,209,0,3,88,1,True,True,match,0,0,0,
20,PRC_A1F8J1S1T0T7R1R7J0Z3C1B6B3T9V9,2016395,2019-04-05,300,209,205,0,4,300,205,0,4,91,1,True,True,match,0,0,0,
20,PRC_H1A8O1O1A0R5Q1K8X0T5D0G2C7Q0J6,2016344,2019-04-05,300,203,200,0,3,300,200,0,3,97,1,True,True,match,0,0,0,
20,PRC_B1D8U1M1R0P2A1J9U0O5O2D2S6K3Y5,2016324,2019-04-05,300,212,202,1,9,300,202,1,9,88,1,True,True,match,0,0,0,
20,PRC_F1R8Q1G1N0T1Y1I7U4G1G2Q2K7A7L8,2016279,2019-04-05,300,200,197,0,3,300,197,0,3,100,1,True,True,match,0,0,0,
20,PRC_A1X8A1H1L0V1J1J7W0J3Z0P7A7Z2H5,2016270,2019-04-05,300,204,198,0,6,300,198,0,6,96,1,True,True,match,0,0,0,
20,PRC_Q1X8A1T0U3S1S1Q8A1S8H0G8Y0G2O5,2016237,2019-04-05,300,199,195,0,4,300,195,0,4,101,1,True,True,match,0,0,0,
20,PRC_W1P8L1R0E2P6U1A4K0P1E3L3U4F6S1,2016088,2019-04-05,300,217,213,0,4,300,213,0,4,83,1,True,True,match,0,0,0,
20,PRC_U1N8S1M0M2Z6D1L4R0L0D2L0B4T7L0,2016086,2019-04-05,300,204,203,0,1,300,203,0,1,96,1,True,True,match,0,0,0,
20,PRC_E1G8Q1B0E2Q3R2K0T4K6P1L4E0G6Y2,2016052,2019-04-05,300,214,201,3,10,300,201,3,10,86,1,True,True,match,0,0,0,
20,PRC_R1I8Y1L0M1E0U1V0H2D0N0P8T5V2E0,2015923,2019-04-05,300,212,208,0,4,300,208,0,4,88,1,True,True,match,0,0,0,
20,PRC_J1Y8J0Q9Q2I0J1X6V4E4W1V2Q6Z9D8,2015695,2019-04-05,300,202,197,1,4,300,197,1,4,98,1,True,True,match,0,0,0,
20,PRC_K1Q8D0O9A2S0O1E6Q1J6A0S1X2T8N0,2015687,2019-04-05,300,201,194,1,6,300,194,1,6,99,1,True,True,match,0,0,0,
20,PRC_W1X8B0I9Z1W8N1D6Z5G8T3Z7T8M1N9,2015612,2019-04-05,300,204,200,0,4,300,200,0,4,96,1,True,True,match,0,0,0,
20,PRC_M1W8K0C9L1G3A2U0O2X8R2D1T7B0S9,2015515,2019-04-05,300,201,197,0,4,300,197,0,4,99,1,True,True,match,0,0,0,
20,PRC_G1N8D0L9K0L7G1H4A4D1Q1R0X4H5K6,2015381,2019-04-05,300,231,224,1,6,300,224,1,6,69,1,True,True,match,0,0,0,
20,PRC_N1E8U0Q8D2R7W1H1G4J4W1L3V1K4A3,2015048,2019-04-05,300,215,212,0,3,300,212,0,3,85,1,True,True,match,0,0,0,
20,PRC_A1G8H0A8I2T2Q1A8F0W3H2A7M8B6R8,2014993,2019-04-05,300,195,193,1,1,300,193,1,1,105,1,True,True,match,0,0,0,
20,PRC_K1I8P0P6U2P8A1W5B0R1C2C7J5L1H0,2014063,2019-04-05,300,205,193,1,11,300,193,1,11,95,1,True,True,match,0,0,0,
20,PRC_S1N8S0D6U2L5E1P4M2Z8M0Y5B2B7L3,2013998,2019-04-05,300,213,211,0,2,300,211,0,2,87,1,True,True,match,0,0,0,
20,PRC_G1U8G0M5M2T4I1L5D4C3T2D5Y4O7A2,2013742,2019-04-05,300,211,210,0,1,300,210,0,1,89,1,True,True,match,0,0,0,
20,PRC_D1A8T0B5V2G3L1W5Z4X4B3Y3T5J7W6,2013696,2019-04-05,300,200,198,0,2,300,198,0,2,100,1,True,True,match,0,0,0,
20,PRC_W1B8T0W5F2J3W1S5U4S1R0A0Q5J4W9,2013695,2019-04-05,300,203,201,0,2,300,201,0,2,97,1,True,True,match,0,0,0,
20,PRC_E1J8R0R5C2B1H1W7U0F8V1L6G8O9A1,2013675,2019-04-05,300,204,202,1,1,300,202,1,1,96,1,True,True,match,0,0,0,
20,PRC_L1P8P0J5F0A3Q1L7T3T9U0A0V2B0L5,2013429,2019-04-05,300,203,203,0,0,300,203,0,0,97,1,True,True,match,0,0,0,
20,PRC_P1O8E0M4D1R3P1Q6S3Z1K1C4C6T0A0,2013060,2019-04-05,300,233,231,0,2,300,231,0,2,67,1,True,True,match,0,0,0,
20,PRC_H1P8L0Y3M2Z3G1X8D0K7E0T8U5Y5T4,2012640,2019-04-05,300,210,202,1,7,300,202,1,7,90,1,True,True,match,0,0,0,
20,PRC_P1M8L0G3L1O4O1R4I5V7I4U4B7G6D5,2012468,2019-04-05,300,209,207,0,2,300,207,0,2,91,1,True,True,match,0,0,0,
20,PRC_I1M8Q0M2G0P7A1B7X2E0D1J5A6M9A8,2011819,2019-04-05,300,225,217,0,8,300,217,0,8,75,1,True,True,match,0,0,0,
20,PRC_V1M8T0B2A0T7O1G7N1K9Y0Y0F5G9K1,2011818,2019-04-05,300,235,232,0,3,300,232,0,3,65,1,True,True,match,0,0,0,
20,PRC_J1M8G0A2H0V7L1S6X3L7T5H2W6S7F9,2011817,2019-04-05,300,238,236,0,2,300,236,0,2,62,1,True,True,match,0,0,0,
20,PRC_L1O8T0A2S0E7P1H5K3X4W4E0X8V1M8,2011813,2019-04-05,300,238,236,0,2,300,236,0,2,62,1,True,True,match,0,0,0,
20,PRC_E1Z8Y0T2W0J7P1F5G3F2O3O2Z3E2Q5,2011812,2019-04-05,300,236,236,0,0,300,236,0,0,64,1,True,True,match,0,0,0,
20,PRC_Y1U8U0R2C0H7S1G5C3G1W1Q5D7J9Q4,2011811,2019-04-05,300,229,229,0,0,300,229,0,0,71,1,True,True,match,0,0,0,
20,PRC_T1A8F0N2V0J7V1L5I3X0V0T5K6K7D3,2011810,2019-04-05,300,228,228,0,0,300,228,0,0,72,1,True,True,match,0,0,0,
20,PRC_Q1D7X1L0L1Y0U1M7A5S9R2K6A2I1D5,2009832,2019-04-05,300,204,198,1,5,300,198,1,5,96,1,True,True,match,0,0,0,
20,ARC_O1R7W0R9M2E1P1Q7R0Z7P4Q4S3Q1B4,2009522,2019-04-05,300,212,211,0,1,300,211,0,1,88,1,True,True,match,0,0,0,
20,PRC_B1F7Q0I9U0M6S1X5M4R6P0U4V7N1G1,2009119,2019-04-05,300,209,206,0,3,300,206,0,3,91,1,True,True,match,0,0,0,
20,PRC_G1R7H0O9T0E1V1O9J4S7R4B2P1Q1F8,2009025,2019-04-05,300,206,201,0,5,300,201,0,5,94,1,True,True,match,0,0,0,
20,PRC_L1E7C0T6H0O2F1A5P0C9V5O5C4R9L5,2007189,2019-04-05,300,200,191,0,9,300,191,0,9,100,1,True,True,match,0,0,0,
20,PRC_B1R7Y0P1P2G6N1V4R3Q4Y4S4G7L1E3,2005316,2019-04-05,300,212,204,1,7,300,204,1,7,88,1,True,True,match,0,0,0,
20,PRC_H1B6I1N2Z0A2C1L7X0N9C5B3Y0V6N4,2004079,2019-04-05,300,203,201,0,2,300,201,0,2,97,1,True,True,match,0,0,0,
20,PRC_W1T6O0W9G0X5Y1N1G4U9F2P4G7P0G6,2002132,2019-04-05,300,200,198,0,2,300,198,0,2,100,1,True,True,match,0,0,0,
20,PRC_W1O8O1C2R2L6X1C0B0Q7X5U5C2M0E0,2019408,2019-03-28,298,234,232,0,2,298,232,0,2,64,1,True,True,match,0,0,0,
20,PRC_P1E8W1C2Z2V6D1V0Y0B6V3O1N5P4H0,2019407,2019-03-28,298,230,228,0,2,298,228,0,2,68,1,True,True,match,0,0,0,
20,PRC_V1C8X1O2H2D7S1I0I3K8A5C8J1S6Z2,2019406,2019-03-28,298,235,228,4,3,298,228,4,3,63,1,True,True,match,0,0,0,
20,PRC_T1I6W1V1O2R5B1E7J3J6H1J5Z7B3J7,2019405,2019-03-28,298,231,211,2,18,298,211,2,18,67,1,True,True,match,0,0,0,
20,PRC_Y1E8L0Z9M1F1E1Y5A4Q7W0Y8X4B2B4,2019404,2019-03-28,298,234,230,0,4,298,230,0,4,64,1,True,True,match,0,0,0,
20,PRC_Y1C9D0C3Y2D5L1T5B5X1H1S4Q0S8P8,2019383,2019-03-28,298,222,186,4,32,298,186,4,32,76,1,True,True,match,0,0,0,
20,PRC_G1Z9V0B3S2X5L1E5Y5B0Z1W0F6R2D1,2019382,2019-03-28,298,224,189,4,31,298,189,4,31,74,1,True,True,match,0,0,0,
20,PRC_U1O9G0H3A1Y1K1Y0J1F7T5V9C6K2F1,2019208,2019-03-28,298,224,222,0,2,298,222,0,2,74,1,True,True,match,0,0,0,
20,ARC_G1E8C0T5K1J1T1I3S5Y6K3D3U1E0O4,2013541,2019-03-28,298,235,233,0,2,298,233,0,2,63,1,True,True,match,0,0,0,
20,ARC_C1A8Q0N3L2K9W1S5D2A8U3W1R3Y5M1,2012744,2019-03-28,298,237,236,0,1,298,236,0,1,61,1,True,True,match,0,0,0,
20,PRC_E1L8D0L2E0K8O1K5P1P2Q0A2H6Z8N9,2011850,2019-03-28,298,236,231,0,5,298,231,0,5,62,1,True,True,match,0,0,0,
20,ARC_A1I8J0P1O0K5P1U7Q1I0A5X9O7D4V0,2011297,2019-03-28,298,238,234,0,4,298,234,0,4,60,1,True,True,match,0,0,0,
20,PRC_M1G8E0X1U0P4N1S6T5Y1O0A2Z4T2N7,2011278,2019-03-28,298,233,229,0,4,298,229,0,4,65,1,True,True,match,0,0,0,
20,PRC_S1N7Q0M6E1O9S1U7B2U4W0Q9Z4T2P9,2007467,2019-03-28,298,238,238,0,0,298,238,0,0,60,1,True,True,match,0,0,0,
20,PRC_A1T7S0O6L1E3M1K5X0S4P2R2Z0Q8D2,2007371,2019-03-28,298,234,230,0,4,298,230,0,4,64,1,True,True,match,0,0,0,
20,PRC_C1Z7T0M4O1W0Y1N7N1C1Z1X3K2I8D0,2006675,2019-03-28,298,232,231,0,1,298,231,0,1,66,1,True,True,match,0,0,0,
20,PRC_A1L7X0N3Z0S7G1V1O0A6K2E2F9F8G8,2006020,2019-03-28,298,233,226,0,7,298,226,0,7,65,1,True,True,match,0,0,0,
20,ARC_U1X7T0P1F2R5Z1Z6K4D1S0X2H7Z5I3,2005281,2019-03-28,298,236,228,0,8,298,228,0,8,62,1,True,True,match,0,0,0,
20,ARC_D1U6W0S6P2G7T1G1C2X3M1S6L7N2N0,2000491,2019-03-28,298,236,236,0,0,298,236,0,0,62,2,True,True,match_one_of_duplicate_tally_rows,0,0,0,"the API lists more than one tally row for this vote, and the member-level counts equal one of them"
20,PRC_N1E8R1T2L1A2X1H6Q2J2O2T5U7I0O2,2019163,2019-03-13,298,236,234,0,2,298,234,0,2,62,1,True,True,match,0,0,0,
20,PRC_W1F9K0T3C1F1A1G6U2N1F4A3K5H2A4,2019160,2019-03-13,298,227,224,0,3,298,224,0,3,71,1,True,True,match,0,0,0,
20,PRC_G1C9E0E3P1G2X1M1Y4I3X4R5A1Q7Z8,2019159,2019-03-13,298,227,221,0,6,298,221,0,6,71,1,True,True,match,0,0,0,
20,PRC_B1T9B0U3T0Z8J1R1I3M4T2N4H6N8D9,2019158,2019-03-13,298,238,236,0,2,298,236,0,2,60,1,True,True,match,0,0,0,
20,PRC_P1K9O0U3V1D2L1E4K3L2O2Z2V8F5N3,2019157,2019-03-13,298,237,234,0,3,298,234,0,3,61,1,True,True,match,0,0,0,
20,PRC_S1D9P0K3B1L2H1L4H0K8Y1V2S0L1L8,2019156,2019-03-13,298,238,237,0,1,298,237,0,1,60,1,True,True,match,0,0,0,
20,PRC_R1L9Y0T3B1Y1L1T9X0L0L2Z4E3T6G4,2019155,2019-03-13,298,236,235,0,1,298,235,0,1,62,1,True,True,match,0,0,0,
20,PRC_X1O9M0P3Q1R1Y1T8Y5R8H4H4W6M1W7,2019154,2019-03-13,298,235,235,0,0,298,235,0,0,63,1,True,True,match,0,0,0,
20,PRC_K1B9I0N3V1N2Y1A4Z4T9F5T1S5R2C5,2019153,2019-03-13,298,237,236,1,0,298,236,1,0,61,1,True,True,match,0,0,0,
20,PRC_J1U8O1I2J2Y7T1V6G1S7J2L5G9Z4W7,2017834,2018-12-27,298,185,165,1,19,298,165,1,19,113,1,True,True,match,0,0,0,
20,PRC_J1I8T1W2T2Y5Y1G4T2X5W1R4W6H8J4,2017833,2018-12-27,298,185,184,0,1,298,184,0,1,113,1,True,True,match,0,0,0,
20,PRC_U1K8Q1G2C2O7Q1J7K2U2A2G4I2Q8Z1,2017819,2018-12-27,298,181,144,15,22,298,144,15,22,117,1,True,True,match,0,0,0,
20,PRC_Y1Q8B1Z2H2A7K1G7T2X3I3K2B8R7Y5,2017818,2018-12-27,298,177,141,21,15,298,141,21,15,121,1,True,True,match,0,0,0,
20,PRC_N1B8S1S2E2W7V1L7D2M2C4J0F6N8O3,2017817,2018-12-27,298,181,134,24,23,298,134,24,23,117,1,True,True,match,0,0,0,
20,PRC_C1Y8T1J2F2U7Q1K7W2A3S0G8P2K9A6,2017816,2018-12-27,298,179,133,24,22,298,133,24,22,119,1,True,True,match,0,0,0,
20,PRC_H1D8B1B2C2J7J1A7O2Q2I0J3M8D7P0,2017815,2018-12-27,298,178,152,13,13,298,152,13,13,120,1,True,True,match,0,0,0,
20,PRC_S1N8Q1H2L2D7A1Q7D2M1Z1R9H5W6J1,2017814,2018-12-27,298,184,165,4,15,298,165,4,15,114,1,True,True,match,0,0,0,
20,PRC_B1J8T1X2O0B5J1V3I2X7J0Q4O3Y4C2,2017784,2018-12-27,298,182,176,0,6,298,176,0,6,116,1,True,True,match,0,0,0,
20,PRC_T1T8Q1V2T0K6D1B5O1F8B3L3A3X2A4,2017783,2018-12-27,298,179,178,0,1,298,178,0,1,119,1,True,True,match,0,0,0,
20,PRC_R1J8O1P2W0S5X1T7R1S4P5E3C6N9B6,2017782,2018-12-27,298,183,180,0,3,298,180,0,3,115,1,True,True,match,0,0,0,
20,PRC_R1W8Q1D2K1D2I1W6N1E0O5J3J0P4K0,2017780,2018-12-27,298,175,163,0,12,298,163,0,12,123,1,True,True,match,0,0,0,
20,PRC_Z1P8V1K2H0U4S1V5J4Q7U3I2G6J2Z4,2017779,2018-12-27,298,182,180,0,2,298,180,0,2,116,1,True,True,match,0,0,0,
20,PRC_L1P8V1Y2Z1O2P1T6X0W1J2A5N4U7I7,2017778,2018-12-27,298,160,159,0,1,298,159,0,1,138,1,True,True,match,0,0,0,
20,PRC_N1C8O0S3R1E6E1N0V4Y5F5E9A6J8T3,2017777,2018-12-27,298,181,178,0,3,298,178,0,3,117,1,True,True,match,0,0,0,
20,PRC_W1B8V0W3W1W6Z1T0G4J4B1N6M8B1O2,2017776,2018-12-27,298,176,173,0,3,298,173,0,3,122,1,True,True,match,0,0,0,
20,PRC_B1M8Y1T2G1J2D1N6M0N7V0Q9L5C0G8,2017775,2018-12-27,298,165,159,0,6,298,159,0,6,133,1,True,True,match,0,0,0,
20,PRC_I1V8O1U2B0Z6D1D5Y1G7L3B1S4U0G2,2017774,2018-12-27,298,175,171,1,3,298,171,1,3,123,1,True,True,match,0,0,0,
20,PRC_O1Q8G1U2K0T6N1O5Z1Y6N5E1H1F3J9,2017773,2018-12-27,298,179,174,0,5,298,174,0,5,119,1,True,True,match,0,0,0,
20,PRC_I1Y7J0G9R2G0G1T8B5M3Y3U2A1K5T1,2017772,2018-12-27,298,163,159,0,4,298,159,0,4,135,1,True,True,match,0,0,0,
20,PRC_X1Z8F1U2N1O2S1X6G1I1U3T2Z2Q8R5,2017771,2018-12-27,298,173,173,0,0,298,173,0,0,125,1,True,True,match,0,0,0,
20,PRC_U1M8U1B2I1E2V1G6Z0Y3C0L4X3W4N2,2017770,2018-12-27,298,163,162,0,1,298,162,0,1,135,1,True,True,match,0,0,0,
20,PRC_V1A8Z1I2H1P2I1M5L5H6M4I7F3A4I5,2017769,2018-12-27,298,158,158,0,0,298,158,0,0,140,1,True,True,match,0,0,0,
20,PRC_D1E8S0Q9B1O1P1J5L5A4Q1K1I7H6A0,2017768,2018-12-27,298,180,177,0,3,298,177,0,3,118,1,True,True,match,0,0,0,
20,PRC_G1H8B0M9T1E2I1C0A2X0J1H1K8K8U7,2017767,2018-12-27,298,176,166,0,10,298,166,0,10,122,1,True,True,match,0,0,0,
20,PRC_C1G8D1Y2Z1P2A1H6F0C4J5P2L5X0F6,2017766,2018-12-27,298,162,159,0,3,298,159,0,3,136,1,True,True,match,0,0,0,
20,PRC_O1Y8W1T2K0I5D1W3T1K4J3V7L6B6C5,2017765,2018-12-27,298,169,164,0,5,298,164,0,5,129,1,True,True,match,0,0,0,
20,PRC_U1Y8B1Y2T1B2M1F6Z0W6L0P0C3A4I7,2017764,2018-12-27,298,163,156,0,7,298,156,0,7,135,1,True,True,match,0,0,0,
20,PRC_Q1T8X0E3P1Z3W1V8P2T6P0Z0F9X8J8,2017763,2018-12-27,298,179,178,0,1,298,178,0,1,119,1,True,True,match,0,0,0,
20,PRC_S1X8J1C2H1C2D1K6F0C8I0B5A5P4Y4,2017762,2018-12-27,298,169,161,0,8,298,161,0,8,129,1,True,True,match,0,0,0,
20,PRC_K1Y8X1U2F0X5W1R3G2R1S3O8M4J7V6,2017761,2018-12-27,298,168,164,0,4,298,164,0,4,130,1,True,True,match,0,0,0,
20,PRC_B1M8F1X2D1I2Y1D6T1U3P3A8W8W7R5,2017760,2018-12-27,298,175,170,0,5,298,170,0,5,123,1,True,True,match,0,0,0,
20,PRC_W1P8G1A2S0W5U1F6M3L8R1Z4O1T8M8,2017759,2018-12-27,298,163,163,0,0,298,163,0,0,135,1,True,True,match,0,0,0,
20,PRC_K1V8N1H1B2M9O1J8N4X9Z5D6W9V1E8,2017758,2018-12-27,298,174,173,0,1,298,173,0,1,124,1,True,True,match,0,0,0,
20,PRC_P1P8E1H2C1G2D1K6V0O4Z0E6N8S7S5,2017757,2018-12-27,298,166,149,2,15,298,149,2,15,132,1,True,True,match,0,0,0,
20,PRC_S1L8L1M2C1T2U1R6K0Q9S0R0K3Y7B1,2017756,2018-12-27,298,171,167,0,4,298,167,0,4,127,1,True,True,match,0,0,0,
20,PRC_S1W8B1U2A0Q5W1O3C3J1O0T5E8D9W1,2017755,2018-12-27,298,182,179,1,2,298,179,1,2,116,1,True,True,match,0,0,0,
20,PRC_R1D8W1F2Q0B5I1T3X3P4M5B5N0C5M7,2017754,2018-12-27,298,169,167,0,2,298,167,0,2,129,1,True,True,match,0,0,0,
20,PRC_F1A8L1R2Y0Z5U1D3S1H8F0Y8W4I1H6,2017753,2018-12-27,298,169,164,2,3,298,164,2,3,129,1,True,True,match,0,0,0,
20,PRC_M1V8D1D2G0C5I1Q3C3U3Y1R5Q4L2R5,2017752,2018-12-27,298,170,165,0,5,298,165,0,5,128,1,True,True,match,0,0,0,
20,PRC_I1A8F1U2L0Q5U1T3G1H2J5F7L4G0E6,2017751,2018-12-27,298,164,155,0,9,298,155,0,9,134,1,True,True,match,0,0,0,
20,PRC_T1Q8A1P2X0Z5N1Q3M2A3E1S1T3I0U6,2017750,2018-12-27,298,170,165,1,4,298,165,1,4,128,1,True,True,match,0,0,0,
20,PRC_A1E8E1S2P0C5M1D3W2S8A0I8Y8R9Q6,2017749,2018-12-27,298,183,173,0,10,298,173,0,10,115,1,True,True,match,0,0,0,
20,PRC_K1J8R1G2X0R5C1A3A3Y4W1H0J2F9D2,2017748,2018-12-27,298,171,169,0,2,298,169,0,2,127,1,True,True,match,0,0,0,
20,PRC_C1E8C1K2D0Z5E1U3X3I2B1R3Y7W5Z6,2017747,2018-12-27,298,186,181,0,5,298,181,0,5,112,1,True,True,match,0,0,0,
20,PRC_Z1U8V1V2M0W5N1V6Z3T2M3B8A5T6N8,2017746,2018-12-27,298,181,177,0,4,298,177,0,4,117,1,True,True,match,0,0,0,
20,PRC_N1F8A1Z2O0H5P1I3L2N5F3V9B7E1K1,2017745,2018-12-27,298,175,170,0,5,298,170,0,5,123,1,True,True,match,0,0,0,
20,PRC_E1U8T1Y2M0Q5O1D6H3R5F4Q0U6V8S9,2017744,2018-12-27,298,180,176,0,4,298,176,0,4,118,1,True,True,match,0,0,0,
20,PRC_O1X8U1U2B0V5F1M3U2T4S2Z4I3A4S2,2017743,2018-12-27,298,167,163,0,4,298,163,0,4,131,1,True,True,match,0,0,0,
20,PRC_H1I8Y0U2P2M1I1I9K5C9X3D0C2I4A1,2017742,2018-12-27,298,165,153,2,10,298,153,2,10,133,1,True,True,match,0,0,0,
20,PRC_Y1P8K1S2M0O5X1K6A5L4N4I1V6K3Q7,2017741,2018-12-27,298,165,163,0,2,298,163,0,2,133,1,True,True,match,0,0,0,
20,PRC_K1F8Y1C2K0O5U1Y6A3D7C0M1S4X8Y5,2017740,2018-12-27,298,179,172,0,7,298,172,0,7,119,1,True,True,match,0,0,0,
20,PRC_Y1G8X1P2P0Y5S1G6O2X9Q1C3X0G5J6,2017739,2018-12-27,298,183,174,1,8,298,174,1,8,115,1,True,True,match,0,0,0,
20,PRC_I1A8G1G2P1S2B1J6C1L2V0I7E2V3K2,2017738,2018-12-27,298,174,172,0,2,298,172,0,2,124,1,True,True,match,0,0,0,
20,PRC_N1J8M1C2N1N2S1B6F1Y0B0S1Q3D9Y3,2017737,2018-12-27,298,171,169,0,2,298,169,0,2,127,1,True,True,match,0,0,0,
20,PRC_V1N8E0R3R1E3R1P8C2J7C2Q0U7W0V9,2017736,2018-12-27,298,179,172,0,7,298,172,0,7,119,1,True,True,match,0,0,0,
20,PRC_E1Z7H1C2M1P9S1F5T4P8A0A5B3B0C0,2017731,2018-12-27,298,185,144,4,37,298,144,4,37,113,1,True,True,match,0,0,0,
20,PRC_R1P8Z0G9A1I2O2B1I1E8R3W3K2D8B4,2017729,2018-12-27,298,186,185,0,1,298,185,0,1,112,1,True,True,match,0,0,0,
20,PRC_G1T8K1B1H2P7Q1O3L3S5A5K3L8C8E4,2017728,2018-12-27,298,178,171,0,7,298,171,0,7,120,1,True,True,match,0,0,0,
20,PRC_Q1I8L1Q1U2V7M1K3B3C6P5N9E8S0Q4,2017727,2018-12-27,298,178,175,0,3,298,175,0,3,120,1,True,True,match,0,0,0,
20,PRC_F1E8B1X1H2C7T1P3E3J8N0A3J0A0Y9,2017724,2018-12-27,298,178,177,0,1,298,177,0,1,120,1,True,True,match,0,0,0,
20,PRC_Q1V8J1N2Y2F6S0R8Y4D3K0C4V2X1K1,2017722,2018-12-27,298,169,168,0,1,298,168,0,1,129,1,True,True,match,0,0,0,
20,PRC_K1C8J0B9Q1D2T1T2P0T1D0X3U0T0B4,2017720,2018-12-27,298,177,169,2,6,298,169,2,6,121,1,True,True,match,0,0,0,
20,PRC_P1L8S0T9A1M8Q1G1F2V3R5A9P1W1I6,2017719,2018-12-27,298,178,153,7,18,298,153,7,18,120,1,True,True,match,0,0,0,
20,PRC_F1N8O0H3O1R9H1J7S0Y7Z5G1F9J2W1,2017718,2018-12-27,298,176,166,3,7,298,166,3,7,122,1,True,True,match,0,0,0,
20,PRC_N1A8Q1Q2X1K3H1W3U4N3X2E2E9L9T7,2017577,2018-12-27,298,185,179,2,4,298,179,2,4,113,1,True,True,match,0,0,0,
20,PRC_Z1H8C1D0U0A4X0K9G5F5J4Y8B1Z0C0,2015849,2018-12-27,298,188,186,0,2,298,186,0,2,110,1,True,True,match,0,0,0,
20,PRC_K1O8B0X9J2K8J1G8W0L4I4I1C4Q3G3,2015787,2018-12-27,298,172,158,3,11,298,158,3,11,126,1,True,True,match,0,0,0,
20,PRC_G1S8Y0X9S2D8X1O7W2Q3G2H3X8O7J3,2015786,2018-12-27,298,186,179,0,7,298,179,0,7,112,1,True,True,match,0,0,0,
20,PRC_W1X8J0A9X0K6O1N6F4T2D3Q2S2L5H4,2015360,2018-12-27,298,178,178,0,0,298,178,0,0,120,1,True,True,match,0,0,0,
20,PRC_Q1N8S0Q9M0C6T1T1O2D5Y2G4X3G9Y7,2015352,2018-12-27,298,162,156,0,6,298,156,0,6,136,1,True,True,match,0,0,0,
20,PRC_D1D8F0V9C0V6B1B0P4T7I4V3T6N8W4,2015350,2018-12-27,298,175,137,11,27,298,137,11,27,123,1,True,True,match,0,0,0,
20,PRC_C1M8V0L9J0L6L1E0B2P2J2I9S7F8H2,2015345,2018-12-27,298,168,164,1,3,298,164,1,3,130,1,True,True,match,0,0,0,
20,PRC_W1S8E0W9F0F3C1M5P5M9K1S0S3W5E2,2015279,2018-12-27,298,172,171,0,1,298,171,0,1,126,1,True,True,match,0,0,0,
20,PRC_W1Q8H0O8N2V9B1X5B3U8J4N8R4P5H9,2015136,2018-12-27,298,180,152,6,22,298,152,6,22,118,1,True,True,match,0,0,0,
20,ARC_E1B8W0C7E3K1Z1N6Y1Y4N3K2V7O9Q8,2014692,2018-12-27,298,171,171,0,0,298,171,0,0,127,1,True,True,match,0,0,0,
20,PRC_V1Q8C0C7V1H6S2H0B1S3F4P3W6D5M3,2014443,2018-12-27,298,174,158,2,14,298,158,2,14,124,1,True,True,match,0,0,0,
20,PRC_L1V8Z0O3T2Z7Q1B6R1S9U3I7H9H7Y6,2012705,2018-12-27,298,173,171,0,2,298,171,0,2,125,1,True,True,match,0,0,0,
20,PRC_S1Y8E0O3V2V3H1E1J2R8F4E2Y4L5Z6,2012615,2018-12-27,298,169,167,0,2,298,167,0,2,129,1,True,True,match,0,0,0,
20,PRC_D1F8Z0O3P2X0M1Q8N2K0I1E3P0C6Z6,2012568,2018-12-27,298,162,161,0,1,298,161,0,1,136,1,True,True,match,0,0,0,
20,PRC_F1N8X0T2F1S3N1D1P4E0Z1D4S3F4X0,2011938,2018-12-27,298,172,166,0,6,298,166,0,6,126,1,True,True,match,0,0,0,
20,ARC_B1W8Y0E1Q0Q5T1L7S4E8C0I5R9S8L8,2011303,2018-12-27,298,178,177,0,1,298,177,0,1,120,1,True,True,match,0,0,0,
20,PRC_I1H7T1J2V2Z0L1U8N0C0N1U9J6W9R5,2010933,2018-12-27,298,180,172,1,7,298,172,1,7,118,1,True,True,match,0,0,0,
20,PRC_G1G7D1F2Q0M6G1O6D2F5Q3R6Q4H1I6,2010641,2018-12-27,298,154,154,0,0,298,154,0,0,144,1,True,True,match,0,0,0,
20,PRC_Z1N7M1C1P1B6R1L7J5G4N0Q1U3N3X1,2010206,2018-12-27,298,169,163,0,6,298,163,0,6,129,1,True,True,match,0,0,0,
20,PRC_T1J7Y0S9R2E7U1A7N4J6M0V0F5D3I8,2009636,2018-12-27,298,175,173,0,2,298,173,0,2,123,1,True,True,match,0,0,0,
20,PRC_O1V7F0X8C2O3F1S5H1B7P2Z4P0M1F0,2008658,2018-12-27,298,171,168,0,3,298,168,0,3,127,1,True,True,match,0,0,0,
20,PRC_W1A7X0W5G0D4C1S6F4D8L4Y7X5W0V9,2006837,2018-12-27,298,173,170,0,3,298,170,0,3,125,1,True,True,match,0,0,0,
20,ARC_U1N6L1X2O2F2C1M8D0Z7K1R4S2K2I6,2004579,2018-12-27,298,170,167,0,3,298,167,0,3,128,1,True,True,match,0,0,0,
20,PRC_X1P6V0K9M2H2Q1W6P4M4B4Q0D4I9G2,2002416,2018-12-27,298,171,167,0,4,298,167,0,4,127,1,True,True,match,0,0,0,
20,PRC_D1Z8W1L2F0K7P1Y5B1N2I1A0G3R3V5,2017321,2018-12-08,299,216,211,0,5,299,211,0,5,83,1,True,True,match,0,0,0,
20,PRC_N1W8J1S2L0F7A1Q4P2P7K1O7Q6A7Z9,2017320,2018-12-08,299,218,213,1,4,299,213,1,4,81,1,True,True,match,0,0,0,
20,PRC_E1T8J1P2X0W7J1I4E1Y6D1W4M0J7N3,2017319,2018-12-08,299,215,209,2,4,299,209,2,4,84,1,True,True,match,0,0,0,
20,PRC_X1O8H1U2O0U7U1Z4Z1W9J4U4T2F6F7,2017318,2018-12-08,299,213,130,50,33,299,130,50,33,86,1,True,True,match,0,0,0,
20,PRC_Q1D8G1F2H0F7Q1E1F0B6L3Y9X3W8Y5,2017308,2018-12-08,299,206,203,0,3,299,203,0,3,93,1,True,True,match,0,0,0,
20,PRC_E1K8B1X1Z3H0A1E8M0U6C3P6L8L0D9,2016985,2018-12-08,299,214,205,3,6,299,205,3,6,85,1,True,True,match,0,0,0,
20,PRC_Q1Y8H1R1O3L0H1L8H0V2K2P6H8T7H1,2016984,2018-12-08,299,190,189,0,1,299,189,0,1,109,1,True,True,match,0,0,0,
20,PRC_L1Y8F1I1T3I0M1G8H0V4V2Z6L0Z4G5,2016983,2018-12-08,299,210,206,0,4,299,206,0,4,89,1,True,True,match,0,0,0,
20,PRC_Z1O8J1V1A3B0R1J7S5X9R2J2U9R2E1,2016982,2018-12-08,299,214,213,0,1,299,213,0,1,85,1,True,True,match,0,0,0,
20,PRC_G1Y8T1L1U3D0M1Z7P5S7J0M3N7F9P3,2016981,2018-12-08,299,204,198,1,5,299,198,1,5,95,1,True,True,match,0,0,0,
20,PRC_Z1W8J1B1V3C0J1D7F5P5G4J7O5S7L3,2016980,2018-12-08,299,202,198,0,4,299,198,0,4,97,1,True,True,match,0,0,0,
20,PRC_R1P8U1T1S3T0B1O8C2I3U2Q1Y7Z2Y4,2016979,2018-12-08,299,198,190,0,8,299,190,0,8,101,1,True,True,match,0,0,0,
20,PRC_X1J8D1M1I3W0M1I7W5F4V3V3L2Z5Y6,2016978,2018-12-08,299,179,178,0,1,299,178,0,1,120,1,True,True,match,0,0,0,
20,PRC_N1L8K1I1G0V6J1A8S1H7X4X4A1G4Y5,2016370,2018-12-08,299,216,199,2,15,299,199,2,15,83,1,True,True,match,0,0,0,
20,PRC_H1I8D1L1B0S1S1E7M5H7M2E3D3A3S9,2016282,2018-12-08,299,217,213,0,4,299,213,0,4,82,1,True,True,match,0,0,0,
20,PRC_Z1X8U1A1P0W1M1B5N1Z7V0U2B3X2U8,2016255,2018-12-08,299,209,207,1,1,299,207,1,1,90,1,True,True,match,0,0,0,
20,PRC_W1R8Y0E9P0W3E1F1V0Y2F0Y4V4K9E0,2015258,2018-12-08,299,211,202,0,9,299,202,0,9,88,1,True,True,match,0,0,0,
20,PRC_X1L8M0L9M0I3D1Z0X3C7K2K3B5Y5G8,2015253,2018-12-08,299,210,203,0,7,299,203,0,7,89,1,True,True,match,0,0,0,
20,PRC_N1L8F0F9J0C3N1I0C3X5F5L7G3K4V7,2015252,2018-12-08,299,210,200,1,9,299,200,1,9,89,1,True,True,match,0,0,0,
20,PRC_N1P8W0R9D0B3A1B0A1E7I2V5K6E6N6,2015247,2018-12-08,299,215,199,3,13,299,199,3,13,84,1,True,True,match,0,0,0,
20,PRC_H1O8G0S9F0H3T1C0A1Z4I4L0W6V1W1,2015246,2018-12-08,299,214,192,8,14,299,192,8,14,85,1,True,True,match,0,0,0,
20,PRC_D1T8T0H9U0E3A1I0I1N4J0K2O7E0O9,2015245,2018-12-08,299,212,168,29,15,299,168,29,15,87,1,True,True,match,0,0,0,
20,ARC_K1I8W0J8L3G1X1T3C3R1K5I1C2J6V2,2015219,2018-12-08,299,216,215,0,1,299,215,0,1,83,1,True,True,match,0,0,0,
20,ARC_W1G8V0D8H3D1M1Z4A4T9E0P6T7W6F4,2015217,2018-12-08,299,216,214,0,2,299,214,0,2,83,1,True,True,match,0,0,0,
20,ARC_V1Q8W0D8M3G1P1B4X3O0N3S1Q3U2A2,2015215,2018-12-08,299,212,210,0,2,299,210,0,2,87,1,True,True,match,0,0,0,
20,ARC_U1B8H0I8Q3X1L1K4E5H7Y3G4G3T4N4,2015214,2018-12-08,299,211,209,0,2,299,209,0,2,88,1,True,True,match,0,0,0,
20,ARC_V1Y8L0H8J3Z1B1W5J0O6T4V8M4T7K8,2015212,2018-12-08,299,208,202,1,5,299,202,1,5,91,1,True,True,match,0,0,0,
20,PRC_F1U8P0B6O1L5R1W2B1L9X1O3X8F7P3,2013859,2018-12-08,299,210,196,2,12,299,196,2,12,89,1,True,True,match,0,0,0,
20,PRC_O1P8X0J5Z3A1D1H0K1Z4O3T4B3Q6C4,2013858,2018-12-08,299,211,198,2,11,299,198,2,11,88,1,True,True,match,0,0,0,
20,PRC_P1X8N1V1F2Y9W1J0R2S9B0P2R5K1E7,2017190,2018-12-07,299,187,176,1,10,299,176,1,10,112,1,True,True,match,0,0,0,
20,PRC_S1N8G1N1F2S9V1P1G1P1U4V6P1O5X7,2017189,2018-12-07,299,182,178,0,4,299,178,0,4,117,1,True,True,match,0,0,0,
20,PRC_M1Y8L1K1V2V9H1A0S3E3L4C7D8P8U0,2017187,2018-12-07,299,182,173,2,7,299,173,2,7,117,1,True,True,match,0,0,0,
20,PRC_C1W8F1L1W2M9P1U0B3R0K0G6U0A2F8,2017186,2018-12-07,299,184,180,0,4,299,180,0,4,115,1,True,True,match,0,0,0,
20,PRC_C1V8X1Z1L2X8O1H7O3Q6E3F9O8L5H1,2017184,2018-12-07,299,196,194,0,2,299,194,0,2,103,1,True,True,match,0,0,0,
20,PRC_Z1C8C1B1M3M0T1J8C1M0A0R9P5S3O2,2017182,2018-12-07,299,184,182,0,2,299,182,0,2,115,1,True,True,match,0,0,0,
20,PRC_Z1A8V1C1F3U0S1W8G1X3D2M9B6Z6V1,2017181,2018-12-07,299,187,183,0,4,299,183,0,4,112,1,True,True,match,0,0,0,
20,PRC_V1N8W1A1R3I0A1U8F0C0N2H7S8S3E8,2017180,2018-12-07,299,182,181,0,1,299,181,0,1,117,1,True,True,match,0,0,0,
20,PRC_Q1Z8M1X1O2B8F1B7K0L8P2O5H7R4U6,2017179,2018-12-07,299,191,177,0,14,299,177,0,14,108,1,True,True,match,0,0,0,
20,PRC_A1X8N1R1K2Q8N1C6Q4Y7J2X6Q4E1Q7,2017178,2018-12-07,299,198,194,1,3,299,194,1,3,101,1,True,True,match,0,0,0,
20,PRC_U1V8Y1Q1X2L8H1C6R4A5S2E4M4M3F5,2017177,2018-12-07,299,193,180,3,10,299,180,3,10,106,1,True,True,match,0,0,0,
20,PRC_X1X8J1V1D2X8C1F6R5O7S3O6T0S6Z7,2017176,2018-12-07,299,180,179,0,1,299,179,0,1,119,1,True,True,match,0,0,0,
20,PRC_F1U8H1N1R2H8G1B1B1M4W5Q5K9R3O1,2017175,2018-12-07,299,186,149,5,32,299,149,5,32,113,1,True,True,match,0,0,0,
20,PRC_W1Y8L1V1U2Z8I1V1M1J2T3D0P7X0J4,2017174,2018-12-07,299,188,154,4,30,299,154,4,30,111,1,True,True,match,0,0,0,
20,PRC_N1G8U1R1R2H8G1R1B0W9X4S8T5X1Q7,2017173,2018-12-07,299,187,160,4,23,299,160,4,23,112,1,True,True,match,0,0,0,
20,PRC_M1G8D1E1R2Q8I1V3P2I3L3H8E4F0Q8,2017172,2018-12-07,299,181,177,0,4,299,177,0,4,118,1,True,True,match,0,0,0,
20,PRC_C1L8Z1A1X2C9N1L9M0L0U0K0S2G9W4,2017171,2018-12-07,299,177,176,0,1,299,176,0,1,122,1,True,True,match,0,0,0,
20,PRC_E1D8I1P1L2Y8M1J3U5L4Z4J0N8Q1X1,2017170,2018-12-07,299,200,200,0,0,299,200,0,0,99,1,True,True,match,0,0,0,
20,PRC_I1I8I1I1V2X8I1I3P5M5P1X7F4S8K0,2017169,2018-12-07,299,202,199,1,2,299,199,1,2,97,1,True,True,match,0,0,0,
20,PRC_X1I8U1X1B2I8W1E3Y5Z6A5N1D5T8K2,2017168,2018-12-07,299,205,204,0,1,299,204,0,1,94,1,True,True,match,0,0,0,
20,PRC_J1Q8K1Y1U2E8Z1A7T2N8O4O0Y2V7L1,2017166,2018-12-07,299,184,177,0,7,299,177,0,7,115,1,True,True,match,0,0,0,
20,PRC_P1F8W1J1D2C8M1T4W4H8E5Z8A4E4D6,2017165,2018-12-07,299,192,189,0,3,299,189,0,3,107,1,True,True,match,0,0,0,
20,PRC_X1E8L1N1L2D8H1N5Q3O1H0P0O2H6G1,2017164,2018-12-07,299,210,177,9,24,299,177,9,24,89,1,True,True,match,0,0,0,
20,PRC_F1U8H1E1J2O8J1K7M4P8A2W0M1N6Q9,2017163,2018-12-07,299,191,181,0,10,299,181,0,10,108,1,True,True,match,0,0,0,
20,PRC_A1F8C1M1H2N8F1L7J1F1J4L1L2B0O5,2017162,2018-12-07,299,189,186,0,3,299,186,0,3,110,1,True,True,match,0,0,0,
20,PRC_O1F8K1U1I2B8S1I7I3A8B1O6E4Q9C5,2017161,2018-12-07,299,192,187,0,5,299,187,0,5,107,1,True,True,match,0,0,0,
20,PRC_J1P8H1R1I2V8N1B6G0L0Z5W0S1O5Q3,2017160,2018-12-07,299,194,188,0,6,299,188,0,6,105,1,True,True,match,0,0,0,
20,PRC_F1M8F1A1U2L8G1I5J4K7D1A9Y7P3B3,2017159,2018-12-07,299,203,130,46,27,299,130,46,27,96,1,True,True,match,0,0,0,
20,PRC_X1E8P1B1C2C8Z1P8K2V0J0R0M1H4A7,2017158,2018-12-07,299,200,198,0,2,299,198,0,2,99,1,True,True,match,0,0,0,
20,PRC_V1C8S1S1I2U8L1U7F3V9J0T3C4O6V7,2017157,2018-12-07,299,188,175,0,13,299,175,0,13,111,1,True,True,match,0,0,0,
20,PRC_P1A8W0X9K1V1I1Y9E4X7L4R3E3V4Y5,2017156,2018-12-07,299,190,189,0,1,299,189,0,1,109,1,True,True,match,0,0,0,
20,PRC_O1C8X1V1R2T8N1F7V4N0C2C0Q1H4K2,2017155,2018-12-07,299,198,195,0,3,299,195,0,3,101,1,True,True,match,0,0,0,
20,PRC_G1J8R1J1L2M8L1J4L5B6B4L9W3G3E0,2017154,2018-12-07,299,204,196,0,8,299,196,0,8,95,1,True,True,match,0,0,0,
20,PRC_Q1D8E1R1E2I8N1X7R4W1A0B3V9R6I7,2017153,2018-12-07,299,194,191,0,3,299,191,0,3,105,1,True,True,match,0,0,0,
20,PRC_X1C8F1L1Q2U8X1X8G0V2O1E3C9Q3N5,2017152,2018-12-07,299,195,190,0,5,299,190,0,5,104,1,True,True,match,0,0,0,
20,PRC_Z1I8Y1V1E2F7S1J3F3B4R4I4Q3D6U7,2017151,2018-12-07,299,183,177,1,5,299,177,1,5,116,1,True,True,match,0,0,0,
20,PRC_T1J8B1X1Z2L8I1N7E3L1C0G3T0N2Y3,2017150,2018-12-07,299,197,188,1,8,299,188,1,8,102,1,True,True,match,0,0,0,
20,PRC_U1U8R1O1C2Q7J1L4H3R3E0Y6R8G0Z6,2017149,2018-12-07,299,179,177,0,2,299,177,0,2,120,1,True,True,match,0,0,0,
20,PRC_C1I8E1D1D2Q8A1C6G4J4N1P3F0Z6I9,2017148,2018-12-07,299,197,196,0,1,299,196,0,1,102,1,True,True,match,0,0,0,
20,PRC_D1B8R1U1T2Z8G1X7S4G4J1V9W5L4T8,2017147,2018-12-07,299,177,174,0,3,299,174,0,3,122,1,True,True,match,0,0,0,
20,PRC_T1E8Y1C1I2X7A1Y2M3K1O0Z3V9C7K6,2017146,2018-12-07,299,186,185,0,1,299,185,0,1,113,1,True,True,match,0,0,0,
20,PRC_F1B8V1H1F2R8Z1W8A0R8C3S6M4U8C7,2017145,2018-12-07,299,196,193,0,3,299,193,0,3,103,1,True,True,match,0,0,0,
20,PRC_W1L8N1V1K2D8G1U6Z4W2N4T7B4W9B5,2017144,2018-12-07,299,192,182,0,10,299,182,0,10,107,1,True,True,match,0,0,0,
20,PRC_P1I8I1Z1Z2M8V1T7F4E3N2S3A4P8Y8,2017143,2018-12-07,299,198,196,0,2,299,196,0,2,101,1,True,True,match,0,0,0,
20,PRC_T1I8I1A1C2U8Q1S7N3S4Q2L8T1O7O5,2017142,2018-12-07,299,185,176,0,9,299,176,0,9,114,1,True,True,match,0,0,0,
20,PRC_H1R8Z1H1C2H8I1G4A1Z3L3T3M7F9D9,2017141,2018-12-07,299,197,195,1,1,299,195,1,1,102,1,True,True,match,0,0,0,
20,PRC_U1U8A1K1I2O7L1E3F3Y2O1X4W3D9E1,2017140,2018-12-07,299,173,171,0,2,299,171,0,2,126,1,True,True,match,0,0,0,
20,PRC_H1B8X1G1L2S7G1S3T3C3P3Y2C7V2V0,2017139,2018-12-07,299,169,144,3,22,299,144,3,22,130,1,True,True,match,0,0,0,
20,PRC_E1I8I1O1T2A8Z1P4M1O1Q4I2N8C3N6,2017138,2018-12-07,299,204,201,0,3,299,201,0,3,95,1,True,True,match,0,0,0,
20,PRC_L1B8I1O1Q2X8B1T7Y4O6K2X6A2X5N3,2017137,2018-12-07,299,196,190,0,6,299,190,0,6,103,1,True,True,match,0,0,0,
20,PRC_Y1S8R1G1Q2P8U1K7K3Y0F0H4P5N4U4,2017136,2018-12-07,299,184,177,2,5,299,177,2,5,115,1,True,True,match,0,0,0,
20,PRC_F1P8S1F1S2Z8S1B7X1X0Q3X5C5Z0L8,2017135,2018-12-07,299,183,181,0,2,299,181,0,2,116,1,True,True,match,0,0,0,
20,PRC_B1C8P1L1L2Q8E1D7W3M3N2G2J9E7M1,2017134,2018-12-07,299,201,196,0,5,299,196,0,5,98,1,True,True,match,0,0,0,
20,PRC_B1U8P1J1G2O8H1Y7I5M0V4H5J9A6O7,2017133,2018-12-07,299,198,193,0,5,299,193,0,5,101,1,True,True,match,0,0,0,
20,PRC_F1Z8S1W1D2V8U1R7M5J3D3C7G6K6S2,2017132,2018-12-07,299,189,185,0,4,299,185,0,4,110,1,True,True,match,0,0,0,
20,PRC_P1J8D1S1T2Y8O1D4K5H8Z0D2L1K1Y2,2017131,2018-12-07,299,205,196,0,9,299,196,0,9,94,1,True,True,match,0,0,0,
20,PRC_S1D8Z1L1A2Z7E1V4Q2P6U4G8L2F6R9,2017130,2018-12-07,299,191,191,0,0,299,191,0,0,108,1,True,True,match,0,0,0,
20,PRC_H1A8S1D1U2C8E1A7Y5S5C2B6R9O0R7,2017129,2018-12-07,299,186,184,0,2,299,184,0,2,113,1,True,True,match,0,0,0,
20,PRC_R1M8W1D1V2L8D1Y7H5P2I0G6T7F0Z5,2017128,2018-12-07,299,201,196,0,5,299,196,0,5,98,1,True,True,match,0,0,0,
20,PRC_M1Q8X1S1P2Y8B1Z7C5O7V2Y2Q9J7J0,2017127,2018-12-07,299,188,187,0,1,299,187,0,1,111,1,True,True,match,0,0,0,
20,PRC_Q1B8L1X1Y2T8B1C7P2F6X2Q1X5W0K1,2017126,2018-12-07,299,195,189,0,6,299,189,0,6,104,1,True,True,match,0,0,0,
20,PRC_Y1W8H1F1T2K8Z1A7J5W4V3I0W6R8W4,2017125,2018-12-07,299,178,178,0,0,299,178,0,0,121,1,True,True,match,0,0,0,
20,PRC_H1K8A1H1T2F8I1L7I5K9Y4C1O1C5Z5,2017124,2018-12-07,299,191,186,0,5,299,186,0,5,108,1,True,True,match,0,0,0,
20,PRC_A1A8Z1J1T2G8C1L5J5R8H1B0J1G3I3,2017123,2018-12-07,299,197,191,0,6,299,191,0,6,102,1,True,True,match,0,0,0,
20,PRC_T1Z8H1R1G2P8X2T0E2N6Q3C8S0Z7A0,2017122,2018-12-07,299,194,181,0,13,299,181,0,13,105,1,True,True,match,0,0,0,
20,PRC_D1K8G1G1I2R8R1S7M5V6R1R5B8S3X9,2017121,2018-12-07,299,187,184,0,3,299,184,0,3,112,1,True,True,match,0,0,0,
20,PRC_C1F8A1R1I2H8M1E7D2B5D1J7L5N8Z4,2017120,2018-12-07,299,191,188,0,3,299,188,0,3,108,1,True,True,match,0,0,0,
20,PRC_R1L8E1N1Q2M8L1A3S0N4D5U2H4M1D3,2017119,2018-12-07,299,158,143,1,14,299,143,1,14,141,1,True,True,match,0,0,0,
20,PRC_A1V8K0Q9Y1J9R1M4M3L1T4L1K8J5E6,2017118,2018-12-07,299,197,176,3,18,299,176,3,18,102,1,True,True,match,0,0,0,
20,PRC_X1M8O1T1W2A9Z1O5V3M2S0V8T2A7L6,2017117,2018-12-07,299,186,177,0,9,299,177,0,9,113,1,True,True,match,0,0,0,
20,PRC_L1C8D1H1P2H0Y1W1Z1U2J0M5C7R6X6,2017116,2018-12-07,299,206,203,0,3,299,203,0,3,93,1,True,True,match,0,0,0,
20,PRC_L1E8F1K1B2C7O1F5M1T7G2S5O8K8N7,2017115,2018-12-07,299,206,205,0,1,299,205,0,1,93,1,True,True,match,0,0,0,
20,PRC_E1J8E1R1A2H7D1Z5Y1Z5K5G5D8P4Y9,2017114,2018-12-07,299,205,200,0,5,299,200,0,5,94,1,True,True,match,0,0,0,
20,PRC_D1J8C1N1Z2T7Y1J5O1A8F5M6C5T7N9,2017113,2018-12-07,299,210,205,0,5,299,205,0,5,89,1,True,True,match,0,0,0,
20,PRC_K1O8B1N1L2Y7T1V5A1R0H3A8D9H5F7,2017112,2018-12-07,299,198,175,3,20,299,175,3,20,101,1,True,True,match,0,0,0,
20,PRC_L1E7L0J7L0Z5K1K6N2X9E5J6W3Y3P3,2017111,2018-12-07,299,205,200,0,5,299,200,0,5,94,1,True,True,match,0,0,0,
20,PRC_F1N8W1M1S0Q9F1L3J3S6P4R4Z3Y2W5,2017107,2018-12-07,299,197,193,0,4,299,193,0,4,102,1,True,True,match,0,0,0,
20,PRC_B1W8U1S1K2Y8X1W1B2L1C0T7E9A2Y8,2017102,2018-12-07,299,182,180,0,2,299,180,0,2,117,1,True,True,match,0,0,0,
20,PRC_M1V8I1X1F2N7Q1D7T4L3Y2Y3Q6G1L7,2017099,2018-12-07,299,203,200,0,3,299,200,0,3,96,1,True,True,match,0,0,0,
20,PRC_N1L8K1Q1A2V7V1D7N1L7X0J6L7I4M1,2017098,2018-12-07,299,199,182,5,12,299,182,5,12,100,1,True,True,match,0,0,0,
20,PRC_K1G8B1Q1S2Q7R1Y7J2H0C3O9B7D0D0,2017094,2018-12-07,299,191,190,0,1,299,190,0,1,108,1,True,True,match,0,0,0,
20,PRC_A1I8C1G1W2M7T1F7W2Q2V4E6S5U1V2,2017093,2018-12-07,299,196,194,0,2,299,194,0,2,103,1,True,True,match,0,0,0,
20,PRC_X1T8W1S1W2S7A1L7C2A4O4L8Y1I0F9,2017092,2018-12-07,299,197,192,0,5,299,192,0,5,102,1,True,True,match,0,0,0,
20,PRC_T1J8G1Z1Y2G7X1G7I2G4V0P1N0Q3B9,2017091,2018-12-07,299,196,195,0,1,299,195,0,1,103,1,True,True,match,0,0,0,
20,PRC_P1J8T1N1T2P8W1G3M5R9Y4I6E3E9W1,2017090,2018-12-07,299,213,210,0,3,299,210,0,3,86,1,True,True,match,0,0,0,
20,PRC_W1G8G1T1X2S8D1O4J0G1U3V8J4Q3X8,2017085,2018-12-07,299,207,201,2,4,299,201,2,4,92,1,True,True,match,0,0,0,
20,PRC_D1H8E1F1C2V8A1F3O4A9T4T0E8K4R4,2017079,2018-12-07,299,204,190,2,12,299,190,2,12,95,1,True,True,match,0,0,0,
20,PRC_F1O8F1A1L2K8Q1R3O5E8N2W0I8F2Y5,2017076,2018-12-07,299,205,203,0,2,299,203,0,2,94,1,True,True,match,0,0,0,
20,PRC_A1R8J1F1G2S8P1B4V1B4R4W4E6N1O2,2017075,2018-12-07,299,199,199,0,0,299,199,0,0,100,1,True,True,match,0,0,0,
20,PRC_G1H8D1S1D2S8D1P4I1B0R3P2N7F0H1,2017074,2018-12-07,299,204,202,0,2,299,202,0,2,95,1,True,True,match,0,0,0,
20,ARC_Y1O8R1F1Q0G1P1G0Q5E9Y2F5W5R1R7,2016247,2018-12-07,299,179,176,0,3,299,176,0,3,120,1,True,True,match,0,0,0,
20,PRC_W1L8J1T0P3F1F1I7G2Y3A1O1F0Y1Q0,2016193,2018-12-07,299,181,180,0,1,299,180,0,1,118,1,True,True,match,0,0,0,
20,PRC_H1X8L1S0C2T6J1C0U4Z4F4T0M4X4Q1,2016077,2018-12-07,299,207,192,1,14,299,192,1,14,92,1,True,True,match,0,0,0,
20,PRC_O1H8D1U0Z2P6H1C0P3I0Z4P3V1D4Y7,2016076,2018-12-07,299,205,192,1,12,299,192,1,12,94,1,True,True,match,0,0,0,
20,PRC_R1W8Z1H0A2I3T2D0L1Y0K0A2H9C6V6,2016050,2018-12-07,299,182,166,6,10,299,166,6,10,117,1,True,True,match,0,0,0,
20,PRC_R1D8S1U0V2D3T1N7I0K5G2A1E2I6V3,2016043,2018-12-07,299,196,196,0,0,299,196,0,0,103,1,True,True,match,0,0,0,
20,PRC_Y1U8K1R0Y1L2W1Z6Y5I0O0U4T1L9W8,2015970,2018-12-07,299,204,180,5,19,299,180,5,19,95,1,True,True,match,0,0,0,
20,PRC_P1V8D1N0D1J2W1N4R3S1B5C9D6X2I6,2015964,2018-12-07,299,186,182,0,4,299,182,0,4,113,1,True,True,match,0,0,0,
20,PRC_E1E8N1Q0D1F0H1U7N2Q0R2H7I3T3M4,2015950,2018-12-07,299,204,198,1,5,299,198,1,5,95,1,True,True,match,0,0,0,
20,PRC_Y1T8I1R0K0K8C1X6D5Z3U0Q2C2W6D4,2015912,2018-12-07,299,185,176,0,9,299,176,0,9,114,1,True,True,match,0,0,0,
20,ARC_N1S8W1M0Z0M5J1G5U4X1N2B4F3F8E8,2015888,2018-12-07,299,190,190,0,0,299,190,0,0,109,1,True,True,match,0,0,0,
20,ARC_E1M8D0Y9D2L7J1X6N2G5J3W2N9H7K6,2015761,2018-12-07,299,205,197,1,7,299,197,1,7,94,1,True,True,match,0,0,0,
20,ARC_I1O8E0U9G2K7G1Y5L4S4K4U5G7R4C0,2015755,2018-12-07,299,206,197,1,8,299,197,1,8,93,1,True,True,match,0,0,0,
20,PRC_F1G8G0I9M2F0Z2B0R5F6L3M9J5D6L8,2015708,2018-12-07,299,212,206,0,6,299,206,0,6,87,1,True,True,match,0,0,0,
20,PRC_X1C8K0C9P2L0R1A6T1A3U0B6T5P0E9,2015686,2018-12-07,299,214,196,0,18,299,196,0,18,85,1,True,True,match,0,0,0,
20,PRC_D1S8V0B9E1E4U1G7G3N2Y2I4W8V0N4,2015567,2018-12-07,299,211,199,0,12,299,199,0,12,88,1,True,True,match,0,0,0,
20,PRC_O1O8G0T9L1H3D1M8N0W3E3U6P3E7C1,2015524,2018-12-07,299,212,207,0,5,299,207,0,5,87,1,True,True,match,0,0,0,
20,PRC_J1O8N0E9A1K3O1R7Y3F6Z5U3L0X0D6,2015514,2018-12-07,299,170,156,0,14,299,156,0,14,129,1,True,True,match,0,0,0,
20,PRC_C1V8J0D9J1H3Y1R0M1S7Z4R5L4O2D2,2015481,2018-12-07,299,196,194,0,2,299,194,0,2,103,1,True,True,match,0,0,0,
20,PRC_V1J8Y0I9B1R2W1P7H0H8Q5L8Q9U6P7,2015466,2018-12-07,299,181,175,0,6,299,175,0,6,118,1,True,True,match,0,0,0,
20,PRC_Z1T8M0V9Y1X2S1D1Y4H7F2M5D9R1S7,2015451,2018-12-07,299,180,167,2,11,299,167,2,11,119,1,True,True,match,0,0,0,
20,PRC_N1O8E0Q9F1X1Y1R3Y2B0X2F0V1G4X4,2015428,2018-12-07,299,180,180,0,0,299,180,0,0,119,1,True,True,match,0,0,0,
20,PRC_I1F8R0S9S0Z4O1M6O2C5L0B0F2J5T7,2015313,2018-12-07,299,221,205,4,12,299,205,4,12,78,1,True,True,match,0,0,0,
20,PRC_W1M8L0Y9S0F4Q1U6K1P9H5M9Y5L0P7,2015312,2018-12-07,299,221,218,0,3,299,218,0,3,78,1,True,True,match,0,0,0,
20,PRC_Q1T8T0F8E3K0J1D5V4S2I3B3Q1I2Y4,2015172,2018-12-07,299,204,201,0,3,299,201,0,3,95,1,True,True,match,0,0,0,
20,PRC_N1Y8V0O8A2X8D1K7Y4R5Z3X6U9K7K1,2015117,2018-12-07,299,181,156,12,13,299,156,12,13,118,1,True,True,match,0,0,0,
20,PRC_P1X8Y0B8W2M7X1V6G0Y8V0G8J6M7I5,2015059,2018-12-07,299,205,203,0,2,299,203,0,2,94,1,True,True,match,0,0,0,
20,PRC_A1T8M0V8C2N3G1S3Q5M8A1V3V3T3X1,2015005,2018-12-07,299,206,196,1,9,299,196,1,9,93,1,True,True,match,0,0,0,
20,PRC_I1Z8Y0E8S1G7J1Q3L2P5A4Y8F2D4R9,2014924,2018-12-07,299,206,194,0,12,299,194,0,12,93,1,True,True,match,0,0,0,
20,PRC_J1I8Y0O8N0C3U1J7B3D3E2P4E3S8F0,2014737,2018-12-07,299,191,164,5,22,299,164,5,22,108,1,True,True,match,0,0,0,
20,ARC_S1I8L0T7D3S1K1X6O0C5E5B8F7S5Z2,2014691,2018-12-07,299,184,173,2,9,299,173,2,9,115,1,True,True,match,0,0,0,
20,ARC_B1A8F0C7R3N1J1F4X3O4S5H3A2I1X0,2014660,2018-12-07,299,203,198,1,4,299,198,1,4,96,1,True,True,match,0,0,0,
20,ARC_S1K8W0R7P3B1W1M4T3C4X0S1R7W6R0,2014659,2018-12-07,299,204,201,1,2,299,201,1,2,95,1,True,True,match,0,0,0,
20,ARC_E1T8N0G7V3B1X1U4C3K4L4W0F0A9E9,2014655,2018-12-07,299,211,207,0,4,299,207,0,4,88,1,True,True,match,0,0,0,
20,ARC_S1O8N0Q7E3Y1U1G4G5M0L3E7E7Z5K8,2014651,2018-12-07,299,202,200,0,2,299,200,0,2,97,1,True,True,match,0,0,0,
20,ARC_X1R8G0Q7S3O1T1A4K2Z6I4D1D8K3E6,2014644,2018-12-07,299,207,205,0,2,299,205,0,2,92,1,True,True,match,0,0,0,
20,PRC_X1U8H0E7G2J7O1S8C0T4J2B0S5J1O9,2014611,2018-12-07,299,208,202,0,6,299,202,0,6,91,1,True,True,match,0,0,0,
20,PRC_T1X8T0F7Q1A8B1N8D1M0W2S6G8V0K9,2014479,2018-12-07,299,197,195,0,2,299,195,0,2,102,1,True,True,match,0,0,0,
20,ARC_M1M8O0Z7V1T3V1Y1E3K9U1O5A6J1H2,2014381,2018-12-07,299,195,193,0,2,299,193,0,2,104,1,True,True,match,0,0,0,
20,PRC_B1X8W0A7Z0C4D1K7H3M9N2V4U4S2A3,2014217,2018-12-07,299,199,192,0,7,299,192,0,7,100,1,True,True,match,0,0,0,
20,ARC_W1A8V0Z7H0N4N1S3R3R9H4W5R4V6O5,2014210,2018-12-07,299,178,177,0,1,299,177,0,1,121,1,True,True,match,0,0,0,
20,PRC_R1Z8S0S7F0S3A1K1K0Y0L2D1R6W9P4,2014187,2018-12-07,299,184,183,0,1,299,183,0,1,115,1,True,True,match,0,0,0,
20,PRC_I1K8B0B6E2J8F1J7B2J6W3V1M1B9N6,2014077,2018-12-07,299,202,185,1,16,299,185,1,16,97,1,True,True,match,0,0,0,
20,PRC_H1Y8Z0Z6R2W7D1H7T3Z4Z4M3F7G3Z3,2014052,2018-12-07,299,211,203,1,7,299,203,1,7,88,1,True,True,match,0,0,0,
20,PRC_C1L8Z0L6T2A7G1W5N5W7M3J4I6T3D4,2014048,2018-12-07,299,213,178,7,28,299,178,7,28,86,1,True,True,match,0,0,0,
20,PRC_D1A8X0R6W2M6I1H3Y3X2A0A2G1A5B8,2014013,2018-12-07,299,187,183,1,3,299,183,1,3,112,1,True,True,match,0,0,0,
20,PRC_F1P8J0U5G3C1D1J8D2G3J5J3L3B3X0,2013874,2018-12-07,299,212,119,82,11,299,119,82,11,87,1,True,True,match,0,0,0,
20,PRC_O1E8X0I5I3H1J1F8M2I3P1Y1K7P9P4,2013873,2018-12-07,299,212,117,79,16,299,117,79,16,87,1,True,True,match,0,0,0,
20,PRC_H1T8R0F5V2K8E1U4N3J2U5H1B6Y6B6,2013808,2018-12-07,299,215,211,1,3,299,211,1,3,84,1,True,True,match,0,0,0,
20,PRC_I1M8A0N5Q1F7X1W4B5U7M3T3Y6Y3K2,2013620,2018-12-07,299,187,166,3,18,299,166,3,18,112,1,True,True,match,0,0,0,
20,PRC_N1A8R0D5W1T7C1M0V0N6G2J9H6I9Z5,2013612,2018-12-07,299,187,168,3,16,299,168,3,16,112,1,True,True,match,0,0,0,
20,PRC_U1K8B0Y5L0B8C1F5W4L4D3Z1P3D5W6,2013474,2018-12-07,299,174,174,0,0,299,174,0,0,125,1,True,True,match,0,0,0,
20,PRC_V1S8O0R4E3Z0I1J8M4F1U2Y3U3Q3W3,2013358,2018-12-07,299,175,171,0,4,299,171,0,4,124,1,True,True,match,0,0,0,
20,PRC_E1J8R0I4L2N7I1H5A4Z6B4H6U7B6T3,2013287,2018-12-07,299,178,177,0,1,299,177,0,1,121,1,True,True,match,0,0,0,
20,PRC_G1P8C0L4W2C6M1G4H3R3R4V8S3U4P5,2013263,2018-12-07,299,197,196,0,1,299,196,0,1,102,1,True,True,match,0,0,0,
20,PRC_I1B8F0F4G1B7M1V7C5F1R0C1N6V5B1,2013111,2018-12-07,299,211,207,1,3,299,207,1,3,88,1,True,True,match,0,0,0,
20,PRC_J1W8Q0G4B1E6L1B7Z5M0O4Z3P3X6H4,2013080,2018-12-07,299,182,176,0,6,299,176,0,6,117,1,True,True,match,0,0,0,
20,PRC_Q1Q8X0O4A1E3E1Y6R1Y5J5K5T3Z0W1,2013059,2018-12-07,299,211,204,1,6,299,204,1,6,88,1,True,True,match,0,0,0,
20,PRC_P1T8N0A3C2Y7M1I4P1D2A3H8F3C2F5,2012693,2018-12-07,299,201,199,0,2,299,199,0,2,98,1,True,True,match,0,0,0,
20,PRC_H1J8W0B3L1Y9P1H1K2J2Z0N3G0Y6J0,2012530,2018-12-07,299,182,180,0,2,299,180,0,2,117,1,True,True,match,0,0,0,
20,PRC_K1M8B0R3L1D3K1W3Y3W4Z3Z4D0Q1R8,2012452,2018-12-07,299,205,185,1,19,299,185,1,19,94,1,True,True,match,0,0,0,
20,PRC_P1H8N0I3Z0M9C1H3N4T9U0P8W3E4E2,2012409,2018-12-07,299,184,179,0,5,299,179,0,5,115,1,True,True,match,0,0,0,
20,PRC_V1M8M0L3X0N7W1G4G4L3L2A6L3Z4E8,2012355,2018-12-07,299,178,178,0,0,299,178,0,0,121,1,True,True,match,0,0,0,
20,PRC_W1T8T0F3P0P7C1K4C4V2P4S0Q4Q9P8,2012354,2018-12-07,299,177,174,0,3,299,174,0,3,122,1,True,True,match,0,0,0,
20,PRC_A1E8I0G3X0T6M1P7N4T0Q1K4P8D3D2,2012338,2018-12-07,299,176,156,0,20,299,156,0,20,123,1,True,True,match,0,0,0,
20,PRC_S1F8R0R2C2H1B1M6Y4A5A3H3U2Y6V9,2012065,2018-12-07,299,188,163,4,21,299,163,4,21,111,1,True,True,match,0,0,0,
20,PRC_A1J8Y0G2S2U1T1J6B2M0J1W1J3B3L9,2012064,2018-12-07,299,184,152,8,24,299,152,8,24,115,1,True,True,match,0,0,0,
20,PRC_X1X8T0E2R2Z0F1Z0G3W0K1Q2T7P9G9,2011997,2018-12-07,299,179,176,0,3,299,176,0,3,120,1,True,True,match,0,0,0,
20,PRC_K1X8O0E2S0A9F1V1Q0M2V5U4Z6T2M1,2011872,2018-12-07,299,180,161,2,17,299,161,2,17,119,1,True,True,match,0,0,0,
20,PRC_E1I8Q0B2D0A8L1F7G4I5C4K5Y3P2L5,2011862,2018-12-07,299,208,202,2,4,299,202,2,4,91,1,True,True,match,0,0,0,
20,PRC_R1Y8G0U2N0A8B1R0D4C4T3Z1P1R0C0,2011828,2018-12-07,299,196,183,3,10,299,183,3,10,103,1,True,True,match,0,0,0,
20,PRC_P1M8G0F2A0T2J1H0L3B1J0K8T3D3H4,2011723,2018-12-07,299,184,162,4,18,299,162,4,18,115,1,True,True,match,0,0,0,
20,PRC_A1Y8K0T1T2T4Y1N5Y0G7N2L7X1L7J7,2011523,2018-12-07,299,205,201,0,4,299,201,0,4,94,1,True,True,match,0,0,0,
20,PRC_R1O8L0V1B1Q6T1E5G5I6F3A3W5Q6U9,2011404,2018-12-07,299,186,185,0,1,299,185,0,1,113,1,True,True,match,0,0,0,
20,PRC_B1R8P0R1B1B2Z1Y8L0E1V1U0V2H8E2,2011360,2018-12-07,299,160,157,0,3,299,157,0,3,139,1,True,True,match,0,0,0,
20,PRC_T1T7Z1T2R2Y9R1W7H3M2W2J3J4F7Z8,2011161,2018-12-07,299,196,185,0,11,299,185,0,11,103,1,True,True,match,0,0,0,
20,ARC_K1D7Q1P2A2P9Z1F4F0H1U0Q0N3O0T3,2011127,2018-12-07,299,207,171,14,22,299,171,14,22,92,1,True,True,match,0,0,0,
20,PRC_O1X7Q1T2X2U9E1Q1P1T8E3U3L5E8W6,2011118,2018-12-07,299,169,169,0,0,299,169,0,0,130,1,True,True,match,0,0,0,
20,PRC_H1N7E1M2S2O2W1R7W3R4Q1G6E1Z6E2,2010994,2018-12-07,299,212,208,0,4,299,208,0,4,87,1,True,True,match,0,0,0,
20,PRC_C1Y7C1H2K2B1B1P7U3P1Q0J0Q7T9N5,2010964,2018-12-07,299,205,201,0,4,299,201,0,4,94,1,True,True,match,0,0,0,
20,PRC_V1W7B1J2T2E1O1E4W2R6O4Q0P0A0Z9,2010946,2018-12-07,299,183,183,0,0,299,183,0,0,116,1,True,True,match,0,0,0,
20,ARC_K1D7T1Y2G1X5N1X7Z2H6J5J1S0H9O1,2010881,2018-12-07,299,211,202,1,8,299,202,1,8,88,1,True,True,match,0,0,0,
20,PRC_R1V7A1T2J1U2Y1G6E0T3H1F6F0N5B5,2010790,2018-12-07,299,196,194,0,2,299,194,0,2,103,1,True,True,match,0,0,0,
20,PRC_D1J7P1C1Q2K1M1S7G4E1W2Y2L3D2X9,2010283,2018-12-07,299,199,183,1,15,299,183,1,15,100,1,True,True,match,0,0,0,
20,PRC_Z1L7V1E1K1B6J1F7T2L0R4W1T1I8Y1,2010196,2018-12-07,299,199,197,0,2,299,197,0,2,100,1,True,True,match,0,0,0,
20,PRC_X1C7O1I1S1F5K1O2J4U3W0H8U1A8H4,2010170,2018-12-07,299,204,195,0,9,299,195,0,9,95,1,True,True,match,0,0,0,
20,ARC_J1O7R1Y1J1P0D1A6Q0H7X1Z0A9T5Q5,2010134,2018-12-07,299,183,180,0,3,299,180,0,3,116,1,True,True,match,0,0,0,
20,ARC_C1C7I0T8R2I8Q2M1P5Z2I3X4Y9C3X4,2008816,2018-12-07,299,203,199,1,3,299,199,1,3,96,1,True,True,match,0,0,0,
20,ARC_E1Y7S0Z8C2X8G1A7B2V3U2A8X4D3C8,2008802,2018-12-07,299,188,186,0,2,299,186,0,2,111,1,True,True,match,0,0,0,
20,ARC_V1X7F0F8K2Y8T1T3Y3B6J3O1E8F9F0,2008738,2018-12-07,299,211,209,0,2,299,209,0,2,88,1,True,True,match,0,0,0,
20,PRC_V1I7H0U8V1L6L1V6R3Q0S2T4T8I0E4,2008537,2018-12-07,299,179,176,0,3,299,176,0,3,120,1,True,True,match,0,0,0,
20,PRC_F1K7U0A7W1F0Y0H9K5C8Z0N6I1V0Z2,2007846,2018-12-07,299,189,188,0,1,299,188,0,1,110,1,True,True,match,0,0,0,
20,ARC_S1M7E0S7H0W3X1Q3A5G6E4L3Z6Q6D6,2007745,2018-12-07,299,174,170,0,4,299,170,0,4,125,1,True,True,match,0,0,0,
20,PRC_I1O7J0A6H1E2P1T4P0W1S2W3Q9F8D6,2007327,2018-12-07,299,176,167,1,8,299,167,1,8,123,1,True,True,match,0,0,0,
20,PRC_G1N7H0C6F0K9L1V5F3O8J0B2S8X5T9,2007305,2018-12-07,299,199,198,0,1,299,198,0,1,100,1,True,True,match,0,0,0,
20,PRC_J1H7A0L6P0Z7A1Q1J1N4D4T0B1W7Y1,2007232,2018-12-07,299,205,200,0,5,299,200,0,5,94,1,True,True,match,0,0,0,
20,PRC_P1P7R0P5I3T1I1N4T1N3S3P7I2C7J8,2007122,2018-12-07,299,178,163,1,14,299,163,1,14,121,1,True,True,match,0,0,0,
20,PRC_J1G7D0F5D2P4E1X5W1Q7D4Q3X4L0O0,2007014,2018-12-07,299,195,175,1,19,299,175,1,19,104,1,True,True,match,0,0,0,
20,PRC_P1K7J0I4I0A3X1V6K2Y9I2Q1R4I3A8,2006571,2018-12-07,299,170,166,0,4,299,166,0,4,129,1,True,True,match,0,0,0,
20,PRC_C1N7S0X1E0R2P0N9C4R1M4B4L0Y7Z8,2004900,2018-12-07,299,178,174,0,4,299,174,0,4,121,1,True,True,match,0,0,0,
20,PRC_I1S6G1R2Q2E6I1D7R0U6K1P6N3U0I2,2004625,2018-12-07,299,189,187,0,2,299,187,0,2,110,1,True,True,match,0,0,0,
20,PRC_H1C6V1O2Q2H0A1W7M0F1C0R1G5A6D5,2004505,2018-12-07,299,199,186,0,13,299,186,0,13,100,1,True,True,match,0,0,0,
20,PRC_J1W6T1C2R0U8I1S8P5V7B4I3X6G8N8,2004259,2018-12-07,299,206,200,0,6,299,200,0,6,93,1,True,True,match,0,0,0,
20,PRC_D1Y6G1B2C0H7F1V8A2J5M0X2D0S6K7,2004182,2018-12-07,299,190,176,0,14,299,176,0,14,109,1,True,True,match,0,0,0,
20,PRC_X1X6M1F0W3P1Z1B6C2A2O4J2A7S3L1,2003105,2018-12-07,299,184,173,1,10,299,173,1,10,115,1,True,True,match,0,0,0,
20,PRC_X1H6W1C0A3C1T1F6N0B8V3Z9H4T1K6,2003100,2018-12-07,299,178,170,1,7,299,170,1,7,121,1,True,True,match,0,0,0,
20,PRC_D1Y6I1L0H3K1B1U6H0F0R2J5J0L1O0,2003093,2018-12-07,299,180,171,1,8,299,171,1,8,119,1,True,True,match,0,0,0,
20,PRC_Y1S6I0U9M1X2J1Q6I3F7J3M1T4Y7Q8,2002285,2018-12-07,299,191,191,0,0,299,191,0,0,108,1,True,True,match,0,0,0,
20,PRC_M1C6X1Q1M1S8A1H6Z2T3O3C2E0F9U2,2000042,2018-12-07,299,217,216,0,1,299,216,0,1,82,1,True,True,match,0,0,0,
20,PRC_H1O8G1U1G1R4U2D2A5R9O2H3A2B4H7,2016900,2018-11-29,299,218,206,1,11,299,206,1,11,81,1,True,True,match,0,0,0,
20,PRC_L1D8T1M1M1L4T2G2Y5V5V3T9K5L9S7,2016899,2018-11-29,299,224,222,0,2,299,222,0,2,75,1,True,True,match,0,0,0,
20,PRC_P1H8R1X1Q1N4U2W2U5C8G1C5B4L8N5,2016898,2018-11-29,299,212,204,0,8,299,204,0,8,87,1,True,True,match,0,0,0,
20,PRC_Y1Y8F1M1I1P4W2E2V5J7M0U4C3G3U6,2016896,2018-11-29,299,233,225,0,8,299,225,0,8,66,1,True,True,match,0,0,0,
20,PRC_I1H8O1I1G1I4Q2N3H0E1R2B6A8F8T0,2016895,2018-11-29,299,219,206,2,11,299,206,2,11,80,1,True,True,match,0,0,0,
20,PRC_J1B8S1C1D1H4M2T3B0G2E3U4V7H7T8,2016894,2018-11-29,299,219,202,0,17,299,202,0,17,80,1,True,True,match,0,0,0,
20,PRC_W1E8W1Z1L1J4B2T2M5L3V3A6C9A8H1,2016893,2018-11-29,299,221,183,6,32,299,183,6,32,78,1,True,True,match,0,0,0,
20,PRC_R1N8N1P1Q1M4U2F2U5U1O0B3V3L2O0,2016891,2018-11-29,299,218,212,1,5,299,212,1,5,81,1,True,True,match,0,0,0,
20,PRC_C1K8X1V1U1X4V2I3B0K0O3S4H4C8P5,2016890,2018-11-29,299,221,210,1,10,299,210,1,10,78,1,True,True,match,0,0,0,
20,PRC_D1V8S1Y1T1G4L2W2F5E4U5R1B4G2Y4,2016889,2018-11-29,299,225,224,0,1,299,224,0,1,74,1,True,True,match,0,0,0,
20,PRC_H1I8N1I1R2P0B1B0H5A6V3M0H3N0T7,2016888,2018-11-29,299,221,218,0,3,299,218,0,3,78,1,True,True,match,0,0,0,
20,PRC_Y1P8J1H1E0U5D1Z6N0U2D3T6Z7Q0I7,2016883,2018-11-29,299,222,208,0,14,299,208,0,14,77,1,True,True,match,0,0,0,
20,PRC_G1X8N0Z9L1C2D2I1J2C0E0E8Q1I3F3,2016882,2018-11-29,299,218,208,0,10,299,208,0,10,81,1,True,True,match,0,0,0,
20,PRC_A1D8R1Q1L2F0Y1W1D1X0D5Z9I6H9Y2,2016881,2018-11-29,299,217,215,0,2,299,215,0,2,82,1,True,True,match,0,0,0,
20,PRC_D1V8A1Q1R0U9O1M3F3K6Z0B1X4G1G8,2016880,2018-11-29,299,217,216,0,1,299,216,0,1,82,1,True,True,match,0,0,0,
20,PRC_R1G8J1V1V0R9H1F3S3H7X2Z8W3C9U9,2016879,2018-11-29,299,220,220,0,0,299,220,0,0,79,1,True,True,match,0,0,0,
20,PRC_J1Y8C1V1G2P7Y1B0C5K9Y2X7O3S0W0,2016877,2018-11-29,299,250,247,0,3,299,247,0,3,49,1,True,True,match,0,0,0,
20,PRC_B1Y8Z1I1E2J7S1J1V0I1U0A3G5G8X7,2016876,2018-11-29,299,250,248,0,2,299,248,0,2,49,1,True,True,match,0,0,0,
20,PRC_T1R8Q1F1N2Q7R1B8J1T3J0Z9Q9X9S0,2016875,2018-11-29,299,251,248,0,3,299,248,0,3,48,1,True,True,match,0,0,0,
20,PRC_P1A8Q1O1I2O7N1Y5D1O1A5O4P2A2X8,2016874,2018-11-29,299,251,249,0,2,299,249,0,2,48,1,True,True,match,0,0,0,
20,PRC_N1F8I0R9I2L7T1P6J3P4P4Z9N7U5S8,2015762,2018-11-29,299,215,211,0,4,299,211,0,4,84,1,True,True,match,0,0,0,
20,PRC_W1W8U0R9W0Y4G1M4X5E6F5D0E9I1R2,2015306,2018-11-29,299,250,247,1,2,299,247,1,2,49,1,True,True,match,0,0,0,
20,PRC_S1R8K0R8I0T3H1F7C5Q1X2R4L3Z0C8,2014742,2018-11-29,299,257,257,0,0,299,257,0,0,42,1,True,True,match,0,0,0,
20,ARC_C1X8D0Q7M0T2I1Z6F3M6X1B8W3S6B1,2014169,2018-11-29,299,253,242,0,11,299,242,0,11,46,1,True,True,match,0,0,0,
20,PRC_Q1D8E0J6I2Q9B1D7A5W1Z1Y0P8L4C1,2014149,2018-11-29,299,242,235,0,7,299,235,0,7,57,1,True,True,match,0,0,0,
20,PRC_L1A8V0O6C2M5F1Z1T3A3K5H1S3Q9M7,2013994,2018-11-29,299,233,231,0,2,299,231,0,2,66,1,True,True,match,0,0,0,
20,PRC_N1Y8S0P4O3W0V1Q8G3X7T5O6I2Y2S2,2013357,2018-11-29,299,216,210,0,6,299,210,0,6,83,1,True,True,match,0,0,0,
20,PRC_X1G8I0K4R2P4X1V1X2R8R4A6P4L1V4,2013221,2018-11-29,299,219,218,0,1,299,218,0,1,80,1,True,True,match,0,0,0,
20,ARC_U1S8X0W4T1X2G1D7H3S5A1V0N2H3G3,2013040,2018-11-29,299,251,224,1,26,299,224,1,26,48,1,True,True,match,0,0,0,
20,PRC_B1K8R0L4U0U5D1A7Y4H0V0Q7H3V4E9,2012924,2018-11-29,299,249,248,0,1,299,248,0,1,50,1,True,True,match,0,0,0,
20,PRC_Y1E8W0B3I2J8G1O7K4Y0E4F7W4P3N8,2012731,2018-11-29,299,222,211,2,9,299,211,2,9,77,1,True,True,match,0,0,0,
20,PRC_L1D8F0R3Q2W3N1N8F1G8K1H6S3Y1Q2,2012651,2018-11-29,299,233,210,1,22,299,210,1,22,66,1,True,True,match,0,0,0,
20,PRC_T1X8B0H3N2D3R1Y8Z1G7U1R3U1N7D7,2012650,2018-11-29,299,233,205,1,27,299,205,1,27,66,1,True,True,match,0,0,0,
20,PRC_D1Y8Y0S3O2L3W1Z8B1S5N3X5N7H7R1,2012648,2018-11-29,299,233,207,2,24,299,207,2,24,66,1,True,True,match,0,0,0,
20,PRC_D1K8J0T3Y2T3Y1R8Z1H4S2N5T5V7X3,2012646,2018-11-29,299,228,206,1,21,299,206,1,21,71,1,True,True,match,0,0,0,
20,PRC_W1R8W0F3N2E3U1I8B1E0T1T6P1W7P5,2012642,2018-11-29,299,230,216,1,13,299,216,1,13,69,1,True,True,match,0,0,0,
20,PRC_T1X8H0F3J2W3U1T8G0K9R0K0E3B6H6,2012641,2018-11-29,299,232,225,1,6,299,225,1,6,67,1,True,True,match,0,0,0,
20,ARC_X1S8G0A3D2V3F1J3G4B8L4E8I7W0O1,2012619,2018-11-29,299,254,235,1,18,299,235,1,18,45,1,True,True,match,0,0,0,
20,PRC_I1Z8B0J2U2D0Y1W5P2D7D4I0R6D8S1,2012040,2018-11-29,299,254,238,4,12,299,238,4,12,45,1,True,True,match,0,0,0,
20,PRC_Y1A8Y0A2I0U9I1Y7Y0Y6G5Z6Q3H6V7,2011897,2018-11-29,299,223,218,0,5,299,218,0,5,76,1,True,True,match,0,0,0,
20,PRC_L1O8N0N1G2L9P1T1Z5S2B0N2B8S5D2,2011601,2018-11-29,299,223,220,0,3,299,220,0,3,76,1,True,True,match,0,0,0,
20,PRC_F1Z8V0C1X2Y6H1N8T0F7P2U4V7W8J9,2011598,2018-11-29,299,213,202,0,11,299,202,0,11,86,1,True,True,match,0,0,0,
20,PRC_L1I7K1S2R0R5Y1V8D3H6M2R1B6N3I5,2010633,2018-11-29,299,225,217,1,7,299,217,1,7,74,1,True,True,match,0,0,0,
20,PRC_F1D7V1A1P2V2O1K5T1Z7N5G6I0Z0S3,2010323,2018-11-29,299,226,225,0,1,299,225,0,1,73,1,True,True,match,0,0,0,
20,PRC_D1Z7X0M9M0G1Y1S9B4L0N1U5M6G4U0,2009022,2018-11-29,299,222,199,0,23,299,199,0,23,77,1,True,True,match,0,0,0,
20,PRC_Q1N7E0U9J0O1P1P9O2B0V5S0O4S9J8,2009020,2018-11-29,299,223,203,0,20,299,203,0,20,76,1,True,True,match,0,0,0,
20,PRC_B1S7N0K9Q0X1Z1R9G1T8H4M8A9V6V7,2009019,2018-11-29,299,224,210,0,14,299,210,0,14,75,1,True,True,match,0,0,0,
20,PRC_X1W7J0V9Q0R1T1P9H1D6X3U3R2W4I6,2009018,2018-11-29,299,224,203,0,21,299,203,0,21,75,1,True,True,match,0,0,0,
20,ARC_I1K7H0C8B2Q8E2N2J0N4M2O5J3O9P9,2008817,2018-11-29,299,221,220,0,1,299,220,0,1,78,1,True,True,match,0,0,0,
20,ARC_J1V7A0Y8C2Y8R2W1I3P4A0N8T4B6X5,2008815,2018-11-29,299,224,224,0,0,299,224,0,0,75,1,True,True,match,0,0,0,
20,ARC_E1K7V0X8J2I8U1R4U4J6C4Q5V3F6B2,2008758,2018-11-29,299,218,215,0,3,299,215,0,3,81,1,True,True,match,0,0,0,
20,ARC_I1R7A0R8X2M8N1K4S4H6U0X6B5E7K1,2008755,2018-11-29,299,217,217,0,0,299,217,0,0,82,1,True,True,match,0,0,0,
20,ARC_B1F7U0K8J2A8K1B4F4M5B4B3D4T3U0,2008753,2018-11-29,299,221,219,0,2,299,219,0,2,78,1,True,True,match,0,0,0,
20,ARC_Q1H7B0T8U2I8U1N4J4T5E2P7Z7V2M1,2008752,2018-11-29,299,221,216,0,5,299,216,0,5,78,1,True,True,match,0,0,0,
20,ARC_R1G7T0O8A2T8C1B4V4G5K1X6I7B7G8,2008751,2018-11-29,299,226,223,0,3,299,223,0,3,73,1,True,True,match,0,0,0,
20,PRC_J1L7N0C6X2W6F1N4B1W8S2K3K6W3S4,2007583,2018-11-29,299,211,206,0,5,299,206,0,5,88,1,True,True,match,0,0,0,
20,PRC_J1V7Z0S6P1B2Q1S4U4J7P2I3C0B0V5,2007332,2018-11-29,299,252,245,2,5,299,245,2,5,47,1,True,True,match,0,0,0,
20,PRC_S1G7N0C3B2G8M1Z5V0E8Q0N5Q8H1I2,2006428,2018-11-29,299,226,223,0,3,299,223,0,3,73,1,True,True,match,0,0,0,
20,PRC_X1P7M0B2P0Z9H1O6S2W5Q5H7X0L5K7,2005507,2018-11-29,299,223,222,0,1,299,222,0,1,76,1,True,True,match,0,0,0,
20,PRC_Z1X6Z1W1P0U3E1Z5J0B2T1W3D1Z3Q5,2003249,2018-11-29,299,213,204,1,8,299,204,1,8,86,1,True,True,match,0,0,0,
20,PRC_F1N7P1B1W2H9E1L8M5A8Q5E1E4D9B1,2016617,2018-11-23,299,222,215,0,7,299,215,0,7,77,1,True,True,match,0,0,0,
20,PRC_E1R8B0O9H1L1N2W0R3T4L0S5L4Q3R8,2016614,2018-11-23,299,213,208,0,5,299,208,0,5,86,1,True,True,match,0,0,0,
20,PRC_K1P8R0L9S1M1F2F0S2R3Q1T1F6M2G6,2016609,2018-11-23,299,203,198,0,5,299,198,0,5,96,1,True,True,match,0,0,0,
20,PRC_W1V7E0P2I2R2U2A2T1D2V2U3Z8R0R5,2016607,2018-11-23,299,210,200,0,10,299,200,0,10,89,1,True,True,match,0,0,0,
20,PRC_N1M8Z0P9W1M0L1J9Y3R5T2P3V3E8A0,2016598,2018-11-23,299,202,200,0,2,299,200,0,2,97,1,True,True,match,0,0,0,
20,PRC_U1R8P0V9N1Y0Z1S9U3J2O2G4C6D3L9,2016597,2018-11-23,299,204,200,0,4,299,200,0,4,95,1,True,True,match,0,0,0,
20,PRC_V1E8A0T9Q1Z9I1H7H1U4E0Z9P6X1Z4,2016596,2018-11-23,299,221,205,1,15,299,205,1,15,78,1,True,True,match,0,0,0,
20,PRC_L1T8H0G9V0B6P1M3U1D5P0E2H5E5A2,2016595,2018-11-23,299,210,209,0,1,299,209,0,1,89,1,True,True,match,0,0,0,
20,PRC_T1I8U0S9K1I0N1C9D3B4S4T8F8G6G3,2016594,2018-11-23,299,205,202,0,3,299,202,0,3,94,1,True,True,match,0,0,0,
20,PRC_V1Q8F0I9T1B9O1Y2H3B1I3T6F1Q0Q8,2016593,2018-11-23,299,209,204,0,5,299,204,0,5,90,1,True,True,match,0,0,0,
20,PRC_X1X8I0Q9W1C9X1V7R2P5V5Z6R9A3J1,2016592,2018-11-23,299,202,202,0,0,299,202,0,0,97,1,True,True,match,0,0,0,
20,PRC_A1L8O0Z9Y1G9W1G2N3M7L4U1S8N2E5,2016591,2018-11-23,299,212,211,0,1,299,211,0,1,87,1,True,True,match,0,0,0,
20,PRC_F1V8D0Y9Q0T6N1X3S2C5S2A1T0U1V7,2016590,2018-11-23,299,206,203,0,3,299,203,0,3,93,1,True,True,match,0,0,0,
20,PRC_G1O8A0S9B0A6Q1J3V1R7M0D6T2B3T0,2016589,2018-11-23,299,218,214,1,3,299,214,1,3,81,1,True,True,match,0,0,0,
20,PRC_W1P8M0A9X1E9N1O5N2N6F2E6H9T9G3,2016588,2018-11-23,299,212,195,2,15,299,195,2,15,87,1,True,True,match,0,0,0,
20,PRC_W1U7Y0N9G2D0J1N9D0N4Z4Q1R1W4N3,2016587,2018-11-23,299,214,204,0,10,299,204,0,10,85,1,True,True,match,0,0,0,
20,PRC_I1Y8X0U9O0T7L1K1Z2H8U3G6A9O0X3,2016586,2018-11-23,299,200,194,0,6,299,194,0,6,99,1,True,True,match,0,0,0,
20,PRC_E1V8T0Q9U1D0E1S9B3F0L1X6C1E9Z5,2016585,2018-11-23,299,207,195,0,12,299,195,0,12,92,1,True,True,match,0,0,0,
20,PRC_X1F8Y0X9G0L6T1Y3X2M4B3Z1M5Z2O8,2016584,2018-11-23,299,213,210,0,3,299,210,0,3,86,1,True,True,match,0,0,0,
20,PRC_C1N8E0I9M1A9S1H8S0J7S5A3G7L3M1,2016580,2018-11-23,299,200,196,0,4,299,196,0,4,99,1,True,True,match,0,0,0,
20,PRC_F1C8L0Z9K0U6B1R3Q2X3Y3Q2O9E8U7,2016579,2018-11-23,299,211,211,0,0,299,211,0,0,88,1,True,True,match,0,0,0,
20,PRC_F1N8L0Y9R1R9S1Z2Z3X6B0N8Z7R3T6,2016578,2018-11-23,299,211,211,0,0,299,211,0,0,88,1,True,True,match,0,0,0,
20,PRC_B1U8A0Q9S1Y9Q1N7C5I4K0X2U0J5V2,2016575,2018-11-23,299,210,208,0,2,299,208,0,2,89,1,True,True,match,0,0,0,
20,PRC_A1I8Y0E9L1P9I1R2O3K0O1H3S7W5H9,2016574,2018-11-23,299,210,207,0,3,299,207,0,3,89,1,True,True,match,0,0,0,
20,PRC_P1X8O0R9H0P6C1G3L2U2W2Y0W2C4Z7,2016573,2018-11-23,299,212,211,0,1,299,211,0,1,87,1,True,True,match,0,0,0,
20,PRC_W1N7D0P9H2C0G1W9Z5U6X3S0U6N8K2,2016572,2018-11-23,299,220,219,0,1,299,219,0,1,79,1,True,True,match,0,0,0,
20,PRC_C1R8F0F9J0C6E1I3P2D1A3Z2T5G8T7,2016571,2018-11-23,299,209,203,0,6,299,203,0,6,90,1,True,True,match,0,0,0,
20,PRC_C1W8C0Y9U1Z9R1A5G0M9P1C2Z2U7V3,2016570,2018-11-23,299,209,197,0,12,299,197,0,12,90,1,True,True,match,0,0,0,
20,PRC_E1Z8T0U9F1N9Q1B8I1M3K1A8P7G8I3,2016568,2018-11-23,299,204,186,1,17,299,186,1,17,95,1,True,True,match,0,0,0,
20,PRC_E1T8F0Z9V0Q6F1A3K1S9B0X8L8I7S7,2016564,2018-11-23,299,205,201,1,3,299,201,1,3,94,1,True,True,match,0,0,0,
20,PRC_Z1M8Z0O9U0Y6P1O3J1G8M0C0G8Q6O2,2016563,2018-11-23,299,208,203,0,5,299,203,0,5,91,1,True,True,match,0,0,0,
20,PRC_C1R8F0O9D1U9B1T4V1P8Q5V9N6Y9L5,2016562,2018-11-23,299,211,193,4,14,299,193,4,14,88,1,True,True,match,0,0,0,
20,PRC_O1C8D0M9C0Y7D1W1K2G2E0F9Z2E9N1,2016561,2018-11-23,299,202,191,1,10,299,191,1,10,97,1,True,True,match,0,0,0,
20,PRC_R1V8J0J9A0R6V1L3T1E3Q2W3Q0K3Q5,2016560,2018-11-23,299,202,202,0,0,299,202,0,0,97,1,True,True,match,0,0,0,
20,PRC_U1X8H0P9M2W0O1Y3M1V9P0H1Z2K1S2,2016559,2018-11-23,299,213,211,0,2,299,211,0,2,86,1,True,True,match,0,0,0,
20,PRC_E1K8U0K9J0D6V1Y3C1X1F5Q3Q8I6K1,2016557,2018-11-23,299,211,208,0,3,299,208,0,3,88,1,True,True,match,0,0,0,
20,PRC_M1L8P0C9U0Y6V1Q3F0N9U4J5B6K4Z0,2016555,2018-11-23,299,212,204,0,8,299,204,0,8,87,1,True,True,match,0,0,0,
20,PRC_Q1F8L0I9O0O6Q1O3P0M8M5F7B1H8U2,2016554,2018-11-23,299,209,200,0,9,299,200,0,9,90,1,True,True,match,0,0,0,
20,PRC_U1F8J0R9Q0A6W1G3G0B8S1O3J3A7L9,2016552,2018-11-23,299,217,211,0,6,299,211,0,6,82,1,True,True,match,0,0,0,
20,PRC_P1D8A0Z9A1G9M1A7W0P4K1M4H1Z2S7,2016551,2018-11-23,299,212,200,2,10,299,200,2,10,87,1,True,True,match,0,0,0,
20,PRC_V1J8F0D9B0B7Z1E1A2D7W4J9I2T1H7,2016550,2018-11-23,299,218,213,0,5,299,213,0,5,81,1,True,True,match,0,0,0,
20,PRC_E1C8T0C9L0E6U1S3F0B5W0K3U1E5A7,2016549,2018-11-23,299,218,212,0,6,299,212,0,6,81,1,True,True,match,0,0,0,
20,PRC_A1Z8U0S9E1T8E1Y1C2I5E0J9X9C9N1,2016548,2018-11-23,299,208,204,0,4,299,204,0,4,91,1,True,True,match,0,0,0,
20,PRC_W1V7X1R1W2U3F1R8A3U0W3V0D3T5O2,2016547,2018-11-23,299,206,182,0,24,299,182,0,24,93,1,True,True,match,0,0,0,
20,PRC_G1H8I0B9L1I8G1P1R2U1O3I7A6K6Y4,2016540,2018-11-23,299,207,202,0,5,299,202,0,5,92,1,True,True,match,0,0,0,
20,PRC_L1I8F0W9F1M9G1C3Q5J7S0B0G2P3B6,2016539,2018-11-23,299,233,224,0,9,299,224,0,9,66,1,True,True,match,0,0,0,
20,PRC_C1J8H0G9Y1Z8Q1J1P1T5J5A5N3I5H8,2016538,2018-11-23,299,214,212,0,2,299,212,0,2,85,1,True,True,match,0,0,0,
20,PRC_I1I8K0Y9W1X8G1E1E1B8L4M4Y5V5K6,2016537,2018-11-23,299,209,207,0,2,299,207,0,2,90,1,True,True,match,0,0,0,
20,PRC_Q1U8Q0I9T1C8Z1S1U1A7D1I1R2K5O0,2016536,2018-11-23,299,213,204,1,8,299,204,1,8,86,1,True,True,match,0,0,0,
20,PRC_R1S8Q0Y9V1J8A1D1N2C2B2L6J7A2V3,2016535,2018-11-23,299,225,225,0,0,299,225,0,0,74,1,True,True,match,0,0,0,
20,PRC_E1Q8T0T9U1N8V1A1M2B0G4O0Z8V2T9,2016534,2018-11-23,299,213,209,0,4,299,209,0,4,86,1,True,True,match,0,0,0,
20,PRC_L1S8Y1L0M2D9K1R7N1M6B5N0A5A8W8,2016109,2018-11-23,299,226,196,2,28,299,196,2,28,73,1,True,True,match,0,0,0,
20,PRC_C1L8D0G7L2L3H1H7Y4W6G4C7Y9Z1T6,2014519,2018-11-23,299,215,213,0,2,299,213,0,2,84,1,True,True,match,0,0,0,
20,PRC_G1H8P0W7Q1Q8N1O6O5C9G4T9W9G8A0,2014477,2018-11-23,299,224,223,0,1,299,223,0,1,75,1,True,True,match,0,0,0,
20,PRC_T1R8O0I7Z1E3F1W7L2D3O0J5A3W5D2,2014408,2018-11-23,299,213,211,0,2,299,211,0,2,86,1,True,True,match,0,0,0,
20,PRC_C1Y8Y0S7J1I3F1H3E4O3M0I9P4S7O2,2014386,2018-11-23,299,203,195,0,8,299,195,0,8,96,1,True,True,match,0,0,0,
20,PRC_C1A8A0V7P1U0P1W7C2A5E2P2M7L6O7,2014326,2018-11-23,299,214,211,0,3,299,211,0,3,85,1,True,True,match,0,0,0,
20,PRC_D1U8K0U7S1Z0M1S7H1A7T1U0L6J7L5,2014324,2018-11-23,299,202,201,0,1,299,201,0,1,97,1,True,True,match,0,0,0,
20,PRC_I1N8Q0C6X2L8C1J7T3F7C4E3V1G7J2,2014079,2018-11-23,299,214,208,0,6,299,208,0,6,85,1,True,True,match,0,0,0,
20,PRC_V1H8N0H6A2G5S1X0W1X6Q5Z2L2M8M0,2013991,2018-11-23,299,209,203,0,6,299,203,0,6,90,1,True,True,match,0,0,0,
20,PRC_W1E8R0X6Z2X1V1J4E3G5N4G4O3I3L2,2013975,2018-11-23,299,210,190,1,19,299,190,1,19,89,1,True,True,match,0,0,0,
20,PRC_V1R8X0G6M2W1C1J4J3V3B5J1O5C9V1,2013974,2018-11-23,299,197,185,1,11,299,185,1,11,102,1,True,True,match,0,0,0,
20,PRC_H1J8P0W5J2R3T1T6I1I5K2U4Z7Y5I6,2013702,2018-11-23,299,215,208,2,5,299,208,2,5,84,1,True,True,match,0,0,0,
20,PRC_P1N8E0J5C1O7N1A4G3E7V5W7H2E2L5,2013616,2018-11-23,299,209,205,0,4,299,205,0,4,90,1,True,True,match,0,0,0,
20,PRC_D1P8T0Q5K1X0E1E0W2Y5F1Y8U4F2C8,2013506,2018-11-23,299,208,207,0,1,299,207,0,1,91,1,True,True,match,0,0,0,
20,PRC_E1M8C0K3L2K7K1X6R2I2L5J7K2I9Q0,2012706,2018-11-23,299,237,234,0,3,299,234,0,3,62,1,True,True,match,0,0,0,
20,PRC_G1Z8Y0P2Q2M8P1G7X0X9I2E2C0Q6Y9,2012240,2018-11-23,299,236,229,0,7,299,229,0,7,63,1,True,True,match,0,0,0,
20,PRC_Y1S8W0B2L2A8K1V7I0R7T0B0E3F7M6,2012239,2018-11-23,299,234,225,0,9,299,225,0,9,65,1,True,True,match,0,0,0,
20,PRC_E1M8W0X2J2D8P1A7E0C1X1A9D3W1J9,2012236,2018-11-23,299,239,232,0,7,299,232,0,7,60,1,True,True,match,0,0,0,
20,PRC_S1L8J0M2T2E7J1N6R4A8C4C8S4Z4I5,2012168,2018-11-23,299,210,206,0,4,299,206,0,4,89,1,True,True,match,0,0,0,
20,PRC_Q1C8U0D2J2L2I1R6F3D5H1Q3Q4W1T1,2012088,2018-11-23,299,211,208,0,3,299,208,0,3,88,1,True,True,match,0,0,0,
20,PRC_M1Z8D0O2Z1G2Z1R1T3H3D2P1O7A4G3,2011914,2018-11-23,299,236,235,0,1,299,235,0,1,63,1,True,True,match,0,0,0,
20,PRC_T1X8O0K2A0K9S1Y6H4H8C1S6T9Q3F1,2011893,2018-11-23,299,207,202,0,5,299,202,0,5,92,1,True,True,match,0,0,0,
20,PRC_Q1Z8H0E2F0N9Y1K0G5I0M2Z4M0J2C1,2011870,2018-11-23,299,227,223,2,2,299,223,2,2,72,1,True,True,match,0,0,0,
20,PRC_G1N8F0W2R0U1P1P8S0I3Z0K8U0E2O4,2011717,2018-11-23,299,237,237,0,0,299,237,0,0,62,1,True,True,match,0,0,0,
20,PRC_O1A8F0S1K1P6P1L5S2L2F4K7Y3V1W7,2011400,2018-11-23,299,207,195,0,12,299,195,0,12,92,1,True,True,match,0,0,0,
20,PRC_V1H8M0L1H0T9X1M4E4A6J1V7E8J0W9,2011323,2018-11-23,299,234,234,0,0,299,234,0,0,65,1,True,True,match,0,0,0,
20,ARC_G1I8D0A1Z0S3T1T6M5P1O1H9D7R2A4,2011258,2018-11-23,299,216,210,0,6,299,210,0,6,83,1,True,True,match,0,0,0,
20,ARC_Y1I8Q0O1F0F3Z1A6E5F1S0U6D2V2R9,2011257,2018-11-23,299,221,217,0,4,299,217,0,4,78,1,True,True,match,0,0,0,
20,PRC_Z1T8B0R1I0U2O1R1N4H2J3T1P1Z8F7,2011192,2018-11-23,299,210,194,1,15,299,194,1,15,89,1,True,True,match,0,0,0,
20,PRC_J1E7M1Y2J1F5C1P3A4R6H0A1O2M9U6,2010853,2018-11-23,299,206,204,0,2,299,204,0,2,93,1,True,True,match,0,0,0,
20,PRC_D1C7X1Q2U1M4P1J5B5X6O5Y2P9F6Q9,2010831,2018-11-23,299,217,194,2,21,299,194,2,21,82,1,True,True,match,0,0,0,
20,PRC_P1G7C1J2A0Q7N1P8A0R0L2T5H8R1N3,2010692,2018-11-23,299,209,205,0,4,299,205,0,4,90,1,True,True,match,0,0,0,
20,PRC_Z1Z7R1O1D2P9M1I4R4G5K1J7R5B1N2,2010469,2018-11-23,299,222,222,0,0,299,222,0,0,77,1,True,True,match,0,0,0,
20,PRC_Y1B7C1A1Z2R9V1O1L1E7D2U1X6Y1Z5,2010462,2018-11-23,299,205,199,0,6,299,199,0,6,94,1,True,True,match,0,0,0,
20,PRC_U1K7F0D9R0H1Z1R4B4X7P4L2F8M9F6,2008958,2018-11-23,299,214,214,0,0,299,214,0,0,85,1,True,True,match,0,0,0,
20,PRC_T1J7N0F7E0S3E1N1F1R4C1C0A0S0R8,2007742,2018-11-23,299,210,206,0,4,299,206,0,4,89,1,True,True,match,0,0,0,
20,PRC_Z1D7H0Q6K2U7Y1X5R3A4J2C3L8J0L7,2007622,2018-11-23,299,202,200,0,2,299,200,0,2,97,1,True,True,match,0,0,0,
20,PRC_D1E7E0E4Q1P0T1I7R2Q2X4K5O4O9W0,2006678,2018-11-23,299,214,208,0,6,299,208,0,6,85,1,True,True,match,0,0,0,
20,ARC_X1D7M0M3D1N6S1N6L1D4Y4G8O9E5H9,2006219,2018-11-23,299,213,207,0,6,299,207,0,6,86,1,True,True,match,0,0,0,
20,PRC_F1R7E0P2F2H7X1A8F2D4N4X5L4P0G3,2005816,2018-11-23,299,201,200,0,1,299,200,0,1,98,1,True,True,match,0,0,0,
20,PRC_E1T8O0Y9M2J0O1V4U5I8R2N8G1Z9B1,2015705,2018-09-20,299,194,151,14,29,299,151,14,29,105,1,True,True,match,0,0,0,
20,PRC_L1A8V0T9U2V0O1N7V4L4T5J6L2W7F4,2015704,2018-09-20,299,195,167,7,21,299,167,7,21,104,1,True,True,match,0,0,0,
20,PRC_L1N8L0W9G1L9I1L4N0W4K1C9E6A0S2,2015703,2018-09-20,299,191,145,26,20,299,145,26,20,108,1,True,True,match,0,0,0,
20,PRC_B1Q8B0L8H2F9R1U6E0Y9K1X7G9H5S9,2015702,2018-09-20,299,197,174,7,16,299,174,7,16,102,1,True,True,match,0,0,0,
20,PRC_Q1F8R0T9K2E0C0R9D0H3K4V3Z8P5E7,2015701,2018-09-20,299,194,127,32,35,299,127,32,35,105,1,True,True,match,0,0,0,
20,PRC_I1W8O0A9B1A9B1B0L1G9Y3D5Z7Y9L4,2015700,2018-09-20,299,200,162,14,24,299,162,14,24,99,1,True,True,match,0,0,0,
20,PRC_S1I8V0V8V2K2E2P0R5B9X5N6Q6U9I6,2015688,2018-09-20,299,196,193,0,3,299,193,0,3,103,1,True,True,match,0,0,0,
20,PRC_S1S8Z0B8B2A8D1D0W4E8D3U3A6E2G7,2015682,2018-09-20,299,199,170,16,13,299,170,16,13,100,1,True,True,match,0,0,0,
20,PRC_Z1I8W0Y7V2L4U1Z0W3M2B2S5C3Y7Y5,2015681,2018-09-20,299,188,183,0,5,299,183,0,5,111,1,True,True,match,0,0,0,
20,PRC_C1S8U0S7E2S4D1E3L0R9I3L7T2B2V2,2015680,2018-09-20,299,185,177,2,6,299,177,2,6,114,1,True,True,match,0,0,0,
20,PRC_Y1L8D0T9B1W0M1I9W3W1C0M7M4V9X7,2015678,2018-09-20,299,190,187,0,3,299,187,0,3,109,1,True,True,match,0,0,0,
20,PRC_C1Z8R0T9H1Q9I2S0O4Z8G2I1E1Z8J6,2015676,2018-09-20,299,199,190,0,9,299,190,0,9,100,1,True,True,match,0,0,0,
20,PRC_W1U8S0T8Z2C2H2A0D5X9A0W4W3A0N7,2015675,2018-09-20,299,179,176,0,3,299,176,0,3,120,1,True,True,match,0,0,0,
20,PRC_E1H8V0P8S2U2B2R0F5F2U2E9H3L5T6,2015674,2018-09-20,299,182,182,0,0,299,182,0,0,117,1,True,True,match,0,0,0,
20,PRC_T1B8K0F9Z1P0H1W9Q2B9Q4B5P5M8L7,2015673,2018-09-20,299,182,177,0,5,299,177,0,5,117,1,True,True,match,0,0,0,
20,PRC_Z1A8R0P8R2Q2Y2K0M5X3R4O8R9B1Z6,2015672,2018-09-20,299,189,180,1,8,299,180,1,8,110,1,True,True,match,0,0,0,
20,PRC_I1Z8I0F9I1D1V2F0R0O9E3X0F3U2H7,2015671,2018-09-20,299,183,181,0,2,299,181,0,2,116,1,True,True,match,0,0,0,
20,PRC_T1A8F0H9X1K0A1J9C1Q1H0X9A7Z7Z4,2015670,2018-09-20,299,181,171,1,9,299,171,1,9,118,1,True,True,match,0,0,0,
20,PRC_Z1J8H0M9Y1S1F1W0A1L3V5X8G9F5X0,2015669,2018-09-20,299,181,175,0,6,299,175,0,6,118,1,True,True,match,0,0,0,
20,PRC_C1X8Z0Z9Z1G1E1V5Q4V8Q0V1S9B8J7,2015668,2018-09-20,299,191,190,0,1,299,190,0,1,108,1,True,True,match,0,0,0,
20,PRC_I1G8F0M9D1T0X1H9B2L6D4C3P2Y9I7,2015667,2018-09-20,299,190,186,0,4,299,186,0,4,109,1,True,True,match,0,0,0,
20,PRC_W1W8M0Z9V1Y1E1D7G5M8J0T5R4G4A0,2015666,2018-09-20,299,194,193,0,1,299,193,0,1,105,1,True,True,match,0,0,0,
20,PRC_V1T8Z0X9Y1Q1G1F7A5W7G1B9W5B5R7,2015665,2018-09-20,299,187,185,0,2,299,185,0,2,112,1,True,True,match,0,0,0,
20,PRC_B1X8V0D9B1M1A2T0N2W9V5M0H4R3Y2,2015663,2018-09-20,299,168,140,5,23,299,140,5,23,131,1,True,True,match,0,0,0,
20,PRC_D1K8R0G9K1F1L2W0N2E4T4A9P2Y5Y2,2015662,2018-09-20,299,189,186,0,3,299,186,0,3,110,1,True,True,match,0,0,0,
20,PRC_S1I8N0W9L1V1D2E0H5F9H5G3F0R5C8,2015659,2018-09-20,299,185,178,2,5,299,178,2,5,114,1,True,True,match,0,0,0,
20,PRC_Y1I8H0Q9F1V1E2P1X0F2G0B4A6B4U2,2015658,2018-09-20,299,193,182,3,8,299,182,3,8,106,1,True,True,match,0,0,0,
20,PRC_X1S8L0I9S1K1Y2O0V3Z0L4R5I7C9I5,2015657,2018-09-20,299,176,174,0,2,299,174,0,2,123,1,True,True,match,0,0,0,
20,PRC_U1Y8J0G9G1A1K2P1Y0M3O4X6P5X5T6,2015656,2018-09-20,299,184,169,0,15,299,169,0,15,115,1,True,True,match,0,0,0,
20,PRC_R1Y8O0M9Y1E1A2C0L2G7Y1W1X4O2A9,2015655,2018-09-20,299,170,144,5,21,299,144,5,21,129,1,True,True,match,0,0,0,
20,PRC_W1Q8O0Y9H1K1W2W0R3R5J1V1I9S1K6,2015654,2018-09-20,299,191,185,0,6,299,185,0,6,108,1,True,True,match,0,0,0,
20,PRC_K1P8O0Y8R2L2B2U1Y1D0D5R0I8J4X3,2015652,2018-09-20,299,166,165,0,1,299,165,0,1,133,1,True,True,match,0,0,0,
20,PRC_S1B8J0J8Y2U2K2M1U1T2P0S5Y6A3L2,2015651,2018-09-20,299,178,176,0,2,299,176,0,2,121,1,True,True,match,0,0,0,
20,PRC_P1V8Z0U8E2F2I2Y1S0J8Q2G3H0M3U2,2015650,2018-09-20,299,173,165,1,7,299,165,1,7,126,1,True,True,match,0,0,0,
20,PRC_Q1Y8U0W8Y2G2C2D1A0G7L2N9R0Y8Y2,2015649,2018-09-20,299,176,173,0,3,299,173,0,3,123,1,True,True,match,0,0,0,
20,PRC_P1M8X0Y8Z2Y2B2H0B5P5T2U2P8W3G4,2015648,2018-09-20,299,191,188,0,3,299,188,0,3,108,1,True,True,match,0,0,0,
20,PRC_S1T8J0G6W1N2T1C5X4S3O4O5U8Y9J7,2013913,2018-09-20,299,180,180,0,0,299,180,0,0,119,1,True,True,match,0,0,0,
20,PRC_F1X8V0U6I1W2X1L5X4P2Y5T8A4Y1H8,2013912,2018-09-20,299,182,179,0,3,299,179,0,3,117,1,True,True,match,0,0,0,
20,PRC_T1Q8T0V6G1G2E1N4T5X4B1L2V0D6D0,2013911,2018-09-20,299,181,181,0,0,299,181,0,0,118,1,True,True,match,0,0,0,
20,PRC_U1R8A0K6K1T2B1B4O5N3G2K0A8I4M6,2013910,2018-09-20,299,181,180,0,1,299,180,0,1,118,1,True,True,match,0,0,0,
20,PRC_I1H8O0D6M1T2U1O4J5S2U2V9Y1M6A8,2013909,2018-09-20,299,185,185,0,0,299,185,0,0,114,1,True,True,match,0,0,0,
20,PRC_T1D8L0R6P1Y2Z1Y4V4V9W4M6G4L0W6,2013908,2018-09-20,299,185,184,0,1,299,184,0,1,114,1,True,True,match,0,0,0,
20,PRC_R1A8J0Z5M2C3E1Q6T5N4C0G3A3O1T1,2013709,2018-09-20,299,162,146,4,12,299,146,4,12,137,1,True,True,match,0,0,0,
20,PRC_F1K8X0K5B1C7W1O4D2O0L5V9Y1U9V6,2013614,2018-09-20,299,166,149,5,12,299,149,5,12,133,1,True,True,match,0,0,0,
20,PRC_M1D8I0H5C1I6T1L4H0T6X4H2Q8P9P3,2013594,2018-09-20,299,199,190,0,9,299,190,0,9,100,1,True,True,match,0,0,0,
20,PRC_Q1Z8O0A5F0D4P1K7W4M6M0V8W1H2X9,2013460,2018-09-20,299,177,163,1,13,299,163,1,13,122,1,True,True,match,0,0,0,
20,PRC_T1B8S0N5O0Q4F1N7T1C7Y3B3K5R5U8,2013455,2018-09-20,299,167,149,4,14,299,149,4,14,132,1,True,True,match,0,0,0,
20,PRC_L1U8Y0O4G2I5P1V1O3L8H5W2B9S2Z5,2013247,2018-09-20,299,187,184,2,1,299,184,2,1,112,1,True,True,match,0,0,0,
20,PRC_L1L8Z0M4Z1A0Y1M7F0L9P2K4Q8P5F6,2012999,2018-09-20,299,191,189,0,2,299,189,0,2,108,1,True,True,match,0,0,0,
20,PRC_V1I8X0B3Y2V7K1F5E3X5M0X6F1Q2I1,2012702,2018-09-20,299,196,187,3,6,299,187,3,6,103,1,True,True,match,0,0,0,
20,PRC_Y1E8E0P3B2X7E1N5V0Y5U3H8V8Q0W4,2012698,2018-09-20,299,199,193,0,6,299,193,0,6,100,1,True,True,match,0,0,0,
20,PRC_V1C8V0S3L2I6N1Y4X0H5S4C7K8M4Q3,2012665,2018-09-20,299,187,182,0,5,299,182,0,5,112,1,True,True,match,0,0,0,
20,PRC_F1O8E0T2H2D8B1Z8E1S5O1P1O3F0D3,2012248,2018-09-20,299,193,187,1,5,299,187,1,5,106,1,True,True,match,0,0,0,
20,PRC_J1A8D0M2E1G3R1W6Z3F2Y3D3L5G9T7,2011954,2018-09-20,299,203,195,1,7,299,195,1,7,96,1,True,True,match,0,0,0,
20,PRC_I1Y8H0B1R2B4L1H4V2A4X4Q7A2R8U2,2011522,2018-09-20,299,193,185,3,5,299,185,3,5,106,1,True,True,match,0,0,0,
20,ARC_C1B8G0N1W1B2W1Q7J2Y9Z0A3I7D9V7,2011358,2018-09-20,299,173,170,0,3,299,170,0,3,126,1,True,True,match,0,0,0,
20,PRC_U1D8X0O1E0F9M1D8D0Z3K2F6G6U2H9,2011332,2018-09-20,299,186,185,0,1,299,185,0,1,113,1,True,True,match,0,0,0,
20,PRC_L1E8I0K1U0X9Q0R9Q4T4I2V7K6P0Y3,2011319,2018-09-20,299,173,163,0,10,299,163,0,10,126,1,True,True,match,0,0,0,
20,ARC_D1F8H0H1A0C3O1F5W2J6T4A3D0P7I5,2011243,2018-09-20,299,181,178,1,2,299,178,1,2,118,1,True,True,match,0,0,0,
20,ARC_K1E8C0A1G0I3B1V5N2N4O1G1A5C3F5,2011236,2018-09-20,299,168,162,1,5,299,162,1,5,131,1,True,True,match,0,0,0,
20,PRC_R1L7A1X2C2W7L1L8O5Q7W0C0C5R5S7,2011062,2018-09-20,299,193,190,0,3,299,190,0,3,106,1,True,True,match,0,0,0,
20,ARC_B1B7B1V1N3D0V1M4C4Q3X4B5I8K9D0,2010489,2018-09-20,299,181,176,0,5,299,176,0,5,118,1,True,True,match,0,0,0,
20,PRC_X1D7U1P1C1Y6T1A7V2C7M0J9K4G4D5,2010199,2018-09-20,299,195,191,0,4,299,191,0,4,104,1,True,True,match,0,0,0,
20,ARC_C1D7L1D1M0P6F1E3Y3C7K5D6G8F3C5,2010019,2018-09-20,299,192,188,0,4,299,188,0,4,107,1,True,True,match,0,0,0,
20,ARC_P1B7W1R0I2R7H1A4G3P0C1R4S4K3T0,2009947,2018-09-20,299,190,181,0,9,299,181,0,9,109,1,True,True,match,0,0,0,
20,PRC_N1J7T0B9P1T8B1T1T3A5B2I7I4M9Y8,2009455,2018-09-20,299,172,172,0,0,299,172,0,0,127,1,True,True,match,0,0,0,
20,PRC_V1O7F0I9U1M5P1C7I4J7D2N8H8R3Y0,2009440,2018-09-20,299,187,182,0,5,299,182,0,5,112,1,True,True,match,0,0,0,
20,ARC_S1H7A0I9T1O4D1R4J2Q8Y4H5G7K7W4,2009356,2018-09-20,299,193,190,0,3,299,190,0,3,106,1,True,True,match,0,0,0,
20,ARC_F1N7H0Y8Z2E8J1T6N0K5M4N0X0J9Y0,2008787,2018-09-20,299,172,166,1,5,299,166,1,5,127,1,True,True,match,0,0,0,
20,ARC_P1U7W0V8N2G8S1J6A0R4L4E9L9C7X4,2008786,2018-09-20,299,183,180,2,1,299,180,2,1,116,1,True,True,match,0,0,0,
20,ARC_Q1D7Y0X8B2Y8Q1Z6A1J7R0Y1E6O7C5,2008784,2018-09-20,299,181,180,0,1,299,180,0,1,118,1,True,True,match,0,0,0,
20,ARC_W1Z7N0Y8U2R8U1O3T3L6Y2U1V7P3A9,2008737,2018-09-20,299,190,187,0,3,299,187,0,3,109,1,True,True,match,0,0,0,
20,PRC_J1T7K0A8S0X9K1M3C3C2O5I4E8P3T4,2008445,2018-09-20,299,165,164,0,1,299,164,0,1,134,1,True,True,match,0,0,0,
20,PRC_L1I7O0B7S1J9T1K6T0Y9I5M0T2E8M5,2008090,2018-09-20,299,187,185,0,2,299,185,0,2,112,1,True,True,match,0,0,0,
20,PRC_F1G7H0B7P1C0G0S9K5U4I2G1V6T5D1,2007845,2018-09-20,299,195,192,0,3,299,192,0,3,104,1,True,True,match,0,0,0,
20,PRC_K1M7L0Q6G0S8C1Y5U3Q3S4B5J8C2G5,2007275,2018-09-20,299,198,196,0,2,299,196,0,2,101,1,True,True,match,0,0,0,
20,PRC_C1R7V0H3U3K0D1B5S5H5K5S9N1T1C0,2006515,2018-09-20,299,176,173,1,2,299,173,1,2,123,1,True,True,match,0,0,0,
20,PRC_M1C7Q0X3S2F4X0Q9I1H2R4A7R2K4I6,2006380,2018-09-20,299,192,189,0,3,299,189,0,3,107,1,True,True,match,0,0,0,
20,PRC_P1N7R0N2S2N4J1Q1S1O3J2Y5L8Y3J7,2005776,2018-09-20,299,192,187,1,4,299,187,1,4,107,1,True,True,match,0,0,0,
20,PRC_Z1A8U0H3Z1I6F1E7X1N2Y2A6M5V3O3,2015166,2018-08-30,299,249,230,4,15,299,230,4,15,50,1,True,True,match,0,0,0,
20,PRC_Q1I7J1K2R2W1Z1K8S4C1F2T5Q9W5H8,2015160,2018-08-30,299,252,229,8,15,299,229,8,15,47,1,True,True,match,0,0,0,
20,PRC_Y1G8C0V2H0Z5V1V4K3W2V3M8T4Z3E9,2015154,2018-08-30,299,241,230,2,9,299,230,2,9,58,1,True,True,match,0,0,0,
20,PRC_W1E8U0P8Z2U3C2I0E2E6O1H4J7B0Q7,2015146,2018-08-30,299,250,249,0,1,299,249,0,1,49,1,True,True,match,0,0,0,
20,PRC_I1D8P0F2Z2O2Q1F1L3V7C4C9N8V4O3,2015145,2018-08-30,299,250,241,3,6,299,241,3,6,49,1,True,True,match,0,0,0,
20,PRC_X1T8G0O8D2S8M1D8E2U6N5F8A1G5K8,2015144,2018-08-30,299,250,246,0,4,299,246,0,4,49,1,True,True,match,0,0,0,
20,PRC_O1A8H0Z8C2R2A2P1Q0O5F3M8P4Z4O7,2015143,2018-08-30,299,246,246,0,0,299,246,0,0,53,1,True,True,match,0,0,0,
20,PRC_E1U8I0J5C2O4N1J7U0O7K3R5Z3A4I8,2015142,2018-08-30,299,251,248,0,3,299,248,0,3,48,1,True,True,match,0,0,0,
20,PRC_Z1Q8G0C3O2K3D1X4E3N6P2H0C2Z4S5,2012622,2018-08-30,299,251,207,12,32,299,207,12,32,48,1,True,True,match,0,0,0,
20,PRC_B1T8Y0S3B1L5W1V1P2H9M2R9G3Y9J7,2012483,2018-08-30,299,255,246,0,9,299,246,0,9,44,1,True,True,match,0,0,0,
20,PRC_P1J8B0B1S1Q8A1T6G0K3K4W9C6Z4U0,2011450,2018-08-30,299,234,234,0,0,299,234,0,0,65,1,True,True,match,0,0,0,
20,PRC_E1D7Z1N2V2G7N1N5A0D7R2C5N6X5U4,2011044,2018-08-30,299,245,245,0,0,299,245,0,0,54,1,True,True,match,0,0,0,
20,PRC_J1Z7B1I2Z2B0L1A4P4D9W1X7L6R7O4,2010924,2018-08-30,299,240,239,0,1,299,239,0,1,59,1,True,True,match,0,0,0,
20,PRC_J1A7P1S2M1Y5N1A1E0J1J4W9Q7D4N0,2010846,2018-08-30,299,247,241,0,6,299,241,0,6,52,1,True,True,match,0,0,0,
20,PRC_K1Z7C1L1M2P7V1G6Q0L6C1W2J1E3Q4,2010442,2018-08-30,299,236,235,0,1,299,235,0,1,63,1,True,True,match,0,0,0,
20,PRC_X1K7P1H1T2D2W1Y6Z1Z3U5S4L3X1L7,2010333,2018-08-30,299,256,226,11,19,299,226,11,19,43,1,True,True,match,0,0,0,
20,PRC_T1E7Z1G1M2R1O1Y7X4V2M5W7X8Q4T0,2010285,2018-08-30,299,251,227,3,21,299,227,3,21,48,1,True,True,match,0,0,0,
20,PRC_A1N7E1Q1T2Y1M1A7G2H9V2P0L1F5S9,2010278,2018-08-30,299,245,224,4,17,299,224,4,17,54,1,True,True,match,0,0,0,
20,PRC_X1I7T1V1F2J1T1R7A2L8M4W2E6L4M4,2010277,2018-08-30,299,248,236,2,10,299,236,2,10,51,1,True,True,match,0,0,0,
20,PRC_G1Z7H1Q1K2E1P1K7V2V6I5P4S6X5N9,2010275,2018-08-30,299,247,241,0,6,299,241,0,6,52,1,True,True,match,0,0,0,
20,PRC_R1B7U1U1D1Y6D1U7E3N3E3I3V4I0B9,2010200,2018-08-30,299,246,244,0,2,299,244,0,2,53,1,True,True,match,0,0,0,
20,PRC_F1Z7B1L0W2K0H1V7A0W4T4G3U1X2C4,2009896,2018-08-30,299,248,221,6,21,299,221,6,21,51,1,True,True,match,0,0,0,
20,PRC_V1R7M1P0F2J0W1K4O3O3Z4Q2T4J8Y2,2009890,2018-08-30,299,247,245,0,2,299,245,0,2,52,1,True,True,match,0,0,0,
20,PRC_J1O7Q0R9S2L8R1O7X4H2M1A0T2N7T2,2009727,2018-08-30,299,248,241,1,6,299,241,1,6,51,1,True,True,match,0,0,0,
20,PRC_X1F7O0C9E1L5D1C7V4H9O3L5P6G0U2,2009441,2018-08-30,299,246,244,0,2,299,244,0,2,53,1,True,True,match,0,0,0,
20,ARC_D1U7I0U8L2R8P1O5V4M4F4J2Z3W4U8,2008788,2018-08-30,299,251,236,1,14,299,236,1,14,48,1,True,True,match,0,0,0,
20,PRC_S1T7U0V8P0I4E1U0B4F9T3H1R0Q2R9,2008384,2018-08-30,299,252,228,2,22,299,228,2,22,47,1,True,True,match,0,0,0,
20,PRC_Y1Z7B0R6Q1M9E1O4J2L9B1A2L7G3W0,2007449,2018-08-30,299,239,224,2,13,299,224,2,13,60,1,True,True,match,0,0,0,
20,PRC_W1E7X0T2A1L0I1J1N2N1N3J1Q8Z1C5,2005545,2018-08-30,299,242,233,0,9,299,233,0,9,57,1,True,True,match,0,0,0,
20,PRC_A1T7F0C1P0V2N1B6I3S3M1C5M5B5J0,2004920,2018-08-30,299,247,246,0,1,299,246,0,1,52,1,True,True,match,0,0,0,
20,PRC_V1Y6N1Y2A1U3U1J6M5I3W5J1C6K1F3,2004353,2018-08-30,299,244,202,13,29,299,202,13,29,55,1,True,True,match,0,0,0,
20,PRC_D1K6F1Z1C2K1C1J7S1E2G5I0N1S4L3,2003758,2018-08-30,299,243,243,0,0,299,243,0,0,56,1,True,True,match,0,0,0,
20,PRC_R1Z6O1D0D2Y1S1U7M3O0U4H4W0B1P9,2002815,2018-08-30,299,253,220,5,28,299,220,5,28,46,1,True,True,match,0,0,0,
20,PRC_R1V6C0L7D0M5B1A2F3H5W4S8V4Z1R7,2000663,2018-08-30,299,249,237,1,11,299,237,1,11,50,1,True,True,match,0,0,0,
20,PRC_B1D8S0X5G2W4Y1O7W3G7T2V6N0L7X5,2014558,2018-07-26,299,199,192,0,7,299,192,0,7,100,1,True,True,match,0,0,0,
20,PRC_B1H8U0Y5W2K5H1V3P2N1K4S0V8S5E0,2014557,2018-07-26,299,209,183,15,11,299,183,15,11,90,1,True,True,match,0,0,0,
20,PRC_W1H8B0U7T2A5O1K8T5L2I5K0S1Y2U4,2014556,2018-07-26,299,181,166,6,9,299,166,6,9,118,1,True,True,match,0,0,0,
20,PRC_S1I8C0V7C2B5I1V8O5K3S2D1J9Q8Q1,2014555,2018-07-26,299,180,166,5,9,299,166,5,9,119,1,True,True,match,0,0,0,
20,PRC_O1D8Y0Y7M2A5L1O8S5Z3V0C9Y3U2R1,2014554,2018-07-26,299,180,162,4,14,299,162,4,14,119,1,True,True,match,0,0,0,
20,PRC_K1Q8V0G7E2Y5G1J8G5A2V2I9G6W8C8,2014552,2018-07-26,299,177,156,5,16,299,156,5,16,122,1,True,True,match,0,0,0,
20,PRC_P1R8F0N7W2E5E1I8A5X1J5G9X4B9I3,2014551,2018-07-26,299,180,177,1,2,299,177,1,2,119,1,True,True,match,0,0,0,
20,PRC_P1K7L0P2P2O3D1T2Z2U9Z1E2P1E5W1,2014550,2018-07-26,299,181,179,0,2,299,179,0,2,118,1,True,True,match,0,0,0,
20,PRC_K1N8W0Y5N2W4U1M7Z3R8O3T8L7L1G8,2014549,2018-07-26,299,197,194,0,3,299,194,0,3,102,1,True,True,match,0,0,0,
20,PRC_Y1J8E0L5U2L4J1W8M1U6O5Z8X7N3Q3,2014548,2018-07-26,299,177,175,0,2,299,175,0,2,122,1,True,True,match,0,0,0,
20,PRC_J1G8R0Z5Q2M4C1Z8R1T1A5Z4U7P3M7,2014547,2018-07-26,299,174,163,2,9,299,163,2,9,125,1,True,True,match,0,0,0,
20,PRC_L1B8V0N5J2A4D1U7P1V7R5U0J3B1K8,2014546,2018-07-26,299,216,213,0,3,299,213,0,3,83,1,True,True,match,0,0,0,
20,PRC_Z1J8L0S3C1W9L1I8E4J7X5C9P7T8Z4,2014545,2018-07-26,299,191,190,0,1,299,190,0,1,108,1,True,True,match,0,0,0,
20,PRC_A1M8Z0V5M2J5T1Z2C1P4G5S3W7J5R3,2014544,2018-07-26,299,212,209,0,3,299,209,0,3,87,1,True,True,match,0,0,0,
20,PRC_X1I8K0G5V2A5Z1Q1C0Z9W3K3E7X0Y2,2014543,2018-07-26,299,214,210,1,3,299,210,1,3,85,1,True,True,match,0,0,0,
20,PRC_Z1P8H0V3S2O8I1C8S0P6K4S7R5Y6O3,2012734,2018-07-26,299,220,212,0,8,299,212,0,8,79,1,True,True,match,0,0,0,
20,PRC_U1W8E0G3M2N1B1Y5E4Q7C3S1K7P7F5,2012581,2018-07-26,299,201,196,0,5,299,196,0,5,98,1,True,True,match,0,0,0,
20,PRC_J1U8Y0Z3X1S6O1L3V5Q2I5H2C0T7G4,2012496,2018-07-26,299,203,186,2,15,299,186,2,15,96,1,True,True,match,0,0,0,
20,PRC_P1P8G0L3U1D2T1H7S3M0F4R5P5U1F4,2012438,2018-07-26,299,212,208,1,3,299,208,1,3,87,1,True,True,match,0,0,0,
20,PRC_Z1U8B0F3N0I9T1F1R2O3O0E0R8Q2J1,2012402,2018-07-26,299,199,199,0,0,299,199,0,0,100,1,True,True,match,0,0,0,
20,PRC_T1X8Z0X2K2X0A1W0I5I9Z4L7J3M1I4,2011998,2018-07-26,299,204,202,0,2,299,202,0,2,95,1,True,True,match,0,0,0,
20,PRC_A1P8G0I2A1N4Q1C5Z4E5Y5Q6M6N7E3,2011979,2018-07-26,299,217,213,0,4,299,213,0,4,82,1,True,True,match,0,0,0,
20,PRC_J1W8Q0T2V1L4D1M5M3D5T4C3R4O3M9,2011977,2018-07-26,299,218,209,1,8,299,209,1,8,81,1,True,True,match,0,0,0,
20,PRC_L1L8U0A2U0J9E1L6E0K5X3D2B0K4Z0,2011888,2018-07-26,299,200,199,0,1,299,199,0,1,99,1,True,True,match,0,0,0,
20,PRC_X1B8H0I2X0S9Y1M0R1R0M0U5Z8S6N8,2011866,2018-07-26,299,197,197,0,0,299,197,0,0,102,1,True,True,match,0,0,0,
20,PRC_J1E8Q0C2U0J7S1U4T2J1U2U6Z3G8D8,2011807,2018-07-26,299,195,194,0,1,299,194,0,1,104,1,True,True,match,0,0,0,
20,PRC_U1P8X0A1Y3H0Z1C7A1T8Q3C2I5H4F0,2011667,2018-07-26,299,201,198,0,3,299,198,0,3,98,1,True,True,match,0,0,0,
20,PRC_G1E8X0J1V3C0Y1V1N3F2A0V5K0Y9A8,2011630,2018-07-26,299,193,187,0,6,299,187,0,6,106,1,True,True,match,0,0,0,
20,PRC_D1H8K0C1P0U4K1I4T5J5J2J9Z0Q7T6,2011276,2018-07-26,299,196,191,0,5,299,191,0,5,103,1,True,True,match,0,0,0,
20,PRC_F1U8A0B1H0S2Y1G0T2M0V4C6O4B7F5,2011186,2018-07-26,299,208,207,0,1,299,207,0,1,91,1,True,True,match,0,0,0,
20,PRC_D1O7S1G2P2C6S1L6P5A6Q4N3O9L4I1,2011031,2018-07-26,299,201,195,3,3,299,195,3,3,98,1,True,True,match,0,0,0,
20,PRC_R1N7V1Y2B1X8R1F7R4X5P1J5J3E6T5,2010904,2018-07-26,299,230,227,0,3,299,227,0,3,69,1,True,True,match,0,0,0,
20,PRC_C1T7G1D2H1F8W1F5Y5D3X3F4G4P1L4,2010895,2018-07-26,299,229,228,0,1,299,228,0,1,70,1,True,True,match,0,0,0,
20,PRC_Z1Q7U1Z1Y2W2S1I8P0R5D3J7B8I5W4,2010342,2018-07-26,299,162,107,24,31,299,107,24,31,137,1,True,True,match,0,0,0,
20,PRC_X1B7S1Y1J2Y1A1C8U1E3H4F3R0R3Z1,2010303,2018-07-26,299,187,185,0,2,299,185,0,2,112,1,True,True,match,0,0,0,
20,PRC_E1Y7U0R9D0T5X1O8B0I5C5X7J3J0O5,2009102,2018-07-26,299,200,184,2,14,299,184,2,14,99,1,True,True,match,0,0,0,
20,PRC_Y1D7T0Z9E0Y1C1D3Q4E0Z0E9O9C6M3,2008941,2018-07-26,299,227,220,1,6,299,220,1,6,72,1,True,True,match,0,0,0,
20,PRC_Q1D7T0F6T1K6D1G6U0B8X0C1C0S4P5,2007425,2018-07-26,299,192,182,0,10,299,182,0,10,107,1,True,True,match,0,0,0,
20,PRC_K1G7N0T5U3X1H1A1I0Q5Y2C8Z7M8O5,2007113,2018-07-26,299,211,209,2,0,299,209,2,0,88,1,True,True,match,0,0,0,
20,PRC_T1F7O0J3C1Q3O1F6Q5A8D2O2W2L6L0,2006133,2018-07-26,299,192,180,2,10,299,180,2,10,107,1,True,True,match,0,0,0,
20,PRC_Q1R7R0M1A1H3F1Y6S2U9D4G3W7R7B2,2005092,2018-07-26,299,202,199,0,3,299,199,0,3,97,1,True,True,match,0,0,0,
20,PRC_R1A7D0V1H0E9T1H6V2B2W4A8U3S3V5,2005021,2018-07-26,299,182,181,0,1,299,181,0,1,117,1,True,True,match,0,0,0,
20,ARC_D1T6V1F2M2T6Q1A4B5W1R5Z7O9J5O1,2004608,2018-07-26,299,226,219,3,4,299,219,3,4,73,1,True,True,match,0,0,0,
20,PRC_T1Z8A0K7T1J3H1F4D3F4R5N0W2D2W0,2014440,2018-07-16,300,195,194,0,1,300,194,0,1,105,1,True,True,match,0,0,0,
20,PRC_P1I8G0T7B1S3X0Q9W5F1A5U6U7M8M2,2014439,2018-07-16,300,195,195,0,0,300,195,0,0,105,1,True,True,match,0,0,0,
20,PRC_T1I8F0I7T1S3O1S4T3J5C2L7J1P1K2,2014438,2018-07-16,300,197,197,0,0,300,197,0,0,103,1,True,True,match,0,0,0,
20,PRC_X1D8K0T7Y1X3U1X4P3L6N1D9H3R6Z8,2014437,2018-07-16,300,197,197,0,0,300,197,0,0,103,1,True,True,match,0,0,0,
20,PRC_M1M8I0O3V1A3F1D8K2Q3U5W2T2Q2G5,2013806,2018-05-28,288,179,159,11,9,288,159,11,9,109,1,True,True,match,0,0,0,
20,PRC_K1Y7I1O1M2B9N1A0G2K0A5G2C3F1O0,2013804,2018-05-28,288,217,211,1,5,288,211,1,5,71,1,True,True,match,0,0,0,
20,PRC_L1A8F0D3G1U6M1Z7E1J4S1S6T7H4D1,2013803,2018-05-28,288,223,217,1,5,288,217,1,5,65,1,True,True,match,0,0,0,
20,PRC_T1S8Y0A5N2L4T1H8Y4W8R4K8R6J0K1,2013802,2018-05-28,288,178,153,9,16,288,153,9,16,110,1,True,True,match,0,0,0,
20,PRC_I1Y8F0C3U2Y0W0D9S2T5I1H1Y9G3X9,2013801,2018-05-28,288,229,228,0,1,288,228,0,1,59,1,True,True,match,0,0,0,
20,PRC_D1V8Q0J5U2I4W1N8G0F9U1R2W7H3C1,2013800,2018-05-28,288,198,160,24,14,288,160,24,14,90,1,True,True,match,0,0,0,
20,PRC_G1P8F0H5F2K4E1Y8W1Y8X1M1C3P6F2,2013799,2018-05-28,288,198,174,15,9,288,174,15,9,90,1,True,True,match,0,0,0,
20,PRC_E1Z8Q0R3Y1U6M1K7Q1D3Y1Y6T7W0L9,2013798,2018-05-28,288,227,212,8,7,288,212,8,7,61,1,True,True,match,0,0,0,
20,PRC_F1M8T0T3R1F6H1V6C1A5E4Q0I0E6K9,2013797,2018-05-28,288,182,180,0,2,288,180,0,2,106,1,True,True,match,0,0,0,
20,PRC_P1F7P1V2F1C4S1V2T5R9C2N0V1B7X6,2013796,2018-05-28,288,228,219,0,9,288,219,0,9,60,1,True,True,match,0,0,0,
20,PRC_I1F8M0V5K2K4N1H8X0N1O1F8I5Q6X8,2013795,2018-05-28,288,225,174,27,24,288,174,27,24,63,1,True,True,match,0,0,0,
20,PRC_T1N8K0N2A2B0C1W3Y2E5Q3M9O2Y0N1,2013792,2018-05-28,288,207,204,0,3,288,204,0,3,81,1,True,True,match,0,0,0,
20,PRC_U1M7C1C1J2Y9J1G9Z1G1M3C3E0K4Y9,2013791,2018-05-28,288,202,202,0,0,288,202,0,0,86,1,True,True,match,0,0,0,
20,PRC_Z1Y8S0I3I2G2P1C6G4Q7G2J8I8Y3U3,2013790,2018-05-28,288,186,182,0,4,288,182,0,4,102,1,True,True,match,0,0,0,
20,PRC_R1E8V0Z3Z2X2F1R6L3D1J1O9B9L4I4,2013789,2018-05-28,288,183,175,1,7,288,175,1,7,105,1,True,True,match,0,0,0,
20,PRC_K1L8X0O3U1C9H1Y8G4U9G3D9W1T0C0,2013788,2018-05-28,288,198,191,1,6,288,191,1,6,90,1,True,True,match,0,0,0,
20,PRC_B1U8E0D2M2D2O1U4Y3Z7X4L2B2N4U5,2013787,2018-05-28,288,188,180,1,7,288,180,1,7,100,1,True,True,match,0,0,0,
20,PRC_B1X8L0H2X2I2Z1R4H1Q4J5A6H1K0O0,2013786,2018-05-28,288,191,185,0,6,288,185,0,6,97,1,True,True,match,0,0,0,
20,PRC_T1K8W0Q5D2Y1C1C4F3P3R1Q2P5Q5N3,2013785,2018-05-28,288,202,194,1,7,288,194,1,7,86,1,True,True,match,0,0,0,
20,PRC_S1Q8H0H2W2G1F2Z0B0G1Z1D3J3L1K0,2013784,2018-05-28,288,189,187,0,2,288,187,0,2,99,1,True,True,match,0,0,0,
20,PRC_X1L8P0I5W2K1W1H7C2G9T3N4B8M6L7,2013783,2018-05-28,288,200,199,0,1,288,199,0,1,88,1,True,True,match,0,0,0,
20,PRC_D1A8V0I2R2D2O1K1M3M7D2U3S3K5X7,2013782,2018-05-28,288,201,192,0,9,288,192,0,9,87,1,True,True,match,0,0,0,
20,PRC_L1I8M0I5K2V4B1F7R0L5R0M7I8D3F8,2013781,2018-05-28,288,248,148,73,27,288,148,73,27,40,1,True,True,match,0,0,0,
20,PRC_G1O7A0C9V2S0M1I8H4I6R2K0I6I6V0,2013780,2018-05-28,288,231,228,0,3,288,228,0,3,57,1,True,True,match,0,0,0,
20,PRC_J1O7Z0N7V1G7F1O1K5S6K3A0S1J7D6,2013779,2018-05-28,288,205,204,0,1,288,204,0,1,83,1,True,True,match,0,0,0,
20,PRC_S1X8X0C3R1U3G0T7C4J0C3W4U6T7F3,2013778,2018-05-28,288,252,249,0,3,288,249,0,3,36,1,True,True,match,0,0,0,
20,PRC_V1L8X0Y3T1N3T0N7S3V8P3H2C5Z1O8,2013775,2018-05-28,288,249,247,0,2,288,247,0,2,39,1,True,True,match,0,0,0,
20,PRC_V1Y8D0T3W1D3B0J7I3N5U0O0B3H8R0,2013774,2018-05-28,288,244,242,0,2,288,242,0,2,44,1,True,True,match,0,0,0,
20,PRC_H1R8H0M3Y1O3Z1M0T0L3C1K9Y4T3N7,2013773,2018-05-28,288,235,231,0,4,288,231,0,4,53,1,True,True,match,0,0,0,
20,PRC_E1H8T0V3Q1K3X0U7H3W2W2T6T8V4S2,2013770,2018-05-28,288,249,249,0,0,288,249,0,0,39,1,True,True,match,0,0,0,
20,PRC_Z1T8H0W5V0K2X1W3H3O0I3E5A7K5X6,2013380,2018-05-28,288,181,168,2,11,288,168,2,11,107,1,True,True,match,0,0,0,
20,ARC_H1Y8R0Y1G0K3E1Z4F4B6Z2K5V1I0S1,2011223,2018-05-28,288,227,221,1,5,288,221,1,5,61,1,True,True,match,0,0,0,
20,PRC_Y1X7B1H2S2E9M1G7F3L7I4A9V4Z9D4,2011162,2018-05-28,288,224,224,0,0,288,224,0,0,64,1,True,True,match,0,0,0,
20,ARC_S1G7K1V2S2X9V1V6E3Y2O5U0E5I0U8,2011150,2018-05-28,288,218,216,0,2,288,216,0,2,70,1,True,True,match,0,0,0,
20,PRC_C1J7C1Y2T2E9W1D1I0D2V2F1X8Q6V3,2011116,2018-05-28,288,220,219,0,1,288,219,0,1,68,1,True,True,match,0,0,0,
20,PRC_H1T7L1W2M2Z8L1D8D2P6S5G5U3R8M5,2011106,2018-05-28,288,231,211,10,10,288,211,10,10,57,1,True,True,match,0,0,0,
20,PRC_B1C7J1J2Q2Q6Y1T0Z5S7D4P8Z4C7H0,2011013,2018-05-28,288,185,180,0,5,288,180,0,5,103,1,True,True,match,0,0,0,
20,PRC_H1Q7D1P2S2N0K1W5O0O0S3D4A0F6A4,2010926,2018-05-28,288,194,188,0,6,288,188,0,6,94,1,True,True,match,0,0,0,
20,PRC_R1J7M1G2L2Q0H1U4U5J0U4E4H8G1R6,2010925,2018-05-28,288,192,185,0,7,288,185,0,7,96,1,True,True,match,0,0,0,
20,PRC_I1D7D1F2B1T8R1P7L3F8I3R8P5G5L4,2010903,2018-05-28,288,227,227,0,0,288,227,0,0,61,1,True,True,match,0,0,0,
20,PRC_D1B7G1Y2B1J8A1E6R2I7P3A9N1O9P0,2010899,2018-05-28,288,191,189,0,2,288,189,0,2,97,1,True,True,match,0,0,0,
20,PRC_E1S7C1V2C1X8H1J1T2D1I4I1A1C6L8,2010891,2018-05-28,288,222,218,1,3,288,218,1,3,66,1,True,True,match,0,0,0,
20,PRC_B1G7J1C2U1G5S1G7C2V3S2E4C7O0X4,2010878,2018-05-28,288,199,198,0,1,288,198,0,1,89,1,True,True,match,0,0,0,
20,PRC_N1U7B1G2V1C3K1Q4Q1G8B4U7C2B2K1,2010809,2018-05-28,288,200,187,0,13,288,187,0,13,88,1,True,True,match,0,0,0,
20,PRC_W1Z7W1J2X1M1X1I8W1A5G4C8Z5D0T6,2010765,2018-05-28,288,252,252,0,0,288,252,0,0,36,1,True,True,match,0,0,0,
20,ARC_H1F7P1J2T0A8G1A1H5I1Q3V2G0F4G0,2010709,2018-05-28,288,190,186,0,4,288,186,0,4,98,1,True,True,match,0,0,0,
20,PRC_N1E7Y1K2V0O5U1E0S3Z2D4Z6F4U2B4,2010607,2018-05-28,288,227,219,0,8,288,219,0,8,61,1,True,True,match,0,0,0,
20,PRC_T1Q7B1X2J0A4Z1P7M4D6E3B5I5G4A8,2010602,2018-05-28,288,199,195,0,4,288,195,0,4,89,1,True,True,match,0,0,0,
20,PRC_A1L7V1E1O3Y0F1C8J1C9S3Z2Q3O7L0,2010541,2018-05-28,288,254,250,0,4,288,250,0,4,34,1,True,True,match,0,0,0,
20,PRC_Q1K7A1O1H3C0G1W6K5S8E4W7L4Q8Q3,2010524,2018-05-28,288,248,242,0,6,288,242,0,6,40,1,True,True,match,0,0,0,
20,PRC_A1N7Y1E1F3B0I1U6Z5Y6D2J9B9I1K8,2010523,2018-05-28,288,248,242,0,6,288,242,0,6,40,1,True,True,match,0,0,0,
20,PRC_M1L7W1K1V3O0L1M6A4X8X4I6B8Y0R8,2010521,2018-05-28,288,244,225,0,19,288,225,0,19,44,1,True,True,match,0,0,0,
20,PRC_T1M7Z1L1Z2B9C1I3W4T1Q4V1R5D2S2,2010465,2018-05-28,288,172,171,0,1,288,171,0,1,116,1,True,True,match,0,0,0,
20,PRC_T1B7Y1Y1B1D6B1Q3D5X3R4K8R1R6C0,2010188,2018-05-28,288,186,182,0,4,288,182,0,4,102,1,True,True,match,0,0,0,
20,PRC_T1S7J1W1I1B3D1G4D3G5B4R1D9O6O6,2010148,2018-05-28,288,213,212,0,1,288,212,0,1,75,1,True,True,match,0,0,0,
20,PRC_R1R7K1V1L0S7P1U7I5B4A1Q6E5Q8B5,2010036,2018-05-28,288,200,186,1,13,288,186,1,13,88,1,True,True,match,0,0,0,
20,PRC_X1N7Q1K1A0N7S1W6K4Y2V2W1C7A9E2,2010033,2018-05-28,288,200,199,0,1,288,199,0,1,88,1,True,True,match,0,0,0,
20,PRC_L1J7F1J1F0W2Z1W1X0H3Y1O0W1Q8O6,2009978,2018-05-28,288,203,198,0,5,288,198,0,5,85,1,True,True,match,0,0,0,
20,PRC_G1M7F1I0Y2F5L1Y6Q4O0C2G1D9Z8H4,2009918,2018-05-28,288,193,181,2,10,288,181,2,10,95,1,True,True,match,0,0,0,
20,PRC_O1F7M0E9U2A9O1W8M2G3P2A1H6Z4R1,2009818,2018-05-28,288,202,196,1,5,288,196,1,5,86,1,True,True,match,0,0,0,
20,PRC_Q1G7W0P9A2L9C1K7O4K7R3O8H5F7K0,2009800,2018-05-28,288,188,177,0,11,288,177,0,11,100,1,True,True,match,0,0,0,
20,PRC_N1C7Q0Z9W2W9I1Z0X2S8U3T4T9G4Y0,2009746,2018-05-28,288,213,207,0,6,288,207,0,6,75,1,True,True,match,0,0,0,
20,PRC_H1H7Q0Z9T2A8A1J7V1D5S3M2D7T1E9,2009721,2018-05-28,288,193,190,0,3,288,190,0,3,95,1,True,True,match,0,0,0,
20,PRC_G1Y7A0V9C2I7D1N5B3I8Y2H4D3T1D9,2009622,2018-05-28,288,213,202,1,10,288,202,1,10,75,1,True,True,match,0,0,0,
20,PRC_J1N7G0K9F0K5O1Z1Z3S1W2G9O3L8Z1,2009075,2018-05-28,288,227,222,1,4,288,222,1,4,61,1,True,True,match,0,0,0,
20,PRC_F1W7V0B8O2N5E1Q4N4O4Y3B9U1C0F9,2008695,2018-05-28,288,189,173,5,11,288,173,5,11,99,1,True,True,match,0,0,0,
20,PRC_C1I7N0W8X2C4W1L1N2C8D3E0F0S7O0,2008665,2018-05-28,288,186,173,3,10,288,173,3,10,102,1,True,True,match,0,0,0,
20,PRC_Q1D7V0S8V0C7J1A4Y2M2V4I5G6Z9U4,2008410,2018-05-28,288,197,191,0,6,288,191,0,6,91,1,True,True,match,0,0,0,
20,PRC_X1P7F0F7P0B7S1L5Q0T6I0L5R1T9B6,2007827,2018-05-28,288,243,240,0,3,288,240,0,3,45,1,True,True,match,0,0,0,
20,PRC_B1N7W0W6K3N0Q1E5S0A7H5N1D7G6H5,2007720,2018-05-28,288,228,218,2,8,288,218,2,8,60,1,True,True,match,0,0,0,
20,PRC_M1Y7F0K6H0U8L1L5B3E6I0I2B9B7C5,2007276,2018-05-28,288,226,221,1,4,288,221,1,4,62,1,True,True,match,0,0,0,
20,PRC_K1A7Z0Z6S0I8O1R5O1N9Y0P3I3J4M8,2007271,2018-05-28,288,230,226,1,3,288,226,1,3,58,1,True,True,match,0,0,0,
20,PRC_D1Y7G0Y5O3G0O1Y6F3Y8X4N7Q8A7J3,2007094,2018-05-28,288,206,204,0,2,288,204,0,2,82,1,True,True,match,0,0,0,
20,ARC_K1B7F0T5H1C1W1Y5S0H1N4K1I3H5I4,2006863,2018-05-28,288,237,226,4,7,288,226,4,7,51,1,True,True,match,0,0,0,
20,PRC_N1L7M0C4E0N3O1U6H2V2M0W6G0W7E7,2006565,2018-05-28,288,207,193,3,11,288,193,3,11,81,1,True,True,match,0,0,0,
20,PRC_I1E7N0A2J2U2L1O7R3C7C2J1V7G2T4,2005740,2018-05-28,288,233,230,0,3,288,230,0,3,55,1,True,True,match,0,0,0,
20,PRC_K1D7J0Q2Q2Z2T1E7Y3U1N2H8I6Y1Q7,2005738,2018-05-28,288,231,229,0,2,288,229,0,2,57,1,True,True,match,0,0,0,
20,PRC_R1Z7C0S2Z2M2G1F7Z3Y0L5V3Y2Z3K7,2005737,2018-05-28,288,235,233,0,2,288,233,0,2,53,1,True,True,match,0,0,0,
20,PRC_S1K7E0L2C0J9K1S6P4N3C2Z4L8O3J5,2005519,2018-05-28,288,239,239,0,0,288,239,0,0,49,1,True,True,match,0,0,0,
20,PRC_B1Q7D0U1Y1B8O1P3M3P7B5K1T8G4G3,2005138,2018-05-28,288,194,187,1,6,288,187,1,6,94,1,True,True,match,0,0,0,
20,ARC_R1I6E1B2D3U0B1E3A3F0X3K2D5E9I9,2004832,2018-05-28,288,195,189,0,6,288,189,0,6,93,1,True,True,match,0,0,0,
20,ARC_N1O6E1F2Z2M9K1R6H5L4S0T6X9D3L0,2004771,2018-05-28,288,197,194,0,3,288,194,0,3,91,1,True,True,match,0,0,0,
20,PRC_L1H6H1U2X2M9J1H6Y4N3G1F7L5M2X8,2004763,2018-05-28,288,238,237,0,1,288,237,0,1,50,1,True,True,match,0,0,0,
20,PRC_K1M6G1N2G2U1A1E5D0I8U5W1H0H2C2,2004522,2018-05-28,288,250,249,0,1,288,249,0,1,38,1,True,True,match,0,0,0,
20,ARC_E1X6M1T0L2F5B1E6E0W1Q4G7K4M0D9,2002909,2018-05-28,288,216,216,0,0,288,216,0,0,72,1,True,True,match,0,0,0,
20,PRC_R1A6D0P8O1T9P1N6K4K2O3V4P3J9E0,2001689,2018-05-28,288,179,178,0,1,288,178,0,1,109,1,True,True,match,0,0,0,
20,PRC_M1Z6O0T7I0X7L1B0T2B3P1R7S8I3A4,2000726,2018-05-28,288,189,171,2,16,288,171,2,16,99,1,True,True,match,0,0,0,
20,ARC_K1G6C0S6A2U8F1B7J0M6P3F7Y9V8W3,2000537,2018-05-28,288,205,201,0,4,288,201,0,4,83,1,True,True,match,0,0,0,
20,PRC_X1R6C0O6W1G4X1B7Z5N3S1E3B3H3T0,2000243,2018-05-28,288,235,175,26,34,288,175,26,34,53,1,True,True,match,0,0,0,
20,PRC_C1R8X0L5S1J7Y1A1U3C9Q0F9L3W3E4,2013661,2018-05-21,288,255,236,4,15,288,236,4,15,33,1,True,True,match,0,0,0,
20,PRC_F1O8N0V5X2O1D0C8P4S1S4Z7X0U5G7,2013660,2018-05-21,288,250,183,43,24,288,183,43,24,38,1,True,True,match,0,0,0,
20,PRC_V1X8Y0L4P0M6S1M0Q3Z9G0C3E8A2P0,2012947,2018-05-21,288,257,199,23,35,288,199,23,35,31,1,True,True,match,0,0,0,
20,PRC_F1X8K0N4O0R6P1A0O3K8K2U6W4N6C5,2012946,2018-05-21,288,258,201,20,37,288,201,20,37,30,1,True,True,match,0,0,0,
20,PRC_F1E8N0W4Z0K6I1O0V3Y7K4N2N6Q0B3,2012945,2018-05-21,288,260,199,25,36,288,199,25,36,28,1,True,True,match,0,0,0,
20,PRC_S1O8R0H4O0S6H1E0B3A7B1O4E9J7D5,2012944,2018-05-21,288,261,214,18,29,288,214,18,29,27,1,True,True,match,0,0,0,
20,PRC_U1E8V0H4S0I6B1R0Q3J6E3J3A9N2X1,2012943,2018-05-21,288,259,217,15,27,288,217,15,27,29,1,True,True,match,0,0,0,
20,PRC_W1Q8X0S4K0L6W1K0Y3T5A5A6K1B8T8,2012942,2018-05-21,288,261,210,18,33,288,210,18,33,27,1,True,True,match,0,0,0,
20,PRC_H1O8W0J4U0J6C1I0E3Z5H2M1V6R9A3,2012941,2018-05-21,288,261,209,19,33,288,209,19,33,27,1,True,True,match,0,0,0,
20,PRC_K1Q8I0I4T0U6S1I0W3O4I4O2B8W1U2,2012940,2018-05-21,288,259,210,16,33,288,210,16,33,29,1,True,True,match,0,0,0,
20,PRC_X1Z8Z0S4N0S6O1A0W3R4R0D8Y6G4W8,2012939,2018-05-21,288,259,200,25,34,288,200,25,34,29,1,True,True,match,0,0,0,
20,PRC_S1F8N0Q4M0D6Q1J0S3L2R1S2Q7M0H6,2012938,2018-05-21,288,256,195,24,37,288,195,24,37,32,1,True,True,match,0,0,0,
20,PRC_B1V8U0M4P0Q6H1I0X2E9C4J8D0E0M5,2012937,2018-05-21,288,259,201,23,35,288,201,23,35,29,1,True,True,match,0,0,0,
20,PRC_N1T8K0D4R0L6F1N0O2O8C5Q4U3L6Z8,2012936,2018-05-21,288,260,203,22,35,288,203,22,35,28,1,True,True,match,0,0,0,
20,PRC_A1Z8L0X4B0E6G1P0T2X7U0H7T3V1B4,2012935,2018-05-21,288,254,197,19,38,288,197,19,38,34,1,True,True,match,0,0,0,
20,PRC_N1L8A0I4C0I6W1P0O2N5F3K1X4U8O6,2012934,2018-05-21,288,261,176,51,34,288,176,51,34,27,1,True,True,match,0,0,0,
20,PRC_T1N7H1R1D2M9O1Q9T0A7P0P3B6Q0B7,2012785,2018-03-30,293,183,178,1,4,293,178,1,4,110,1,True,True,match,0,0,0,
20,PRC_M1J7G1R1C2H3B1H8N1D3S2I4B4Q4Z3,2012784,2018-03-30,293,190,190,0,0,293,190,0,0,103,1,True,True,match,0,0,0,
20,PRC_G1Q8D0X2V0D9F1H1L5I4G3K5A6C2I9,2012782,2018-03-30,293,185,182,0,3,293,182,0,3,108,1,True,True,match,0,0,0,
20,PRC_J1D8G0V3H1C6A1G0V4N7W2R8C0G2G0,2012780,2018-03-30,293,164,163,0,1,293,163,0,1,129,1,True,True,match,0,0,0,
20,PRC_I1R8R0B3O1Z3G1Y8W2G2S3B9G6Q3K6,2012779,2018-03-30,293,161,154,0,7,293,154,0,7,132,1,True,True,match,0,0,0,
20,PRC_A1P8H0H3B1T6S1O7P0P4K1O0X1H2Y7,2012776,2018-03-30,293,161,161,0,0,293,161,0,0,132,1,True,True,match,0,0,0,
20,PRC_J1N7K1U2V1Z9A1R6R3O4P0L8I3W1B5,2012774,2018-03-30,293,163,139,9,15,293,139,9,15,130,1,True,True,match,0,0,0,
20,PRC_I1U8A0D3T1M6Y1S7D1T0A4E1T9F2I9,2012773,2018-03-30,293,162,158,0,4,293,158,0,4,131,1,True,True,match,0,0,0,
20,PRC_P1A8T0Q3B2F2J1R7L5X6L2K5M9I2A5,2012772,2018-03-30,293,170,167,0,3,293,167,0,3,123,1,True,True,match,0,0,0,
20,PRC_T1N8S0W2J2V7K1L6B1B2W0G9T9V8F6,2012770,2018-03-30,293,163,157,0,6,293,157,0,6,130,1,True,True,match,0,0,0,
20,PRC_R1H8I0E2E2Q6M1S4N4Q5Z2E6B8J4T0,2012767,2018-03-30,293,161,157,0,4,293,157,0,4,132,1,True,True,match,0,0,0,
20,PRC_D1B8Y0A3U2Q2Y1F6Z4C4N1M5Y0Z1K0,2012766,2018-03-30,293,171,171,0,0,293,171,0,0,122,1,True,True,match,0,0,0,
20,PRC_F1J8B0C3U1C6R1Q7R1U4U5A8D3Y2J7,2012765,2018-03-30,293,163,137,14,12,293,137,14,12,130,1,True,True,match,0,0,0,
20,PRC_I1Q8Q0Q3S1Q3P0Z7X4N2R4Z7L6M8H4,2012764,2018-03-30,293,196,194,0,2,293,194,0,2,97,1,True,True,match,0,0,0,
20,PRC_S1G8Q0K3M1Y3I0R7O4H4D0F1O3A4Z7,2012763,2018-03-30,293,189,186,0,3,293,186,0,3,104,1,True,True,match,0,0,0,
20,PRC_Q1S8Y0W3I1H3Z0F7Y3Q3G3Q6F9X5E3,2012762,2018-03-30,293,189,187,0,2,293,187,0,2,104,1,True,True,match,0,0,0,
20,PRC_T1T8Z0M3F1Z3L0D7J4B5P0A1H5G5P6,2012760,2018-03-30,293,196,195,0,1,293,195,0,1,97,1,True,True,match,0,0,0,
20,PRC_J1H8J0G3Z1W3F0A7I3I6N2E3G3P7O2,2012759,2018-03-30,293,193,192,0,1,293,192,0,1,100,1,True,True,match,0,0,0,
20,PRC_Z1H8E0Q3Y1B3X1G0W0Q2I3Z3P3V9M4,2012757,2018-03-30,293,191,191,0,0,293,191,0,0,102,1,True,True,match,0,0,0,
20,PRC_J1H8I0T3K1H3S0W7X3I0B5R3H1M1L4,2012756,2018-03-30,293,190,190,0,0,293,190,0,0,103,1,True,True,match,0,0,0,
20,PRC_B1S8X0Z2M2W2N2H0J4W9I1K6N5B3Y6,2012755,2018-03-30,293,209,208,0,1,293,208,0,1,84,1,True,True,match,0,0,0,
20,PRC_L1S8X0A3I2S1M1W8L3R3C4E7O6B2V8,2012754,2018-03-30,293,213,210,0,3,293,210,0,3,80,1,True,True,match,0,0,0,
20,PRC_S1R8Q0V3O1U9E1R7I1Z1E5R0X0W5P3,2012752,2018-03-30,293,166,163,0,3,293,163,0,3,127,1,True,True,match,0,0,0,
20,PRC_H1A8B0C3L1U9T1R7Q1A0J0Z7R0L3T8,2012751,2018-03-30,293,168,164,0,4,293,164,0,4,125,1,True,True,match,0,0,0,
20,PRC_F1U8W0N3H1N9W1V7W1O0T5M8F4T8S2,2012750,2018-03-30,293,166,165,0,1,293,165,0,1,127,1,True,True,match,0,0,0,
20,PRC_C1I8K0S2Q2F0X1H0G0S0C2P4V4Z5A7,2012749,2018-03-30,293,168,166,0,2,293,166,0,2,125,1,True,True,match,0,0,0,
20,PRC_D1C8I0L3M1D9X1T7G0R9N0A5B8J3P4,2012748,2018-03-30,293,162,159,0,3,293,159,0,3,131,1,True,True,match,0,0,0,
20,PRC_L1D8F0W2C2Z2P1D7G2R2W3P2Z5C1F2,2012747,2018-03-30,293,205,205,0,0,293,205,0,0,88,1,True,True,match,0,0,0,
20,PRC_W1Z8K0L2M2X0L1S0R0S2P5R5G4U7Q7,2012746,2018-03-30,293,168,168,0,0,293,168,0,0,125,1,True,True,match,0,0,0,
20,PRC_B1J8U0U3O1G9B0M9C5Z2F5S1L4L6T7,2012608,2018-03-30,293,153,147,0,6,293,147,0,6,140,1,True,True,match,0,0,0,
20,PRC_X1F8J0M3D0H5H1Q5O5U5A2Q2X7V9V6,2012298,2018-03-30,293,175,169,1,5,293,169,1,5,118,1,True,True,match,0,0,0,
20,PRC_Z1L8P0N1A1M9R1O7X4R1N3M4D7P0W8,2011478,2018-03-30,293,165,164,1,0,293,164,1,0,128,1,True,True,match,0,0,0,
20,PRC_K1M8X0M1D1N5E1O7L4W0G0R7D2J9N0,2011370,2018-03-30,293,160,158,0,2,293,158,0,2,133,1,True,True,match,0,0,0,
20,ARC_B1U8V0I1M0M3C1U6O1H9B4Q0H1A9V0,2011254,2018-03-30,293,160,158,0,2,293,158,0,2,133,1,True,True,match,0,0,0,
20,ARC_P1B8T0G1M0N3X1Z4X4V5H4E9I5X1W7,2011226,2018-03-30,293,167,167,0,0,293,167,0,0,126,1,True,True,match,0,0,0,
20,ARC_Y1W8Q0Y1T0Z3R1D4F4H6H0G9Q3H0Q8,2011218,2018-03-30,293,166,164,0,2,293,164,0,2,127,1,True,True,match,0,0,0,
20,ARC_P1H8L0X1W0K3R1S4K4T7V1C4L4A5F6,2011216,2018-03-30,293,194,190,0,4,293,190,0,4,99,1,True,True,match,0,0,0,
20,PRC_J1E7L1Q2B2M9N1X5E4W4J5A7O5X6Z5,2011142,2018-03-30,293,164,164,0,0,293,164,0,0,129,1,True,True,match,0,0,0,
20,PRC_Q1R7U1G2M2F1R1L2N4U0C4N5V4W9T3,2010944,2018-03-30,293,161,157,0,4,293,157,0,4,132,1,True,True,match,0,0,0,
20,PRC_S1W7S1D2U2O0M1N5E0M6H3H4T4C9E0,2010927,2018-03-30,293,162,161,1,0,293,161,1,0,131,1,True,True,match,0,0,0,
20,PRC_R1U7O1H2A1E2C1N5E1A9R4F1C1P1X8,2010783,2018-03-30,293,193,190,0,3,293,190,0,3,100,1,True,True,match,0,0,0,
20,PRC_S1S7D1W2D1S1S1T8T2D1D4N9E3Y9G8,2010767,2018-03-30,293,196,194,0,2,293,194,0,2,97,1,True,True,match,0,0,0,
20,PRC_F1T7E1X2C1M1W1B1E1Y1G5Q0J3R1U7,2010748,2018-03-30,293,166,164,0,2,293,164,0,2,127,1,True,True,match,0,0,0,
20,PRC_O1X7H1O2H1H1C1Z1D1K1P1S0G3C9X1,2010747,2018-03-30,293,165,165,0,0,293,165,0,0,128,1,True,True,match,0,0,0,
20,PRC_K1T7E1M2B0E5R1M5F2T4O0B4U4J1X8,2010613,2018-03-30,293,154,150,0,4,293,150,0,4,139,1,True,True,match,0,0,0,
20,PRC_W1Z7H1K2T0Q1A1R7A2O5V3K5O2O6C8,2010570,2018-03-30,293,157,155,0,2,293,155,0,2,136,1,True,True,match,0,0,0,
20,PRC_P1R7A1B2B0O1I1U7H1S9V5N9C1Q2V0,2010568,2018-03-30,293,158,156,0,2,293,156,0,2,135,1,True,True,match,0,0,0,
20,PRC_V1H7J1C2T0B1E1G5E5X6X1L5S4P0B3,2010562,2018-03-30,293,188,187,0,1,293,187,0,1,105,1,True,True,match,0,0,0,
20,PRC_R1B7V1X1P2N1B1B7G4F7U4Z2U4Y9K4,2010293,2018-03-30,293,181,178,0,3,293,178,0,3,112,1,True,True,match,0,0,0,
20,PRC_A1O7K1E1D1I7B1E7K2B1I2L7Z9H8Q8,2010228,2018-03-30,293,193,188,0,5,293,188,0,5,100,1,True,True,match,0,0,0,
20,ARC_S1R7B1S0S2K7H1Y3S3L2A2P8W0U5Y4,2009944,2018-03-30,293,163,160,0,3,293,160,0,3,130,1,True,True,match,0,0,0,
20,PRC_T1J7H0K9G2V9H1A8O2P0M0D5G8L6J8,2009817,2018-03-30,293,177,170,0,7,293,170,0,7,116,1,True,True,match,0,0,0,
20,PRC_L1Q7B0S9L2L9J1Y8Z1T2W4N1S7Y0T3,2009815,2018-03-30,293,183,177,1,5,293,177,1,5,110,1,True,True,match,0,0,0,
20,PRC_I1Z7O0L9I2I9V1E8X0L8L2M1C9Y9G6,2009814,2018-03-30,293,186,180,1,5,293,180,1,5,107,1,True,True,match,0,0,0,
20,PRC_V1Z7O0F9E2M2P1E8H0W0U0V9E0S1B0,2009575,2018-03-30,293,164,156,1,7,293,156,1,7,129,1,True,True,match,0,0,0,
20,PRC_O1I7G0G9G1K5B1H7G5H5E5F1L3S4X0,2009444,2018-03-30,293,165,163,0,2,293,163,0,2,128,1,True,True,match,0,0,0,
20,PRC_X1V7O0F9U1G2N1M3L5G2M5M0Z8M7E7,2009295,2018-03-30,293,157,156,0,1,293,156,0,1,136,1,True,True,match,0,0,0,
20,PRC_D1C7S0Y9K1R2C1U0Z4U4I3C6V3O8D1,2009279,2018-03-30,293,185,183,0,2,293,183,0,2,108,1,True,True,match,0,0,0,
20,PRC_R1V7J0H8E2E9C1B6H1J6P4T4F6Y8R6,2008834,2018-03-30,293,161,161,0,0,293,161,0,0,132,1,True,True,match,0,0,0,
20,ARC_F1I7K0J8Q2W8P1F6Z0B1E4S1K2G6L3,2008780,2018-03-30,293,190,189,0,1,293,189,0,1,103,1,True,True,match,0,0,0,
20,PRC_P1B7O0J8T1U6D0X9S4O3N1H0F2Z7F5,2008518,2018-03-30,293,167,164,0,3,293,164,0,3,126,1,True,True,match,0,0,0,
20,PRC_H1S7C0K8A1D1Y1P7S4S5T5V8G8Z6V2,2008507,2018-03-30,293,156,155,0,1,293,155,0,1,137,1,True,True,match,0,0,0,
20,PRC_C1Q7T0W8I0C4F1V5X4L4Q0X4B1K7K0,2008391,2018-03-30,293,164,160,0,4,293,160,0,4,129,1,True,True,match,0,0,0,
20,PRC_O1E7F0U8U0G3Z1O7S5P2Q1B4N0J3Y3,2008380,2018-03-30,293,164,164,0,0,293,164,0,0,129,1,True,True,match,0,0,0,
20,PRC_T1W7B0A6U2Y3M1S4M0Z8L0K6I4F0Q9,2007545,2018-03-30,293,166,164,0,2,293,164,0,2,127,1,True,True,match,0,0,0,
20,PRC_B1J7U0V6O0Z7K1T1B1Z6Y2W5C6K7M1,2007233,2018-03-30,293,164,164,0,0,293,164,0,0,129,1,True,True,match,0,0,0,
20,PRC_Q1C7O0H4D1F8V1Q3M1L3M3M5C0A1Q0,2006780,2018-03-30,293,164,159,0,5,293,159,0,5,129,1,True,True,match,0,0,0,
20,PRC_D1N7T0A3J2Y7P1L1P4S5M1Y9J6T2S5,2006398,2018-03-30,293,161,160,0,1,293,160,0,1,132,1,True,True,match,0,0,0,
20,PRC_R1O7Z0Q3L2B0Z1P3T4N1H1V7X8K5S0,2006281,2018-03-30,293,166,165,0,1,293,165,0,1,127,1,True,True,match,0,0,0,
20,PRC_X1V6P1N2E0F1W1Q6H3Z0N5Z1Q8G9J6,2004042,2018-03-30,293,164,162,0,2,293,162,0,2,129,1,True,True,match,0,0,0,
20,PRC_I1E6C1J1F2L4L1I7D4I9R4N0F4M4C7,2003848,2018-03-30,293,160,160,0,0,293,160,0,0,133,1,True,True,match,0,0,0,
20,PRC_V1K6E1W1F2I3E1H6H0H3I0Q3W0Z2E5,2003797,2018-03-30,293,160,158,0,2,293,158,0,2,133,1,True,True,match,0,0,0,
20,PRC_W1Q6V0G8W1Z9T1H7M4M9N1E6F6T6C7,2001707,2018-03-30,293,174,172,0,2,293,172,0,2,119,1,True,True,match,0,0,0,
20,PRC_S1T8Q0P2C2Q8D1S4U5M6X4Z1G2F8D2,2012301,2018-03-05,293,214,167,20,27,293,167,20,27,79,1,True,True,match,0,0,0,
20,PRC_E1W8K0Z2Y2M8I1R4R5T6T1X1G9Q7W4,2012300,2018-03-05,293,209,143,34,32,293,143,34,32,84,1,True,True,match,0,0,0,
20,PRC_F1L8Q0D2H2S8Y1P4B5U5K3P5I9B6H0,2012299,2018-03-05,293,213,126,53,34,293,126,53,34,80,1,True,True,match,0,0,0,
20,PRC_T1Q8F0K3H0M5Y1I6Z3K8G2V6T7J1B7,2012299,2018-03-05,293,206,68,114,24,293,68,114,24,87,1,True,True,match,0,0,0,
20,PRC_Y1T8I0Q2A2R2X1G1G2N5C5Z2K0J3G5,2012262,2018-02-28,293,176,173,0,3,293,173,0,3,117,1,True,True,match,0,0,0,
20,PRC_B1Y8N0H2W2W1K1Q9P5K8M3O6J7V6A9,2012261,2018-02-28,293,177,177,0,0,293,177,0,0,116,1,True,True,match,0,0,0,
20,PRC_U1M8N0A2Q2Y2M1W4Y0C0O5A7N7S1R1,2012260,2018-02-28,293,171,170,0,1,293,170,0,1,122,1,True,True,match,0,0,0,
20,PRC_H1F8P0V2K2K2B1Y1E2F2I2R7R1B2P9,2012259,2018-02-28,293,164,157,2,5,293,157,2,5,129,1,True,True,match,0,0,0,
20,PRC_I1I8H0C2J2G2N1Z1F2P4U1E9R5W2S3,2012258,2018-02-28,293,168,167,0,1,293,167,0,1,125,1,True,True,match,0,0,0,
20,PRC_N1H8F0E2L2X2N1T1K1K2I5L3V6D6H7,2012257,2018-02-28,293,158,148,3,7,293,148,3,7,135,1,True,True,match,0,0,0,
20,PRC_Z1Q8M0F2S2M0D1D3P1K9C4B4W9E1J2,2012255,2018-02-28,293,185,183,0,2,293,183,0,2,108,1,True,True,match,0,0,0,
20,PRC_O1P8L0G2I2O7F0L2J1J8Y3C2T0I2C7,2012226,2018-02-28,293,194,151,11,32,293,151,11,32,99,1,True,True,match,0,0,0,
20,PRC_P1C8R0D2L2I7I1L4J0V9S3R5M0G5Z0,2012225,2018-02-28,293,195,187,0,8,293,187,0,8,98,1,True,True,match,0,0,0,
20,PRC_P1T7T1O1R2A9R0X9W4I0X2J9D5X3P2,2012223,2018-02-28,293,188,154,9,25,293,154,9,25,105,1,True,True,match,0,0,0,
20,PRC_B1G8I0W2O2Z3Y1U4C4W2X1Q0D3T9H7,2012222,2018-02-28,293,196,180,2,14,293,180,2,14,97,1,True,True,match,0,0,0,
20,PRC_K1A8L0R2L2H7R1B4L0E7B2T6F4E4X1,2012221,2018-02-28,293,191,186,0,5,293,186,0,5,102,1,True,True,match,0,0,0,
20,PRC_M1C8T0X2T0A5R0C9N0J5A1F3U3O6P2,2012220,2018-02-28,293,195,190,1,4,293,190,1,4,98,1,True,True,match,0,0,0,
20,PRC_C1L8C0U2J2O7L1R4N0B8E5E7A3C0U2,2012219,2018-02-28,293,191,182,0,9,293,182,0,9,102,1,True,True,match,0,0,0,
20,PRC_F1M7L1G2Y1E2C1W3X1N3M2R3C6G0U4,2012218,2018-02-28,293,210,202,1,7,293,202,1,7,83,1,True,True,match,0,0,0,
20,PRC_P1Y8F0U2P2W0C1A0S2J2J0R7W4Q8C4,2012216,2018-02-28,293,202,158,15,29,293,158,15,29,91,1,True,True,match,0,0,0,
20,PRC_I1N8D0I2R2X0A0F9E5N9P0Z5T4Y9U0,2012215,2018-02-28,293,191,180,2,9,293,180,2,9,102,1,True,True,match,0,0,0,
20,PRC_X1E8Y0T2S2L0C1J3K2P6W3Z5I6X3I1,2012214,2018-02-28,293,194,184,0,10,293,184,0,10,99,1,True,True,match,0,0,0,
20,PRC_Z1R8B0F2M2T0F1B0Z0W1N4O2B1X9I5,2012213,2018-02-28,293,194,193,0,1,293,193,0,1,99,1,True,True,match,0,0,0,
20,PRC_S1W8V0X2E2N0P1E0O0Z4U0Z9V8P2S5,2012211,2018-02-28,293,191,180,1,10,293,180,1,10,102,1,True,True,match,0,0,0,
20,PRC_H1I7X1T1S2M9Z1J9D2M0H0X3D4W3B6,2012209,2018-02-28,293,186,186,0,0,293,186,0,0,107,1,True,True,match,0,0,0,
20,PRC_Y1M7L1W2D1G9V1H5K4D9K2C4O9Q4Y6,2012208,2018-02-28,293,217,199,4,14,293,199,4,14,76,1,True,True,match,0,0,0,
20,PRC_J1J7V1Q1B3K0L1J8P3W1R3D9A6X0Z2,2012207,2018-02-28,293,191,189,0,2,293,189,0,2,102,1,True,True,match,0,0,0,
20,PRC_H1V7R1P2J0Q1U1W0H2O3P3G3R0O2P8,2012206,2018-02-28,293,190,187,0,3,293,187,0,3,103,1,True,True,match,0,0,0,
20,PRC_L1H7S0M9S2J0S1O8D0F3S5K8H3Z7D1,2012204,2018-02-28,293,178,177,0,1,293,177,0,1,115,1,True,True,match,0,0,0,
20,PRC_J1R7Y0C2C2G2M2B0R0C9V5M6A0R6R0,2012203,2018-02-28,293,192,190,0,2,293,190,0,2,101,1,True,True,match,0,0,0,
20,PRC_J1G7Z1F1R2R3L1Q9Q1L0Y0X2H6T5K1,2012202,2018-02-28,293,176,171,1,4,293,171,1,4,117,1,True,True,match,0,0,0,
20,PRC_L1U7H1U2B0N1C1Y0R3V0N4V5C3G1O3,2012201,2018-02-28,293,197,195,0,2,293,195,0,2,96,1,True,True,match,0,0,0,
20,PRC_W1V8Z0I2E2N1O1A7U5E7N2E9U3Z8M4,2012199,2018-02-28,293,200,196,0,4,293,196,0,4,93,1,True,True,match,0,0,0,
20,PRC_F1X7H1F2O0P1D1A1W1I3W4V3J4R3N4,2012198,2018-02-28,293,216,213,0,3,293,213,0,3,77,1,True,True,match,0,0,0,
20,PRC_L1C7E0V3M2V3H1V3G1S1Z3A7Q6U9Y5,2012195,2018-02-28,293,191,186,0,5,293,186,0,5,102,1,True,True,match,0,0,0,
20,PRC_V1C7L1Y1Y2I9J1X0C1X6W5C4B4U3J5,2012194,2018-02-28,293,186,185,0,1,293,185,0,1,107,1,True,True,match,0,0,0,
20,PRC_C1O7R1D2K2V1P1E8D0B4Z5N2C1X6I6,2012193,2018-02-28,293,218,213,2,3,293,213,2,3,75,1,True,True,match,0,0,0,
20,PRC_H1C7S1A1S3R0T1Y1F5D0N4I0Q5J1C0,2012192,2018-02-28,293,220,216,0,4,293,216,0,4,73,1,True,True,match,0,0,0,
20,PRC_I1Z7A1D2T2K1F1E8H0W5Q1P9E0R4D0,2012191,2018-02-28,293,215,213,1,1,293,213,1,1,78,1,True,True,match,0,0,0,
20,PRC_V1R8G0E2M2U2G1X2O2T3I5C0L8B5S0,2012189,2018-02-28,293,211,210,0,1,293,210,0,1,82,1,True,True,match,0,0,0,
20,PRC_W1O7S1Y1N3K0X1U3Y1Z4O0L5G2E7P0,2012188,2018-02-28,293,216,214,0,2,293,214,0,2,77,1,True,True,match,0,0,0,
20,PRC_Q1N7H1J1U2D7W2K1C2V0T0B5Z6Z5L4,2012187,2018-02-28,293,213,210,0,3,293,210,0,3,80,1,True,True,match,0,0,0,
20,PRC_R1K8Y0B2N2O1J1K7F2G1U3H2N5A4H4,2012186,2018-02-28,293,223,217,1,5,293,217,1,5,70,1,True,True,match,0,0,0,
20,PRC_Z1V8M0F2A2V2W1T3L0O1M0L2M2O3N1,2012185,2018-02-28,293,222,210,2,10,293,210,2,10,71,1,True,True,match,0,0,0,
20,PRC_P1I8I0D2Z2N2T1Q2U2B3E0B3M2B5C6,2012183,2018-02-28,293,215,212,0,3,293,212,0,3,78,1,True,True,match,0,0,0,
20,PRC_A1C8R0U2U2H1D1Z9K1K3W1C9C3Q5F3,2012100,2018-02-28,293,195,195,0,0,293,195,0,0,98,1,True,True,match,0,0,0,
20,PRC_K1H8W0F2G0I9P1F1Y4Z6X3I9Z6B9K1,2012081,2018-02-28,293,188,175,1,12,293,175,1,12,105,1,True,True,match,0,0,0,
20,PRC_B1K8L0D1V0D4Y1C8C3G7E1V4W0N6U1,2011281,2018-02-28,293,215,214,0,1,293,214,0,1,78,1,True,True,match,0,0,0,
20,ARC_Q1D8G0F1Z0K3T1W6I1Z9I2T6H3V3X9,2011253,2018-02-28,293,175,174,0,1,293,174,0,1,118,1,True,True,match,0,0,0,
20,PRC_W1P7Y1C2N2P8F1B5W1A3I1O3X8C2F2,2011075,2018-02-28,293,184,178,0,6,293,178,0,6,109,1,True,True,match,0,0,0,
20,PRC_E1R7C1S2Z2X7H1K7A4Y6M0N0N3X4F3,2011056,2018-02-28,293,175,173,1,1,293,173,1,1,118,1,True,True,match,0,0,0,
20,PRC_N1O7V1D2E2E7S1V0O2N4P0P3H4H6S3,2011035,2018-02-28,293,217,210,0,7,293,210,0,7,76,1,True,True,match,0,0,0,
20,PRC_L1E7N1Z1A2W3U1J4K2Q0T0U0U8M2R2,2010345,2018-02-28,293,220,219,0,1,293,219,0,1,73,1,True,True,match,0,0,0,
20,PRC_I1Z7W1D1U1H0P1N5J1B9N3T8D7Q7X0,2010127,2018-02-28,293,220,206,2,12,293,206,2,12,73,1,True,True,match,0,0,0,
20,PRC_Z1F7X0C9X2Y6E1X3W2B6B3D3R5L4K0,2009596,2018-02-28,293,223,207,2,14,293,207,2,14,70,1,True,True,match,0,0,0,
20,PRC_Y1F7H0T9X1Q5A1K7X0U0Y5K8H0M2N7,2009433,2018-02-28,293,202,195,0,7,293,195,0,7,91,1,True,True,match,0,0,0,
20,ARC_O1G7H0X8F1V6H1R5L2D8Q2W8N8S6C3,2008530,2018-02-28,293,188,181,0,7,293,181,0,7,105,1,True,True,match,0,0,0,
20,PRC_J1G7G0T8H0C1S1A1Y2Z6A3Y6K9P6J7,2008305,2018-02-28,293,181,175,1,5,293,175,1,5,112,1,True,True,match,0,0,0,
20,PRC_E1A7Y0W7E0J4Y1D5K0A4G4D7V9R5Z2,2007772,2018-02-28,293,191,185,0,6,293,185,0,6,102,1,True,True,match,0,0,0,
20,PRC_M1L7H0Y6Y2Y9C1H2U3N0R3Z4N4Q5P1,2007672,2018-02-28,293,186,180,0,6,293,180,0,6,107,1,True,True,match,0,0,0,
20,PRC_E1Z7P0J6J1O4U1C4W2J4W4C2Q4W3M3,2007387,2018-02-28,293,207,194,1,12,293,194,1,12,86,1,True,True,match,0,0,0,
20,PRC_H1Z7W0A5L2K2G0I9H3O5V3W3H4C1Y6,2006968,2018-02-28,293,195,188,0,7,293,188,0,7,98,1,True,True,match,0,0,0,
20,PRC_N1O7J0E3W1Y0R1C5N5W0X1L2R8S7D7,2006114,2018-02-28,293,200,199,0,1,293,199,0,1,93,1,True,True,match,0,0,0,
20,PRC_I1F7R0M3W0N6T1R6J2Q9P3H6M5E5B3,2006006,2018-02-28,293,223,208,0,15,293,208,0,15,70,1,True,True,match,0,0,0,
20,PRC_Q1C7N0F2F1B0L1S5X4P0J5H2J1W3K6,2005560,2018-02-28,293,196,193,0,3,293,193,0,3,97,1,True,True,match,0,0,0,
20,PRC_T1W7E0Z2K0K3M1G5P0X9U2D3U9W2Y7,2005415,2018-02-28,293,188,176,0,12,293,176,0,12,105,1,True,True,match,0,0,0,
20,ARC_A1T6A1M2Z0M8C1F7X5A4T0M7H9M3V7,2004247,2018-02-28,293,199,197,0,2,293,197,0,2,94,1,True,True,match,0,0,0,
20,PRC_Z1F6D1R1T1T4Q1K4Q3B9F0N9P6P8T9,2003535,2018-02-28,293,197,190,0,7,293,190,0,7,96,1,True,True,match,0,0,0,
20,ARC_S1P6V1D0T2G0N1U7P0H6Z0G2K3B8W1,2002765,2018-02-28,293,207,202,1,4,293,202,1,4,86,1,True,True,match,0,0,0,
20,PRC_B1D7M1S2G1L4E1Q3J0V0M5N7U0S2N4,2012034,2018-02-20,293,212,201,0,11,293,201,0,11,81,1,True,True,match,0,0,0,
20,PRC_G1D7H1G2K0F5D1E4A2H4B4J7P5P1G3,2012033,2018-02-20,293,205,201,0,4,293,201,0,4,88,1,True,True,match,0,0,0,
20,PRC_F1X7K1X2X1Q8L1Z6S1J7M0M4S9A9E5,2012032,2018-02-20,293,208,203,0,5,293,203,0,5,85,1,True,True,match,0,0,0,
20,PRC_J1X7P1I2V1U8F1K6S1B2C5E2E0N3F8,2012031,2018-02-20,293,206,200,1,5,293,200,1,5,87,1,True,True,match,0,0,0,
20,PRC_L1U7A1R2R1B8K1S6I5G6H4B6D1K0C9,2012030,2018-02-20,293,208,206,0,2,293,206,0,2,85,1,True,True,match,0,0,0,
20,PRC_U1C7C1A2E1W8U1R6Y1A5S4P2D4P5B9,2012029,2018-02-20,293,204,200,0,4,293,200,0,4,89,1,True,True,match,0,0,0,
20,PRC_G1W7D1M2J1S4Z1W3R0N2R2S8R8B1Y2,2012028,2018-02-20,293,216,211,0,5,293,211,0,5,77,1,True,True,match,0,0,0,
20,PRC_W1F7N1X2N1S8L1C6V5N2A5D1L1R0L1,2012027,2018-02-20,293,204,201,2,1,293,201,2,1,89,1,True,True,match,0,0,0,
20,PRC_Y1T7T1F2D1M8B1X6O5E3U3F3Y5H6T1,2012026,2018-02-20,293,213,212,0,1,293,212,0,1,80,1,True,True,match,0,0,0,
20,PRC_I1O7U1N2D1U8L1Y8O3L0F0Y7T2B8Y5,2012025,2018-02-20,293,211,211,0,0,293,211,0,0,82,1,True,True,match,0,0,0,
20,PRC_T1V7P1T2E1N8K1K6F5F6S0L1L5Q2J1,2012024,2018-02-20,293,214,213,0,1,293,213,0,1,79,1,True,True,match,0,0,0,
20,PRC_B1S7G1Q2L1Y8G1Y8H3I1I2O0P1R7Y0,2012023,2018-02-20,293,208,202,0,6,293,202,0,6,85,1,True,True,match,0,0,0,
20,PRC_C1B7M1M2U1S8I1T8K3D1K4Y2D5R4I9,2012022,2018-02-20,293,211,209,0,2,293,209,0,2,82,1,True,True,match,0,0,0,
20,PRC_W1I7J1G2T1R8A1M8S3S1K0U1I1Y6K5,2012021,2018-02-20,293,210,209,0,1,293,209,0,1,83,1,True,True,match,0,0,0,
20,PRC_D1M7X1J2G1B8S1B7V3R2L1G5E7Q8Z9,2012020,2018-02-20,293,209,193,0,16,293,193,0,16,84,1,True,True,match,0,0,0,
20,PRC_N1Y8M0N1C1X0O1E4B3D9G5N4Y3H8F9,2012019,2018-02-20,293,226,217,2,7,293,217,2,7,67,1,True,True,match,0,0,0,
20,PRC_V1O8Z0I1K1Q0P1T4B4G0C3Z4B3C7B9,2012018,2018-02-20,293,229,222,1,6,293,222,1,6,64,1,True,True,match,0,0,0,
20,PRC_M1O7Q1X1F2C3V1D9Y2J0G0Z8X7Z7H1,2012017,2018-02-20,293,205,201,2,2,293,201,2,2,88,1,True,True,match,0,0,0,
20,PRC_V1Z7Y1A1Q3F0Q2P0M0L6E5E5N6R8G1,2012016,2018-02-20,293,217,212,0,5,293,212,0,5,76,1,True,True,match,0,0,0,
20,PRC_T1A7H1C1S3I0K2X0Q1W8N5X0O8X9Y1,2012015,2018-02-20,293,224,222,0,2,293,222,0,2,69,1,True,True,match,0,0,0,
20,PRC_O1A7Y1I1Y3T0J1U9V5K9A2M8C2M3P9,2012014,2018-02-20,293,216,214,0,2,293,214,0,2,77,1,True,True,match,0,0,0,
20,PRC_C1N7M1L1E2W9V1G0E5W2P0B1S4R4K3,2012013,2018-02-20,293,232,210,2,20,293,210,2,20,61,1,True,True,match,0,0,0,
20,PRC_Y1A7M1Q1P3D0X2L0F0R2Z4S6D3E4R1,2012012,2018-02-20,293,222,213,0,9,293,213,0,9,71,1,True,True,match,0,0,0,
20,PRC_P1R7H1Q1B3Q0L1E7A5O4B5O1F9O8T4,2012011,2018-02-20,293,214,211,0,3,293,211,0,3,79,1,True,True,match,0,0,0,
20,PRC_D1U7J1S2Y0N1W1G2H1P6V2S5J1T6U9,2012010,2018-02-20,293,211,207,0,4,293,207,0,4,82,1,True,True,match,0,0,0,
20,PRC_S1O7K1T1Q2J9Q1L9X0D4P5W0P9C7R2,2012009,2018-02-20,293,227,210,1,16,293,210,1,16,66,1,True,True,match,0,0,0,
20,PRC_C1E7V1Y2I0B1W1E4M1H0V2Z7C0E4H5,2012008,2018-02-20,293,221,192,4,25,293,192,4,25,72,1,True,True,match,0,0,0,
20,PRC_F1L7D0I9I1B3S1D3X5E0A5X0A5C4S6,2012007,2018-02-20,293,228,222,0,6,293,222,0,6,65,1,True,True,match,0,0,0,
20,PRC_Z1F8D0X1Y3I0H1S5I0X5Z4X6J8I0Z0,2012006,2018-02-20,293,228,225,0,3,293,225,0,3,65,1,True,True,match,0,0,0,
20,PRC_X1G8A0M1P3N0C1U5A0Y5T0J9P5J2G0,2012005,2018-02-20,293,222,220,0,2,293,220,0,2,71,1,True,True,match,0,0,0,
20,PRC_B1V7P1A1B2Z9Z1I9E0T5A4H3B3Y1D6,2012004,2018-02-20,293,217,204,2,11,293,204,2,11,76,1,True,True,match,0,0,0,
20,PRC_N1A7L1Y2J1K8Z0X8D4Y9V1Y1W8H3S5,2012003,2018-02-20,293,225,223,0,2,293,223,0,2,68,1,True,True,match,0,0,0,
20,PRC_Q1D7O1N2L1J8E0C8I5H0O0I6P9D4Z7,2012002,2018-02-20,293,222,219,0,3,293,219,0,3,71,1,True,True,match,0,0,0,
20,PRC_A1M7D1R2Q1G8S0M8Y4K8U0E4M3A4O9,2012001,2018-02-20,293,218,216,0,2,293,216,0,2,75,1,True,True,match,0,0,0,
20,PRC_R1Y7H0P9F2Q6K1W9L1M5C1V3G9Q7M8,2012000,2018-02-20,293,224,198,5,21,293,198,5,21,69,1,True,True,match,0,0,0,
20,PRC_Q1F7J1J1L2B2D1L2H4M0R2H0T3X8B3,2011999,2018-02-20,293,224,185,12,27,293,185,12,27,69,1,True,True,match,0,0,0,
20,PRC_X1N7P1V1G0B7C1G1E1V3R2P2Y5X7P3,2010024,2018-02-20,293,227,201,6,20,293,201,6,20,66,1,True,True,match,0,0,0,
20,PRC_A1W7A0J9O2E7E1Q4T5M8K4J4N2M9N7,2009615,2018-02-20,293,218,214,1,3,293,214,1,3,75,1,True,True,match,0,0,0,
20,PRC_J1W7N0V9W1V3N1J7T1Q4T2M5Q5Y7Q2,2009341,2018-02-20,293,230,229,0,1,293,229,0,1,63,1,True,True,match,0,0,0,
20,PRC_M1X7X0H9X0T1X1L7M1R2L2L8J7A6K8,2008993,2018-02-20,293,223,218,0,5,293,218,0,5,70,1,True,True,match,0,0,0,
20,PRC_E1O7M0O9K0P1T1F5P5T5U0M5G6A8U6,2008972,2018-02-20,293,216,211,0,5,293,211,0,5,77,1,True,True,match,0,0,0,
20,PRC_X1E7F0E9F0D1V1Z5Q5S2A1O8I2G0X1,2008970,2018-02-20,293,216,212,0,4,293,212,0,4,77,1,True,True,match,0,0,0,
20,PRC_V1H7Z0Q9S0H1W1D4X3Y0R0N9Q3R3L2,2008946,2018-02-20,293,218,209,2,7,293,209,2,7,75,1,True,True,match,0,0,0,
20,PRC_S1A7Q0F8I3L1X1G7W5U8G3V4R8M0C7,2008913,2018-02-20,293,218,216,0,2,293,216,0,2,75,1,True,True,match,0,0,0,
20,PRC_P1B7H0I8V3O0D1H4O2O9F2A1I4T6U3,2008863,2018-02-20,293,216,174,15,27,293,174,15,27,77,1,True,True,match,0,0,0,
20,ARC_H1A7T0Z8Z2W8N1R5H4D2S3U0J2B0V2,2008772,2018-02-20,293,224,220,1,3,293,220,1,3,69,1,True,True,match,0,0,0,
20,ARC_A1T7H0F8R2N8L1O1N3P7Y1A7G1G5T1,2008734,2018-02-20,293,221,216,0,5,293,216,0,5,72,1,True,True,match,0,0,0,
20,ARC_I1Q7G0N8Q2G8T1M1J3V6X3A0B0U2A7,2008731,2018-02-20,293,220,215,1,4,293,215,1,4,73,1,True,True,match,0,0,0,
20,ARC_R1S7D0D8K2T8X1Q1H3W6M1M9X2C0C0,2008730,2018-02-20,293,218,218,0,0,293,218,0,0,75,1,True,True,match,0,0,0,
20,PRC_L1A7Q0Z8F0T7O1M7D1V9S1N3A0K9T6,2008418,2018-02-20,293,231,224,0,7,293,224,0,7,62,1,True,True,match,0,0,0,
20,PRC_M1G7O0E7Z1V1C1S4G3B3Q5X9T1X0G9,2007914,2018-02-20,293,221,220,0,1,293,220,0,1,72,1,True,True,match,0,0,0,
20,PRC_C1V7O0V6M2H3B1F8L1R6N4S3V5Q1R8,2007572,2018-02-20,293,232,207,4,21,293,207,4,21,61,1,True,True,match,0,0,0,
20,PRC_Y1V7Q0S6K2C2S1H4I0B8R3X2M6Z1B7,2007516,2018-02-20,293,208,205,1,2,293,205,1,2,85,1,True,True,match,0,0,0,
20,PRC_J1D7Z0F6V2F1L1V4E2B4N0Y6Z0X1A8,2007494,2018-02-20,293,209,208,0,1,293,208,0,1,84,1,True,True,match,0,0,0,
20,PRC_C1U7F0Q6X1G6L1T7P2R1C3A1L1H2C1,2007438,2018-02-20,293,209,206,0,3,293,206,0,3,84,1,True,True,match,0,0,0,
20,PRC_E1U7L0K6K1L6N1D7D2G0H2H7R5B1D5,2007437,2018-02-20,293,208,204,0,4,293,204,0,4,85,1,True,True,match,0,0,0,
20,PRC_N1F7W0G6H1N3Y1H1S1O0J5O0C6X8Z6,2007365,2018-02-20,293,207,205,0,2,293,205,0,2,86,1,True,True,match,0,0,0,
20,PRC_X1S7P0V5A3I1T1I5V4N9P0I8G3Z3W7,2007133,2018-02-20,293,216,211,1,4,293,211,1,4,77,1,True,True,match,0,0,0,
20,PRC_T1E7H0E5K1X1J1L0U4L4Z2J1I1E4P9,2006853,2018-02-20,293,208,202,1,5,293,202,1,5,85,1,True,True,match,0,0,0,
20,PRC_X1Z7N0R4L0R3A1D6A2J5R5D5W5T2N9,2006568,2018-02-20,293,214,211,0,3,293,211,0,3,79,1,True,True,match,0,0,0,
20,PRC_Q1J7B0X2N1H5L1L4N3V5K3G4M6R8O4,2005646,2018-02-20,293,211,181,10,20,293,181,10,20,82,1,True,True,match,0,0,0,
20,PRC_Z1C7J0B1S2B0L1M8N0E5S5E7K1K6S4,2005215,2018-02-20,293,213,207,3,3,293,207,3,3,80,1,True,True,match,0,0,0,
20,PRC_A1E7M0B1K0B2K0G9K3Z1C2U0Z5O7M8,2004897,2018-02-20,293,231,223,0,8,293,223,0,8,62,1,True,True,match,0,0,0,
20,PRC_Z1F6S1G2P3S0E1I1W3F0L1E6M7Z6Y9,2004824,2018-02-20,293,237,225,0,12,293,225,0,12,56,1,True,True,match,0,0,0,
20,ARC_C1T6S1D1E1Q6R1K6R4D3M4X4J9S4K8,2003625,2018-02-20,293,210,208,0,2,293,208,0,2,83,1,True,True,match,0,0,0,
20,PRC_Q1U6K0D9Z0Z2U1C6U3I1D2S9Z0X1S6,2002085,2018-02-20,293,226,217,1,8,293,217,1,8,67,1,True,True,match,0,0,0,
20,PRC_G1K8L0N2A0I7B1D3Q3S7Y3K7K5P8X2,2011803,2018-02-07,296,165,160,1,4,296,160,1,4,131,1,True,True,match,0,0,0,
20,PRC_T1K7Z1P1O2Z9D1Y9V0X5C4V6V0V5Q1,2011656,2018-01-30,296,229,227,0,2,296,227,0,2,67,1,True,True,match,0,0,0,
20,PRC_S1Z7D1V1G2X9O1S8W5E9M4V4G5B2R3,2011655,2018-01-30,296,221,219,0,2,296,219,0,2,75,1,True,True,match,0,0,0,
20,PRC_M1T7O1K1I2X9L1W8I5J5O4N7I3P0X0,2011654,2018-01-30,296,219,207,0,12,296,207,0,12,77,1,True,True,match,0,0,0,
20,PRC_X1R7X1U2H0G1P1U0O2B2V4A5H3O1I3,2011653,2018-01-30,296,202,188,1,13,296,188,1,13,94,1,True,True,match,0,0,0,
20,PRC_M1N7W1W1O3X0I1K8V2Z7Z2S2D4J7P3,2011652,2018-01-30,296,201,197,0,4,296,197,0,4,95,1,True,True,match,0,0,0,
20,PRC_O1A7Q1K1O2M9Y1F8K5O3V5F1E3I6Y0,2011651,2018-01-30,296,219,215,0,4,296,215,0,4,77,1,True,True,match,0,0,0,
20,PRC_N1K7L1L1J2K9V1Y9Z0D3A2I9V9Y1V3,2011650,2018-01-30,296,224,218,3,3,296,218,3,3,72,1,True,True,match,0,0,0,
20,PRC_V1O7G1J2M0J1O1Y0O2D2S1M0V1R2B4,2011649,2018-01-30,296,205,193,3,9,296,193,3,9,91,1,True,True,match,0,0,0,
20,PRC_Q1Q7E1B2V0N1L1Y0T3Y7A3F1K8Q1D3,2011648,2018-01-30,296,198,183,3,12,296,183,3,12,98,1,True,True,match,0,0,0,
20,PRC_A1B7A1D2S1X4J1M3U0K4I0G1V7J6D2,2011647,2018-01-30,296,195,193,0,2,296,193,0,2,101,1,True,True,match,0,0,0,
20,PRC_B1X7M1R2M0E1K1M1F0C8R2K5E1N6B3,2011645,2018-01-30,296,234,227,0,7,296,227,0,7,62,1,True,True,match,0,0,0,
20,PRC_P1A7L1G1A2Z9F1X0P5L3J5U0V5Z6Q5,2011643,2018-01-30,296,218,213,0,5,296,213,0,5,78,1,True,True,match,0,0,0,
20,PRC_W1G7L1M2H0M1A1W1H0U7J1A1M7V8X1,2011642,2018-01-30,296,236,233,0,3,296,233,0,3,60,1,True,True,match,0,0,0,
20,PRC_R1W7W1T1Z2H9B1E0Z5J3X0W3Q8N4Y9,2011641,2018-01-30,296,218,215,1,2,296,215,1,2,78,1,True,True,match,0,0,0,
20,PRC_O1M7R1E2M0L1V1O1I1I0H2Q5V5W8T5,2011639,2018-01-30,296,238,238,0,0,296,238,0,0,58,1,True,True,match,0,0,0,
20,PRC_H1U7B1O1L2L9O1R0Z4F6D0R6X0M4L1,2011638,2018-01-30,296,209,188,3,18,296,188,3,18,87,1,True,True,match,0,0,0,
20,PRC_A1Z7E1W2N0K1A1C0E2A9M0Q9W6W5K0,2011637,2018-01-30,296,239,238,0,1,296,238,0,1,57,1,True,True,match,0,0,0,
20,PRC_C1I7C1W2X0L1V1H1P0F1U2S2Q0A6F2,2011636,2018-01-30,296,241,240,0,1,296,240,0,1,55,1,True,True,match,0,0,0,
20,PRC_L1O7X1B2N2Y9U1W5W0N4Y4N5D6M9P5,2011633,2018-01-30,296,187,162,4,21,296,162,4,21,109,1,True,True,match,0,0,0,
20,PRC_X1G7S1H2Z0I5I1V6F5B7G2P3Q2I9X2,2010619,2018-01-30,296,195,191,1,3,296,191,1,3,101,1,True,True,match,0,0,0,
20,PRC_G1S7Z1G1J1H7P1F6E1E5M4Q7X2V1V7,2010223,2018-01-30,296,190,189,0,1,296,189,0,1,106,1,True,True,match,0,0,0,
20,PRC_Z1X7L1K0N1C9C1I4H2D1Q2U9X1H9U4,2009885,2018-01-30,296,200,198,0,2,296,198,0,2,96,1,True,True,match,0,0,0,
20,PRC_M1C7E0X9N2S6E1L6R0I4A1F3A4D6Q5,2009602,2018-01-30,296,228,223,0,5,296,223,0,5,68,1,True,True,match,0,0,0,
20,PRC_W1T7N0S9Q2V1G1F5E2T3I1D5M5Y6D7,2009512,2018-01-30,296,203,198,1,4,296,198,1,4,93,1,True,True,match,0,0,0,
20,PRC_H1M7Z0P9B1F4D1G4X4R6T3G6T0H4W2,2009358,2018-01-30,296,190,188,0,2,296,188,0,2,106,1,True,True,match,0,0,0,
20,PRC_Q1I7P0E9N1B2E1Q3M5S1C4P2S9A9Q3,2009294,2018-01-30,296,199,194,0,5,296,194,0,5,97,1,True,True,match,0,0,0,
20,PRC_G1V7N0W9W1J2N1W1S4U0K5G0X6Y4J4,2009286,2018-01-30,296,195,188,0,7,296,188,0,7,101,1,True,True,match,0,0,0,
20,PRC_M1A7U0Y9Z0G8E1O6L1Z5R1T8V7U9A4,2009206,2018-01-30,296,199,168,7,24,296,168,7,24,97,1,True,True,match,0,0,0,
20,PRC_X1J7R0F9T0O1Y1Y6B4R2B4J6X4X9C2,2008981,2018-01-30,296,202,198,0,4,296,198,0,4,94,1,True,True,match,0,0,0,
20,ARC_T1Z7R0F8H3O0F1U5T4T2T4Y1H8W1U3,2008871,2018-01-30,296,201,195,0,6,296,195,0,6,95,1,True,True,match,0,0,0,
20,PRC_P1H7P0B8X3O0T1T1S3V7E1A5Z7M2L5,2008860,2018-01-30,296,192,184,2,6,296,184,2,6,104,1,True,True,match,0,0,0,
20,ARC_F1L7L0W8G2Z8D1H6O0X2R5K6J3Q5G4,2008782,2018-01-30,296,229,221,1,7,296,221,1,7,67,1,True,True,match,0,0,0,
20,ARC_M1M7K0W8S1Q8R1N5D4R5T5L7A3I1X1,2008586,2018-01-30,296,201,198,0,3,296,198,0,3,95,1,True,True,match,0,0,0,
20,PRC_G1W7Z0A8O0H9N1C7X5E7D4F0V9O5J3,2008465,2018-01-30,296,208,205,0,3,296,205,0,3,88,1,True,True,match,0,0,0,
20,PRC_W1R7Y0O8M0J9E1W7E4M3U4Q1K2V5X5,2008459,2018-01-30,296,208,206,0,2,296,206,0,2,88,1,True,True,match,0,0,0,
20,PRC_K1C7N0S8D0Z1Y1Y0E4C2P3Z8K0S3H6,2008302,2018-01-30,296,222,211,0,11,296,211,0,11,74,1,True,True,match,0,0,0,
20,PRC_K1Y7A0V7S2H8S1R7C0G4G3Z6Y4V6O4,2008276,2018-01-30,296,194,188,0,6,296,188,0,6,102,1,True,True,match,0,0,0,
20,PRC_Q1K7P0C7J2X1D1C5S5N8Z1L9J1Y5T2,2008138,2018-01-30,296,229,223,0,6,296,223,0,6,67,1,True,True,match,0,0,0,
20,PRC_F1I7G0G6I1U2X1E1N3G8E4T3V3D0P1,2007326,2018-01-30,296,209,198,0,11,296,198,0,11,87,1,True,True,match,0,0,0,
20,PRC_U1L7V0Y5B1E8D1T0I1E3V4B9U7K2D6,2006925,2018-01-30,296,191,191,0,0,296,191,0,0,105,1,True,True,match,0,0,0,
20,PRC_M1V7M0C4I1Q0Y1P4X4E4B2S6R2S6C6,2006667,2018-01-30,296,196,192,0,4,296,192,0,4,100,1,True,True,match,0,0,0,
20,PRC_E1N7B0R3K1B5A1Z4G2E9W4C6L5T9J8,2006168,2018-01-30,296,195,191,0,4,296,191,0,4,101,1,True,True,match,0,0,0,
20,PRC_P1U7H0Y3T1Q0W1H6G2J8C4Z6D6M0F9,2006116,2018-01-30,296,219,217,0,2,296,217,0,2,77,1,True,True,match,0,0,0,
20,PRC_G1T7L0I1W1P9R1J6R5R7X1Z3X9Y7V2,2005170,2018-01-30,296,231,215,0,16,296,215,0,16,65,1,True,True,match,0,0,0,
20,PRC_P1P7A0H1E1F2L1Q7D0R7Z4T1W5H3A0,2005073,2018-01-30,296,192,190,0,2,296,190,0,2,104,1,True,True,match,0,0,0,
20,PRC_P1N6V1X2V2G9E1S8B1M2A5F8G8R8R6,2004791,2018-01-30,296,221,219,0,2,296,219,0,2,75,1,True,True,match,0,0,0,
20,PRC_H1X6Y1X2B2U9S1S5X4G0J0L5B6D5X9,2004747,2018-01-30,296,237,236,0,1,296,236,0,1,59,1,True,True,match,0,0,0,
20,PRC_N1H6E1T2Y1X3U1B5A0W2L2F7E7G2H1,2004344,2018-01-30,296,204,199,0,5,296,199,0,5,92,1,True,True,match,0,0,0,
20,PRC_U1Z6E1B1J3V0A1X5S4W4L3L9G6P2K6,2003972,2018-01-30,296,227,221,0,6,296,221,0,6,69,1,True,True,match,0,0,0,
20,PRC_F1T6J1X1I2A1S1Z7M0L1Q4U4U4C4K7,2003753,2018-01-30,296,220,219,0,1,296,219,0,1,76,1,True,True,match,0,0,0,
20,PRC_V1Z6X1Z1A0R7G1L5S5N2N5D3F2H6Z6,2003338,2018-01-30,296,189,189,0,0,296,189,0,0,107,1,True,True,match,0,0,0,
20,ARC_L1U6G1X1P0P4K1U7H2F3A4M5Z2E9E1,2003306,2018-01-30,296,220,220,0,0,296,220,0,0,76,1,True,True,match,0,0,0,
20,PRC_N1Q6I1K1I0N3O1O1Y4Z7U3W3C7M6Q3,2003240,2018-01-30,296,226,205,5,16,296,205,5,16,70,1,True,True,match,0,0,0,
20,ARC_U1K6M1P1K0E1L1U9L5P2Z2S5L3D6C3,2003200,2018-01-30,296,207,200,0,7,296,200,0,7,89,1,True,True,match,0,0,0,
20,PRC_X1L6Z1O0T2N5E1B6S0O5W4F3H4C9X6,2002899,2018-01-30,296,226,226,0,0,296,226,0,0,70,1,True,True,match,0,0,0,
20,PRC_H1Y7V1Z2C2M9S1G5K3G1A1R9X2H9P6,2011170,2017-12-29,297,186,171,6,9,297,171,6,9,111,1,True,True,match,0,0,0,
20,PRC_G1O7I1A2S2A9D1O3D3D0F3Z6V0C4E1,2011164,2017-12-29,297,186,173,2,11,297,173,2,11,111,1,True,True,match,0,0,0,
20,PRC_G1Y7X1G2T2B9P1W2D4G7C0W3D3X8K7,2011154,2017-12-29,297,184,179,1,4,297,179,1,4,113,1,True,True,match,0,0,0,
20,PRC_J1F7S1S2O2D9Q1R2R4L3Z3D8L0H2R6,2011153,2017-12-29,297,183,174,2,7,297,174,2,7,114,1,True,True,match,0,0,0,
20,PRC_T1H7C1E2Q2J9V1Z2V4F0G4V9K0C2X2,2011152,2017-12-29,297,185,167,3,15,297,167,3,15,112,1,True,True,match,0,0,0,
20,PRC_U1F7O0A2F2U2W2N2T1I1Y4P7F6E0Y4,2010973,2017-12-29,297,187,182,1,4,297,182,1,4,110,1,True,True,match,0,0,0,
20,PRC_M1W7J1C1C2J9E1S9C0A7L0L7K5U8Z7,2010972,2017-12-29,297,186,175,0,11,297,175,0,11,111,1,True,True,match,0,0,0,
20,PRC_J1B7G1T1S2Q9G1C9W2E1V4K4B3C5P3,2010971,2017-12-29,297,185,180,0,5,297,180,0,5,112,1,True,True,match,0,0,0,
20,PRC_Y1H7Y1Z2B1M2E1W3Y1A7S4A5Y6P3L1,2010970,2017-12-29,297,211,209,0,2,297,209,0,2,86,1,True,True,match,0,0,0,
20,PRC_O1G7V1L2B1A2T1J3O1X2D1S3W7W7T1,2010969,2017-12-29,297,210,207,0,3,297,207,0,3,87,1,True,True,match,0,0,0,
20,PRC_T1Y7S1I2R1H4T1K2P5O5I0Y1E2V9K4,2010968,2017-12-29,297,190,159,18,13,297,159,18,13,107,1,True,True,match,0,0,0,
20,PRC_R1N7L1L2Y1P4C1U2Y5G6N1W6B8S9G1,2010967,2017-12-29,297,192,186,0,6,297,186,0,6,105,1,True,True,match,0,0,0,
20,PRC_M1M7C1B2I1N4W1B2R5K7E3W2C6N7Y6,2010966,2017-12-29,297,191,175,3,13,297,175,3,13,106,1,True,True,match,0,0,0,
20,PRC_L1B7A1R2T1V4H1U3B3U5P5S1M4T8E3,2010965,2017-12-29,297,193,173,5,15,297,173,5,15,104,1,True,True,match,0,0,0,
20,PRC_W1E7C1O2W0G1L1Y0A5N7I0A2X5I9V2,2010954,2017-12-29,297,213,203,4,6,297,203,4,6,84,1,True,True,match,0,0,0,
20,PRC_X1D7F1U1T3L0B1Q7Q2B7S3V2P7E3C6,2010952,2017-12-29,297,215,211,0,4,297,211,0,4,82,1,True,True,match,0,0,0,
20,PRC_N1K7X1S1D2P9W1N0B4U9V0V8N0A5V8,2010951,2017-12-29,297,213,207,2,4,297,207,2,4,84,1,True,True,match,0,0,0,
20,PRC_U1V7R1P2Z0M1E1K2U2M1B0D4X1C7J4,2010950,2017-12-29,297,216,214,1,1,297,214,1,1,81,1,True,True,match,0,0,0,
20,PRC_W1H7C1X1R3W0C1Z7B2N0Y2O6Q4X8M6,2010949,2017-12-29,297,214,208,0,6,297,208,0,6,83,1,True,True,match,0,0,0,
20,PRC_F1R7W1Z1T3J0U2T0Y1D3X0P0T1I7N8,2010948,2017-12-29,297,216,215,0,1,297,215,0,1,81,1,True,True,match,0,0,0,
20,PRC_E1N7K1O1Y3O0Q2E0U0C5S0L8M0A1A0,2010947,2017-12-29,297,219,217,0,2,297,217,0,2,78,1,True,True,match,0,0,0,
20,PRC_L1Z7L1E1H3C0K2Z3S2R1Y4B2W1O2J3,2010943,2017-12-29,297,178,173,1,4,297,173,1,4,119,1,True,True,match,0,0,0,
20,PRC_P1Y7V1L1W3U0S2W3E2J3V1B5D4D3U8,2010941,2017-12-29,297,180,178,0,2,297,178,0,2,117,1,True,True,match,0,0,0,
20,PRC_D1E7R1I1J2M3U1N3Z4A2R1F6D5T4C2,2010940,2017-12-29,297,190,185,0,5,297,185,0,5,107,1,True,True,match,0,0,0,
20,PRC_Y1W7Y1X1Q2T3W1Y4Z4Y1P4Z7W5J4P0,2010939,2017-12-29,297,188,180,2,6,297,180,2,6,109,1,True,True,match,0,0,0,
20,PRC_J1D7H1U1I2A3W1M4U4I3K4X8C8K2E5,2010938,2017-12-29,297,189,178,2,9,297,178,2,9,108,1,True,True,match,0,0,0,
20,PRC_O1S7Y1M1A3E0H1H8E2C5C5D4H5M8G0,2010937,2017-12-29,297,205,199,0,6,297,199,0,6,92,1,True,True,match,0,0,0,
20,PRC_X1L7Y1G2R0B8Z1P9K2M2M5V6G4R0O6,2010742,2017-12-29,297,188,156,19,13,297,156,19,13,109,1,True,True,match,0,0,0,
20,PRC_R1Z7C1E1B0U2Z1C6S0L2L0S3K4G2X5,2009995,2017-12-29,297,184,181,0,3,297,181,0,3,113,1,True,True,match,0,0,0,
20,PRC_D1R7E1J1D0G1U1P5Z5Z0Q5I3S7K3O9,2009974,2017-12-29,297,195,185,2,8,297,185,2,8,102,1,True,True,match,0,0,0,
20,PRC_W1K7D0C9B1W1C1C4O1R5O3A4N5C9N7,2009233,2017-12-29,297,187,187,0,0,297,187,0,0,110,1,True,True,match,0,0,0,
20,PRC_Z1L7K0D9P0V4I1P6W4V9B0X9G0K9P7,2009058,2017-12-29,297,208,203,1,4,297,203,1,4,89,1,True,True,match,0,0,0,
20,PRC_W1J7D0M8G2D9C1K8F0A5J3U8F1V2A4,2008850,2017-12-29,297,181,168,1,12,297,168,1,12,116,1,True,True,match,0,0,0,
20,PRC_T1A7O0T8C2Y3F1N4Q2C0J4Z5W9L2U0,2008663,2017-12-29,297,202,174,4,24,297,174,4,24,95,1,True,True,match,0,0,0,
20,PRC_O1K7U0M8H1I1G1T7B4M3Z0M8R5I8J1,2008505,2017-12-29,297,188,185,0,3,297,185,0,3,109,1,True,True,match,0,0,0,
20,PRC_L1H7G0S8S1J0T1S4C0F4K5J2V1C8A0,2008470,2017-12-29,297,212,209,0,3,297,209,0,3,85,1,True,True,match,0,0,0,
20,PRC_M1V7F0V8S0O2X1Q2J5Q5Q0N0D5H5L7,2008331,2017-12-29,297,197,44,102,51,297,44,102,51,100,1,True,True,match,0,0,0,
20,PRC_S1J7R0B7U1R2B1U7A3T2E3K2C4L4K5,2007962,2017-12-29,297,213,208,0,5,297,208,0,5,84,1,True,True,match,0,0,0,
20,PRC_P1I6H1Y2P2J9J1J9W5G7Z2Y4X7U1X1,2004815,2017-12-29,297,181,180,0,1,297,180,0,1,116,1,True,True,match,0,0,0,
20,PRC_A1K6A1Y1T3Q0Z2F0G1I3K0X8D7I9E1,2010710,2017-12-08,298,247,215,9,23,298,215,9,23,51,1,True,True,match,0,0,0,
20,PRC_A1J7W1B1K3I0U1K0J5X0V0S6C3T0M1,2010703,2017-12-08,298,252,248,0,4,298,248,0,4,46,1,True,True,match,0,0,0,
20,PRC_I1H7Q1V1Z3Y0D1C0J4J5Q5J2H0H5Q3,2010702,2017-12-08,298,250,244,1,5,298,244,1,5,48,1,True,True,match,0,0,0,
20,PRC_T1O7K1J1M3W0N1Y0U4J8R2X6K9A6W1,2010701,2017-12-08,298,255,215,16,24,298,215,16,24,43,1,True,True,match,0,0,0,
20,PRC_P1Z7W1G1I3H0V1Y3B1B4M5A9V6C8P8,2010699,2017-12-08,298,230,229,0,1,298,229,0,1,68,1,True,True,match,0,0,0,
20,PRC_O1G7X1O1K3H0X1H3O1E7J5N6M8R9F7,2010697,2017-12-08,298,235,232,0,3,298,232,0,3,63,1,True,True,match,0,0,0,
20,PRC_C1E7Y0C9Q1Q3P1B3Z5R6M5Z3F3P2H1,2010696,2017-12-08,298,232,225,1,6,298,225,1,6,66,1,True,True,match,0,0,0,
20,PRC_Q1Q7R0W9J2A0R1H8M5V0W0Z0R2X6D1,2010695,2017-12-08,298,233,233,0,0,298,233,0,0,65,1,True,True,match,0,0,0,
20,PRC_V1V7R1K1U3R0F1A3F4Z5Q4Q3R1T8D8,2010694,2017-12-08,298,233,232,0,1,298,232,0,1,65,1,True,True,match,0,0,0,
20,PRC_T1K7E1H1B3L0B1Q3Z5Z2R5F4B3H2A0,2010686,2017-12-08,298,234,226,3,5,298,226,3,5,64,1,True,True,match,0,0,0,
20,PRC_H1K7H1U1I2W9U1U0P1A5I2Z5H5E1K8,2010677,2017-12-08,298,226,224,0,2,298,224,0,2,72,1,True,True,match,0,0,0,
20,PRC_T1E7A1Q1K2X9Y0U9H4K2Y0V9X8J7G0,2010676,2017-12-08,298,223,218,0,5,298,218,0,5,75,1,True,True,match,0,0,0,
20,PRC_U1Z7I1A1X2Z9M0P9D4J6N1X3F2G3W6,2010675,2017-12-08,298,219,217,0,2,298,217,0,2,79,1,True,True,match,0,0,0,
20,PRC_X1Y7B1Y1A2G9S0B9R5F1Y0P8U8X8M0,2010674,2017-12-08,298,219,198,6,15,298,198,6,15,79,1,True,True,match,0,0,0,
20,PRC_Z1C7R1D1S2U9H0V9J4U9Z2M3D6Q9K4,2010673,2017-12-08,298,217,211,0,6,298,211,0,6,81,1,True,True,match,0,0,0,
20,PRC_D1X7Z1X1D2C9L0B9H4F8L0M2J8A9A7,2010672,2017-12-08,298,214,209,0,5,298,209,0,5,84,1,True,True,match,0,0,0,
20,PRC_W1P7B1C1H2O9L0M9D4R7S1T5I4V6I7,2010671,2017-12-08,298,218,204,0,14,298,204,0,14,80,1,True,True,match,0,0,0,
20,PRC_C1R7D1L1V2R9H0A9T3F6A0Z7C4P8S0,2010670,2017-12-08,298,212,211,0,1,298,211,0,1,86,1,True,True,match,0,0,0,
20,PRC_M1Q7O1S1Q2W9E0I9P5H0R1R4O2I1K9,2010669,2017-12-08,298,220,206,1,13,298,206,1,13,78,1,True,True,match,0,0,0,
20,PRC_L1L7O1K1G2X9G1W0F2L1X3E7A9C0A3,2010668,2017-12-08,298,225,221,2,2,298,221,2,2,73,1,True,True,match,0,0,0,
20,PRC_S1J7E1Q1D2T9L0S9U5W4W5M9K9C7X9,2010666,2017-12-08,298,224,222,0,2,298,222,0,2,74,1,True,True,match,0,0,0,
20,PRC_R1W7E1W1F2Z9N1N0M1O9B5U5O5I4A1,2010665,2017-12-08,298,224,220,0,4,298,220,0,4,74,1,True,True,match,0,0,0,
20,PRC_P1T7Z1G1V2F9M1K0C1N8R5I9P1E9T4,2010664,2017-12-08,298,224,218,1,5,298,218,1,5,74,1,True,True,match,0,0,0,
20,PRC_H1A7H1S1O2H9C1D0N2S2N3U9L3T5N1,2010663,2017-12-08,298,226,221,0,5,298,221,0,5,72,1,True,True,match,0,0,0,
20,PRC_A1A7W1S1K3G0B0M9Y4X8Y3G6A2R1M9,2010658,2017-12-08,298,263,260,0,3,298,260,0,3,35,1,True,True,match,0,0,0,
20,PRC_X1T7B1V1A3F0B0B9V5H0Z2Q5Y3T8U5,2010657,2017-12-08,298,263,259,1,3,298,259,1,3,35,1,True,True,match,0,0,0,
20,PRC_U1D7L1E1N3K0S1V0G2L7Y0L4N2O1R3,2010656,2017-12-08,298,264,262,1,1,298,262,1,1,34,1,True,True,match,0,0,0,
20,PRC_J1W7G1K1U0Z2S1S5Z1F1Z5K6W9B0Y0,2009985,2017-12-08,298,227,225,1,1,298,225,1,1,71,1,True,True,match,0,0,0,
20,PRC_I1T7C1R0R2Z7C1X4W4C3Y2S1O8I5M6,2009948,2017-12-08,298,219,191,4,24,298,191,4,24,79,1,True,True,match,0,0,0,
20,ARC_O1M7Q1F0Z1I2I1J7P5M7M3O3E8B2O7,2009867,2017-12-08,298,250,230,8,12,298,230,8,12,48,1,True,True,match,0,0,0,
20,ARC_M1J7O1P0Z1K2M1G7W4V0G5W8H8K5R5,2009864,2017-12-08,298,249,239,3,7,298,239,3,7,49,1,True,True,match,0,0,0,
20,PRC_R1Y7O0G9N1A4M1T5T4S0A2S5Q1J0D9,2009364,2017-12-08,298,217,212,0,5,298,212,0,5,81,1,True,True,match,0,0,0,
20,PRC_Q1R7B0K9V1N1B1B2Y5A6U1M2I8F6P2,2009229,2017-12-08,298,225,223,1,1,298,223,1,1,73,1,True,True,match,0,0,0,
20,PRC_L1L7R0N9B1F1V1Z2B1O1R3L9P4F4J5,2009225,2017-12-08,298,225,216,2,7,298,216,2,7,73,1,True,True,match,0,0,0,
20,PRC_Y1X7R0O9L0R1O1H6N1C8X4C8Y2O7N8,2008976,2017-12-08,298,225,220,0,5,298,220,0,5,73,1,True,True,match,0,0,0,
20,PRC_U1S7X0E8B3B1S1M1D0W6N5X0L2V1W8,2008899,2017-12-08,298,225,214,1,10,298,214,1,10,73,1,True,True,match,0,0,0,
20,PRC_Q1H7L0J8G2R8K1C5F1F1N4R4G6R0K6,2008762,2017-12-08,298,263,242,14,7,298,242,14,7,35,1,True,True,match,0,0,0,
20,ARC_R1O7W0D6K1Q9A1B5M5S5Q1P2S5U2A5,2007461,2017-12-08,298,268,266,0,2,298,266,0,2,30,1,True,True,match,0,0,0,
20,PRC_A1R7F0W6T0C8J1F5F1N6U3E3A2P9L9,2007270,2017-12-08,298,231,227,0,4,298,227,0,4,67,1,True,True,match,0,0,0,
20,PRC_E1V7A0Y6N0B1S1W2B1G9T4Q2P2S5X0,2007166,2017-12-08,298,220,217,0,3,298,217,0,3,78,1,True,True,match,0,0,0,
20,PRC_F1I7H0S5I2M4W1W1O1C3I1M6I0J8N4,2007006,2017-12-08,298,221,217,0,4,298,217,0,4,77,1,True,True,match,0,0,0,
20,PRC_A1T7C0W3X2N8J1Y7C1N4R0X8P2K4B6,2006436,2017-12-08,298,234,232,1,1,298,232,1,1,64,1,True,True,match,0,0,0,
20,PRC_H1C7D0I1F0J2C1T1Z1G9T5H3H8D8D3,2004906,2017-12-08,298,233,228,0,5,298,228,0,5,65,1,True,True,match,0,0,0,
20,ARC_D1C6K1G1T0J2B1N2N2Q8G2Q0R1A0W1,2003210,2017-12-08,298,253,230,5,18,298,230,5,18,45,1,True,True,match,0,0,0,
20,PRC_Q1O6V0D8Y2O5G1W7N1K7A0O7Q9N1J1,2001823,2017-12-08,298,265,263,0,2,298,263,0,2,33,1,True,True,match,0,0,0,
20,PRC_A1U6M0Z8G0N1Z1A4Q2E8R0A6I7G9Y8,2001310,2017-12-08,298,254,232,7,15,298,232,7,15,44,1,True,True,match,0,0,0,
20,PRC_T1X7Z0H9J0L1P1E8J1Q5N0O8F6G6G8,2009009,2017-12-06,298,176,175,0,1,298,175,0,1,122,1,True,True,match,0,0,0,
20,PRC_A1E7X0W9K0K1A1E1Z3S4Z0S4N6Y2R7,2008935,2017-12-06,298,176,176,0,0,298,176,0,0,122,1,True,True,match,0,0,0,
20,PRC_W1F7U0Z9C0B1M1U1P3X3H0I3M4V2N1,2008933,2017-12-06,298,175,175,0,0,298,175,0,0,123,1,True,True,match,0,0,0,
20,PRC_W1K7W0S9X0E1S1W0O2L2V2V6E4X0R4,2008923,2017-12-06,298,176,174,0,2,298,174,0,2,122,1,True,True,match,0,0,0,
20,PRC_A1A7Z0A9Y0W1F1N0Y2C1S0L4S2I8A5,2008922,2017-12-06,298,177,167,5,5,298,167,5,5,121,1,True,True,match,0,0,0,
20,PRC_C1I7D0G9M0G1N1V0V2Z0O1G7S6Y6I1,2008921,2017-12-06,298,178,160,15,3,298,160,15,3,120,1,True,True,match,0,0,0,
20,PRC_G1F7Z0K5R3X1T1I0C0P2U4Z7W3R5V1,2007102,2017-12-06,298,175,172,0,3,298,172,0,3,123,1,True,True,match,0,0,0,
20,PRC_D1U7V0W5N3X1H0S9U5F5S4R5C2N5H5,2007101,2017-12-06,298,175,174,0,1,298,174,0,1,123,1,True,True,match,0,0,0,
20,ARC_G1S7Z0H9I0R1Q1M8A0X7J2M3L1R2M6,2009006,2017-12-05,298,177,133,33,11,298,133,33,11,121,1,True,True,match,0,0,0,
20,ARC_M1L7L0S9N0K1Q1H7L2C0I5Z4B3U7Y5,2008995,2017-12-05,298,168,161,4,3,298,161,4,3,130,1,True,True,match,0,0,0,
20,PRC_R1V7X1X2B0Q2M1K1G4B4G1I7K2N5L8,2010577,2017-12-02,299,219,216,0,3,299,216,0,3,80,1,True,True,match,0,0,0,
20,PRC_P1J7M1L1Z3I0G2U3Q2B0S5A8C4Y8R2,2010555,2017-12-02,299,222,220,1,1,299,220,1,1,77,1,True,True,match,0,0,0,
20,PRC_P1U7G0U9L2K2U1W4K5R2C3U8L2Y1R6,2009565,2017-12-02,299,195,195,0,0,299,195,0,0,104,1,True,True,match,0,0,0,
20,PRC_P1N7H0T9G1A5W1L6M5S2C3Y6X1D8W7,2009429,2017-12-02,299,213,211,1,1,299,211,1,1,86,1,True,True,match,0,0,0,
20,PRC_V1A7A0N9Q1S5A1G6M5Q0L4W4T0A0F7,2009427,2017-12-02,299,185,184,0,1,299,184,0,1,114,1,True,True,match,0,0,0,
20,PRC_N1O7N1Z1Z3S0C2Y3A4S3N0K9F5O4X2,2010556,2017-12-01,299,224,217,0,7,299,217,0,7,75,1,True,True,match,0,0,0,
20,PRC_S1Z7Z1L1E3T0X2D3H2B0S0F2C5O6U9,2010554,2017-12-01,299,214,208,1,5,299,208,1,5,85,1,True,True,match,0,0,0,
20,PRC_Y1P7I1M1F3E0L2N3W1P5J4A4L8C7E5,2010553,2017-12-01,299,212,204,0,8,299,204,0,8,87,1,True,True,match,0,0,0,
20,PRC_R1X7J1F1Y3A0D2T3V2Y2E3D4P7V6C7,2010552,2017-12-01,299,217,211,0,6,299,211,0,6,82,1,True,True,match,0,0,0,
20,PRC_J1H7L1S1Y2M3R1W8V1Q5L2I6J2Z1C0,2010546,2017-12-01,299,231,224,1,6,299,224,1,6,68,1,True,True,match,0,0,0,
20,PRC_L1L7Q1V1W2G3P1O8X1D6J0Q3I9S3I6,2010545,2017-12-01,299,237,229,0,8,299,229,0,8,62,1,True,True,match,0,0,0,
20,PRC_F1K7D1D1E2E3H2N0Z0N2U5K9K2W3W2,2010544,2017-12-01,299,235,231,0,4,299,231,0,4,64,1,True,True,match,0,0,0,
20,PRC_I1E7K1C1H2G3O1W8A1G7U3O6P8O1M9,2010543,2017-12-01,299,233,232,0,1,299,232,0,1,66,1,True,True,match,0,0,0,
20,PRC_B1H6Z1N1P2H9Q1S5Q5E9G1R3X6D4G6,2010542,2017-12-01,299,227,209,5,13,299,209,5,13,72,1,True,True,match,0,0,0,
20,PRC_C1N7H0M9H2T1N1B4V4C0P2G3N7J0F7,2010539,2017-12-01,299,244,213,11,20,299,213,11,20,55,1,True,True,match,0,0,0,
20,PRC_P1D7N1K1M2L3G1H4R3M9J0R3K4X0W8,2010538,2017-12-01,299,226,224,0,2,299,224,0,2,73,1,True,True,match,0,0,0,
20,PRC_U1C7I1T1X2W3L1X3W5Q7Y1P6A2K4V2,2010537,2017-12-01,299,223,223,0,0,299,223,0,0,76,1,True,True,match,0,0,0,
20,PRC_K1P7N1R1F2O9P1U6U2L7Y2D5F4H9R0,2010536,2017-12-01,299,244,235,1,8,299,235,1,8,55,1,True,True,match,0,0,0,
20,PRC_P1C7H1B1V2R3X1X8G3G1S5G2W2U4B9,2010535,2017-12-01,299,218,217,0,1,299,217,0,1,81,1,True,True,match,0,0,0,
20,PRC_H1M7G0L2I2I3Y1Y2R3I0R0U3S8P0F7,2010534,2017-12-01,299,224,216,0,8,299,216,0,8,75,1,True,True,match,0,0,0,
20,PRC_H1G7Y1D1V2F3H1M9Q1H2Y3O9L7W7V7,2010533,2017-12-01,299,223,220,0,3,299,220,0,3,76,1,True,True,match,0,0,0,
20,PRC_J1J7W1R1O2G3C1D9O1W5A4G1X3Y7A9,2010532,2017-12-01,299,220,217,0,3,299,217,0,3,79,1,True,True,match,0,0,0,
20,PRC_A1N7V1E1F2Z3F1W9A1H1T2C2S3G1N4,2010531,2017-12-01,299,223,221,1,1,299,221,1,1,76,1,True,True,match,0,0,0,
20,PRC_N1T7P1T1J2R3Y1Y4I3I7N2C4I0G7V0,2010530,2017-12-01,299,218,213,0,5,299,213,0,5,81,1,True,True,match,0,0,0,
20,PRC_N1L7M1C1M2N3R1E8E3M1K0T6F6T5T3,2010529,2017-12-01,299,217,207,2,8,299,207,2,8,82,1,True,True,match,0,0,0,
20,PRC_B1T7R1B1S2H3A1O8D2Q8C3V4G1N4X4,2010528,2017-12-01,299,217,217,0,0,299,217,0,0,82,1,True,True,match,0,0,0,
20,PRC_X1I7W1R1V2Q9I1O7Z2T6L4W5E6V8R0,2010527,2017-12-01,299,246,245,0,1,299,245,0,1,53,1,True,True,match,0,0,0,
20,PRC_L1E7Y1S1A2J9O1K6S0M7W1X6F7K6A2,2010526,2017-12-01,299,236,235,0,1,299,235,0,1,63,1,True,True,match,0,0,0,
20,PRC_E1L7P1J1B2S9T1E5L5M7F4W9O4A2P0,2010525,2017-12-01,299,250,250,0,0,299,250,0,0,49,1,True,True,match,0,0,0,
20,PRC_D1B7Q0F9G2E1F1P0G1G5M1E6T4A1K4,2010519,2017-12-01,299,226,220,1,5,299,220,1,5,73,1,True,True,match,0,0,0,
20,PRC_I1X7N1P0W2O7C1E3J3M9I1V1K7A5P6,2009946,2017-12-01,299,228,204,4,20,299,204,4,20,71,1,True,True,match,0,0,0,
20,PRC_Q1R7I1M0Y2Z7C1F3X3W7E1M1N8V5Z3,2009945,2017-12-01,299,229,215,1,13,299,215,1,13,70,1,True,True,match,0,0,0,
20,PRC_B1N7I0C9G2D9I1N4V5Q4Z5W7V9F1D5,2009768,2017-12-01,299,221,198,4,19,299,198,4,19,78,1,True,True,match,0,0,0,
20,PRC_Z1Z7P0E9Q2R8L1L8I1V9K0M9R1M4U3,2009737,2017-12-01,299,228,227,0,1,299,227,0,1,71,1,True,True,match,0,0,0,
20,PRC_F1N7T0U9G2B6R1O5Z3J1J0R5O9U9R7,2009601,2017-12-01,299,228,226,0,2,299,226,0,2,71,1,True,True,match,0,0,0,
20,PRC_F1U7F0L9H1L3S1E6R3I4F4L7H6G6J8,2009331,2017-12-01,299,233,230,0,3,299,230,0,3,66,1,True,True,match,0,0,0,
20,PRC_T1M7J0B9P0U5L1D6G5Y8H5P5A9D2T3,2009099,2017-12-01,299,233,205,12,16,299,205,12,16,66,1,True,True,match,0,0,0,
20,PRC_S1B7R0T9Z0X5T1U6I5A8F2T0S5S4E7,2009098,2017-12-01,299,233,218,2,13,299,218,2,13,66,1,True,True,match,0,0,0,
20,ARC_L1N7W0H9U0R1E1F7E2U0K2C3I2C5E2,2008994,2017-12-01,299,213,197,5,11,299,197,5,11,86,1,True,True,match,0,0,0,
20,ARC_I1T7V0W9R0C1F1L6A5H1G1B9A8C7Y2,2008985,2017-12-01,299,212,207,0,5,299,207,0,5,87,1,True,True,match,0,0,0,
20,ARC_T1G7J0N9R0B1E1W1N3K1U1N4X9V0B6,2008936,2017-12-01,299,225,221,1,3,299,221,1,3,74,1,True,True,match,0,0,0,
20,ARC_S1R7L0O9W0C1G1G1E3B1F2W4O5K7H8,2008934,2017-12-01,299,221,217,1,3,299,217,1,3,78,1,True,True,match,0,0,0,
20,ARC_Q1V7X0P9X0X1R1L1Z3G1C3G4Q2B5A2,2008932,2017-12-01,299,221,219,0,2,299,219,0,2,78,1,True,True,match,0,0,0,
20,ARC_R1Z7T0L8N2Y8H1W5L4F5V1B6V2Y5Q7,2008793,2017-12-01,299,221,215,0,6,299,215,0,6,78,1,True,True,match,0,0,0,
20,ARC_X1T7F0G8S2S8Z1N6I0N2J2E0P1K6I1,2008781,2017-12-01,299,236,234,0,2,299,234,0,2,63,1,True,True,match,0,0,0,
20,PRC_G1J7Q0W8O1X4B1I0U2D1B0S4T9M7O1,2008510,2017-12-01,299,219,211,0,8,299,211,0,8,80,1,True,True,match,0,0,0,
20,PRC_Q1C7M0G8W0D9P1S7T2F9D2U8F3E3P7,2008457,2017-12-01,299,233,224,0,9,299,224,0,9,66,1,True,True,match,0,0,0,
20,ARC_W1Q7D0M7H2Y6O1G6J2J2B2V3E5O6X6,2008198,2017-12-01,299,245,241,0,4,299,241,0,4,54,1,True,True,match,0,0,0,
20,PRC_D1D7B0M7O1K9H1D4Y1A1N5M2R1V0F5,2008076,2017-12-01,299,232,225,2,5,299,225,2,5,67,1,True,True,match,0,0,0,
20,PRC_G1I7B0A7O1H2Y1Q5T2U9H5Y5J9G8D8,2007956,2017-12-01,299,225,217,0,8,299,217,0,8,74,1,True,True,match,0,0,0,
20,PRC_W1M7C0H6W3P0V1P3P1I2E1T9P3M3K1,2007709,2017-12-01,299,220,206,1,13,299,206,1,13,79,1,True,True,match,0,0,0,
20,PRC_G1Z7K0N6X3R0O1S3J1X1L3F2O3R1C7,2007708,2017-12-01,299,215,203,1,11,299,203,1,11,84,1,True,True,match,0,0,0,
20,PRC_G1U7X0D6V1R6V1N6T2D9N1N2L8T4O3,2007432,2017-12-01,299,232,229,0,3,299,229,0,3,67,1,True,True,match,0,0,0,
20,PRC_F1L7L0W6Z1B6V1O6Y2X6B2G2P6A8H7,2007430,2017-12-01,299,235,232,0,3,299,232,0,3,64,1,True,True,match,0,0,0,
20,PRC_W1F7W0S6B0Q8Y1Q7M0Q4E4W5G0F6V9,2007280,2017-12-01,299,232,222,0,10,299,222,0,10,67,1,True,True,match,0,0,0,
20,PRC_C1S7B0M5A1H8S1A0J1J1D0G6K6O8H7,2006924,2017-12-01,299,224,222,0,2,299,222,0,2,75,1,True,True,match,0,0,0,
20,PRC_U1O7J0L4G1R4D1X0J3H1O0G0P8F1Z5,2006750,2017-12-01,299,238,236,0,2,299,236,0,2,61,1,True,True,match,0,0,0,
20,PRC_A1G7P0M3E3R0S1J5I2S9Y4J1Q5W1E0,2006510,2017-12-01,299,216,206,0,10,299,206,0,10,83,1,True,True,match,0,0,0,
20,PRC_U1T7A0Z3F2O1H1M7F0Y3A0F7P3O4R3,2006318,2017-12-01,299,220,218,0,2,299,218,0,2,79,1,True,True,match,0,0,0,
20,PRC_H1A7P0M3T1O4I1C7F0R4V1W6L4A6S6,2006156,2017-12-01,299,232,221,0,11,299,221,0,11,67,1,True,True,match,0,0,0,
20,PRC_V1X7V0Z3J0T8I1O4A4P3Q1J3N2T3J7,2006046,2017-12-01,299,230,216,2,12,299,216,2,12,69,1,True,True,match,0,0,0,
20,PRC_T1A7R0T2L1X0I1R1D3I0O5F3E0L4U6,2005549,2017-12-01,299,230,229,1,0,299,229,1,0,69,1,True,True,match,0,0,0,
20,PRC_N1H7L0M2H1B0V1I1C2Y7B3Q7U7H1W4,2005547,2017-12-01,299,223,222,0,1,299,222,0,1,76,1,True,True,match,0,0,0,
20,PRC_V1G7H0M2Y0Z6F1L6H1E4C2Y9X3Y1R5,2005445,2017-12-01,299,221,205,4,12,299,205,4,12,78,1,True,True,match,0,0,0,
20,PRC_Z1M7O0U2K0B6J1D6P1F3Z3U5B7Y6N6,2005444,2017-12-01,299,213,197,3,13,299,197,3,13,86,1,True,True,match,0,0,0,
20,PRC_F1Q7O0R1W1P7X1U5J3V9N5O3P1J6C3,2005124,2017-12-01,299,228,226,0,2,299,226,0,2,71,1,True,True,match,0,0,0,
20,PRC_A1F6F1P2I1W9M1D8F0C7L5X9I9H4N1,2004472,2017-12-01,299,224,214,1,9,299,214,1,9,75,1,True,True,match,0,0,0,
20,ARC_B1E6G1P1T3D0D1N0M0G5U5Z7I0E2Q4,2003961,2017-12-01,299,235,226,1,8,299,226,1,8,64,1,True,True,match,0,0,0,
20,PRC_R1S6W1Z1C2T2U1R0L5D6U4L6A3S3M9,2003763,2017-12-01,299,228,228,0,0,299,228,0,0,71,1,True,True,match,0,0,0,
20,PRC_K1E6K1Y1S2K1K1L7V0M2W0S9W5A0S9,2003754,2017-12-01,299,222,208,2,12,299,208,2,12,77,1,True,True,match,0,0,0,
20,PRC_G1U6Y1E1R1M5A1A5G3F7V3V1Q0D0J9,2003583,2017-12-01,299,215,195,3,17,299,195,3,17,84,1,True,True,match,0,0,0,
20,PRC_J1Z6C1U0H2L6X2G2W2G3J5Z1Q0W0F2,2002943,2017-12-01,299,218,166,22,30,299,166,22,30,81,1,True,True,match,0,0,0,
20,PRC_D1Y6S1X0N2T1D1J7T3C6A2R8J4K0F0,2002817,2017-12-01,299,222,202,4,16,299,202,4,16,77,1,True,True,match,0,0,0,
20,ARC_G1C6Z1X0C0P6I1D4J1G4Q5R3A5F8E6,2002589,2017-12-01,299,238,225,3,10,299,225,3,10,61,1,True,True,match,0,0,0,
20,PRC_Y1Z7P0U9D1W9P2Q1P1Q0E0T7E8K5F7,2010390,2017-11-24,299,209,207,0,2,299,207,0,2,90,1,True,True,match,0,0,0,
20,PRC_O1P7N0A9Y2L0H1U7A3S1Q4E8C9J2B3,2010389,2017-11-24,299,208,206,0,2,299,206,0,2,91,1,True,True,match,0,0,0,
20,PRC_V1Z7Y0M9J2H0B1Q7A0V9S5U7N4Q7U0,2010388,2017-11-24,299,208,203,0,5,299,203,0,5,91,1,True,True,match,0,0,0,
20,PRC_I1V7I0I9Q2R0O1M7T0A5V5Y4J5B9E8,2010387,2017-11-24,299,210,205,0,5,299,205,0,5,89,1,True,True,match,0,0,0,
20,PRC_Y1Y7L0A9Z2K0C1Z7A2L1F3N5B9W8V3,2010386,2017-11-24,299,208,205,0,3,299,205,0,3,91,1,True,True,match,0,0,0,
20,PRC_A1H7U0L9Y2N7W1I7E4V2X5D6E3H0V4,2010385,2017-11-24,299,222,219,2,1,299,219,2,1,77,1,True,True,match,0,0,0,
20,PRC_X1L7V1E1M2U0I1B6O3Q3C4L8U3U7D7,2010383,2017-11-24,299,231,228,0,3,299,228,0,3,68,1,True,True,match,0,0,0,
20,PRC_F1O7I1F1Y2U0B1L6S3Q2U3L4R7J9E0,2010382,2017-11-24,299,221,216,1,4,299,216,1,4,78,1,True,True,match,0,0,0,
20,PRC_Z1M7T1V1H2V0J1M6J3K0O5W5I1I6T9,2010381,2017-11-24,299,234,230,0,4,299,230,0,4,65,1,True,True,match,0,0,0,
20,PRC_Y1R7M1Z1H2K2P1Y1B4K5E5P4R6X7S2,2010380,2017-11-24,299,225,219,0,6,299,219,0,6,74,1,True,True,match,0,0,0,
20,PRC_C1H7Y1M1B2S0T1T6P3G5R3M0O3K5E7,2010379,2017-11-24,299,234,225,0,9,299,225,0,9,65,1,True,True,match,0,0,0,
20,PRC_K1S7B1A1J2A0I1D6D3N4X4Z6C1E7B6,2010378,2017-11-24,299,224,216,0,8,299,216,0,8,75,1,True,True,match,0,0,0,
20,PRC_R1Z7Y1X1M2N0V1A6N3E6H0B9M0H9U4,2010377,2017-11-24,299,211,204,0,7,299,204,0,7,88,1,True,True,match,0,0,0,
20,PRC_R1X7L0J9O2R6K1G9X0A3J5L1Z3I2A5,2010376,2017-11-24,299,213,210,0,3,299,210,0,3,86,1,True,True,match,0,0,0,
20,PRC_C1B7I0J9X2R6W0E9O3P9P0M8B7M7N2,2010375,2017-11-24,299,216,214,0,2,299,214,0,2,83,1,True,True,match,0,0,0,
20,PRC_L1F7A1C1W2V0O1J6H3O6T5G0Z0D7S9,2010374,2017-11-24,299,220,214,0,6,299,214,0,6,79,1,True,True,match,0,0,0,
20,PRC_F1B7B0F9H2X6S1J9P0P4B3S0U1N7X8,2010373,2017-11-24,299,210,206,0,4,299,206,0,4,89,1,True,True,match,0,0,0,
20,PRC_V1D7H1L1G2Q0Y1B6X3T7V4B3E2P1E7,2010372,2017-11-24,299,235,228,0,7,299,228,0,7,64,1,True,True,match,0,0,0,
20,PRC_S1J7Z0P9W2K6Y0T9S3R4Q4R2U7B1P8,2010371,2017-11-24,299,212,210,0,2,299,210,0,2,87,1,True,True,match,0,0,0,
20,PRC_O1S7Q1F1H1K6R1V8M1U3H0U1B1O5W4,2010370,2017-11-24,299,218,150,28,40,299,150,28,40,81,1,True,True,match,0,0,0,
20,PRC_L1Y7Y1U1X1K3S1Z9W1O5Z3H1G8P1S4,2010369,2017-11-24,299,241,241,0,0,299,241,0,0,58,1,True,True,match,0,0,0,
20,PRC_V1V7V1K1S1D3L1Z0Y1Q2P4F5A1W9L5,2010367,2017-11-24,299,234,228,0,6,299,228,0,6,65,1,True,True,match,0,0,0,
20,PRC_O1X7N1M1D1M3S1T9J1F6Q0Q6B4R7Y4,2010366,2017-11-24,299,237,232,0,5,299,232,0,5,62,1,True,True,match,0,0,0,
20,PRC_C1F7W1F1Y1V7C0O9Q4Z5V3A9N8X7R9,2010365,2017-11-24,299,235,186,20,29,299,186,20,29,64,1,True,True,match,0,0,0,
20,PRC_S1S7S1A1I1E3M1F0H1R1T4B3Y8E0U3,2010364,2017-11-24,299,236,234,0,2,299,234,0,2,63,1,True,True,match,0,0,0,
20,PRC_C1C7X0Q9W2B6V0J9I4P1I0N8Y6S6I8,2010363,2017-11-24,299,213,206,0,7,299,206,0,7,86,1,True,True,match,0,0,0,
20,PRC_C1P7G0B9H2B0F1G1C2J1K5N5E0C6E9,2010358,2017-11-24,299,216,207,1,8,299,207,1,8,83,1,True,True,match,0,0,0,
20,PRC_S1R7P0Z9S2A1J1N5U2Z4B3M6F1H7G1,2010357,2017-11-24,299,213,204,1,8,299,204,1,8,86,1,True,True,match,0,0,0,
20,PRC_Y1K7J1T1B1G7I0W9S4G1D3L7B9R8J8,2010238,2017-11-24,299,238,231,3,4,299,231,3,4,61,1,True,True,match,0,0,0,
20,ARC_N1F7W0E7Y2B4U1J5H4R4K4J0J8Y3T7,2008172,2017-11-24,299,215,205,0,10,299,205,0,10,84,1,True,True,match,0,0,0,
20,PRC_K1U7A0B7L1F0R1P8R0Z8O4J4Q1M2H1,2007891,2017-11-24,299,219,208,2,9,299,208,2,9,80,1,True,True,match,0,0,0,
20,PRC_Q1V7A0W7N1U0P1Q6X5U1W0W7D2V2L0,2007876,2017-11-24,299,212,212,0,0,299,212,0,0,87,1,True,True,match,0,0,0,
20,PRC_T1A7J0N7T0Y6V1Y7B3H1X0P8Y3K3G0,2007820,2017-11-24,299,220,215,0,5,299,215,0,5,79,1,True,True,match,0,0,0,
20,PRC_X1A7T0L7J0L6F1T6Q5V7U0J5L0H7W3,2007818,2017-11-24,299,213,205,0,8,299,205,0,8,86,1,True,True,match,0,0,0,
20,PRC_D1D7N0X6O1A6Q1J6I2T8Z0I9C4W7E1,2007431,2017-11-24,299,206,204,0,2,299,204,0,2,93,1,True,True,match,0,0,0,
20,PRC_V1N7G0F6E0U5S1X6D3C5V2L9O5P4D6,2007201,2017-11-24,299,208,204,1,3,299,204,1,3,91,1,True,True,match,0,0,0,
20,PRC_D1W7L0C6I0S2K1O0J3H4J2X4J8Y7H6,2007178,2017-11-24,299,219,210,0,9,299,210,0,9,80,1,True,True,match,0,0,0,
20,PRC_P1S7J0S6O0J1R1Z3W5E2X2Y4E2Q6D2,2007170,2017-11-24,299,219,218,0,1,299,218,0,1,80,1,True,True,match,0,0,0,
20,PRC_C1X7B0N5E2M6L1S7U2W5A0G4H3E2V0,2007047,2017-11-24,299,220,217,1,2,299,217,1,2,79,1,True,True,match,0,0,0,
20,PRC_H1O7N0Q5O2T3X1G1R3P6K3Z8U9O2Y7,2006985,2017-11-24,299,212,202,0,10,299,202,0,10,87,1,True,True,match,0,0,0,
20,PRC_D1X7Y0V4P2U7Q1W3P3T6M3K2S5B1K3,2006816,2017-11-24,299,217,217,0,0,299,217,0,0,82,1,True,True,match,0,0,0,
20,PRC_W1H7H0D4S1T1A1Y0Y2H9Y4V1U6L0T8,2006685,2017-11-24,299,216,190,12,14,299,190,12,14,83,1,True,True,match,0,0,0,
20,PRC_D1X7T0H3R3W1C1V6F4B8G0U3Y8I6P5,2006536,2017-11-24,299,213,210,0,3,299,210,0,3,86,1,True,True,match,0,0,0,
20,PRC_N1D7E0X3Z2M9H1S7H4E5Z5R0J3L3W1,2006468,2017-11-24,299,222,221,0,1,299,221,0,1,77,1,True,True,match,0,0,0,
20,ARC_A1T7L0A3S1W6Y1D6G1O0V4A8V9E8J6,2006218,2017-11-24,299,200,195,2,3,299,195,2,3,99,1,True,True,match,0,0,0,
20,PRC_Z1F7F0I3P1Q5K1L7R5X3Z3F9W8Y2D5,2006186,2017-11-24,299,218,212,2,4,299,212,2,4,81,1,True,True,match,0,0,0,
20,PRC_F1O7Z0G3M1R3R1W7X5S7E4V2Q3P5R9,2006137,2017-11-24,299,211,201,1,9,299,201,1,9,88,1,True,True,match,0,0,0,
20,PRC_Y1G7U0J3A1Y3Z1S7H4Z0C2M3B6C6Q8,2006136,2017-11-24,299,217,211,0,6,299,211,0,6,82,1,True,True,match,0,0,0,
20,ARC_P1Y7X0Y3T1V3G1Z3A2V0Q3B3B2Y4T3,2006128,2017-11-24,299,226,222,0,4,299,222,0,4,73,1,True,True,match,0,0,0,
20,ARC_D1I7G0Q3A1X3G1X3J2T0O4F5G8Q8O7,2006127,2017-11-24,299,216,212,0,4,299,212,0,4,83,1,True,True,match,0,0,0,
20,PRC_L1Z7I0Z3S1C3Z1B1G4I6I1N2I6Q2U8,2006126,2017-11-24,299,197,193,0,4,299,193,0,4,102,1,True,True,match,0,0,0,
20,PRC_F1L7D0D3M0G9U1I0K4V7R3E6N9L5R6,2006069,2017-11-24,299,211,207,0,4,299,207,0,4,88,1,True,True,match,0,0,0,
20,PRC_A1R7A0F3H0J7Q1C6G5H7H4N4V8C4L8,2006037,2017-11-24,299,216,212,0,4,299,212,0,4,83,1,True,True,match,0,0,0,
20,PRC_C1E7F0P2Y2G2W1O1N1K8M4S9K8O1E2,2005728,2017-11-24,299,211,209,0,2,299,209,0,2,88,1,True,True,match,0,0,0,
20,PRC_T1B7G0P2O2U0X1R7J1Y4N2P3Y7X6V6,2005706,2017-11-24,299,217,215,0,2,299,215,0,2,82,1,True,True,match,0,0,0,
20,PRC_D1S7P0B2M1C0A1J6M1Z2U3A1O8M0Q8,2005566,2017-11-24,299,219,214,1,4,299,214,1,4,80,1,True,True,match,0,0,0,
20,PRC_N1N7R0R2S0A9I1W6Y2U8M0Q5U0X6F0,2005509,2017-11-24,299,215,213,0,2,299,213,0,2,84,1,True,True,match,0,0,0,
20,PRC_D1Q7N0X1X3I1Z1U7W3S6P5F5V0D4E0,2005338,2017-11-24,299,204,194,1,9,299,194,1,9,95,1,True,True,match,0,0,0,
20,PRC_I1G7P0U1U2B6E1O0Z3U1D4R9U0G9Y3,2005304,2017-11-24,299,227,226,0,1,299,226,0,1,72,1,True,True,match,0,0,0,
20,PRC_E1F7M0J1F2F3E1O0R0R5P3H0O8B1N9,2005218,2017-11-24,299,217,209,0,8,299,209,0,8,82,1,True,True,match,0,0,0,
20,PRC_X1R7M0Z1F2O0N1C1C0M3N0Q5M2H8Q7,2005177,2017-11-24,299,218,215,0,3,299,215,0,3,81,1,True,True,match,0,0,0,
20,PRC_A1A7C0W1O0S6N1B6U0I0M2D5J9C7R6,2005003,2017-11-24,299,207,202,1,4,299,202,1,4,92,1,True,True,match,0,0,0,
20,PRC_V1Z6K1M2P2A9K1M7P2F6P0H4F6I2J7,2004778,2017-11-24,299,215,210,0,5,299,210,0,5,84,1,True,True,match,0,0,0,
20,PRC_A1J6J1W2F2V2N1N5V1Z5C5E1I1P5R9,2004563,2017-11-24,299,211,210,1,0,299,210,1,0,88,1,True,True,match,0,0,0,
20,PRC_W1T6A1F2D1K9Z1W8W1O0I0B7C4W3P0,2004473,2017-11-24,299,216,163,46,7,299,163,46,7,83,1,True,True,match,0,0,0,
20,PRC_U1N6B1B1J2M1Y1M7B1P1Y1Z4L4V3N1,2003757,2017-11-24,299,222,218,0,4,299,218,0,4,77,1,True,True,match,0,0,0,
20,PRC_S1B6U1R1N2T1U1L7T0X4I3T0Z9E7P2,2003755,2017-11-24,299,223,214,7,2,299,214,7,2,76,1,True,True,match,0,0,0,
20,PRC_X1N6M1C1C1L6W1U6H2F1K1L5M3N4C8,2003621,2017-11-24,299,219,217,0,2,299,217,0,2,80,1,True,True,match,0,0,0,
20,PRC_L1H6V1M1I1K4D1B7C4D0Z3A7I1E7E4,2003564,2017-11-24,299,216,211,0,5,299,211,0,5,83,1,True,True,match,0,0,0,
20,PRC_C1A6O1R1C1Y0T1Z6I2J3O4B1S0U0M2,2003463,2017-11-24,299,222,221,0,1,299,221,0,1,77,1,True,True,match,0,0,0,
20,PRC_S1R6P1P1P0Y1B1K9I4D4W4I4T6P0B5,2003196,2017-11-24,299,219,215,0,4,299,215,0,4,80,1,True,True,match,0,0,0,
20,PRC_D1K6Q0Q8G2P4P1Z3O3A6L2C7O8M5E4,2001773,2017-11-24,299,223,220,1,2,299,220,1,2,76,1,True,True,match,0,0,0,
20,PRC_U1Y7B1C1Z0O9W1O1F4O6C0Q7G0I0I5,2010099,2017-11-09,299,192,177,5,10,299,177,5,10,107,1,True,True,match,0,0,0,
20,PRC_X1R7L1D1M0O9C1Z1R4E5S3S5M5Q0R1,2010097,2017-11-09,299,190,171,5,14,299,171,5,14,109,1,True,True,match,0,0,0,
20,PRC_Z1Y7Q1Q1P0U9R1M4S2L0P1E2F8G1D5,2010096,2017-11-09,299,190,180,3,7,299,180,3,7,109,1,True,True,match,0,0,0,
20,PRC_P1R7T0Z9R2G7D0P8N2B9D3Q0C2K8H9,2010088,2017-11-09,299,199,197,0,2,299,197,0,2,100,1,True,True,match,0,0,0,
20,PRC_O1V7Z0L9O2G1H1J4U4E1Y4M2U8F6X3,2010087,2017-11-09,299,226,225,0,1,299,225,0,1,73,1,True,True,match,0,0,0,
20,PRC_M1M7Z0M9K1A9C1J9I0M0O0K8W7W1I9,2010082,2017-11-09,299,203,200,1,2,299,200,1,2,96,1,True,True,match,0,0,0,
20,PRC_T1G7X0I9J1H9J1J9Y0N4B1U8E0Q4X9,2010080,2017-11-09,299,204,196,2,6,299,196,2,6,95,1,True,True,match,0,0,0,
20,PRC_M1K7Y0G9P2O0K1F4B3I9J1K1B6K7L4,2010079,2017-11-09,299,192,191,0,1,299,191,0,1,107,1,True,True,match,0,0,0,
20,PRC_S1J7T0S9Z2R0F1P7C4Q3V2G0R9M0X5,2010078,2017-11-09,299,186,184,0,2,299,184,0,2,113,1,True,True,match,0,0,0,
20,PRC_V1R7V0X9O2E0B1D4S4W0L4N4V5R3O1,2010077,2017-11-09,299,197,195,0,2,299,195,0,2,102,1,True,True,match,0,0,0,
20,PRC_A1A7T0L9Z1P9B1Q9R0X5X4R5V5R3B4,2010076,2017-11-09,299,215,212,0,3,299,212,0,3,84,1,True,True,match,0,0,0,
20,PRC_T1I7B0P9W1X9N1O9U0J6F3L7Y2I3G9,2010073,2017-11-09,299,216,212,0,4,299,212,0,4,83,1,True,True,match,0,0,0,
20,PRC_W1Y7V0U9J2W0C2O0M3A5O2C4Y9E0K3,2010067,2017-11-09,299,193,189,0,4,299,189,0,4,106,1,True,True,match,0,0,0,
20,PRC_X1T7Z0N9B2X6M1Y9Q0H8K5S7I4U1O8,2010066,2017-11-09,299,196,193,0,3,299,193,0,3,103,1,True,True,match,0,0,0,
20,PRC_U1R7Y0O9S2K6P1W9T0U9C5U1C9Y3W5,2010065,2017-11-09,299,201,201,0,0,299,201,0,0,98,1,True,True,match,0,0,0,
20,PRC_W1H7P0D9U2H1V1M4D4M7B2S5C3D8P9,2010064,2017-11-09,299,201,199,0,2,299,199,0,2,98,1,True,True,match,0,0,0,
20,PRC_J1I7Y0S9Y2Y2L1M3B3C0U2C5N3C9C1,2010063,2017-11-09,299,190,182,0,8,299,182,0,8,109,1,True,True,match,0,0,0,
20,PRC_F1T7R0M9O2V7V1G7C3Q4O0T2D6O6P5,2010062,2017-11-09,299,227,222,1,4,299,222,1,4,72,1,True,True,match,0,0,0,
20,PRC_S1Q7A0U9G2X7X1L7I3G5Z5L9S1H3G6,2010061,2017-11-09,299,239,233,0,6,299,233,0,6,60,1,True,True,match,0,0,0,
20,PRC_W1C7M0T9T2A7Y1M7G4L5P5U6H5W3S4,2010060,2017-11-09,299,232,223,0,9,299,223,0,9,67,1,True,True,match,0,0,0,
20,PRC_A1X7G0U9K2J7Z1R7Z3L6R4Z6D8D3T6,2010059,2017-11-09,299,232,228,0,4,299,228,0,4,67,1,True,True,match,0,0,0,
20,PRC_A1Z7U0R9Y2J7J1X7B3W0P5S4M4L5N6,2010058,2017-11-09,299,214,201,1,12,299,201,1,12,85,1,True,True,match,0,0,0,
20,PRC_Q1Y7Y0W9D2V7L1N7M4K1C3Q6Q8Z2Y6,2010056,2017-11-09,299,235,235,0,0,299,235,0,0,64,1,True,True,match,0,0,0,
20,PRC_L1F7A0G9O2Z7N1Z7G2T7U5P2P7C3O2,2010055,2017-11-09,299,210,206,0,4,299,206,0,4,89,1,True,True,match,0,0,0,
20,PRC_U1K7B0M9G2R7A1M7G2C3L4E5A6A3X8,2010054,2017-11-09,299,202,193,4,5,299,193,4,5,97,1,True,True,match,0,0,0,
20,PRC_K1M7O0F9V2N2G1P3G4O3Y0C5K9G1K6,2010053,2017-11-09,299,189,185,0,4,299,185,0,4,110,1,True,True,match,0,0,0,
20,PRC_M1N7U0T9P2U7O1Z7Q3A2Q2D5K1R5U7,2010052,2017-11-09,299,236,233,0,3,299,233,0,3,63,1,True,True,match,0,0,0,
20,PRC_P1W7F0M9C2E1R1A1C1E7G4F6H4B5Z9,2010051,2017-11-09,299,193,190,0,3,299,190,0,3,106,1,True,True,match,0,0,0,
20,PRC_F1I7A0Y9L2Z1A1X4E4W1R4M0P4C0O6,2010050,2017-11-09,299,197,194,0,3,299,194,0,3,102,1,True,True,match,0,0,0,
20,PRC_V1X7N0Q9R2D7I1U7F2Q9M2S6X0X3A6,2010049,2017-11-09,299,211,201,2,8,299,201,2,8,88,1,True,True,match,0,0,0,
20,PRC_P1S7P0Y9T2D1B1G0V1Q7M4P3L2C0I6,2010048,2017-11-09,299,191,191,0,0,299,191,0,0,108,1,True,True,match,0,0,0,
20,PRC_Q1P7Y0P9B2U0X2W0B3M8F0P1C2E0Z7,2010047,2017-11-09,299,197,189,1,7,299,189,1,7,102,1,True,True,match,0,0,0,
20,PRC_N1O7M0A9L2H2T2X0F1P4M2T0G8K0U5,2010046,2017-11-09,299,188,183,0,5,299,183,0,5,111,1,True,True,match,0,0,0,
20,PRC_M1Z7N0M9H2O0V1W1T1B9V5U6Q5B4H7,2010045,2017-11-09,299,186,186,0,0,299,186,0,0,113,1,True,True,match,0,0,0,
20,PRC_M1W7A0A9E2O1M1R4K4J6E0P3O4H6O9,2010044,2017-11-09,299,196,193,0,3,299,193,0,3,103,1,True,True,match,0,0,0,
20,PRC_X1H7S0S9W2H0E1Z1C2X3T0X9E2M7O5,2010043,2017-11-09,299,197,195,0,2,299,195,0,2,102,1,True,True,match,0,0,0,
20,PRC_K1W7K0Q8E2A2D1F2O5Q7M0F3O2V1O7,2010042,2017-11-09,299,239,230,1,8,299,230,1,8,60,1,True,True,match,0,0,0,
20,PRC_F1E7M0B9T2N0M1T1H2G1V0S6D3E1V1,2010041,2017-11-09,299,190,187,1,2,299,187,1,2,109,1,True,True,match,0,0,0,
20,PRC_N1Z7O0F9P2Z0F1B8H5M4D3E7F9C4J0,2010040,2017-11-09,299,207,207,0,0,299,207,0,0,92,1,True,True,match,0,0,0,
20,PRC_A1S7V0R9H2A0K1I8I5A0X0H6S6M6N5,2010039,2017-11-09,299,202,196,0,6,299,196,0,6,97,1,True,True,match,0,0,0,
20,PRC_I1Z7S0G9Z1B3M1M3M4P3M4K2V7C3L8,2010034,2017-11-09,299,220,216,0,4,299,216,0,4,79,1,True,True,match,0,0,0,
20,ARC_S1W7U0Y8Q2F8Z1M5V4G5I2L5W3O2W7,2008795,2017-11-09,299,211,206,0,5,299,206,0,5,88,1,True,True,match,0,0,0,
20,PRC_P1Z7A0M8X2D1L1T6A5R7O5G4E0F6Q0,2008616,2017-11-09,299,212,212,0,0,299,212,0,0,87,1,True,True,match,0,0,0,
20,ARC_R1D7E0I8L0X9Y1I3G2O4E3Y3C9J5L1,2008443,2017-11-09,299,206,196,2,8,299,196,2,8,93,1,True,True,match,0,0,0,
20,PRC_N1X7J0V7D2Z8H1V0J4O1M4N5D5I7T8,2008259,2017-11-09,299,193,193,0,0,299,193,0,0,106,1,True,True,match,0,0,0,
20,PRC_Y1O7D0C7A2V7O1R8D0S4A0M6J9K0M6,2008253,2017-11-09,299,197,194,1,2,299,194,1,2,102,1,True,True,match,0,0,0,
20,PRC_E1K7O0E7U2U7W1I7D4O6J4O1W1T3P2,2008247,2017-11-09,299,196,192,0,4,299,192,0,4,103,1,True,True,match,0,0,0,
20,PRC_A1V7I0C7R2R7A1G7C4G5C0Z5P1S1M9,2008246,2017-11-09,299,193,189,0,4,299,189,0,4,106,1,True,True,match,0,0,0,
20,PRC_R1S7P0X7W2O7E1Q7B4Q4U1T4S5L4F8,2008245,2017-11-09,299,195,193,1,1,299,193,1,1,104,1,True,True,match,0,0,0,
20,PRC_R1M7E0R7K2Q0K0Z9L3N9K5N1O5B8V1,2008102,2017-11-09,299,211,201,0,10,299,201,0,10,88,1,True,True,match,0,0,0,
20,PRC_X1S7F0O7Y1V9H1O7C1H8G1I8S3O4O0,2008097,2017-11-09,299,192,189,0,3,299,189,0,3,107,1,True,True,match,0,0,0,
20,PRC_E1P7X0A7B1X0F1A8G0Q1C0P5D4V8Q9,2007888,2017-11-09,299,191,191,0,0,299,191,0,0,108,1,True,True,match,0,0,0,
20,PRC_J1X7Y0Z7M1Q0R1K7B5W6Q4H2X2B8S3,2007885,2017-11-09,299,193,189,0,4,299,189,0,4,106,1,True,True,match,0,0,0,
20,PRC_V1W7B0V6H1P6Z1A6A2M5G3J1K9L4Q7,2007429,2017-11-09,299,206,200,0,6,299,200,0,6,93,1,True,True,match,0,0,0,
20,PRC_K1V7H0A6S1I6H1J6M1C0F0E2M0G4R3,2007426,2017-11-09,299,203,198,0,5,299,198,0,5,96,1,True,True,match,0,0,0,
20,PRC_V1E7X0I6C1O6F1O6T0V2T2Y0U3K0T8,2007423,2017-11-09,299,198,194,0,4,299,194,0,4,101,1,True,True,match,0,0,0,
20,PRC_L1L7Y0F6E0E5P1R6U5U6R0Y6Y5G3R5,2007207,2017-11-09,299,203,203,0,0,299,203,0,0,96,1,True,True,match,0,0,0,
20,PRC_O1G7I0K6A0P1X1R2G3B3J5U6Y9X9K7,2007168,2017-11-09,299,189,184,0,5,299,184,0,5,110,1,True,True,match,0,0,0,
20,PRC_K1B7P0U6B0F1U1I2U1B8S0L6J5R8S6,2007165,2017-11-09,299,192,189,0,3,299,189,0,3,107,1,True,True,match,0,0,0,
20,PRC_U1Y7A0H6P0A1I1E2E0E8K4I1C6V0L2,2007164,2017-11-09,299,191,190,0,1,299,190,0,1,108,1,True,True,match,0,0,0,
20,ARC_M1O7U0O5D2M5J0Y9J2L0V0A2B3Q1Y5,2007025,2017-11-09,299,241,232,2,7,299,232,2,7,58,1,True,True,match,0,0,0,
20,PRC_G1O7Z0K5V2T3P1X7D5J0V5M3R4K4L8,2007004,2017-11-09,299,202,200,0,2,299,200,0,2,97,1,True,True,match,0,0,0,
20,PRC_D1Z7N0O5Z1M6H1I6Q2W8Q0M5S2U5S1,2006891,2017-11-09,299,192,191,0,1,299,191,0,1,107,1,True,True,match,0,0,0,
20,ARC_C1K7V0V4W2R6F1A7R2D1M1Y5E4V7L0,2006815,2017-11-09,299,232,224,1,7,299,224,1,7,67,1,True,True,match,0,0,0,
20,PRC_V1J7D0G4U1X0L1I7B1A9C2Q4L8H2E4,2006677,2017-11-09,299,207,199,0,8,299,199,0,8,92,1,True,True,match,0,0,0,
20,PRC_F1A7X0S4D0S6T1Q1Q2P7Z1V6B5K7H6,2006624,2017-11-09,299,209,206,0,3,299,206,0,3,90,1,True,True,match,0,0,0,
20,PRC_V1V7N0A4X0M3K1Q0V4J7E4Y0I8V5U5,2006550,2017-11-09,299,209,204,0,5,299,204,0,5,90,1,True,True,match,0,0,0,
20,PRC_M1U7I0D3C2N9H1H6V1V5P5T8S0N7E0,2006447,2017-11-09,299,247,246,0,1,299,246,0,1,52,1,True,True,match,0,0,0,
20,PRC_F1R7I0X3W2R4M0H9I5C6R5Z0P8T3L9,2006381,2017-11-09,299,203,203,0,0,299,203,0,0,96,1,True,True,match,0,0,0,
20,PRC_A1U7Z0U3J1X6T1Y6R0V1Z3T7K0E4N0,2006215,2017-11-09,299,197,197,0,0,299,197,0,0,102,1,True,True,match,0,0,0,
20,PRC_H1Y7D0F3Y1A6K1W6Q0A2U3O7P0X8L3,2006214,2017-11-09,299,203,196,1,6,299,196,1,6,96,1,True,True,match,0,0,0,
20,PRC_Y1J7A0T3I1Y0D1D4P5G9H5H0E6H0O1,2006109,2017-11-09,299,212,212,0,0,299,212,0,0,87,1,True,True,match,0,0,0,
20,PRC_Q1D7A0C3J0I9M1V8K1C7V2V2O5M2U6,2006100,2017-11-09,299,200,200,0,0,299,200,0,0,99,1,True,True,match,0,0,0,
20,PRC_W1S7W0Z3K0V3Q1P7F3B8Z3V9A6S8D1,2005996,2017-11-09,299,196,195,0,1,299,195,0,1,103,1,True,True,match,0,0,0,
20,PRC_I1T7E0B3A0Y2F1V7P0A0Y0O9P0N6Q6,2005950,2017-11-09,299,193,193,0,0,299,193,0,0,106,1,True,True,match,0,0,0,
20,PRC_J1T7P0T3I0W2Y1C6A5W5U3W5L4M0D2,2005949,2017-11-09,299,191,190,0,1,299,190,0,1,108,1,True,True,match,0,0,0,
20,PRC_Z1S7V0X3U0H2L1T6T5S4U0S9Z6W2B0,2005948,2017-11-09,299,189,187,0,2,299,187,0,2,110,1,True,True,match,0,0,0,
20,PRC_D1G7J0O3E0K2E1F6V0H6R4W2D1Y8N8,2005942,2017-11-09,299,184,184,0,0,299,184,0,0,115,1,True,True,match,0,0,0,
20,PRC_L1V7B0O2H2J8D1V6Z4V7Z5X7V3H5N5,2005852,2017-11-09,299,196,194,0,2,299,194,0,2,103,1,True,True,match,0,0,0,
20,PRC_W1D7J0X2Q2E4U1L1P2K2J0X6H0C2R7,2005779,2017-11-09,299,244,241,0,3,299,241,0,3,55,1,True,True,match,0,0,0,
20,PRC_H1X7Y0P2P2S4P1A1C1E5N4G3W1F2D0,2005777,2017-11-09,299,198,196,0,2,299,196,0,2,101,1,True,True,match,0,0,0,
20,PRC_L1L7Z0V2N1N6I1O0M2E6E5H4Y2L9E6,2005665,2017-11-09,299,197,167,9,21,299,167,9,21,102,1,True,True,match,0,0,0,
20,PRC_B1T7N0O2I1W3O1X5V0E1H5B8W1P3E3,2005594,2017-11-09,299,204,203,0,1,299,203,0,1,95,1,True,True,match,0,0,0,
20,PRC_P1D7S0Z2O1R3I1V3O3A7R1Y7B8G8Q1,2005590,2017-11-09,299,229,173,43,13,299,173,43,13,70,1,True,True,match,0,0,0,
20,PRC_Z1S7J0A2P0H9I1C7K4I6F4S5Y8O2J7,2005537,2017-11-09,299,196,195,0,1,299,195,0,1,103,1,True,True,match,0,0,0,
20,PRC_Z1V7X0P2S0H9O1E7C4E4A4Y9X5A7B9,2005535,2017-11-09,299,202,199,0,3,299,199,0,3,97,1,True,True,match,0,0,0,
20,PRC_E1W7N0U2K0X9W1E7H4Z0B0P8S4Q8Y2,2005530,2017-11-09,299,236,236,0,0,299,236,0,0,63,1,True,True,match,0,0,0,
20,PRC_R1C7M0I2W0N9U1D6L5D1B1C1P2U8K8,2005524,2017-11-09,299,242,239,1,2,299,239,1,2,57,1,True,True,match,0,0,0,
20,PRC_X1W7P0U2N0D9G1R6O4K7Y0W8S1A8F4,2005522,2017-11-09,299,190,188,0,2,299,188,0,2,109,1,True,True,match,0,0,0,
20,ARC_S1O7M0N2U0J8U1N6P5I3A2D0O5K1L2,2005487,2017-11-09,299,195,192,0,3,299,192,0,3,104,1,True,True,match,0,0,0,
20,PRC_X1X7Q0P2W0H7D1X9M4T1H0J6J8O9Q7,2005478,2017-11-09,299,215,214,0,1,299,214,0,1,84,1,True,True,match,0,0,0,
20,ARC_X1T7K0U2W0A7Q1U2I5T7F4D0F6B8E8,2005459,2017-11-09,299,208,200,0,8,299,200,0,8,91,1,True,True,match,0,0,0,
20,ARC_W1C7N0E2J0F3C1E4B5R5I1F1W7R1P9,2005414,2017-11-09,299,231,185,19,27,299,185,19,27,68,1,True,True,match,0,0,0,
20,PRC_F1S7H0S2R0V2S1A1N3S2X4J5Z2O6V7,2005382,2017-11-09,299,212,209,0,3,299,209,0,3,87,1,True,True,match,0,0,0,
20,PRC_V1I7X0R1F1J3C1A8F0A7C0D8P2I1R5,2005099,2017-11-09,299,196,192,0,4,299,192,0,4,103,1,True,True,match,0,0,0,
20,PRC_T1T7Y0G1F1J3S1Q5A2Y6E3G2P9I1M9,2005083,2017-11-09,299,202,201,0,1,299,201,0,1,97,1,True,True,match,0,0,0,
20,PRC_N1O7R0Z1Q0U9U1N5W2N7A0R2X0N0X7,2005018,2017-11-09,299,228,220,2,6,299,220,2,6,71,1,True,True,match,0,0,0,
20,PRC_T1W7S0E1K0D6A1H4X4S7E3B7J8W7H3,2004994,2017-11-09,299,206,195,1,10,299,195,1,10,93,1,True,True,match,0,0,0,
20,PRC_C1R7A0O1S0T2L2N0P3Q0Y3V3J2A1L1,2004938,2017-11-09,299,244,244,0,0,299,244,0,0,55,1,True,True,match,0,0,0,
20,PRC_G1J6I1M2Q3A0Y1A8Y4I0A4O7L5P0D2,2004883,2017-11-09,299,240,236,0,4,299,236,0,4,59,1,True,True,match,0,0,0,
20,PRC_M1Z6E1Q2Q3I0T1D0T5A7N4U3E8U5Z2,2004819,2017-11-09,299,191,190,0,1,299,190,0,1,108,1,True,True,match,0,0,0,
20,PRC_A1I6J1D2U2Z9F1I6B1P9L4U1L3H9I2,2004761,2017-11-09,299,241,235,1,5,299,235,1,5,58,1,True,True,match,0,0,0,
20,PRC_E1J6C1H2V2Q9G1V5J5C7C4W7B5C5Y7,2004753,2017-11-09,299,236,233,0,3,299,233,0,3,63,1,True,True,match,0,0,0,
20,PRC_O1S6M1C2R2C9I1C5L5B3O0O8O9E3M0,2004750,2017-11-09,299,235,233,1,1,299,233,1,1,64,1,True,True,match,0,0,0,
20,PRC_N1G6T1X2Q2K8I0K9X4P6A5H7Z0V8G0,2004654,2017-11-09,299,214,209,1,4,299,209,1,4,85,1,True,True,match,0,0,0,
20,ARC_U1H6S1E2C2D6B1A4N4Q8F4C9Q0S1X8,2004607,2017-11-09,299,217,214,0,3,299,214,0,3,82,1,True,True,match,0,0,0,
20,PRC_M1S6W1N2M0J2V1C8I1Y6Y1J6C0R4Y3,2004088,2017-11-09,299,199,194,0,5,299,194,0,5,100,1,True,True,match,0,0,0,
20,PRC_C1Z6A1P1J2K4I1F7X0N8C0G1W9W3E9,2003840,2017-11-09,299,238,235,0,3,299,235,0,3,61,1,True,True,match,0,0,0,
20,PRC_U1W6X1Q1I2P3J1C3R2M3Z0Y2H9A8C8,2003782,2017-11-09,299,198,195,0,3,299,195,0,3,101,1,True,True,match,0,0,0,
20,PRC_D1Q6N1Q1I1B0Q0Y9H4P0B1D6N7I7I7,2003445,2017-11-09,299,212,199,7,6,299,199,7,6,87,1,True,True,match,0,0,0,
20,PRC_X1M6I1E0G3D1C1N5Q3M2E4I1L2B2G0,2003087,2017-11-09,299,195,195,0,0,299,195,0,0,104,1,True,True,match,0,0,0,
20,PRC_O1Z6B1I0Q2S4O1V7D5H6B3U8A4V1W7,2002873,2017-11-09,299,196,188,1,7,299,188,1,7,103,1,True,True,match,0,0,0,
20,PRC_J1X6P0J9K3V0L1M4G5Y3J2J7R0E8F0,2002549,2017-11-09,299,207,206,0,1,299,206,0,1,92,1,True,True,match,0,0,0,
20,PRC_B1F6Q0M9U2K7M1X8L3S2L0L8B6H1S0,2002494,2017-11-09,299,214,213,0,1,299,213,0,1,85,1,True,True,match,0,0,0,
20,PRC_N1I6Q0D7A1B3A1Q4X2V8E0B8G9Y8D5,2000853,2017-11-09,299,192,186,0,6,299,186,0,6,107,1,True,True,match,0,0,0,
20,PRC_M1U6E0P6P2L2C1D8Q0T5Y1S2I4B2D3,2000418,2017-11-09,299,192,189,0,3,299,189,0,3,107,1,True,True,match,0,0,0,
20,PRC_X1K7R0U9N2N8Z1E2D0K6U4Q1B8O1K1,2009710,2017-09-28,299,163,144,1,18,299,144,1,18,136,1,True,True,match,0,0,0,
20,PRC_P1V7T0K9M2T0V1N9X5G8N3M6C8Q3Y5,2009705,2017-09-28,299,180,177,0,3,299,177,0,3,119,1,True,True,match,0,0,0,
20,PRC_W1Y7V0A9W1Q3C1V3I4T2L2H1L6O0K9,2009704,2017-09-28,299,175,166,2,7,299,166,2,7,124,1,True,True,match,0,0,0,
20,PRC_U1W7L0F9O1H3D1T3E4Z9O4R5B6D8D8,2009703,2017-09-28,299,184,182,0,2,299,182,0,2,115,1,True,True,match,0,0,0,
20,PRC_G1O7I0O9Y2F0A1Z9W5T7Z4K0C0S2S0,2009701,2017-09-28,299,179,176,0,3,299,176,0,3,120,1,True,True,match,0,0,0,
20,PRC_M1G7B0O9L2U1T1K4X2Y2K4O3M6J8B1,2009700,2017-09-28,299,189,174,1,14,299,174,1,14,110,1,True,True,match,0,0,0,
20,PRC_P1I7T0W9W2J0B1Y4P3H7H3S0F8X9C2,2009699,2017-09-28,299,167,166,0,1,299,166,0,1,132,1,True,True,match,0,0,0,
20,PRC_H1Q7O0M9X2U0B1G8C5O1W1E1J6B6J6,2009698,2017-09-28,299,167,162,0,5,299,162,0,5,132,1,True,True,match,0,0,0,
20,PRC_Y1C7C0Y9F2F6L1N3G4X4B3S1H4N9C3,2009697,2017-09-28,299,216,214,0,2,299,214,0,2,83,1,True,True,match,0,0,0,
20,PRC_V1H7Q0Z9E2M6T1J3G4J1J1W3A6G7Z1,2009696,2017-09-28,299,211,211,0,0,299,211,0,0,88,1,True,True,match,0,0,0,
20,PRC_L1H7N0E9B2W1I1G4J2I3O5U8O5J4F8,2009695,2017-09-28,299,206,205,0,1,299,205,0,1,93,1,True,True,match,0,0,0,
20,PRC_A1D7T0I9K2Y1D1S5Z0Z3Y3L9C9U4Y3,2009694,2017-09-28,299,220,210,3,7,299,210,3,7,79,1,True,True,match,0,0,0,
20,PRC_B1W7N0K9X2V1N1F4M5H0T0B3W3V7O7,2009693,2017-09-28,299,214,211,0,3,299,211,0,3,85,1,True,True,match,0,0,0,
20,PRC_D1X7B0J9P2O1B1V4V4R9G0F4O2K7O2,2009692,2017-09-28,299,218,215,0,3,299,215,0,3,81,1,True,True,match,0,0,0,
20,PRC_S1R7Q0V9U2F1R1S4W4G4Y5E4M2H2D5,2009691,2017-09-28,299,204,199,1,4,299,199,1,4,95,1,True,True,match,0,0,0,
20,PRC_Z1X7X0L9C2F1U1J4V4I3E2P9D6Q1G5,2009690,2017-09-28,299,205,192,2,11,299,192,2,11,94,1,True,True,match,0,0,0,
20,PRC_B1N7Y0P9G2W0R1D4S3O6E0X9N8B1V8,2009689,2017-09-28,299,166,163,0,3,299,163,0,3,133,1,True,True,match,0,0,0,
20,PRC_P1H7X0I9C2Y0V1G4R3C5F1I4D9F9C6,2009688,2017-09-28,299,169,165,1,3,299,165,1,3,130,1,True,True,match,0,0,0,
20,PRC_E1T7M0X9K2N1K1A4P3R9A1P6R8N6K1,2009687,2017-09-28,299,205,201,1,3,299,201,1,3,94,1,True,True,match,0,0,0,
20,PRC_Z1J7W0T2J2K2A1P9C1Z4A1T5B5I9T9,2009686,2017-09-28,299,173,173,0,0,299,173,0,0,126,1,True,True,match,0,0,0,
20,PRC_D1R7D0G9G2U1L1O4Z3Z7E5A8W0O5H6,2009685,2017-09-28,299,202,197,1,4,299,197,1,4,97,1,True,True,match,0,0,0,
20,PRC_S1U7U0G9J2N0T1A4G3J4T0Z5H0D9O5,2009684,2017-09-28,299,170,167,1,2,299,167,1,2,129,1,True,True,match,0,0,0,
20,PRC_G1R7D0Z9B2E0T1X7B4C4V2I4C5Y3M6,2009683,2017-09-28,299,165,161,0,4,299,161,0,4,134,1,True,True,match,0,0,0,
20,PRC_T1K7C0G9F2O1C1N4K3Q4E3R0X6M6W0,2009682,2017-09-28,299,197,195,0,2,299,195,0,2,102,1,True,True,match,0,0,0,
20,PRC_J1B7H0L9U2U0M1L4G3N3V0X3B6F4G1,2009681,2017-09-28,299,164,160,0,4,299,160,0,4,135,1,True,True,match,0,0,0,
20,PRC_X1D7C0F9P2G1G1E4H3D3E0A6L7D0D0,2009680,2017-09-28,299,200,200,0,0,299,200,0,0,99,1,True,True,match,0,0,0,
20,PRC_S1S7F0W9H2D0G1F4S4X0A0R9K5D1D6,2009679,2017-09-28,299,168,165,0,3,299,165,0,3,131,1,True,True,match,0,0,0,
20,PRC_H1G7T0P9A2V0D1V3M4F7H0Q6T1T2S0,2009678,2017-09-28,299,173,166,1,6,299,166,1,6,126,1,True,True,match,0,0,0,
20,PRC_M1A7A0U9H2F0H1T4H3N8E1I4J1I8E5,2009677,2017-09-28,299,168,166,0,2,299,166,0,2,131,1,True,True,match,0,0,0,
20,PRC_F1B7D0X9U2J1H1Q4X3C2R0V6C8E3V8,2009676,2017-09-28,299,195,194,0,1,299,194,0,1,104,1,True,True,match,0,0,0,
20,PRC_A1D7U0M9S2M0M1I7W4H6I5B3I1N4E9,2009675,2017-09-28,299,165,163,1,1,299,163,1,1,134,1,True,True,match,0,0,0,
20,PRC_W1D7X0Z9Y2L1D1V4L2T9Q5X0Q2A2J4,2009674,2017-09-28,299,194,193,0,1,299,193,0,1,105,1,True,True,match,0,0,0,
20,PRC_H1L7Q0R9V2T0H1L7G5V6N3A1S1T1X4,2009673,2017-09-28,299,164,163,0,1,299,163,0,1,135,1,True,True,match,0,0,0,
20,PRC_H1K7Z0I9S2W1Z1D4B2L8Z3R3E8X2Q0,2009672,2017-09-28,299,206,205,0,1,299,205,0,1,93,1,True,True,match,0,0,0,
20,PRC_P1U7V0D9W2V0Z1I7H5T7C2T4W6F5C1,2009671,2017-09-28,299,164,163,0,1,299,163,0,1,135,1,True,True,match,0,0,0,
20,PRC_L1M7A0Q9X2G1W1T4Z2H7O2E1X6J4T2,2009670,2017-09-28,299,200,198,0,2,299,198,0,2,99,1,True,True,match,0,0,0,
20,PRC_U1C7A0K9G2S0I1B4K2A8B2Y7B3F7N0,2009669,2017-09-28,299,169,165,0,4,299,165,0,4,130,1,True,True,match,0,0,0,
20,PRC_O1T7F0A9J2H0X1G8K4G4T1W6M6N6Y0,2009668,2017-09-28,299,181,176,0,5,299,176,0,5,118,1,True,True,match,0,0,0,
20,PRC_Q1F7U0E9W2X0E1Q8U5M7L0B8N9W8S6,2009667,2017-09-28,299,175,170,0,5,299,170,0,5,124,1,True,True,match,0,0,0,
20,PRC_U1L7B0U9B1W3P1F3P5G6V0D1V5Y6B6,2009666,2017-09-28,299,186,183,0,3,299,183,0,3,113,1,True,True,match,0,0,0,
20,PRC_N1V7P0O9S1S3R1A3T5V2X5Y3J1G5O6,2009665,2017-09-28,299,183,176,0,7,299,176,0,7,116,1,True,True,match,0,0,0,
20,PRC_W1A7F0N9M2V0Z1M8D5U9F2B4S2J0F0,2009664,2017-09-28,299,178,173,0,5,299,173,0,5,121,1,True,True,match,0,0,0,
20,PRC_U1S7L0G9D2U0X1S8Y4F5M0H5O2W1W5,2009663,2017-09-28,299,183,175,1,7,299,175,1,7,116,1,True,True,match,0,0,0,
20,PRC_H1S7Q0U9B2P6P1J3W4V0G3Z6U4I8V4,2009662,2017-09-28,299,220,218,0,2,299,218,0,2,79,1,True,True,match,0,0,0,
20,PRC_O1V7M0J9S2I6F1Q3M4U6J0A9H4L3Q0,2009660,2017-09-28,299,222,218,0,4,299,218,0,4,77,1,True,True,match,0,0,0,
20,PRC_W1K7M0N9K2Y6M1R3Q4X8R4K0S6L4D4,2009659,2017-09-28,299,213,212,0,1,299,212,0,1,86,1,True,True,match,0,0,0,
20,PRC_H1B7G0H9F2H0B1I8M4K7F2E9J5R2K0,2009658,2017-09-28,299,169,168,0,1,299,168,0,1,130,1,True,True,match,0,0,0,
20,PRC_Q1F7N0N9M2J6D1V3D4O3Z3V4K4Z2Z9,2009657,2017-09-28,299,211,210,0,1,299,210,0,1,88,1,True,True,match,0,0,0,
20,PRC_Q1N7P0A9C2E0I1J8G5M2F2V3Y3Q1I2,2009656,2017-09-28,299,170,164,0,6,299,164,0,6,129,1,True,True,match,0,0,0,
20,PRC_U1D7I0U9B2B0O1K8O4H8H4N2S5H1I6,2009655,2017-09-28,299,181,178,0,3,299,178,0,3,118,1,True,True,match,0,0,0,
20,PRC_J1S7N0Q9R2T0C1P7K3Q5X5Q9B6Y6F0,2009653,2017-09-28,299,177,172,0,5,299,172,0,5,122,1,True,True,match,0,0,0,
20,PRC_K1L7L0S9L2T0G1A9B0X0B2I1S4S6E6,2009652,2017-09-28,299,186,181,1,4,299,181,1,4,113,1,True,True,match,0,0,0,
20,PRC_O1A7P0M6X1F6W1F2R3X5Q2Y2S3G4H9,2009651,2017-09-28,299,173,173,0,0,299,173,0,0,126,1,True,True,match,0,0,0,
20,PRC_F1Z7A0F9Y1Z9J1Z9N4N9N2H5Z0E3B3,2009650,2017-09-28,299,197,194,0,3,299,194,0,3,102,1,True,True,match,0,0,0,
20,PRC_F1Z7B0Z9I2M0Y1B7P1Q4H3T9R0Z1E2,2009649,2017-09-28,299,173,171,0,2,299,171,0,2,126,1,True,True,match,0,0,0,
20,PRC_I1G7P0P9V2F0Q1B9H0J3E3O3D4P4X5,2009648,2017-09-28,299,189,183,1,5,299,183,1,5,110,1,True,True,match,0,0,0,
20,PRC_H1L7O0T9T2L0T1I7C0B8J0A2Z8A0E2,2009647,2017-09-28,299,174,171,0,3,299,171,0,3,125,1,True,True,match,0,0,0,
20,PRC_L1L7V0Q9G2Z0P1Q7T0R6U4X3B1O5A5,2009646,2017-09-28,299,169,168,0,1,299,168,0,1,130,1,True,True,match,0,0,0,
20,PRC_L1Z7R0R9C2S0I1F7X3F3C2K7D0J7B4,2009645,2017-09-28,299,176,173,0,3,299,173,0,3,123,1,True,True,match,0,0,0,
20,PRC_E1Y7U0H9G2O0N1O7S3M4V3R3Q1L7P5,2009644,2017-09-28,299,175,171,0,4,299,171,0,4,124,1,True,True,match,0,0,0,
20,PRC_A1Q7O0U9I2J0O1N7B3J2T1D7H5D2O0,2009643,2017-09-28,299,174,173,0,1,299,173,0,1,125,1,True,True,match,0,0,0,
20,PRC_D1B6S1N1Z0A4J1O7Q4A8T1R7Q4Y7K3,2009642,2017-09-28,299,168,167,0,1,299,167,0,1,131,1,True,True,match,0,0,0,
20,PRC_T1A7R0O9C2E0B1W7Y0Q4H5B5K5Q7G3,2009641,2017-09-28,299,169,168,0,1,299,168,0,1,130,1,True,True,match,0,0,0,
20,PRC_U1J7C0N9B2Z0W1G9F0M6L2T4T0C9J3,2009640,2017-09-28,299,181,179,0,2,299,179,0,2,118,1,True,True,match,0,0,0,
20,PRC_L1A7M0K9O2L0C1D7M0B9F1E3S3B2X5,2009639,2017-09-28,299,170,168,0,2,299,168,0,2,129,1,True,True,match,0,0,0,
20,PRC_T1E7F0Q9N2B0P2Q0I0W7B1Z3T8V2U4,2009638,2017-09-28,299,177,170,0,7,299,170,0,7,122,1,True,True,match,0,0,0,
20,PRC_Z1U7H0K6R1P9E1X0V0E6H2C5C1S2X8,2009634,2017-09-28,299,176,174,0,2,299,174,0,2,123,1,True,True,match,0,0,0,
20,PRC_U1U7H0X6M1J6O1C2X3G6E2B4M1J6J5,2009588,2017-09-28,299,174,171,0,3,299,171,0,3,125,1,True,True,match,0,0,0,
20,PRC_X1W7B0I9A1O9O1Z5O3P5E3X7F3O0U5,2009477,2017-09-28,299,162,162,0,0,299,162,0,0,137,1,True,True,match,0,0,0,
20,PRC_A1U7R0G9Y0N1W1R6Z5X9N2Q5E0E3M4,2008987,2017-09-28,299,211,205,1,5,299,205,1,5,88,1,True,True,match,0,0,0,
20,PRC_W1U7O0Z7Y2W1J1Q5Y1K7B2S6Q0Y7N0,2008134,2017-09-28,299,181,180,0,1,299,180,0,1,118,1,True,True,match,0,0,0,
20,PRC_O1R7J0G7B1U9E1A8S0U6W0W9C6R7Q7,2008101,2017-09-28,299,206,202,0,4,299,202,0,4,93,1,True,True,match,0,0,0,
20,PRC_I1K7W0O6P3Z0L1M7P0B1P1X9V9L2R8,2007733,2017-09-28,299,168,165,0,3,299,165,0,3,131,1,True,True,match,0,0,0,
20,PRC_H1P7K0H6Y2Y9Y1U7C5D9D4E8J1M9B3,2007696,2017-09-28,299,170,168,0,2,299,168,0,2,129,1,True,True,match,0,0,0,
20,PRC_V1Y7I0Q6M2N9B1V5C1E4U2I1Q1T2I2,2007685,2017-09-28,299,167,146,10,11,299,146,10,11,132,1,True,True,match,0,0,0,
20,PRC_I1W7J0A6R2Y9Y1C4C4J1Q1F6M6F7U6,2007679,2017-09-28,299,180,170,0,10,299,170,0,10,119,1,True,True,match,0,0,0,
20,PRC_Z1O7P0X6F2O8U1P4Y2Q7C3U3T6G1I5,2007649,2017-09-28,299,169,164,0,5,299,164,0,5,130,1,True,True,match,0,0,0,
20,PRC_A1H7S0R6G2T6Y1J7L0I8E0C7E8K6I0,2007592,2017-09-28,299,196,192,0,4,299,192,0,4,103,1,True,True,match,0,0,0,
20,PRC_K1C7M0F6K2D2B1K5S0U2V4H3Q7T8V4,2007523,2017-09-28,299,213,213,0,0,299,213,0,0,86,1,True,True,match,0,0,0,
20,PRC_J1X7K0B6T1S3F1V1T2X0W1U7A2Y0I8,2007368,2017-09-28,299,173,173,0,0,299,173,0,0,126,1,True,True,match,0,0,0,
20,PRC_W1D7M0X6H0F9Q1Y4U2H1S5R2C5A2R8,2007298,2017-09-28,299,171,167,0,4,299,167,0,4,128,1,True,True,match,0,0,0,
20,PRC_V1F7J0P6G0Y1U1B0V3J4N5V5Z7V0F8,2007157,2017-09-28,299,179,178,0,1,299,178,0,1,120,1,True,True,match,0,0,0,
20,PRC_Y1K7A0I5L1W8K1M4K3I2S2V3B0E2U8,2006934,2017-09-28,299,216,214,1,1,299,214,1,1,83,1,True,True,match,0,0,0,
20,ARC_U1R7K0X5Q1I1M1T1N1Q7O2V1Z5T3Y8,2006857,2017-09-28,299,179,175,0,4,299,175,0,4,120,1,True,True,match,0,0,0,
20,PRC_L1R7R0H3S2R9R1N7N3E9P3O4H2T7K7,2006466,2017-09-28,299,220,218,0,2,299,218,0,2,79,1,True,True,match,0,0,0,
20,PRC_N1J7Q0K3J1B0M1S6A3C3O1X4R1T6M6,2006119,2017-09-28,299,179,176,0,3,299,176,0,3,120,1,True,True,match,0,0,0,
20,PRC_P1R7L0U3D0O6W1N9Z5D0X3L4I9S7W6,2006014,2017-09-28,299,169,167,0,2,299,167,0,2,130,1,True,True,match,0,0,0,
20,PRC_E1W7L0K3G0L3N1J7U1H6S5I8Q8D9G1,2005994,2017-09-28,299,189,189,0,0,299,189,0,0,110,1,True,True,match,0,0,0,
20,PRC_E1I7G0D2W2O8K1L7V2K4H1M7H3P7K3,2005855,2017-09-28,299,181,174,0,7,299,174,0,7,118,1,True,True,match,0,0,0,
20,PRC_E1J7V0T2H2Q3S1W7W2H1B1O5B2X3G9,2005763,2017-09-28,299,203,203,0,0,299,203,0,0,96,1,True,True,match,0,0,0,
20,PRC_A1Z7S0O2X2J2U1Y4A3J3V3I8R5K6K6,2005729,2017-09-28,299,220,212,0,8,299,212,0,8,79,1,True,True,match,0,0,0,
20,PRC_I1A7G0Z2B1V3U1K5N1M5F2P1N9U6W1,2005597,2017-09-28,299,179,176,1,2,299,176,1,2,120,1,True,True,match,0,0,0,
20,PRC_Q1V7S0K2A1C0Z1I6I0U7G2F0L9S6G2,2005565,2017-09-28,299,183,181,0,2,299,181,0,2,116,1,True,True,match,0,0,0,
20,PRC_Y1R7F0G2F1C0A1P5G0U0D2M1N4Q4L2,2005556,2017-09-28,299,183,182,0,1,299,182,0,1,116,1,True,True,match,0,0,0,
20,PRC_T1L7F0H2A0K9G1P7X4W4V3L4D4N2D5,2005534,2017-09-28,299,183,180,0,3,299,180,0,3,116,1,True,True,match,0,0,0,
20,PRC_X1V7S0O2P0U9Z1Y6T4K7C4I9U5R4X0,2005523,2017-09-28,299,188,186,0,2,299,186,0,2,111,1,True,True,match,0,0,0,
20,PRC_T1T7L0F2O0C9C1H6O4O4K1H0M3Q7O9,2005521,2017-09-28,299,188,179,1,8,299,179,1,8,111,1,True,True,match,0,0,0,
20,PRC_R1K7N0L2C0G9P1M6C4M2R5H5B5M6A3,2005518,2017-09-28,299,183,178,0,5,299,178,0,5,116,1,True,True,match,0,0,0,
20,PRC_L1A7S0H2L0A9T1H6S4C0G2H5G0F5B0,2005516,2017-09-28,299,217,213,0,4,299,213,0,4,82,1,True,True,match,0,0,0,
20,PRC_M1F7W0Y2B0O9J1K6I3Y9F2N0X2S5U6,2005515,2017-09-28,299,214,214,0,0,299,214,0,0,85,1,True,True,match,0,0,0,
20,PRC_T1Z7O0B2P0P8Q1L6A5M0V5O0T7O8T3,2005486,2017-09-28,299,183,182,0,1,299,182,0,1,116,1,True,True,match,0,0,0,
20,ARC_F1I7H0F2V0W3K1Y0T4F6N4X5D3Y5M6,2005409,2017-09-28,299,194,191,1,2,299,191,1,2,105,1,True,True,match,0,0,0,
20,PRC_W1H7D0O2S0U2X1J6U1M4U4C8Q0B7J6,2005399,2017-09-28,299,163,163,0,0,299,163,0,0,136,1,True,True,match,0,0,0,
20,PRC_H1C7W0L1J2G6K1G1D1N8N5W2K7K8V7,2005306,2017-09-28,299,189,181,0,8,299,181,0,8,110,1,True,True,match,0,0,0,
20,PRC_H1C7V0U1M2O6X1F0A2M9N4I6I9U2W9,2005303,2017-09-28,299,217,216,0,1,299,216,0,1,82,1,True,True,match,0,0,0,
20,PRC_W1T7A0C1Z2A5W1J7C4S2U4I5Q7M6L1,2005293,2017-09-28,299,180,177,0,3,299,177,0,3,119,1,True,True,match,0,0,0,
20,PRC_U1W7S0P1Q2T0C1C7K5D3I3M7D5O5F7,2005212,2017-09-28,299,175,170,0,5,299,170,0,5,124,1,True,True,match,0,0,0,
20,PRC_M1O7J0N1J1F3N1R8J3Y6N1R7D9I0O5,2005104,2017-09-28,299,180,175,0,5,299,175,0,5,119,1,True,True,match,0,0,0,
20,PRC_B1H7Q0T1C0X2S1O1B0X0A2N7B2W7O6,2004904,2017-09-28,299,178,173,0,5,299,173,0,5,121,1,True,True,match,0,0,0,
20,ARC_F1L6E1Z2Z2Q8F1D4E0I4C2C1L8A2J3,2004664,2017-09-28,299,180,179,0,1,299,179,0,1,119,1,True,True,match,0,0,0,
20,ARC_V1I6X1O2V2V1Y1S6S0V8H0M7Q6D5R0,2004533,2017-09-28,299,164,157,0,7,299,157,0,7,135,1,True,True,match,0,0,0,
20,ARC_Z1T6S1D2F2R1N1D6T0X7L5Z7T7E3S9,2004532,2017-09-28,299,171,161,0,10,299,161,0,10,128,1,True,True,match,0,0,0,
20,PRC_U1T6V1P2Z1H9A1S6P3V6G4O2A2S3T8,2004460,2017-09-28,299,184,179,0,5,299,179,0,5,115,1,True,True,match,0,0,0,
20,PRC_O1R6J1B2F1N6M1D5R1Y8P1V0C3M6D4,2004418,2017-09-28,299,178,172,0,6,299,172,0,6,121,1,True,True,match,0,0,0,
20,PRC_D1Z6V1N2U1N3V1C4D2A4X1C8V2S0U1,2004340,2017-09-28,299,220,214,1,5,299,214,1,5,79,1,True,True,match,0,0,0,
20,PRC_Y1Z6A1J2F1Q3H1W4D0W3P3H2G0S9X8,2004338,2017-09-28,299,220,215,0,5,299,215,0,5,79,1,True,True,match,0,0,0,
20,PRC_B1N6N1W2G0K9T1L6F2H9L1N0O7K8I4,2004281,2017-09-28,299,203,195,3,5,299,195,3,5,96,1,True,True,match,0,0,0,
20,ARC_T1U6K1H2N0F7S1C4X0N6I0J1U7L9H9,2004149,2017-09-28,299,177,177,0,0,299,177,0,0,122,1,True,True,match,0,0,0,
20,PRC_Z1Q6X1P1Z2N8L1Q7L4Y6Z4B5R7Y9Y6,2003914,2017-09-28,299,167,150,3,14,299,150,3,14,132,1,True,True,match,0,0,0,
20,PRC_Y1F6T1M1R2X8T1X4E5Y4E3E7G3N9W1,2003891,2017-09-28,299,191,180,2,9,299,180,2,9,108,1,True,True,match,0,0,0,
20,ARC_Q1W6D1I1L2H5C1C6J5A0W1Y3N3H0Y9,2003870,2017-09-28,299,206,191,4,11,299,191,4,11,93,1,True,True,match,0,0,0,
20,PRC_W1J6R1E1M2I3Z1Q6Q5N3C2X8Y5R9C7,2003805,2017-09-28,299,194,181,1,12,299,181,1,12,105,1,True,True,match,0,0,0,
20,PRC_A1O6E1N1F2U2I1U3Y1K3U1H1E3W0Q6,2003767,2017-09-28,299,216,215,0,1,299,215,0,1,83,1,True,True,match,0,0,0,
20,PRC_G1Z6M1F1S2L1I1O5J5H3S0E6U5Y0F8,2003750,2017-09-28,299,182,180,0,2,299,180,0,2,117,1,True,True,match,0,0,0,
20,PRC_R1O6D1O1H1R8Y1R7M5F5F1J4N0T0R5,2003732,2017-09-28,299,178,175,0,3,299,175,0,3,121,1,True,True,match,0,0,0,
20,ARC_A1U6R1M1G1N5Z1V8S1V8V4J2D4W0I7,2003603,2017-09-28,299,217,213,0,4,299,213,0,4,82,1,True,True,match,0,0,0,
20,PRC_V1I6J1D1O1Z5T1F6J5V5D0F2A7U4P1,2003587,2017-09-28,299,178,176,0,2,299,176,0,2,121,1,True,True,match,0,0,0,
20,PRC_M1B6Z1M0B3O1Y1U0M4E1O4T0W7L9S3,2003074,2017-09-28,299,195,186,2,7,299,186,2,7,104,1,True,True,match,0,0,0,
20,PRC_F1E6W1V0G2H7T1W7I4S9J4W5F5P9V6,2002970,2017-09-28,299,223,222,0,1,299,222,0,1,76,1,True,True,match,0,0,0,
20,ARC_V1O6L1A0T1E9T1E9X5Q7L3Q3V5U4H5,2002733,2017-09-28,299,181,176,0,5,299,176,0,5,118,1,True,True,match,0,0,0,
20,PRC_F1S6W1V0X1U9Z1Q7B2G8Q3W3O7C6A3,2002719,2017-09-28,299,177,175,0,2,299,175,0,2,122,1,True,True,match,0,0,0,
20,PRC_Y1B6W0O9I2X3P1X6H5R4V5J2X1R9X1,2002453,2017-09-28,299,192,188,0,4,299,188,0,4,107,1,True,True,match,0,0,0,
20,PRC_N1A6E0K9B0R8Q1M5E1Q5F0J7X9S7V0,2002222,2017-09-28,299,212,211,0,1,299,211,0,1,87,1,True,True,match,0,0,0,
20,PRC_M1H6C0O9E0O1Z1L0M2J4T5B4G5C8A0,2002000,2017-09-28,299,197,191,1,5,299,191,1,5,102,1,True,True,match,0,0,0,
20,ARC_H1P6P0I8R2X2B1Q7G3O4G2K2V5G0B9,2001737,2017-09-28,299,192,190,1,1,299,190,1,1,107,1,True,True,match,0,0,0,
20,PRC_D1R6Y0R8L1U7E1J4I2Z9Z4X7L6G7E8,2001619,2017-09-28,299,197,185,1,11,299,185,1,11,102,1,True,True,match,0,0,0,
20,PRC_M1R6E0S6H2P2J1D8A0B7J4U8Y6Y6W6,2000420,2017-09-28,299,196,193,0,3,299,193,0,3,103,1,True,True,match,0,0,0,
20,PRC_B1A6Z0K6X1M6O1O6N1D5S3P7Z8D6V6,2000291,2017-09-28,299,157,143,1,13,299,143,1,13,142,1,True,True,match,0,0,0,
20,PRC_V1H7U0A9E0J4Z1W0G3Y9G0F1E9T6I1,2009043,2017-09-04,299,170,163,0,7,299,163,0,7,129,1,True,True,match,0,0,0,
20,PRC_I1H7L0C7C1D7P1Q2F0I1I3C3X7I5A1,2008881,2017-08-31,299,279,277,1,1,299,277,1,1,20,1,True,True,match,0,0,0,
20,PRC_B1O7B0D3Y2S7O1D8B1B6H3V8I5J0A9,2008880,2017-08-31,299,277,234,15,28,299,234,15,28,22,1,True,True,match,0,0,0,
20,PRC_H1W7W0J7X1R7E1C1E5G8X1K5T0N2B6,2008879,2017-08-31,299,278,271,0,7,299,271,0,7,21,1,True,True,match,0,0,0,
20,PRC_A1Z7C0B7X1E7C1N1Y5R9F0T7Y1V1N9,2008877,2017-08-31,299,282,282,0,0,299,282,0,0,17,1,True,True,match,0,0,0,
20,PRC_Q1N7L0K7W1R7X1C2I0M0B0X6U5F5M7,2008876,2017-08-31,299,279,278,0,1,299,278,0,1,20,1,True,True,match,0,0,0,
20,PRC_Q1Q7V0A7P1Y7Q1X1A5Q7K0P6K9V2N6,2008875,2017-08-31,299,268,266,0,2,299,266,0,2,31,1,True,True,match,0,0,0,
20,PRC_C1A7R0R7W1P7F1V2J0R1G0D9Q9U5N9,2008873,2017-08-31,299,275,273,0,2,299,273,0,2,24,1,True,True,match,0,0,0,
20,PRC_W1F7U0A8I2S3F2B1D2E4E3Y7B8N7N3,2008870,2017-08-31,299,278,278,0,0,299,278,0,0,21,1,True,True,match,0,0,0,
20,PRC_Q1R7L0A8X2U3H1S1U2J3M0G7Z7A2F9,2008868,2017-08-31,299,274,274,0,0,299,274,0,0,25,1,True,True,match,0,0,0,
20,PRC_K1J7Q0P8A2R3G1L1F2I4B1U2A9F4M8,2008862,2017-08-31,299,271,269,0,2,299,269,0,2,28,1,True,True,match,0,0,0,
20,PRC_T1J7O0L8A2I2W1Z9D5O3Z1B5V4M0G0,2008666,2017-08-31,299,275,215,19,41,299,215,19,41,24,1,True,True,match,0,0,0,
20,PRC_D1W7L0X6Y0A1W1H4F4U7H5F0I8X0C7,2007172,2017-08-31,299,267,261,1,5,299,261,1,5,32,1,True,True,match,0,0,0,
20,ARC_I1Q7B0V2I1H5C1Y7R5E6N5F0W8L5R9,2005659,2017-08-31,299,265,262,0,3,299,262,0,3,34,1,True,True,match,0,0,0,
20,PRC_H1T7X0S2X0D9P1W6R2B9Y1F1U8G7V7,2005510,2017-08-31,299,283,282,0,1,299,282,0,1,16,1,True,True,match,0,0,0,
20,PRC_Q1O7W0M2V0R9Z1V3S4Z6Z1X8V5E8W4,2005500,2017-08-31,299,272,268,0,4,299,268,0,4,27,1,True,True,match,0,0,0,
20,PRC_L1X7D0W2V0E6Q0M9V5V2P3E1I1M2U2,2005432,2017-08-31,299,274,260,0,14,299,260,0,14,25,1,True,True,match,0,0,0,
20,PRC_P1V7J0O1U0R2C0S9W4L1X0R0L7Z9G9,2004899,2017-08-31,299,269,266,0,3,299,266,0,3,30,1,True,True,match,0,0,0,
20,PRC_T1Y6Z1D2T0P1U1F6Q1Y2Y4U1H3O0G6,2004040,2017-08-31,299,270,267,0,3,299,267,0,3,29,1,True,True,match,0,0,0,
20,PRC_Q1H6T1U1D1U1T1O7O4Y2E3W7Y3R2C5,2003506,2017-08-31,299,270,269,0,1,299,269,0,1,29,1,True,True,match,0,0,0,
20,PRC_K1P6Z0B8W2X9R1B9T5D7O3Z0D6C7H0,2001938,2017-08-31,299,274,269,1,4,299,269,1,4,25,1,True,True,match,0,0,0,
20,PRC_A1U6P0J8U2F9F1T9W5C3T1R5Z8G0E4,2001936,2017-08-31,299,261,257,1,3,299,257,1,3,38,1,True,True,match,0,0,0,
20,PRC_K1N6J0M8S2Y9Y1B9X5D1P2D3O5Y1E8,2001935,2017-08-31,299,270,268,0,2,299,268,0,2,29,1,True,True,match,0,0,0,
20,PRC_K1E6P0Z8A2P9V1L9D2S1K3F7K9C8N3,2001925,2017-08-31,299,273,267,1,5,299,267,1,5,26,1,True,True,match,0,0,0,
20,PRC_X1H6W0J8J2J9W1Z8J3U8D0V0B7K3X2,2001918,2017-08-31,299,277,275,1,1,299,275,1,1,22,1,True,True,match,0,0,0,
20,PRC_D1Z6K0M8R2M9S1G8U3T7D1O8U8Y8F9,2001917,2017-08-31,299,278,277,1,0,299,277,1,0,21,1,True,True,match,0,0,0,
20,PRC_Q1D6U0Y8O2A9E1T8H3A6G2K8Q3I4V2,2001915,2017-08-31,299,263,257,1,5,299,257,1,5,36,1,True,True,match,0,0,0,
20,PRC_Q1D6W0B8Z2Z9K1M8R3K5I4W1T6G5Q0,2001914,2017-08-31,299,279,271,2,6,299,271,2,6,20,1,True,True,match,0,0,0,
20,PRC_T1H6I0O8I2A9O1A8E3V3R4E5K4H7Z4,2001911,2017-08-31,299,270,266,1,3,299,266,1,3,29,1,True,True,match,0,0,0,
20,PRC_G1F6F0Y8V2M9D1U8R2X8R1W5P6B7I1,2001907,2017-08-31,299,274,270,1,3,299,270,1,3,25,1,True,True,match,0,0,0,
20,PRC_Y1N7E0Q6M0L7J1J0J0C8C3N2S8Q4K0,2007227,2017-07-22,299,166,141,13,12,299,141,13,12,133,1,True,True,match,0,0,0,
20,PRC_Q1V7J0O6P0W7U1Q0X0Q8W0R0T2R4N4,2007226,2017-07-22,299,167,137,19,11,299,137,19,11,132,1,True,True,match,0,0,0,
20,PRC_V1F7Z0F6X0V7K1B0D0G7H2D4J1X0I3,2007225,2017-07-22,299,168,142,17,9,299,142,17,9,131,1,True,True,match,0,0,0,
20,PRC_R1V7V0U6G0K7J1A0I0R6F3E7C5B8Q2,2007224,2017-07-22,299,167,137,20,10,299,137,20,10,132,1,True,True,match,0,0,0,
20,PRC_W1M7S0V6W0O7J1M0P0X6R0U0L5L6D5,2007223,2017-07-22,299,170,152,10,8,299,152,10,8,129,1,True,True,match,0,0,0,
20,PRC_H1Z7U0B6N0M7F1F0A0Z3D2Z3T6A5H3,2007222,2017-07-22,299,169,141,22,6,299,141,22,6,130,1,True,True,match,0,0,0,
20,PRC_T1H7G0M6G0N7I0G9D5B6W3O9R9G0H5,2007221,2017-07-22,299,169,140,18,11,299,140,18,11,130,1,True,True,match,0,0,0,
20,PRC_Q1Y7R0E6R0E7Y0M9X5E5F2K5K7K9B2,2007220,2017-07-22,299,167,134,19,14,299,134,19,14,132,1,True,True,match,0,0,0,
20,PRC_Q1H7M0V6P0R7D0Q9V5Y4K4Z7Q2K5D5,2007219,2017-07-22,299,169,137,20,12,299,137,20,12,130,1,True,True,match,0,0,0,
20,PRC_G1X7L0J6W0L7N0D9Q5X3M5W2P7D2X4,2007218,2017-07-22,299,169,138,20,11,299,138,20,11,130,1,True,True,match,0,0,0,
20,PRC_H1I7U0O6Y0P7C0I9Z5R0V1Y9V3J4C4,2007217,2017-07-22,299,179,140,31,8,299,140,31,8,120,1,True,True,match,0,0,0,
20,PRC_M1R7O0M7C1I7F1P7K2X1M0G1W1C4Y9,2008110,2017-07-20,299,221,182,5,34,299,182,5,34,78,1,True,True,match,0,0,0,
20,PRC_K1X7R0H7O2K0M0F9H2E6P0N3R7R2P3,2008109,2017-07-20,299,217,209,0,8,299,209,0,8,82,1,True,True,match,0,0,0,
20,PRC_B1R7U0K7A0Y5S1C6T3O9B1F3M9J6H9,2008052,2017-07-18,299,226,224,0,2,299,224,0,2,73,1,True,True,match,0,0,0,
20,PRC_S1D7X0I7R0Q5Z1Q6F3E7Z1Z2F5K4O1,2008051,2017-07-18,299,225,220,0,5,299,220,0,5,74,1,True,True,match,0,0,0,
20,PRC_S1E7J0V7X0S5D1V6V2I6Q2T6Z4D8A5,2008050,2017-07-18,299,213,199,2,12,299,199,2,12,86,1,True,True,match,0,0,0,
20,PRC_V1L7K0Z7S0W5W1I6Y3H2X0N7O7M4S6,2008049,2017-07-18,299,223,204,2,17,299,204,2,17,76,1,True,True,match,0,0,0,
20,PRC_J1M7W0J7K0G5T1J6Z3B5Q2A4J4A4V8,2008048,2017-07-18,299,214,206,0,8,299,206,0,8,85,1,True,True,match,0,0,0,
20,PRC_T1U7L0O7N0I5R1U6S4B0W4K7C4E5K6,2008047,2017-07-18,299,229,227,0,2,299,227,0,2,70,1,True,True,match,0,0,0,
20,PRC_X1Z7Y0K7A0G5Z1V6Z3N6Y2W0N5P3K5,2008046,2017-07-18,299,227,218,2,7,299,218,2,7,72,1,True,True,match,0,0,0,
20,PRC_I1E7O0W7A0Q5R1Z6N2Q7E3N2N8T6L2,2008045,2017-07-18,299,224,223,0,1,299,223,0,1,75,1,True,True,match,0,0,0,
20,PRC_Q1T7Q0L7R0M5P1D6Y3X3X1M0M1B8K5,2008044,2017-07-18,299,225,211,2,12,299,211,2,12,74,1,True,True,match,0,0,0,
20,PRC_O1C7G0O7H0Q5I1F6V3M4F1P5H5O1J1,2008043,2017-07-18,299,216,205,3,8,299,205,3,8,83,1,True,True,match,0,0,0,
20,PRC_A1U7E0D7G0U5T0N9I5Z1G3E3J0B6U4,2007794,2017-07-18,299,218,217,0,1,299,217,0,1,81,1,True,True,match,0,0,0,
20,PRC_M1U7E0N4F0F4T1K4R4F1W4J3M5P3O7,2006580,2017-07-18,299,215,207,1,7,299,207,1,7,84,1,True,True,match,0,0,0,
20,PRC_D1N7A0D4C0Q4D1R4Q1J0T2J3K2W4O6,2006579,2017-07-18,299,221,215,0,6,299,215,0,6,78,1,True,True,match,0,0,0,
20,PRC_R1N7Z0X4X0J3Z1H8Q1Y6Q5V4Q0N8W9,2006575,2017-07-18,299,215,205,0,10,299,205,0,10,84,1,True,True,match,0,0,0,
20,PRC_A1T7I0P3K3T1J1U5A0D0R5N6E8Z8R1,2006527,2017-07-18,299,219,205,1,13,299,205,1,13,80,1,True,True,match,0,0,0,
20,PRC_Z1J7A0O3Y2D9M1H6P3V6G2Z1E5T1K5,2006452,2017-07-18,299,219,217,0,2,299,217,0,2,80,1,True,True,match,0,0,0,
20,PRC_T1B7I0N3D1Q0T1F5V2Q0V4B4H0Q8Q9,2006111,2017-07-18,299,220,215,0,5,299,215,0,5,79,1,True,True,match,0,0,0,
20,PRC_E1F7K0W3C0L9T1S7Y2V3F2T6T9T1N4,2006095,2017-07-18,299,223,217,0,6,299,217,0,6,76,1,True,True,match,0,0,0,
20,PRC_K1U7M0B3I0Z9U1H0A4B4B1E4V8U6U7,2006068,2017-07-18,299,228,228,0,0,299,228,0,0,71,1,True,True,match,0,0,0,
20,PRC_K1R7A0L3Y0D2B1C4L5Z8U5V1R4C5M5,2005935,2017-07-18,299,227,212,1,14,299,212,1,14,72,1,True,True,match,0,0,0,
20,PRC_Q1V7O0N2E2F3B1P7V5K0C4G2Y8Q6L2,2005765,2017-07-18,299,221,216,0,5,299,216,0,5,78,1,True,True,match,0,0,0,
20,PRC_H1R7O0X2W2B1D1A0M3D6I1G5B1M1U0,2005709,2017-07-18,299,227,222,0,5,299,222,0,5,72,1,True,True,match,0,0,0,
20,PRC_A1R7K0I2A0D9B1U7A4R5P3L9K9P2G3,2005536,2017-07-18,299,221,217,0,4,299,217,0,4,78,1,True,True,match,0,0,0,
20,PRC_Y1U7O0N2A0N9J1N6D5V6I5K4X4K8L9,2005528,2017-07-18,299,228,224,0,4,299,224,0,4,71,1,True,True,match,0,0,0,
20,PRC_F1H7N0J2Z0L9S1S6I3N6V4I9W6Q9Z1,2005514,2017-07-18,299,225,224,0,1,299,224,0,1,74,1,True,True,match,0,0,0,
20,PRC_S1Y7V0L2G0V1B1T7Z1L3Y3N0X9P3Z8,2005373,2017-07-18,299,227,221,0,6,299,221,0,6,72,1,True,True,match,0,0,0,
20,PRC_X1I7U0W1Z1N2I1B6H0Z7L5A2T6T9A6,2005072,2017-07-18,299,227,217,1,9,299,217,1,9,72,1,True,True,match,0,0,0,
20,PRC_J1F7E0K1H0Z4R1C7T2T5G5I7J9F9B4,2004969,2017-07-18,299,222,220,0,2,299,220,0,2,77,1,True,True,match,0,0,0,
20,PRC_D1I7V0Q1V0Z3E1D8B1G6K1N8D7K0S7,2004957,2017-07-18,299,219,216,0,3,299,216,0,3,80,1,True,True,match,0,0,0,
20,PRC_Y1D6P1L2I3H0Q1X7E3U0N0I0D9O5C5,2004867,2017-07-18,299,226,217,0,9,299,217,0,9,73,1,True,True,match,0,0,0,
20,PRC_B1T6O1N2R1R9E1P5V5F6F4Y6A1X0Q8,2004456,2017-07-18,299,218,214,0,4,299,214,0,4,81,1,True,True,match,0,0,0,
20,PRC_B1K6S1X2O0C9M1M6B3C9P5Q0O6H0R9,2004282,2017-07-18,299,212,211,0,1,299,211,0,1,87,1,True,True,match,0,0,0,
20,PRC_N1V6Y1D2A0T2F1H4C4J5K5M7L7Q4Y1,2004071,2017-07-18,299,214,214,0,0,299,214,0,0,85,1,True,True,match,0,0,0,
20,PRC_F1K6R1E0J2H8R1P5E4B1H1Z1Q7Z4Z4,2003000,2017-07-18,299,221,217,0,4,299,217,0,4,78,1,True,True,match,0,0,0,
20,PRC_G1J7O0Q6O2B7A0X7I3P1K1F0P7C2L8,2007604,2017-06-27,299,254,250,0,4,299,250,0,4,45,1,True,True,match,0,0,0,
20,PRC_R1L7G0E6P2D7Y0B7P2D6S1I1W7R4K0,2007603,2017-06-27,299,252,251,1,0,299,251,1,0,47,1,True,True,match,0,0,0,
20,PRC_N1W7K0T6P2X7D0S7O3V4E2V0W6B3G6,2007602,2017-06-27,299,227,225,0,2,299,225,0,2,72,1,True,True,match,0,0,0,
20,PRC_E1J7V0E6F1T4L0R8S5V0Q0W8Q5I0J4,2007512,2017-06-22,299,255,232,7,16,299,232,7,16,44,1,True,True,match,0,0,0,
20,PRC_K1D7Y0M6I2S2W1L1M0M2H3Z4S2W2E8,2007508,2017-06-22,299,251,249,0,2,299,249,0,2,48,1,True,True,match,0,0,0,
20,PRC_J1I7D0I3P3Z0G1Q4A4U3H2V1D7A3R4,2006509,2017-03-30,299,189,188,0,1,299,188,0,1,110,1,True,True,match,0,0,0,
20,PRC_L1M7S0I2T2Q4T1N0A1F3T4N1X2I0B5,2006505,2017-03-30,299,204,194,2,8,299,194,2,8,95,1,True,True,match,0,0,0,
20,PRC_H1Z7W0W2V2N4Z1Y0P1L9N5A1I2B9B8,2006500,2017-03-30,299,198,195,0,3,299,195,0,3,101,1,True,True,match,0,0,0,
20,PRC_T1O7J0Q2H2J4F1M6W5E6R0V4G7O7J7,2006498,2017-03-30,299,183,183,0,0,299,183,0,0,116,1,True,True,match,0,0,0,
20,PRC_C1Y7W0R3Z2Z4G1O4J3K7N5S0G8L9D1,2006497,2017-03-30,299,187,183,0,4,299,183,0,4,112,1,True,True,match,0,0,0,
20,PRC_H1Q7Y0F2U2U4D1Q0T1T7S2Q0R7H1V1,2006495,2017-03-30,299,189,186,0,3,299,186,0,3,110,1,True,True,match,0,0,0,
20,PRC_I1S7M0M2E2H4D1N0U1I6F2Y4V5F5U7,2006494,2017-03-30,299,200,199,0,1,299,199,0,1,99,1,True,True,match,0,0,0,
20,PRC_G1G7Y0U2L2H4C1O0T1F5D1H8G4U5T7,2006493,2017-03-30,299,199,188,3,8,299,188,3,8,100,1,True,True,match,0,0,0,
20,PRC_O1E7V0J2O2B4Y1S0P1R0N4D0H9C7H6,2006492,2017-03-30,299,194,187,0,7,299,187,0,7,105,1,True,True,match,0,0,0,
20,PRC_K1V7S0F2Z2L4L1Z6K5J4H3Z1S8P7W1,2006491,2017-03-30,299,202,202,0,0,299,202,0,0,97,1,True,True,match,0,0,0,
20,PRC_Q1A7L0E2U2E4T1K6G5T5U2M5H9W7B1,2006490,2017-03-30,299,191,186,0,5,299,186,0,5,108,1,True,True,match,0,0,0,
20,PRC_A1O7O0M3C2P2Q1F0E1V2N4F4U6S8K9,2006486,2017-03-30,299,211,194,2,15,299,194,2,15,88,1,True,True,match,0,0,0,
20,PRC_J1C7S0I3V2I2B1Z0S1K1D4C2X1R9J7,2006485,2017-03-30,299,207,185,9,13,299,185,9,13,92,1,True,True,match,0,0,0,
20,PRC_U1Y7I0V3C2T2Z1T0K1N0E5V1Y3I4O5,2006484,2017-03-30,299,205,202,0,3,299,202,0,3,94,1,True,True,match,0,0,0,
20,PRC_W1Z7Q0H3O2Z2Q1O5X4P7I3I8C6P0O9,2006483,2017-03-30,299,192,190,0,2,299,190,0,2,107,1,True,True,match,0,0,0,
20,PRC_R1D7S0F3W2E3T1O3E1U0R4W1U3S8R9,2006482,2017-03-30,299,181,178,0,3,299,178,0,3,118,1,True,True,match,0,0,0,
20,PRC_D1T7P0S3O2W2N1N7I0B3D1Q5Y0L3B4,2006481,2017-03-30,299,199,197,0,2,299,197,0,2,100,1,True,True,match,0,0,0,
20,PRC_K1L7O0D3T2Q3C1K3K0R7B3A4P4N4Z3,2006480,2017-03-30,299,192,181,4,7,299,181,4,7,107,1,True,True,match,0,0,0,
20,PRC_G1D7O0F3X2L3A1P3S0D9R5N2K4K3B2,2006479,2017-03-30,299,181,171,2,8,299,171,2,8,118,1,True,True,match,0,0,0,
20,PRC_M1X7V0V2O2R2U1K6D5U6P5G4M0V3M6,2006478,2017-03-30,299,180,174,0,6,299,174,0,6,119,1,True,True,match,0,0,0,
20,PRC_A1H7D0C3G2G4L1S0D1K2I1A0M3N9K4,2006477,2017-03-30,299,216,215,0,1,299,215,0,1,83,1,True,True,match,0,0,0,
20,PRC_E1P7T0U3O2V2C1D7B0C3C5F4W5D8F7,2006475,2017-03-30,299,196,196,0,0,299,196,0,0,103,1,True,True,match,0,0,0,
20,PRC_L1X7E0V3V2N2K1O5P1M6Y3R4S6K8V6,2006474,2017-03-30,299,194,192,0,2,299,192,0,2,105,1,True,True,match,0,0,0,
20,PRC_W1Q7D0B3Z2I4N1P2A1X4Y3B8N1X1R5,2006473,2017-03-30,299,212,212,0,0,299,212,0,0,87,1,True,True,match,0,0,0,
20,PRC_I1F7W0Z3D2N2U1K5J1W4O4J5J2Z3C6,2006472,2017-03-30,299,208,205,0,3,299,205,0,3,91,1,True,True,match,0,0,0,
20,PRC_W1O7D0V3Q2N2G1M5T0F6C3P0K1E2B1,2006471,2017-03-30,299,201,198,0,3,299,198,0,3,98,1,True,True,match,0,0,0,
20,PRC_P1H7S0U3I2I2U1H5T1Y5X4O3C7E6P1,2006470,2017-03-30,299,211,211,0,0,299,211,0,0,88,1,True,True,match,0,0,0,
20,PRC_I1V7H0V3C2P4D1K2O1U5L3Q4M5M4D0,2006463,2017-03-30,299,221,217,0,4,299,217,0,4,78,1,True,True,match,0,0,0,
20,PRC_W1Q7D0P3V2I2F0Z9J3K0H1A6A4X7T8,2006462,2017-03-30,299,200,200,0,0,299,200,0,0,99,1,True,True,match,0,0,0,
20,PRC_H1S7R0I2B2V8S1H3Q5S2Z1Z0K7Z0H5,2006451,2017-03-30,299,185,183,0,2,299,183,0,2,114,1,True,True,match,0,0,0,
20,PRC_T1E7X0J2V2E8C1H5D2B8H2F9O8N4U2,2006450,2017-03-30,299,191,177,7,7,299,177,7,7,108,1,True,True,match,0,0,0,
20,PRC_C1J7J0H3N0A2K1V5D0P0S5B3T3Q5I8,2006449,2017-03-30,299,187,184,0,3,299,184,0,3,112,1,True,True,match,0,0,0,
20,PRC_E1X7J0G3J1C7H1A6H3V8T0G2E8F1H0,2006257,2017-03-30,299,200,190,0,10,299,190,0,10,99,1,True,True,match,0,0,0,
20,PRC_T1Y7R0X3M0I3L1C7K5O6Y2L0F4W0I2,2005999,2017-03-30,299,199,196,0,3,299,196,0,3,100,1,True,True,match,0,0,0,
20,ARC_D1M6V1U2V2P9G1I8L0L5S3D9I3T9N1,2004793,2017-03-30,299,204,200,0,4,299,200,0,4,95,1,True,True,match,0,0,0,
20,ARC_I1B6B1D2A2S9Z1X6N5U3W5M6M8E8J1,2004770,2017-03-30,299,188,173,5,10,299,173,5,10,111,1,True,True,match,0,0,0,
20,ARC_I1S6S1P2M2N9I1V6Y0L8C4X5W2Y9X2,2004755,2017-03-30,299,202,201,0,1,299,201,0,1,97,1,True,True,match,0,0,0,
20,PRC_T1G6Y1S2N2P9T1V4I3T9W4E3O8B2A4,2004731,2017-03-30,299,205,205,0,0,299,205,0,0,94,1,True,True,match,0,0,0,
20,PRC_O1K6G1E2Q2G8V1V6Y5E5A0U3C4E8G9,2004690,2017-03-30,299,182,170,2,10,299,170,2,10,117,1,True,True,match,0,0,0,
20,PRC_P1T6B1N2A2Y2U1O7L3B8P5G9C0P2W7,2004573,2017-03-30,299,183,174,0,9,299,174,0,9,116,1,True,True,match,0,0,0,
20,PRC_K1M6N1Y2Y1L3M1T6J5I5K2P7Q9Z6T6,2004354,2017-03-30,299,202,202,0,0,299,202,0,0,97,1,True,True,match,0,0,0,
20,PRC_V1V6L1O2Q1J2H1A8I4X0A0I3D2G9G8,2004326,2017-03-30,299,184,180,0,4,299,180,0,4,115,1,True,True,match,0,0,0,
20,PRC_D1Z6Z1L2S0Y8S1H5Z3N4H2F3V6U3N0,2004227,2017-03-30,299,191,181,0,10,299,181,0,10,108,1,True,True,match,0,0,0,
20,PRC_U1Q6J1Y2T0Q7Y1Q8D2T2Z1C4S9P7K5,2004181,2017-03-30,299,196,183,3,10,299,183,3,10,103,1,True,True,match,0,0,0,
20,ARC_M1M6S1K2Q0K5H1O6S0S1G0F3K9C0W3,2004103,2017-03-30,299,192,181,3,8,299,181,3,8,107,1,True,True,match,0,0,0,
20,ARC_B1A6A1X1T3D0I2E0G1A2X1X8O1R4D4,2004026,2017-03-30,299,196,194,0,2,299,194,0,2,103,1,True,True,match,0,0,0,
20,ARC_Q1P6W1G1Q3I0T2S0L1I2Y2Q8Z1U3Z7,2004025,2017-03-30,299,192,185,0,7,299,185,0,7,107,1,True,True,match,0,0,0,
20,ARC_H1N6F1O1Y3H0T1Q8C5W3B3B1O6I6U2,2004021,2017-03-30,299,200,197,0,3,299,197,0,3,99,1,True,True,match,0,0,0,
20,ARC_W1G6O1M1V3E0U1Y8E5L3D5J3N5U0S3,2004017,2017-03-30,299,193,193,0,0,299,193,0,0,106,1,True,True,match,0,0,0,
20,ARC_Y1H6B1F1K3D0X1T8W3F1V3F7A1D6I8,2004008,2017-03-30,299,195,192,0,3,299,192,0,3,104,1,True,True,match,0,0,0,
20,ARC_Q1B6B1C1R3E0J1E7X1Y3S3G8O6L2L8,2003992,2017-03-30,299,196,192,0,4,299,192,0,4,103,1,True,True,match,0,0,0,
20,ARC_M1R6C1Z1R3H0Y1V7B0J1J5C1J0R4S7,2003990,2017-03-30,299,190,188,0,2,299,188,0,2,109,1,True,True,match,0,0,0,
20,PRC_Y1E6E1M1U3Q0A1O5S4B2F5L4R3E9C5,2003971,2017-03-30,299,202,198,0,4,299,198,0,4,97,1,True,True,match,0,0,0,
20,PRC_B1R6Y1T1Z2O8C1Q7U3Y6C3S7L0A2T9,2003910,2017-03-30,299,188,185,0,3,299,185,0,3,111,1,True,True,match,0,0,0,
20,PRC_I1G6N1P1R2C5M1C6J1C4D1W9Z6I1Z5,2003866,2017-03-30,299,202,199,0,3,299,199,0,3,97,1,True,True,match,0,0,0,
20,PRC_T1A6R1V1G2F3A1W6E2B0I3I5N0S9W4,2003799,2017-03-30,299,188,188,0,0,299,188,0,0,111,1,True,True,match,0,0,0,
20,PRC_K1S6D1G1T2L1X1O6N5O4J2L5Q8T3J7,2003752,2017-03-30,299,206,206,0,0,299,206,0,0,93,1,True,True,match,0,0,0,
20,PRC_W1D6M1E1A1O1X1T7S3D8C0V8B5G6U4,2003503,2017-03-30,299,186,168,6,12,299,168,6,12,113,1,True,True,match,0,0,0,
20,PRC_R1W6I1K1V1B1D1C1R5X5Z1E1O4T1S7,2003486,2017-03-30,299,196,195,0,1,299,195,0,1,103,1,True,True,match,0,0,0,
20,PRC_I1J6R1G1N1E1Z1U0F4V0R1Y5O8V1I7,2003482,2017-03-30,299,193,193,0,0,299,193,0,0,106,1,True,True,match,0,0,0,
20,PRC_H1B6C1E1D1E0I1Q7F2K8G1F6X2U0N1,2003467,2017-03-30,299,197,194,1,2,299,194,1,2,102,1,True,True,match,0,0,0,
20,PRC_H1W6M1K1T0K4S1L3U4Y6S0E0H7H4V8,2003285,2017-03-30,299,187,163,7,17,299,163,7,17,112,1,True,True,match,0,0,0,
20,PRC_T1T6P1M1G0L3E1L7Z4C7Q4D5D2Z6K6,2003266,2017-03-30,299,178,176,0,2,299,176,0,2,121,1,True,True,match,0,0,0,
20,ARC_R1Z6C1B0B3H1T1G6M5P8J4T4R5H7D3,2003113,2017-03-30,299,191,190,0,1,299,190,0,1,108,1,True,True,match,0,0,0,
20,PRC_L1D6C1O0Y2A8G1N8V1Q0F1N2L8S0P7,2003031,2017-03-30,299,211,208,0,3,299,208,0,3,88,1,True,True,match,0,0,0,
20,PRC_H1G6U1N0F2N8M1J8J0I0C0F8W8Z1Y6,2003027,2017-03-30,299,215,213,0,2,299,213,0,2,84,1,True,True,match,0,0,0,
20,PRC_F1A6R1T0S2K8Q1U5G1G7A5K1Z2R3L0,2002992,2017-03-30,299,190,180,3,7,299,180,3,7,109,1,True,True,match,0,0,0,
20,PRC_A1Q6V1Y0F2S6W2P0A3T6D2S6Y4S0F3,2002938,2017-03-30,299,182,180,0,2,299,180,0,2,117,1,True,True,match,0,0,0,
20,PRC_Y1M6X1C0R0L4H1S3Z1E6K1A1Z0W0T1,2002567,2017-03-30,299,219,218,0,1,299,218,0,1,80,1,True,True,match,0,0,0,
20,ARC_B1L6M0O9M3S0M1D7F3K7X2Z9Z7C6T5,2002560,2017-03-30,299,212,206,0,6,299,206,0,6,87,1,True,True,match,0,0,0,
20,PRC_Z1P6C0H9G2W3Y1B4I5M0Z3K3H4X9A8,2002438,2017-03-30,299,189,185,0,4,299,185,0,4,110,1,True,True,match,0,0,0,
20,PRC_X1M6A0C8Y2S9K1I9G2R1H5Y3G0O6T9,2001926,2017-03-30,299,209,203,0,6,299,203,0,6,90,1,True,True,match,0,0,0,
20,PRC_J1D6Q0V8Z2U9X1S7D5X9L3N4H8E6W3,2001900,2017-03-30,299,217,214,0,3,299,214,0,3,82,1,True,True,match,0,0,0,
20,PRC_N1C6T0E8O2E9H1C7W5C1B0G1V4R1V1,2001896,2017-03-30,299,217,217,0,0,299,217,0,0,82,1,True,True,match,0,0,0,
20,ARC_Y1I6U0J8I2A6R1W7L5F1C1K6A8C0J0,2001864,2017-03-30,299,189,185,0,4,299,185,0,4,110,1,True,True,match,0,0,0,
20,PRC_E1B6W0K7F1U1H0I9O2G9T0C7J1N8T3,2000786,2017-03-30,299,200,195,0,5,299,195,0,5,99,1,True,True,match,0,0,0,
20,ARC_P1Z6M0W6J3C0X1Y8M0X5F3O6R9P5H9,2000619,2017-03-30,299,187,186,0,1,299,186,0,1,112,1,True,True,match,0,0,0,
20,ARC_V1F6Q0T6I2S4J1M7I3J8Y5B0J5M9M6,2000480,2017-03-30,299,198,195,0,3,299,195,0,3,101,1,True,True,match,0,0,0,
20,PRC_R1Q6D0A5Z3B0W1E7V5Z2D0X7V6A4Y3,2000048,2017-03-30,299,198,180,3,15,299,180,3,15,101,1,True,True,match,0,0,0,
20,PRC_P1X6M0K5E3U0T1M0N4S9L0E9R2Q5T1,2000020,2017-03-30,299,200,180,2,18,299,180,2,18,99,1,True,True,match,0,0,0,
20,PRC_S1E7V0A2S2B8B1O0F2G1Y3T5E2S6N1,2005864,2017-03-28,299,198,181,3,14,299,181,3,14,101,1,True,True,match,0,0,0,
20,PRC_K1K6B0N9U2X2Q1D8K1Q8J5T7O7G6E4,2002420,2017-03-28,299,199,175,0,24,299,175,0,24,100,1,True,True,match,0,0,0,
20,PRC_B1J6V0X9F0Z5G1C5N3U5R2H3U2J2R1,2000021,2017-03-28,299,195,186,2,7,299,186,2,7,104,1,True,True,match,0,0,0,
20,PRC_X1V7W0A1O1I9O1A6K3G2Z5D6R0T8A0,2005932,2017-03-02,299,170,165,2,3,299,165,2,3,129,1,True,True,match,0,0,0,
20,PRC_P1S7K0L2D2R2V1C7Z3I7T4F1Y6M3H2,2005929,2017-03-02,299,182,182,0,0,299,182,0,0,117,1,True,True,match,0,0,0,
20,PRC_O1P7F0S2Z2E2V2P0K2X0G4I2F6L0M4,2005928,2017-03-02,299,204,169,6,29,299,169,6,29,95,1,True,True,match,0,0,0,
20,PRC_B1D7L0Y2J2G3G1X3X1M3L5F0D1H2C2,2005926,2017-03-02,299,186,184,0,2,299,184,0,2,113,1,True,True,match,0,0,0,
20,PRC_K1K7Q0O2I2J2M1H7C4A1B0Z6N2T9I8,2005925,2017-03-02,299,179,171,0,8,299,171,0,8,120,1,True,True,match,0,0,0,
20,PRC_C1L7G0E2T2B2M1D9G1N7K1T6C2B9D3,2005924,2017-03-02,299,203,199,0,4,299,199,0,4,96,1,True,True,match,0,0,0,
20,PRC_Q1C6X1X2Q2W1E2C0S0L3J1W8H7F3O5,2005923,2017-03-02,299,208,207,0,1,299,207,0,1,91,1,True,True,match,0,0,0,
20,PRC_J1V7P0U2T2Q2R1Q8G3Q6Y1U0H7Y8R3,2005919,2017-03-02,299,207,180,12,15,299,180,12,15,92,1,True,True,match,0,0,0,
20,PRC_B1Q7Z0Z2H2J2Q0S9N5C6F2F3P3S8F3,2005917,2017-03-02,299,252,239,4,9,299,239,4,9,47,1,True,True,match,0,0,0,
20,PRC_Y1I7R0H2K2G0P1N8M5T7C1I0Z1V5Q5,2005916,2017-03-02,299,252,248,0,4,299,248,0,4,47,1,True,True,match,0,0,0,
20,PRC_K1U7H0C2A2V0X1J8Y5Z8B5T4R9X9L5,2005915,2017-03-02,299,249,246,0,3,299,246,0,3,50,1,True,True,match,0,0,0,
20,PRC_Z1U7E0R2J2F0F1R8U3I7W3Q7P2W6Q4,2005914,2017-03-02,299,228,223,0,5,299,223,0,5,71,1,True,True,match,0,0,0,
20,PRC_O1T7O0Q2A2U0K1T9H0J6J0V4V1U5Y0,2005913,2017-03-02,299,226,212,3,11,299,212,3,11,73,1,True,True,match,0,0,0,
20,PRC_P1Q7Q0A2S2Y0V1A9K0J5A0J1E3T4M1,2005912,2017-03-02,299,250,248,0,2,299,248,0,2,49,1,True,True,match,0,0,0,
20,PRC_X1V7V0X2Y2U0P1L9V0E0R1Y0P9Y0Z5,2005911,2017-03-02,299,242,237,0,5,299,237,0,5,57,1,True,True,match,0,0,0,
20,PRC_B1B7C0H2R2E0J1K9K0R3O3I6Z3A6O7,2005910,2017-03-02,299,251,249,0,2,299,249,0,2,48,1,True,True,match,0,0,0,
20,PRC_B1T7M0K2X2P0Z1X8K3J2G2J2Y0T4K5,2005909,2017-03-02,299,246,230,4,12,299,230,4,12,53,1,True,True,match,0,0,0,
20,PRC_E1Z7Y0L2I2L0E2C0L5A0V1P8Q2G7Q9,2005908,2017-03-02,299,234,231,0,3,299,231,0,3,65,1,True,True,match,0,0,0,
20,PRC_P1Z7Z0L2U2Y1P1V3U3R7O0O7G3P4I6,2005907,2017-03-02,299,168,167,0,1,299,167,0,1,131,1,True,True,match,0,0,0,
20,PRC_U1C7X0K2D2X1L1S3X2K1B5N0K8O3I0,2005906,2017-03-02,299,175,168,0,7,299,168,0,7,124,1,True,True,match,0,0,0,
20,PRC_R1E7Y0J2S2A1N1G6U1A9U2W0T0V7X4,2005905,2017-03-02,299,178,176,0,2,299,176,0,2,121,1,True,True,match,0,0,0,
20,PRC_R1N7I0U2E2T1D0D9B1P7E4D3Q0N9B2,2005904,2017-03-02,299,172,165,1,6,299,165,1,6,127,1,True,True,match,0,0,0,
20,PRC_O1Y7Z0G2G2S1U1C6H2S1X0U5X6T9X8,2005903,2017-03-02,299,178,177,0,1,299,177,0,1,121,1,True,True,match,0,0,0,
20,PRC_U1V7W0S2K2E1L1E6P2R0A1R8O2W7Z5,2005902,2017-03-02,299,176,174,0,2,299,174,0,2,123,1,True,True,match,0,0,0,
20,PRC_Y1B7R0S2N2V1W1V0O2B6M3W1H5K3Y0,2005901,2017-03-02,299,182,182,0,0,299,182,0,0,117,1,True,True,match,0,0,0,
20,PRC_Y1O7V0L2L2V2K1F9X5D9J1R3N8N5E6,2005900,2017-03-02,299,180,177,0,3,299,177,0,3,119,1,True,True,match,0,0,0,
20,PRC_A1S7H0B2G2I1V2L0M2V4I4G7M2H8L3,2005899,2017-03-02,299,173,173,0,0,299,173,0,0,126,1,True,True,match,0,0,0,
20,PRC_H1T7K0S2J2X2K0Q9D5T2C3F0O5S3K6,2005898,2017-03-02,299,228,216,1,11,299,216,1,11,71,1,True,True,match,0,0,0,
20,PRC_H1K7T0T2Y2Z1S2F0U2R5Z5P3R8Z2I7,2005897,2017-03-02,299,175,172,0,3,299,172,0,3,124,1,True,True,match,0,0,0,
20,PRC_L1Z7H0Q1C1U0X1Y8P3X3D5L8Z2W2J6,2005896,2017-03-02,299,224,222,0,2,299,222,0,2,75,1,True,True,match,0,0,0,
20,PRC_O1J7O0F2C2A1R1N3H3R8Q0G6D6Y3I9,2005895,2017-03-02,299,174,173,0,1,299,173,0,1,125,1,True,True,match,0,0,0,
20,PRC_F1I7T0S2I2A2F1H8I1J7I4T6O8Y2Y7,2005894,2017-03-02,299,222,220,0,2,299,220,0,2,77,1,True,True,match,0,0,0,
20,PRC_V1C7V0S2I2K2R0T9N4W9E1L9S5O9B6,2005893,2017-03-02,299,236,235,0,1,299,235,0,1,63,1,True,True,match,0,0,0,
20,PRC_Q1N7Q0U2H2O2A1W0Q1U4G5E0X8F2J1,2005892,2017-03-02,299,252,247,0,5,299,247,0,5,47,1,True,True,match,0,0,0,
20,PRC_U1M7J0Y2P2S1M1L6V2P1P4Q3R6C1R9,2005891,2017-03-02,299,176,174,0,2,299,174,0,2,123,1,True,True,match,0,0,0,
20,PRC_N1Z7X0V2R2T2J1S8L2U3A3N8T6P5E0,2005890,2017-03-02,299,209,207,1,1,299,207,1,1,90,1,True,True,match,0,0,0,
20,PRC_G1E7J0D2O2K2M1S0U0E0G2O7C6G1Q4,2005889,2017-03-02,299,253,250,1,2,299,250,1,2,46,1,True,True,match,0,0,0,
20,PRC_E1V7F0Z2A2G2W1Z9J5A9L5Z9Q6E7C1,2005888,2017-03-02,299,190,188,0,2,299,188,0,2,109,1,True,True,match,0,0,0,
20,PRC_X1W7J0M2H2T3W1N1C1P5D4Z1P5Q7N3,2005887,2017-03-02,299,237,231,0,6,299,231,0,6,62,1,True,True,match,0,0,0,
20,PRC_Z1G7P0T2N2S2X1J9V5A8M1X2D7E3R2,2005886,2017-03-02,299,186,171,1,14,299,171,1,14,113,1,True,True,match,0,0,0,
20,PRC_M1L7Z0C2W2X2L1P9X5B5G5E0D0Z6J7,2005885,2017-03-02,299,183,178,0,5,299,178,0,5,116,1,True,True,match,0,0,0,
20,PRC_D1M7X0N2R2J3Q1C0W0O6R0O0D2S2U9,2005884,2017-03-02,299,189,187,0,2,299,187,0,2,110,1,True,True,match,0,0,0,
20,PRC_R1R7U0I2F2V3T1G0X0Z6Y5Q0U1K8F4,2005883,2017-03-02,299,186,186,0,0,299,186,0,0,113,1,True,True,match,0,0,0,
20,PRC_V1T7E0U2F2E2I2P0Z0H0I5D0H2T2W6,2005882,2017-03-02,299,183,174,2,7,299,174,2,7,116,1,True,True,match,0,0,0,
20,PRC_J1E7F0R2L2J2U2A0U0C2F5G3V9N4Z8,2005881,2017-03-02,299,188,182,0,6,299,182,0,6,111,1,True,True,match,0,0,0,
20,PRC_O1B7V0Y2A2W3E1J0M0C7W4U7B8Y9N4,2005880,2017-03-02,299,188,177,0,11,299,177,0,11,111,1,True,True,match,0,0,0,
20,PRC_B1D7G0K2H2W3L1S0G0J8S4C3O0K3P8,2005879,2017-03-02,299,191,188,0,3,299,188,0,3,108,1,True,True,match,0,0,0,
20,PRC_C1Q7T0E2T2K3L1Y0R0M9P2H5P9L3S2,2005878,2017-03-02,299,193,193,0,0,299,193,0,0,106,1,True,True,match,0,0,0,
20,PRC_E1Y7A0L2H2F2K2H0E0S8N3S6O3H8D6,2005877,2017-03-02,299,202,196,0,6,299,196,0,6,97,1,True,True,match,0,0,0,
20,PRC_B1X7E0C2C2R2O1Y9F5M7X1D2W4N5U6,2005875,2017-03-02,299,184,183,0,1,299,183,0,1,115,1,True,True,match,0,0,0,
20,PRC_F1M7T0T1U1B0H1K8R3R5S3P9C1C8P8,2005874,2017-03-02,299,218,190,12,16,299,190,12,16,81,1,True,True,match,0,0,0,
20,PRC_I1M7N0Z2U2E2F2J2L1U3W0P0E4T1I3,2005873,2017-03-02,299,203,202,0,1,299,202,0,1,96,1,True,True,match,0,0,0,
20,PRC_Q1K7F0N2R2A2B2G2F0C9M1U4U2C8Z5,2005872,2017-03-02,299,205,204,0,1,299,204,0,1,94,1,True,True,match,0,0,0,
20,PRC_A1T7N0C2N2B2B2I0W0X7I3G0S8I2T8,2005871,2017-03-02,299,206,204,0,2,299,204,0,2,93,1,True,True,match,0,0,0,
20,PRC_S1T7B0A2W2P2M2X0F0A5J4K2D8H2L0,2005870,2017-03-02,299,200,195,1,4,299,195,1,4,99,1,True,True,match,0,0,0,
20,PRC_C1P7W0Z2J2M2C2W0N1B1T5R4G8X9C2,2005869,2017-03-02,299,189,185,1,3,299,185,1,3,110,1,True,True,match,0,0,0,
20,PRC_Q1W7O0L2E2G2U2Y0V0T6F4S1O9E0V3,2005868,2017-03-02,299,205,191,1,13,299,191,1,13,94,1,True,True,match,0,0,0,
20,PRC_Q1W7W0B2J2K2K2K0B1H1R0J7Y7O0Z2,2005867,2017-03-02,299,186,184,0,2,299,184,0,2,113,1,True,True,match,0,0,0,
20,PRC_Q1C7Q0W1H1Z1L1L5M4I5Q0J2W3S1P7,2005866,2017-03-02,299,213,211,0,2,299,211,0,2,86,1,True,True,match,0,0,0,
20,PRC_H1F7N0X2B2H2G1T8U2K4R1Z6Y6Y9N4,2005865,2017-03-02,299,210,208,0,2,299,208,0,2,89,1,True,True,match,0,0,0,
20,PRC_Q1X7B0Z2Z2J3P1T2J2A7W2R4W7Z7X6,2005860,2017-03-02,299,174,173,0,1,299,173,0,1,125,1,True,True,match,0,0,0,
20,PRC_K1W7X0E2Z2P3S1S2R2Q6Z2U4E9T6N3,2005859,2017-03-02,299,177,176,0,1,299,176,0,1,122,1,True,True,match,0,0,0,
20,PRC_S1U7I0M2B2B2T1X6W5L5R2U3O3G8R8,2005849,2017-03-02,299,211,208,0,3,299,208,0,3,88,1,True,True,match,0,0,0,
20,PRC_Y1O7O0J2H2L2W1R9G1E1X0T9W4C1M2,2005848,2017-03-02,299,199,196,2,1,299,196,2,1,100,1,True,True,match,0,0,0,
20,PRC_F1V7V0E2Q2N2L1I6P5Z7J4X9T6W7I3,2005847,2017-03-02,299,208,174,8,26,299,174,8,26,91,1,True,True,match,0,0,0,
20,PRC_T1Y7D0E2V2J2H1P9I1L6E2V4N6B1S3,2005846,2017-03-02,299,202,196,0,6,299,196,0,6,97,1,True,True,match,0,0,0,
20,PRC_T1E6S1D2Q2V1S1F9F4E7D1U6Q2B5I7,2005845,2017-03-02,299,208,206,0,2,299,206,0,2,91,1,True,True,match,0,0,0,
20,PRC_F1C7C0I2Z2X2L1J9H1H8Z1Z7A7B0U3,2005844,2017-03-02,299,207,199,0,8,299,199,0,8,92,1,True,True,match,0,0,0,
20,PRC_K1G7C0G2P0L8D1Y3P5R1M5Y2W8O1F6,2005481,2017-03-02,299,151,136,0,15,299,136,0,15,148,1,True,True,match,0,0,0,
20,PRC_Z1S7N0G2M0N3S1E5N3T1W5G3B7A4E4,2005418,2017-03-02,299,218,213,0,5,299,213,0,5,81,1,True,True,match,0,0,0,
20,PRC_X1G7F0B2B0K2C1T0S2I8J1H4D7T8Y8,2005379,2017-03-02,299,245,233,2,10,299,233,2,10,54,1,True,True,match,0,0,0,
20,PRC_Z1B7C0H1W0U2U2B0Y3F4R0R1M4V4L9,2004940,2017-03-02,299,176,176,0,0,299,176,0,0,123,1,True,True,match,0,0,0,
20,PRC_T1X7O0E1L0E2M2H0V3V2Y1V2T0T9G2,2004939,2017-03-02,299,181,179,0,2,299,179,0,2,118,1,True,True,match,0,0,0,
20,PRC_H1O7H0J1T0X2E2V0E2B9T0Z6Z1H6K8,2004937,2017-03-02,299,171,168,0,3,299,168,0,3,128,1,True,True,match,0,0,0,
20,PRC_R1J7C0N1V0S2Y1O7N0F8V2E7W6S8X7,2004931,2017-03-02,299,180,177,0,3,299,177,0,3,119,1,True,True,match,0,0,0,
20,PRC_L1J7I0J1F0G2S1K7T0T2O2A6I5Z2Z5,2004927,2017-03-02,299,177,175,0,2,299,175,0,2,122,1,True,True,match,0,0,0,
20,PRC_A1J7A0G1W0G2I1D6S5M3J3L6E7B0K7,2004923,2017-03-02,299,183,180,0,3,299,180,0,3,116,1,True,True,match,0,0,0,
20,PRC_Q1G7Z0Y1V0W2O1Q6F5A1U4D6P6P2P3,2004922,2017-03-02,299,178,178,0,0,299,178,0,0,121,1,True,True,match,0,0,0,
20,PRC_P1R7O0F1V0Z2J1Y6P4T8F4Y4S3K9R3,2004921,2017-03-02,299,179,178,0,1,299,178,0,1,120,1,True,True,match,0,0,0,
20,PRC_T1G7S0B1Q0Q2T1J3K5J2D5U6V5F8H6,2004917,2017-03-02,299,178,174,0,4,299,174,0,4,121,1,True,True,match,0,0,0,
20,PRC_R1T7B0F1M0V2X1W3L5K2L1W7S3C0U8,2004916,2017-03-02,299,176,175,0,1,299,175,0,1,123,1,True,True,match,0,0,0,
20,PRC_T1C7M0H1W0B2W1T3P5Y1M4X1P8J9Y9,2004915,2017-03-02,299,187,186,0,1,299,186,0,1,112,1,True,True,match,0,0,0,
20,PRC_C1N7K0X1E0S2U1J3Q5U0E2A9X6Y6P4,2004913,2017-03-02,299,182,182,0,0,299,182,0,0,117,1,True,True,match,0,0,0,
20,PRC_D1P7D0M1S0C2N0Z9R1U5G1E1Z2E0H9,2004895,2017-03-02,299,202,201,0,1,299,201,0,1,97,1,True,True,match,0,0,0,
20,ARC_E1I6M1Z2I3S0Z1I8B1W0H4X3V8J4J8,2004878,2017-03-02,299,205,202,1,2,299,202,1,2,94,1,True,True,match,0,0,0,
20,PRC_Y1X6A1V2Q3Q0R1D3R1U4M2E4S5V9T1,2004831,2017-03-02,299,207,196,1,10,299,196,1,10,92,1,True,True,match,0,0,0,
20,PRC_W1T6I1K2S3Y0A1H1O2V2B0Z3E5X0T5,2004822,2017-03-02,299,206,199,0,7,299,199,0,7,93,1,True,True,match,0,0,0,
20,PRC_E1L6P1G2F3M0H1A0Q5I6I5R0Q9S5T1,2004818,2017-03-02,299,182,179,0,3,299,179,0,3,117,1,True,True,match,0,0,0,
20,PRC_Q1W6Q1X2J2R9V1Z9J4X4Y3H3C6E2C4,2004810,2017-03-02,299,211,182,2,27,299,182,2,27,88,1,True,True,match,0,0,0,
20,ARC_R1Z6E1F2Z2F9D1A8L3L5Y2Y9Q4V5E2,2004801,2017-03-02,299,191,189,0,2,299,189,0,2,108,1,True,True,match,0,0,0,
20,PRC_O1C6V1O2J2L9B1P8X0D7F3H3H3I7W9,2004787,2017-03-02,299,210,204,0,6,299,204,0,6,89,1,True,True,match,0,0,0,
20,ARC_K1R6G1P2O2J9T1P6O1I9E1I5U6B3S4,2004764,2017-03-02,299,173,170,0,3,299,170,0,3,126,1,True,True,match,0,0,0,
20,ARC_H1H6G1R2F2T9P1E0F2X7J0X7K9N0F8,2004698,2017-03-02,299,207,200,0,7,299,200,0,7,92,1,True,True,match,0,0,0,
20,ARC_G1M6S1L2E2F8H1M3F4T1M0N3R2V7G5,2004672,2017-03-02,299,188,175,2,11,299,175,2,11,111,1,True,True,match,0,0,0,
20,ARC_V1K6F1H2I2H8L1U4K1A7J3K4B5Z3F4,2004667,2017-03-02,299,227,217,1,9,299,217,1,9,72,1,True,True,match,0,0,0,
20,ARC_P1Y6X1V2E2L8N1A4A0N4A3Y1H4O3Q5,2004665,2017-03-02,299,189,183,0,6,299,183,0,6,110,1,True,True,match,0,0,0,
20,ARC_O1I6X1U2N2V7T1W7C0I2L3U7R8E5S4,2004648,2017-03-02,299,199,179,4,16,299,179,4,16,100,1,True,True,match,0,0,0,
20,PRC_F1Y6R1A2G2I2M1U5O0J9A3C5Q0L7I6,2004560,2017-03-02,299,185,184,0,1,299,184,0,1,114,1,True,True,match,0,0,0,
20,ARC_L1O6T1J2F2V1H0H9V4R9J0R1R3V3E6,2004513,2017-03-02,299,208,206,0,2,299,206,0,2,91,1,True,True,match,0,0,0,
20,ARC_S1G6W1M2E2F0Y1Q6L4U9Q1G8R7T2C9,2004499,2017-03-02,299,222,217,0,5,299,217,0,5,77,1,True,True,match,0,0,0,
20,ARC_I1P6E1D2W2A0B0U9X5J8X3Q9W1Y3N8,2004478,2017-03-02,299,246,244,0,2,299,244,0,2,53,1,True,True,match,0,0,0,
20,ARC_E1R6W1T2X2I0V0W9L3E3E5Z1Y6I9K9,2004476,2017-03-02,299,234,229,0,5,299,229,0,5,65,1,True,True,match,0,0,0,
20,PRC_Z1I6T1L2S1S6F1H7A3V4A1K2F6F4M3,2004442,2017-03-02,299,214,194,5,15,299,194,5,15,85,1,True,True,match,0,0,0,
20,PRC_V1F6D1T2I1D5E1M5I5D9V1L8P9J6M2,2004398,2017-03-02,299,187,187,0,0,299,187,0,0,112,1,True,True,match,0,0,0,
20,ARC_Q1E6Z1Z2N1W2E1H7Q3V4K0C2W0J2T7,2004318,2017-03-02,299,206,200,0,6,299,200,0,6,93,1,True,True,match,0,0,0,
20,PRC_S1L6U1R2S0S8Y2C0Y1Q8J1Y8X8D0F8,2004273,2017-03-02,299,237,235,0,2,299,235,0,2,62,1,True,True,match,0,0,0,
20,PRC_Y1N6N1S2F0N8Z2V0Q1Z6T5P7Y7R3B1,2004272,2017-03-02,299,238,237,0,1,299,237,0,1,61,1,True,True,match,0,0,0,
20,PRC_F1Y6I1R2N0H8Y1P9J3E7U3U2K9L1L4,2004270,2017-03-02,299,235,229,0,6,299,229,0,6,64,1,True,True,match,0,0,0,
20,PRC_X1U6O1M2O0X8A1U8B0I1J2A7S8X9D2,2004249,2017-03-02,299,250,243,2,5,299,243,2,5,49,1,True,True,match,0,0,0,
20,PRC_X1Z6I1L2I0E8C1A7L5W8Q2Q9I3O1V2,2004248,2017-03-02,299,241,233,1,7,299,233,1,7,58,1,True,True,match,0,0,0,
20,PRC_E1X6W1M2K0J8J1I6D2O0Z1S6M1L7I0,2004231,2017-03-02,299,216,216,0,0,299,216,0,0,83,1,True,True,match,0,0,0,
20,PRC_P1F6Z1Z2S0W8Q1D4E1K7S4J0R9C2K0,2004222,2017-03-02,299,248,240,2,6,299,240,2,6,51,1,True,True,match,0,0,0,
20,PRC_X1O6C1B2T0L8D1B4F0Y2J2J8X9S0Q9,2004220,2017-03-02,299,244,240,2,2,299,240,2,2,55,1,True,True,match,0,0,0,
20,PRC_L1T6I1B1K3M0P1K8X2L8Z3B9L1C8G8,2004006,2017-03-02,299,178,175,0,3,299,175,0,3,121,1,True,True,match,0,0,0,
20,PRC_R1S6N1G1J3C0H1G8G2A5M4G4O0M8F3,2004005,2017-03-02,299,176,174,0,2,299,174,0,2,123,1,True,True,match,0,0,0,
20,PRC_D1G6Q1M1A3A0K1U2W4L9E2B1N7P2G3,2003960,2017-03-02,299,182,182,0,0,299,182,0,0,117,1,True,True,match,0,0,0,
20,PRC_L1L6I1X1L2P8T1I8U3A8G2X2Y3Z3L4,2003920,2017-03-02,299,175,172,0,3,299,172,0,3,124,1,True,True,match,0,0,0,
20,PRC_J1C6Y1H1M2B4P1W7O4M0A2K2G0W1Z3,2003846,2017-03-02,299,195,192,0,3,299,192,0,3,104,1,True,True,match,0,0,0,
20,PRC_P1L6W1M1X2D3E1X6I3L6L2X5O5G1J4,2003803,2017-03-02,299,186,182,0,4,299,182,0,4,113,1,True,True,match,0,0,0,
20,PRC_C1F6M1W1C2Y3J1K3H5O7E3T0I8E8I7,2003786,2017-03-02,299,173,172,0,1,299,172,0,1,126,1,True,True,match,0,0,0,
20,PRC_R1H6J1H1G2Q3S1Q3O1A6W0E7V0P1Q0,2003781,2017-03-02,299,177,172,0,5,299,172,0,5,122,1,True,True,match,0,0,0,
20,PRC_T1S6T1D1A2H1U1E6C3I3P2P0B2Q0U3,2003751,2017-03-02,299,205,201,0,4,299,201,0,4,94,1,True,True,match,0,0,0,
20,PRC_Y1U6Y1R1T1Q7G1R6L0M1V1W6P7X1O0,2003679,2017-03-02,299,168,167,0,1,299,167,0,1,131,1,True,True,match,0,0,0,
20,PRC_P1O6P1I1R1S7R1L5I5Q6Z5K5Y9W3R0,2003678,2017-03-02,299,162,161,0,1,299,161,0,1,137,1,True,True,match,0,0,0,
20,PRC_T1Q6H1U1W1L7C1S5Z4Q9B1K1F1I6P6,2003677,2017-03-02,299,166,166,0,0,299,166,0,0,133,1,True,True,match,0,0,0,
20,PRC_D1Z6N1G1L1U5E1X0F3M8U4R1U1G9Z6,2003571,2017-03-02,299,204,199,1,4,299,199,1,4,95,1,True,True,match,0,0,0,
20,PRC_M1J6Q1A1B1Z1V1P8D1T1L5C1S5I2G3,2003514,2017-03-02,299,181,179,0,2,299,179,0,2,118,1,True,True,match,0,0,0,
20,PRC_G1H6A1F1C1E0N1I7H4Q7S5L7U5S8W7,2003469,2017-03-02,299,206,205,0,1,299,205,0,1,93,1,True,True,match,0,0,0,
20,PRC_K1P6A1A1K1C0R1N4P0M1B3V7C7S1K1,2003449,2017-03-02,299,243,240,0,3,299,240,0,3,56,1,True,True,match,0,0,0,
20,PRC_A1V6S1H1X0A3H1M8E0H5R2K1I4Q4G2,2003269,2017-03-02,299,228,217,4,7,299,217,4,7,71,1,True,True,match,0,0,0,
20,PRC_T1C6D1I1U0K3L1T7O3K2F2V7B1E1B8,2003263,2017-03-02,299,204,203,0,1,299,203,0,1,95,1,True,True,match,0,0,0,
20,PRC_S1D6A1W1L0H1P1F9C4G7O0J5X0Y7J3,2003197,2017-03-02,299,194,190,0,4,299,190,0,4,105,1,True,True,match,0,0,0,
20,PRC_I1N6S1V1Z0E1X1F9J4N2O4G6U7C8H0,2003194,2017-03-02,299,190,188,1,1,299,188,1,1,109,1,True,True,match,0,0,0,
20,ARC_Y1J6Y1R1F0Y1J1V7G0R8S0Y3E0H6S6,2003185,2017-03-02,299,189,185,0,4,299,185,0,4,110,1,True,True,match,0,0,0,
20,PRC_X1W6M1L1F0N1R1X8J2L6F5V4J9F4D7,2003184,2017-03-02,299,190,187,1,2,299,187,1,2,109,1,True,True,match,0,0,0,
20,PRC_E1B6K1T1W0T1V1R8Q2A6M1V1A2Y0A6,2003183,2017-03-02,299,190,186,0,4,299,186,0,4,109,1,True,True,match,0,0,0,
20,PRC_U1T6H1N1R0U1H1B8U2O5Q2G0W1C9Q7,2003182,2017-03-02,299,188,185,0,3,299,185,0,3,111,1,True,True,match,0,0,0,
20,PRC_Y1M6L1W1E0O1D1F8J1J4X3M5O6B0B9,2003178,2017-03-02,299,196,195,0,1,299,195,0,1,103,1,True,True,match,0,0,0,
20,PRC_Z1B6P1I1J0L1V1V7O5B4A1A0B0D5Y1,2003169,2017-03-02,299,195,193,0,2,299,193,0,2,104,1,True,True,match,0,0,0,
20,PRC_Y1W6N1N1D0D1W1C6I0C2E4O2M7R2W3,2003155,2017-03-02,299,173,172,0,1,299,172,0,1,126,1,True,True,match,0,0,0,
20,PRC_C1E6X1D0V3V1Q1R7C0Z0O4Q9V3M1Q1,2003114,2017-03-02,299,226,217,2,7,299,217,2,7,73,1,True,True,match,0,0,0,
20,ARC_N1V6J1Q0J3X1P1Z6F0Z1K4L2Z6R7E7,2003094,2017-03-02,299,206,202,0,4,299,202,0,4,93,1,True,True,match,0,0,0,
20,PRC_L1H6U1T0R2Q8G1X7I2E2N0J1I3I7R7,2003022,2017-03-02,299,186,162,0,24,299,162,0,24,113,1,True,True,match,0,0,0,
20,ARC_D1D6M1T0N2G8H1P7Y0T6S3V3K7G7E2,2003020,2017-03-02,299,210,206,0,4,299,206,0,4,89,1,True,True,match,0,0,0,
20,PRC_O1G6L1L0A2Z7U1O8A5E6R0C3D6Q8D1,2002975,2017-03-02,299,205,200,0,5,299,200,0,5,94,1,True,True,match,0,0,0,
20,ARC_Q1P6Q1G0E2O7X1S8Y1U5E1E4R4K2P3,2002973,2017-03-02,299,185,180,0,5,299,180,0,5,114,1,True,True,match,0,0,0,
20,PRC_Y1U6P1S0Y2J5X1N6S1X2U2Z2V9X8Y6,2002904,2017-03-02,299,250,246,0,4,299,246,0,4,49,1,True,True,match,0,0,0,
20,PRC_C1S6G1F0G2H4V1L7D5E8N3K1C1T4A2,2002874,2017-03-02,299,187,175,5,7,299,175,5,7,112,1,True,True,match,0,0,0,
20,PRC_U1C6J1P0R2P4B1A3N5V3P2A9Y7W3P7,2002835,2017-03-02,299,185,175,2,8,299,175,2,8,114,1,True,True,match,0,0,0,
20,ARC_I1M6S1O0O2O4H1F1J1C4G1G9K9E9P2,2002831,2017-03-02,299,213,204,3,6,299,204,3,6,86,1,True,True,match,0,0,0,
20,PRC_R1A6Y1B0R2P0O1I7L4K4Y3I7D1C6T5,2002772,2017-03-02,299,203,201,0,2,299,201,0,2,96,1,True,True,match,0,0,0,
20,PRC_G1F6O1P0A2I0Q1K7W2Y8U2N8K0H6P2,2002768,2017-03-02,299,203,200,0,3,299,200,0,3,96,1,True,True,match,0,0,0,
20,PRC_E1O6S1T0U1F9T1S7L1Q8X1G6L4D6N9,2002716,2017-03-02,299,185,176,0,9,299,176,0,9,114,1,True,True,match,0,0,0,
20,PRC_J1S6P1A0J1Q8T1A3F5V4H1J1X5O1Z7,2002671,2017-03-02,299,182,177,2,3,299,177,2,3,117,1,True,True,match,0,0,0,
20,ARC_F1Z6N1X0J1F2H1J7Z3R4U0U0T5G1A6,2002631,2017-03-02,299,222,214,0,8,299,214,0,8,77,1,True,True,match,0,0,0,
20,ARC_W1O6Y1S0C0V7O1F7S1Q0R2N1Z5K6P2,2002600,2017-03-02,299,211,207,2,2,299,207,2,2,88,1,True,True,match,0,0,0,
20,ARC_I1H6F0H9H0G9M1L7P4K6T5G9L0J2Y0,2002261,2017-03-02,299,249,241,2,6,299,241,2,6,50,1,True,True,match,0,0,0,
20,PRC_W1E6X0V9V0P6I1G0T2Y2T5J1P8Y1G0,2002156,2017-03-02,299,224,213,2,9,299,213,2,9,75,1,True,True,match,0,0,0,
20,PRC_Y1Y6M0Q8N2K9Q1F8O5B1O4N6S1M1W6,2001922,2017-03-02,299,172,169,0,3,299,169,0,3,127,1,True,True,match,0,0,0,
20,ARC_J1S6W0T8B2D9M1N7Y1Q5X1K5Q0O0U4,2001890,2017-03-02,299,223,219,0,4,299,219,0,4,76,1,True,True,match,0,0,0,
20,PRC_U1W6U0F8Y2R6D1Q1F0D7M5Y3M9X1Y8,2001834,2017-03-02,299,233,230,1,2,299,230,1,2,66,1,True,True,match,0,0,0,
20,PRC_U1J6Z0L8L2J2I1V6K2N5I5X9W9S2K2,2001734,2017-03-02,299,206,197,1,8,299,197,1,8,93,1,True,True,match,0,0,0,
20,PRC_B1K6T0W8B1L9L1R7F4O6L5J4D9F2N9,2001706,2017-03-02,299,176,174,0,2,299,174,0,2,123,1,True,True,match,0,0,0,
20,PRC_C1Z6K0U8P1U2L1G5I5P6P1D4J9G2U5,2001571,2017-03-02,299,202,201,0,1,299,201,0,1,97,1,True,True,match,0,0,0,
20,PRC_L1T6L0R7J1H8B1G0C4R9C2Q1M3O1K5,2000941,2017-03-02,299,225,222,0,3,299,222,0,3,74,1,True,True,match,0,0,0,
20,PRC_T1C6U0Y7F1K4U1P0D4L4N3Q6I1V3C8,2000862,2017-03-02,299,171,168,0,3,299,168,0,3,128,1,True,True,match,0,0,0,
20,ARC_O1I6M0N6H3U0I1K6L5A5H0U2U0M4C0,2000612,2017-03-02,299,177,170,0,7,299,170,0,7,122,1,True,True,match,0,0,0,
20,PRC_F1U7K0G1F1A9W1R6Q3B5R4W6L7I9B1,2005753,2017-02-23,299,242,240,1,1,299,240,1,1,57,1,True,True,match,0,0,0,
20,PRC_J1O7P0P1D1P9X1S6W4U3U1O7T6G4K3,2005752,2017-02-23,299,233,230,0,3,299,230,0,3,66,1,True,True,match,0,0,0,
20,PRC_N1L7H0B2Z1I4C2U0B0W9S4V5K6W8D8,2005751,2017-02-23,299,237,235,0,2,299,235,0,2,62,1,True,True,match,0,0,0,
20,PRC_I1S7E0H2Y2S0X1Y8Q3J1P3K8K2A5S5,2005745,2017-02-23,299,235,230,3,2,299,230,3,2,64,1,True,True,match,0,0,0,
20,PRC_J1Q7L0Y2U2O0T1C8M3O3G2Y1Y0D6T2,2005744,2017-02-23,299,233,215,9,9,299,215,9,9,66,1,True,True,match,0,0,0,
20,PRC_X1X7D0W1F1F8N0X9F2K1K3C5L4N5V3,2005743,2017-02-23,299,237,234,1,2,299,234,1,2,62,1,True,True,match,0,0,0,
20,PRC_C1T6B1L1E2J4T1K4W3L6T2G0Y3N5N6,2003824,2017-02-23,299,225,180,7,38,299,180,7,38,74,1,True,True,match,0,0,0,
20,PRC_D1V6D1V1L1Q6O1W6R2L8O5R9Q4M2G7,2003623,2017-02-23,299,242,239,0,3,299,239,0,3,57,1,True,True,match,0,0,0,
20,PRC_C1G6R1C1H0V4D1H8R3F8Q2T0W5L6U6,2003321,2017-02-23,299,240,238,0,2,299,238,0,2,59,1,True,True,match,0,0,0,
20,PRC_L1Y6G1Z1P0N4K1Z7W4D6I2H9Y8W1E2,2003308,2017-02-23,299,235,217,9,9,299,217,9,9,64,1,True,True,match,0,0,0,
20,PRC_C1K6C1X0N2E7O1R6A0F2R3T4U2G2P5,2002960,2017-02-23,299,237,232,1,4,299,232,1,4,62,1,True,True,match,0,0,0,
20,PRC_C1K6W1N0G2B4B1V7A3M9P4Y4L6D0K1,2002865,2017-02-23,299,235,226,0,9,299,226,0,9,64,1,True,True,match,0,0,0,
20,PRC_R1R6C1D0B2U4K1F4F3Z6G1S0O2K6S0,2002838,2017-02-23,299,222,209,0,13,299,209,0,13,77,1,True,True,match,0,0,0,
20,PRC_B1K6J1S0C2C1F1D4C3F2V5A9J4W8A7,2002797,2017-02-23,299,238,235,0,3,299,235,0,3,61,1,True,True,match,0,0,0,
20,PRC_S1C6R1C0Y2O0B1T5Q4H5S0J6X0W4B3,2002755,2017-02-23,299,227,225,0,2,299,225,0,2,72,1,True,True,match,0,0,0,
20,PRC_F1O6J1R0L2U0M1Y3M3A1N2Y6U3U6J1,2002740,2017-02-23,299,234,234,0,0,299,234,0,0,65,1,True,True,match,0,0,0,
20,PRC_C1L6J1E0Y2C0S1Z0G2X3N1J4E6H9L7,2002737,2017-02-23,299,243,238,0,5,299,238,0,5,56,1,True,True,match,0,0,0,
20,PRC_G1C6Z0I9A0C9Q1I5H4D7Z2V8A6C3V8,2002244,2017-02-23,299,242,241,0,1,299,241,0,1,57,1,True,True,match,0,0,0,
20,PRC_D1B6K0G9F0E9D1G5P3V7H3A6C6P5V3,2002242,2017-02-23,299,242,241,0,1,299,241,0,1,57,1,True,True,match,0,0,0,
20,PRC_T1X6M0M8C3M1A1G0C1J8K3C5M3A9Z0,2001966,2017-02-23,299,228,221,0,7,299,221,0,7,71,1,True,True,match,0,0,0,
20,PRC_Y1U6C0W8W2K9H1C8M0R3B2D4H3H0G8,2001903,2017-02-23,299,232,228,0,4,299,228,0,4,67,1,True,True,match,0,0,0,
20,ARC_K1P6J0X8M2S5H1P7O1M0P3E8T2U7N0,2001820,2017-02-23,299,233,231,0,2,299,231,0,2,66,1,True,True,match,0,0,0,
20,ARC_E1C6P0J8V2R5R1E6A3C0T1S8V6W0E5,2001814,2017-02-23,299,234,232,0,2,299,232,0,2,65,1,True,True,match,0,0,0,
20,ARC_V1Y6P0D8Y2T5W1G6Y2A5P1G6O4Q0E9,2001812,2017-02-23,299,230,227,0,3,299,227,0,3,69,1,True,True,match,0,0,0,
20,ARC_Q1O6V0E8E1T9Y1S5I4P3V1M6H3F9T8,2001679,2017-02-23,299,234,232,0,2,299,232,0,2,65,1,True,True,match,0,0,0,
20,PRC_Z1K6J0T8W0D5X1M7H4W3X1E0R2C6N6,2001451,2017-02-23,299,237,233,1,3,299,233,1,3,62,1,True,True,match,0,0,0,
20,PRC_S1T6R0A7O1M8A1E4F0U8A2M7O9M5X8,2000955,2017-02-23,299,232,230,0,2,299,230,0,2,67,1,True,True,match,0,0,0,
20,PRC_Z1S6O0S6D0E3T1G7P2R3M1V3B8C6A2,2000099,2017-02-23,299,230,221,2,7,299,221,2,7,69,1,True,True,match,0,0,0,
20,PRC_N1G6X1F2P2V2V1Y3A5Y4Z2I5B8D0U2,2005196,2017-01-20,300,156,154,0,2,300,154,0,2,144,1,True,True,match,0,0,0,
20,PRC_K1U6G1S2R2V8X1E8B0I0R1F4E7P4A7,2005194,2017-01-20,300,217,213,0,4,300,213,0,4,83,1,True,True,match,0,0,0,
20,PRC_W1T6H1U1E1G0A1Y5X1Y7O0O6B5K1T6,2005190,2017-01-20,300,193,190,2,1,300,190,2,1,107,1,True,True,match,0,0,0,
20,PRC_A1R6S1M2S2G1V1D9H3E6R2P2E1C5D4,2005189,2017-01-20,300,235,203,11,21,300,203,11,21,65,1,True,True,match,0,0,0,
20,PRC_G1P6U1D1J2P9C1G6F2Y0R2K6L5D9L8,2005188,2017-01-20,300,184,182,1,1,300,182,1,1,116,1,True,True,match,0,0,0,
20,PRC_S1A6Q1U2P2Y2T0E9W0Z3S3U9D4J3S2,2005187,2017-01-20,300,229,206,4,19,300,206,4,19,71,1,True,True,match,0,0,0,
20,PRC_W1K6M1Q2Z2X1I2Q0O1V4Q5S8Z5E8C1,2005186,2017-01-20,300,234,233,0,1,300,233,0,1,66,1,True,True,match,0,0,0,
20,PRC_K1O6N1K2S2U8Q1W8R3L3A3D7M4G4O3,2005185,2017-01-20,300,212,207,0,5,300,207,0,5,88,1,True,True,match,0,0,0,
20,PRC_D1G6K1J2U2Q8T1P8X0L2S0Y6H4K6V3,2005184,2017-01-20,300,228,218,0,10,300,218,0,10,72,1,True,True,match,0,0,0,
20,PRC_V1Q6K1W2K2Q8E1F8A0Y1P1P9J9Z9S8,2005183,2017-01-20,300,210,196,6,8,300,196,6,8,90,1,True,True,match,0,0,0,
20,PRC_W1A6T1G2W2X8E1P8W0B3P1E1H8Y5F2,2005182,2017-01-20,300,214,209,0,5,300,209,0,5,86,1,True,True,match,0,0,0,
20,PRC_Z1V6Q1N2F2V8R1D8A0C3C5T4G0L2F3,2005180,2017-01-20,300,217,215,0,2,300,215,0,2,83,1,True,True,match,0,0,0,
20,PRC_E1E6M1Q1Q3C0P1H4G5K9V0G6M4T4A3,2005179,2017-01-20,300,208,191,9,8,300,191,9,8,92,1,True,True,match,0,0,0,
20,PRC_U1E7J0G1Z2R0R1Q1B2F4B5R6J4U4S4,2005178,2017-01-20,300,175,155,2,18,300,155,2,18,125,1,True,True,match,0,0,0,
20,PRC_U1Z7E0W1Z1I1G1E1Y2B2L0P5S3B5P1,2005085,2017-01-20,300,185,167,2,16,300,167,2,16,115,1,True,True,match,0,0,0,
20,PRC_J1A6E1T1U1P5L1U8H4N3Q1H8J0K0Z7,2003605,2017-01-20,300,220,131,87,2,300,131,87,2,80,1,True,True,match,0,0,0,
20,PRC_S1U6I1W0P1V8K1Y0S4T5A1J7U4S3S6,2002665,2017-01-20,300,225,220,2,3,300,220,2,3,75,1,True,True,match,0,0,0,
20,ARC_P1L6J1S0F1H1R1Z6F2D1P3R4T5B4X8,2002619,2017-01-20,300,217,211,0,6,300,211,0,6,83,1,True,True,match,0,0,0,
20,PRC_A1Q6V0V9B0T2K1M1J4J0M0E6U7N5H3,2002056,2017-01-20,300,213,210,0,3,300,210,0,3,87,1,True,True,match,0,0,0,
20,PRC_Z1H6Y0F8I2U9S1I9I3H2A2T6G9Y1F7,2001933,2017-01-20,300,223,219,1,3,300,219,1,3,77,1,True,True,match,0,0,0,
20,PRC_D1J6K0W6F3J0F1F5R4C4T2G3B4U0J6,2000605,2017-01-20,300,221,204,1,16,300,204,1,16,79,1,True,True,match,0,0,0,
20,PRC_V1C6L0Z6J3F0H1L5H4T2F3M7W3I5W8,2000604,2017-01-20,300,223,190,4,29,300,190,4,29,77,1,True,True,match,0,0,0,
20,PRC_Q1K6S1H0B0O5H1A5P3H4L4I7O9G8Z0,2000026,2017-01-20,300,173,170,1,2,300,170,1,2,127,1,True,True,match,0,0,0,
20,PRC_M1H6A0O8Q0B8G1X5Q2D6R5K7K0V7G8,2000012,2017-01-20,300,174,159,4,11,300,159,4,11,126,1,True,True,match,0,0,0,
20,PRC_G1B6Q1M2Q2Q8A1F4X1I2Q2R6G0E6B9,2004742,2016-12-29,300,219,182,15,22,300,182,15,22,81,1,True,True,match,0,0,0,
20,PRC_Z1Q6P1F2G2A8J1U4Q1A0P1E5Q4A4X5,2004741,2016-12-29,300,218,176,16,26,300,176,16,26,82,1,True,True,match,0,0,0,
20,PRC_E1T6X1Z2M2B8P1N4W1L3W5E3D3S5M2,2004739,2016-12-29,300,219,217,0,2,300,217,0,2,81,1,True,True,match,0,0,0,
20,PRC_T1T6P1V2F2J8E1D4I1F3L0Y6F7R0A2,2004737,2016-12-29,300,217,161,29,27,300,161,29,27,83,1,True,True,match,0,0,0,
20,PRC_U1M6D1X2S2M8F1V4D0U9Y3Y6M7N9O6,2004736,2016-12-29,300,217,167,25,25,300,167,25,25,83,1,True,True,match,0,0,0,
20,PRC_I1R6Z1I2N2B8Q1L4M0Q8U2L4I9S9A9,2004735,2016-12-29,300,220,161,31,28,300,161,31,28,80,1,True,True,match,0,0,0,
20,PRC_U1Z6P1N2N2W8W1W4O0Y7F4P2U7U4J4,2004734,2016-12-29,300,215,175,17,23,300,175,17,23,85,1,True,True,match,0,0,0,
20,PRC_U1V6F1D2L2Y8L1J4K0X7L1K0W4U2D1,2004733,2016-12-29,300,206,176,12,18,300,176,12,18,94,1,True,True,match,0,0,0,
20,PRC_Y1L6N1S2P2V2C0N9D0X9F3Y5U8P6F4,2004729,2016-12-29,300,225,218,0,7,300,218,0,7,75,1,True,True,match,0,0,0,
20,PRC_J1E6T1Z1O0F9Y1G8P2N8Z3Q9O8G8M7,2004728,2016-12-29,300,247,243,1,3,300,243,1,3,53,1,True,True,match,0,0,0,
20,PRC_H1C6O1F0J2L4Z1J7H1J2T1Z9R4J1Y7,2004727,2016-12-29,300,251,242,0,9,300,242,0,9,49,1,True,True,match,0,0,0,
20,PRC_L1Z6U1J2Y2F1D1K9E4R3A0N7J9V1V6,2004726,2016-12-29,300,225,213,0,12,300,213,0,12,75,1,True,True,match,0,0,0,
20,PRC_E1N6K1U2J2P1K1E9H4B1J4G0V0U1L3,2004725,2016-12-29,300,215,203,3,9,300,203,3,9,85,1,True,True,match,0,0,0,
20,PRC_Q1Q6S1U1G1U0C1V0C1W5T2L0J5K1Q8,2004724,2016-12-29,300,226,221,0,5,300,221,0,5,74,1,True,True,match,0,0,0,
20,PRC_I1H6R1S2C2M1O1F9W5F8W3E9S7W5N8,2004723,2016-12-29,300,220,213,0,7,300,213,0,7,80,1,True,True,match,0,0,0,
20,PRC_D1A6I1J2D2P1T1O9E5R9U4G0V3G3Y2,2004722,2016-12-29,300,216,213,0,3,300,213,0,3,84,1,True,True,match,0,0,0,
20,PRC_G1E6F1Z2Z2L1N1U9U4E4D2I8U0Z8A4,2004721,2016-12-29,300,220,208,5,7,300,208,5,7,80,1,True,True,match,0,0,0,
20,PRC_Z1U6A1E2B2Z1A2G0R0N1F2B0R7N5A9,2004720,2016-12-29,300,224,222,0,2,300,222,0,2,76,1,True,True,match,0,0,0,
20,PRC_N1D6Y1B2K2G1Y1C9E5V7I2C7N9S1T8,2004719,2016-12-29,300,212,209,0,3,300,209,0,3,88,1,True,True,match,0,0,0,
20,PRC_Q1M6X1E2H2K1T2B0C0P2Q1H9L3V1E4,2004718,2016-12-29,300,215,213,0,2,300,213,0,2,85,1,True,True,match,0,0,0,
20,PRC_M1X6S1G2F2Y1Z2J0K0I4E2I3D7D6E0,2004717,2016-12-29,300,214,211,0,3,300,211,0,3,86,1,True,True,match,0,0,0,
20,PRC_N1Q6L1E2W2Y1X2X0Q0D6A0G7P2J0T6,2004716,2016-12-29,300,218,214,0,4,300,214,0,4,82,1,True,True,match,0,0,0,
20,PRC_O1U6T1D2T2U1Q2M0Y0N7Y0Y0P5R6S7,2004715,2016-12-29,300,220,219,0,1,300,219,0,1,80,1,True,True,match,0,0,0,
20,PRC_V1I6B1R2N2G0C1Z6F4L2W3T3J8G4G8,2004712,2016-12-29,300,250,246,0,4,300,246,0,4,50,1,True,True,match,0,0,0,
20,PRC_B1N6V1I2X2D9Y1R2N3P3I5Q4D2R5I7,2004703,2016-12-29,300,195,191,1,3,300,191,1,3,105,1,True,True,match,0,0,0,
20,PRC_B1T6O1Q2K2V7S1G0T2O8C5H9C5Y9T9,2004702,2016-12-29,300,197,177,5,15,300,177,5,15,103,1,True,True,match,0,0,0,
20,PRC_T1I6A1M2N1V5K1Q5V4V6B4F2B4I3W5,2004439,2016-12-29,300,208,198,1,9,300,198,1,9,92,1,True,True,match,0,0,0,
20,PRC_C1U6B1O1X0X9N1Y8P0V0Z1B3U0W6C3,2003440,2016-12-29,300,222,212,2,8,300,212,2,8,78,1,True,True,match,0,0,0,
20,PRC_M1S6M1G0S2G4T1Q8P2L4L3Z8A0V2J2,2002882,2016-12-29,300,223,220,0,3,300,220,0,3,77,1,True,True,match,0,0,0,
20,PRC_Q1Y6M1K0P2L4M1C7E3E4T1C7K2B3L4,2002863,2016-12-29,300,249,242,0,7,300,242,0,7,51,1,True,True,match,0,0,0,
20,PRC_Q1I6A1I0I2K1N1H7E4V0Y3N6L3X1J2,2002821,2016-12-29,300,224,213,0,11,300,213,0,11,76,1,True,True,match,0,0,0,
20,PRC_F1O6M1V0F2D1N1T7L1M1P4V9I5V3G3,2002812,2016-12-29,300,223,217,0,6,300,217,0,6,77,1,True,True,match,0,0,0,
20,ARC_S1L6B0K9M3B0I1M5A4O8D4Z6H4J4K2,2002557,2016-12-29,300,252,231,3,18,300,231,3,18,48,1,True,True,match,0,0,0,
20,PRC_Z1R6T0L9U1K9K1H8N1L7J3H3D8C1N1,2002334,2016-12-29,300,191,162,2,27,300,162,2,27,109,1,True,True,match,0,0,0,
20,ARC_L1D6D0U9B1O2X1O6B4O3E3L0U5O8E6,2002286,2016-12-29,300,253,251,0,2,300,251,0,2,47,1,True,True,match,0,0,0,
20,PRC_U1Y6R0V9C0Z9J1Y6W2D2Q3P7D3O2Z4,2002248,2016-12-29,300,215,214,0,1,300,214,0,1,85,1,True,True,match,0,0,0,
20,PRC_R1E6I0Q8Q2Z5O1Y7X3H3P3P0I4K7A6,2001827,2016-12-29,300,214,208,0,6,300,208,0,6,86,1,True,True,match,0,0,0,
20,PRC_U1B6T0I7M2U5W1R5H3A7M2L0P3W2P0,2001143,2016-12-29,300,248,245,0,3,300,245,0,3,52,1,True,True,match,0,0,0,
20,PRC_H1J6H0J7G2V5O1O3C3B4O2Z7G7U3P8,2001140,2016-12-29,300,255,251,1,3,300,251,1,3,45,1,True,True,match,0,0,0,
20,ARC_X1R6T0X7M2A1C1U8T4Y2M5L3P4H1J7,2001060,2016-12-29,300,236,234,0,2,300,234,0,2,64,1,True,True,match,0,0,0,
20,PRC_S1N6X0U7N1U8V1Y6R3J3B4U7H2M3V5,2000960,2016-12-29,300,245,237,1,7,300,237,1,7,55,1,True,True,match,0,0,0,
20,ARC_O1G6Z0L6O1U5C1K7Q2G2I0B9T4C3B4,2000265,2016-12-29,300,232,228,0,4,300,228,0,4,68,1,True,True,match,0,0,0,
20,PRC_I1Q6K1W1Y2E3G1C1S1B9J3L7L0J6W6,2004216,2016-12-08,300,232,225,0,7,300,225,0,7,68,1,True,True,match,0,0,0,
20,PRC_I1Y6X1K1W2P5C1D5Z1D0X2F3S4R6K5,2004213,2016-12-08,300,234,231,0,3,300,231,0,3,66,1,True,True,match,0,0,0,
20,PRC_V1C6V1D1X2T5A1S4Z2I8C4C0R9R8W3,2004212,2016-12-08,300,239,233,0,6,300,233,0,6,61,1,True,True,match,0,0,0,
20,PRC_B1K6U1O1S2Y5L1N4H2Z9U3F3U8S1I0,2004211,2016-12-08,300,238,235,0,3,300,235,0,3,62,1,True,True,match,0,0,0,
20,PRC_W1R6F1O1D2U3H1F1L2Y6Q5D2T0L8Z2,2004210,2016-12-08,300,234,233,0,1,300,233,0,1,66,1,True,True,match,0,0,0,
20,PRC_C1I6P1V1W2T3J1L1U2R5C5N8F2J5V1,2004209,2016-12-08,300,236,232,0,4,300,232,0,4,64,1,True,True,match,0,0,0,
20,PRC_E1K6K1O1A2H3T1R1C2B4M3J7A1A0W1,2004208,2016-12-08,300,236,235,0,1,300,235,0,1,64,1,True,True,match,0,0,0,
20,PRC_L1H6S1W1R2A9A1E5Y4L8R3N9P3P0A8,2004207,2016-12-08,300,261,259,0,2,300,259,0,2,39,1,True,True,match,0,0,0,
20,PRC_G1S6A1S1C2X5T1E4N2H6P2N4I4M4W7,2004206,2016-12-08,300,237,236,0,1,300,236,0,1,63,1,True,True,match,0,0,0,
20,PRC_O1X6R1E1A2P4Z1B4W5W8L1N8U1F7B7,2004205,2016-12-08,300,219,218,0,1,300,218,0,1,81,1,True,True,match,0,0,0,
20,PRC_B1Y6E1L1U2G4A1F5H5S5A4Q0R5G2Q7,2004204,2016-12-08,300,268,263,1,4,300,263,1,4,32,1,True,True,match,0,0,0,
20,PRC_Q1Q6S1Y1Z2T8D1I6A4C2T1G3D2R4H8,2004203,2016-12-08,300,249,233,5,11,300,233,5,11,51,1,True,True,match,0,0,0,
20,PRC_Y1G6S1G1E2M8W1F6N4J6C5H9B5S5U3,2004202,2016-12-08,300,245,245,0,0,300,245,0,0,55,1,True,True,match,0,0,0,
20,PRC_U1W6A1F1F2R8S1M6B4E5J5Z4L6D8X4,2004201,2016-12-08,300,232,232,0,0,300,232,0,0,68,1,True,True,match,0,0,0,
20,PRC_I1Y6D1V1N2W8M1L7O0I0T1N2Q8J0Y2,2004200,2016-12-08,300,236,231,0,5,300,231,0,5,64,1,True,True,match,0,0,0,
20,PRC_O1X6L1S1P2D8U1J6L5B9O1A4Z8X3Z9,2004199,2016-12-08,300,234,233,0,1,300,233,0,1,66,1,True,True,match,0,0,0,
20,PRC_U1Z6O1S1U2V8R1I6G5O6P3Z0W4R8E6,2004198,2016-12-08,300,233,189,24,20,300,189,24,20,67,1,True,True,match,0,0,0,
20,PRC_C1S6W1V1V2O8I1L6V5S5Y3J6E4H7E4,2004197,2016-12-08,300,241,240,0,1,300,240,0,1,59,1,True,True,match,0,0,0,
20,PRC_I1E6B1R1A2W8F1X6W5R4V4E9R0H5D2,2004196,2016-12-08,300,239,229,1,9,300,229,1,9,61,1,True,True,match,0,0,0,
20,PRC_M1H6Z1I1C2Q8P1O6O5K2K2W5R9Q1F7,2004195,2016-12-08,300,234,232,1,1,300,232,1,1,66,1,True,True,match,0,0,0,
20,PRC_K1G6E1E1Z2G8G1N6N5J1I1V9B0D5E3,2004194,2016-12-08,300,233,233,0,0,300,233,0,0,67,1,True,True,match,0,0,0,
20,PRC_M1F6P1A1W2F8F1J6R5P0P3D1K1P8O2,2004193,2016-12-08,300,242,233,1,8,300,233,1,8,58,1,True,True,match,0,0,0,
20,PRC_L1C6D1P1H2I8A1T6T4P9M2B9M3D2Y4,2004192,2016-12-08,300,246,238,0,8,300,238,0,8,54,1,True,True,match,0,0,0,
20,PRC_U1G6K1U1A2Q8S1E6O4M8A3C7N4X2M8,2004191,2016-12-08,300,242,229,2,11,300,229,2,11,58,1,True,True,match,0,0,0,
20,PRC_G1D6V1Z1P2S8Y1V6O4L4V3W7C0Z4N4,2004190,2016-12-08,300,232,231,0,1,300,231,0,1,68,1,True,True,match,0,0,0,
20,PRC_T1F6J1A1O2A9H1X5W0S6Z5D3B1J5L7,2004188,2016-12-08,300,252,250,1,1,300,250,1,1,48,1,True,True,match,0,0,0,
20,PRC_E1G6O1D1U2Z9V1Z5R3I7U0Q5Q1F6V9,2004187,2016-12-08,300,259,258,1,0,300,258,1,0,41,1,True,True,match,0,0,0,
20,PRC_C1Z6L1Z1A3W0M1I8N1B2K2B1E6R5R0,2004186,2016-12-08,300,256,254,1,1,300,254,1,1,44,1,True,True,match,0,0,0,
20,PRC_B1I6T1F1C2U9R1X6P2O2A5U8R8O9S4,2004185,2016-12-08,300,268,268,0,0,300,268,0,0,32,1,True,True,match,0,0,0,
20,PRC_Z1V6W1I1H2U9D1N6R1O9G0D5I5F6W3,2004184,2016-12-08,300,270,269,0,1,300,269,0,1,30,1,True,True,match,0,0,0,
20,PRC_H1W6W1H1N0W2D1G8T1B9V1S5F0F5R5,2003233,2016-12-08,300,245,230,6,9,300,230,6,9,55,1,True,True,match,0,0,0,
20,PRC_M1R6J1W0J2G8G1X8A1U9E5Y2K1L4W0,2003037,2016-12-08,300,240,238,0,2,300,238,0,2,60,1,True,True,match,0,0,0,
20,PRC_C1P6Z1T0Y2J0L1Z9C2H1X5K1R5O8U6,2002778,2016-12-08,300,236,234,0,2,300,234,0,2,64,1,True,True,match,0,0,0,
20,PRC_Q1O6H1R0N1I9A1F6B0G7H3U3G7B6C3,2002710,2016-12-08,300,245,242,0,3,300,242,0,3,55,1,True,True,match,0,0,0,
20,ARC_I1K6K1K0D1Z2V1A7P4W6T4R9P5H3O1,2002635,2016-12-08,300,254,252,0,2,300,252,0,2,46,1,True,True,match,0,0,0,
20,ARC_S1Y6W1Z0D1H2D1C7B4M1O2J9D1Y7H1,2002634,2016-12-08,300,259,257,1,1,300,257,1,1,41,1,True,True,match,0,0,0,
20,ARC_V1E6B1M0O0S6Q1K5Q4W9A2S6Q5Q6K4,2002593,2016-12-08,300,247,237,2,8,300,237,2,8,53,1,True,True,match,0,0,0,
20,ARC_A1X6U1M0B0K5U1G6C4H9L2R8L9Q7W6,2002584,2016-12-08,300,233,229,1,3,300,229,1,3,67,1,True,True,match,0,0,0,
20,PRC_D1S6X1Z0N0Q4G1J7H4Y8C3B7U6O2T3,2002570,2016-12-08,300,236,232,0,4,300,232,0,4,64,1,True,True,match,0,0,0,
20,PRC_M1P6B0I9P2P7Z1O7D0V3M0L7C8S3Q8,2002490,2016-12-08,300,251,250,0,1,300,250,0,1,49,1,True,True,match,0,0,0,
20,PRC_E1S6O0U9Q2W7V1M6V5J4R0E0V4R6S4,2002489,2016-12-08,300,251,247,0,4,300,247,0,4,49,1,True,True,match,0,0,0,
20,PRC_Z1T6K0Y9V2R7G1F4T0O7U2E7A9P9D1,2002481,2016-12-08,300,234,218,8,8,300,218,8,8,66,1,True,True,match,0,0,0,
20,PRC_A1K6Y0J9J2K2D1N4P1A3J1J9N9A0A2,2002412,2016-12-08,300,266,260,0,6,300,260,0,6,34,1,True,True,match,0,0,0,
20,PRC_E1M6F0Z9T2K2A1B3A5L5X0Y0L9R7J7,2002410,2016-12-08,300,267,261,0,6,300,261,0,6,33,1,True,True,match,0,0,0,
20,PRC_H1C6M0H9V2K2Q1E3D5K3Z5T0N2F6C0,2002409,2016-12-08,300,259,252,0,7,300,252,0,7,41,1,True,True,match,0,0,0,
20,ARC_Q1D6F0Y9V2F1U1A3T4J7C2Y9G9I9C4,2002369,2016-12-08,300,238,231,0,7,300,231,0,7,62,1,True,True,match,0,0,0,
20,PRC_V1C6Z0K9G0Y8K1H5R4M8N0H3D0N7W9,2002224,2016-12-08,300,231,217,4,10,300,217,4,10,69,1,True,True,match,0,0,0,
20,ARC_Y1X6H0R9Y0I2F2U0F3Z1T0N7C3Z4X2,2002116,2016-12-08,300,265,262,0,3,300,262,0,3,35,1,True,True,match,0,0,0,
20,ARC_Q1K6K0I8W1A8E1P1L0N1W4S4A1P6Y1,2001639,2016-12-08,300,267,264,0,3,300,264,0,3,33,1,True,True,match,0,0,0,
20,PRC_V1J6O0M8B1I7A1C8O1F0J3R0S5R5F8,2001632,2016-12-08,300,226,223,2,1,300,223,2,1,74,1,True,True,match,0,0,0,
20,PRC_B1Q6I0A8P0M9G1E5P3Q0C4U7I4E7T1,2001490,2016-12-08,300,235,233,1,1,300,233,1,1,65,1,True,True,match,0,0,0,
20,PRC_O1S6O0V8S0F8C1D1P3T7T5B5F1Z8X2,2001462,2016-12-08,300,263,257,0,6,300,257,0,6,37,1,True,True,match,0,0,0,
20,PRC_D1C6U0Q8I0X4D1D8X1U1D4H3R4E3D6,2001422,2016-12-08,300,267,267,0,0,300,267,0,0,33,1,True,True,match,0,0,0,
20,ARC_L1G6G0C8P0K3N1S6O2B1T3Z7H5B5L5,2001390,2016-12-08,300,235,234,0,1,300,234,0,1,65,1,True,True,match,0,0,0,
20,PRC_M1D6V0Z7X2G1O1K5K0I9C3H3R6Z7E1,2001039,2016-12-08,300,232,232,0,0,300,232,0,0,68,1,True,True,match,0,0,0,
20,PRC_V1E6O0B7V1J8C1N0G5B0Y3Q7A3R4E7,2000942,2016-12-08,300,256,254,0,2,300,254,0,2,44,1,True,True,match,0,0,0,
20,ARC_V1E6R0X6T3R0W2T0I4L2E1R3Z3W7T0,2000623,2016-12-08,300,241,195,32,14,300,195,32,14,59,1,True,True,match,0,0,0,
20,ARC_U1O6W0R6I3Y0Z2H0F1J7Y5J9R8M4E4,2000622,2016-12-08,300,239,233,0,6,300,233,0,6,61,1,True,True,match,0,0,0,
20,ARC_Q1X6X0O6A3Y0X1R4L1T4J5M3E7C7C6,2000586,2016-12-08,300,268,267,0,1,300,267,0,1,32,1,True,True,match,0,0,0,
20,PRC_T1D6Q0F6C2G8C1Y3Z0P1G3P5D9E3Q6,2000518,2016-12-08,300,241,239,1,1,300,239,1,1,59,1,True,True,match,0,0,0,
20,ARC_G1H6L0C6B2P7U1G8Z0Y3P4F0V5H1W1,2000515,2016-12-08,300,238,235,0,3,300,235,0,3,62,1,True,True,match,0,0,0,
20,ARC_D1V6Q0I6U2S7O1O0O0Q9D3J7O7F5Q9,2000486,2016-12-08,300,236,232,0,4,300,232,0,4,64,1,True,True,match,0,0,0,
20,ARC_Z1Z6G0N6S2X1A1S4U2Q3W3L0P8C0D5,2000380,2016-12-08,300,231,222,2,7,300,222,2,7,69,1,True,True,match,0,0,0,
20,PRC_M1E6M0C9J0Z6Z1Y1X0F3Y4I8J8D2R2,2002157,2016-12-03,300,270,265,1,4,300,265,1,4,30,1,True,True,match,0,0,0,
20,PRC_S1H6R0H9U0I2Y2U1M0J4D0G0A2T3J0,2002120,2016-12-03,300,271,269,1,1,300,269,1,1,29,1,True,True,match,0,0,0,
20,PRC_N1R6T0V9D0X2I2T1Z0Q3Z2K0U1S6F1,2002119,2016-12-03,300,268,266,1,1,300,266,1,1,32,1,True,True,match,0,0,0,
20,PRC_N1A6J0I9D0Z2G2Z0F0E5X1T8Z8X1E9,2002053,2016-12-03,300,280,275,1,4,300,275,1,4,20,1,True,True,match,0,0,0,
20,PRC_V1G6A0A9G0W2O2E0T0C4B2H0R0E2F0,2002052,2016-12-03,300,279,253,8,18,300,253,8,18,21,1,True,True,match,0,0,0,
20,PRC_F1V6O0L9N0P2M2B0M0W3C0Q6J3W7T2,2002051,2016-12-03,300,281,221,30,30,300,221,30,30,19,1,True,True,match,0,0,0,
20,PRC_H1N6X1F1Q2B9I1Q6O3D0L1V0D7G2F6,2004059,2016-12-02,300,273,270,0,3,300,270,0,3,27,1,True,True,match,0,0,0,
20,PRC_P1X6T1Q1T3R0B2P0Y0Q9Y4G0N6Q4N1,2004058,2016-12-02,300,275,274,0,1,300,274,0,1,25,1,True,True,match,0,0,0,
20,PRC_C1C6Y1L1J3M0Y2S0S1R2I2Y3H5E3V0,2004057,2016-12-02,300,273,261,5,7,300,261,5,7,27,1,True,True,match,0,0,0,
20,PRC_T1L6E1K1J2U9P1H6U2N7I1M2N5Y0Y5,2004056,2016-12-02,300,278,276,0,2,300,276,0,2,22,1,True,True,match,0,0,0,
20,PRC_B1H6K1H1H3T0L1Z7D1E8E3J9C5I0K9,2004055,2016-12-02,300,271,261,5,5,300,261,5,5,29,1,True,True,match,0,0,0,
20,PRC_U1C6D1B1D3J0Z1F6D2D1F5D4V2G1Z7,2004051,2016-12-02,300,266,266,0,0,300,266,0,0,34,1,True,True,match,0,0,0,
20,PRC_D1O6R1M1X1W0L1W5Y0M0A4R3W4N6Y2,2003454,2016-12-02,300,276,181,58,37,300,181,58,37,24,1,True,True,match,0,0,0,
20,PRC_Y1R6P1A1A0I9P1P7N4A0X0B1O6J8B6,2003434,2016-12-02,300,276,174,68,34,300,174,68,34,24,1,True,True,match,0,0,0,
20,PRC_O1D6N1C1L0I9J1V7P3H6K2D8T0R1S2,2003433,2016-12-02,300,274,156,83,35,300,156,83,35,26,1,True,True,match,0,0,0,
20,PRC_O1Y6C1Z1A0S9X1C7Z2K6R5Y8A6I0R3,2003428,2016-12-02,300,280,205,44,31,300,205,44,31,20,1,True,True,match,0,0,0,
20,ARC_E1F6M1D0Y2H7L1Z7C3D3Y5M6Q6L9Z3,2002969,2016-12-02,300,276,270,1,5,300,270,1,5,24,1,True,True,match,0,0,0,
20,PRC_F1C6N0U9O2E7T1N8H3C8A5W5B9W7V8,2002496,2016-12-02,300,276,231,33,12,300,231,33,12,24,1,True,True,match,0,0,0,
20,ARC_F1T6P0H9Q0C2M2A0Q4Q2O5Z7T1B6C2,2002117,2016-12-02,300,277,273,0,4,300,273,0,4,23,1,True,True,match,0,0,0,
20,ARC_K1S6J0N9F0L2Z2V0Y4L4P3F8V7Q6D3,2002114,2016-12-02,300,274,267,5,2,300,267,5,2,26,1,True,True,match,0,0,0,
20,ARC_M1R6Z0U9F0A2L2X0A3N4L2A6A4G9A7,2002112,2016-12-02,300,276,276,0,0,300,276,0,0,24,1,True,True,match,0,0,0,
20,ARC_A1N6B0H9F0X2J2C0F4V4G1X1A2C4Z8,2002111,2016-12-02,300,274,244,12,18,300,244,12,18,26,1,True,True,match,0,0,0,
20,ARC_S1J6K0R9Z0F2H2A0H4H4S2Y4R1H3W2,2002110,2016-12-02,300,272,269,1,2,300,269,1,2,28,1,True,True,match,0,0,0,
20,ARC_W1N6P0G9K0J2A2H0L3K2L2W6J9M0B7,2002108,2016-12-02,300,276,226,24,26,300,226,24,26,24,1,True,True,match,0,0,0,
20,PRC_E1X6K1H1L2D4E1S5X5L2H4H2B9D7O0,2004023,2016-12-01,300,234,232,0,2,300,232,0,2,66,1,True,True,match,0,0,0,
20,PRC_X1G6D1N1A2S4Y1G5I5W8B4T1L5R7I2,2004022,2016-12-01,300,216,207,1,8,300,207,1,8,84,1,True,True,match,0,0,0,
20,PRC_P1G6Q1K1L2W4E1V6N0W1X3Q1Q8C5X7,2004020,2016-12-01,300,217,210,0,7,300,210,0,7,83,1,True,True,match,0,0,0,
20,PRC_A1H6J1T1O2Y4E1Y5G5T4B2U9D7Q2Z3,2004018,2016-12-01,300,227,227,0,0,300,227,0,0,73,1,True,True,match,0,0,0,
20,PRC_C1T6L1K1U2A4P1D5N5A7K1X2L9R3F6,2004016,2016-12-01,300,232,232,0,0,300,232,0,0,68,1,True,True,match,0,0,0,
20,PRC_F1V6O1O1L2A4Y1M6N0O0V1B7D4K9W4,2004015,2016-12-01,300,218,212,0,6,300,212,0,6,82,1,True,True,match,0,0,0,
20,PRC_Z1Z6A1R1V2T4Q1K6E0Q2V5W2T7U3X5,2004014,2016-12-01,300,218,208,1,9,300,208,1,9,82,1,True,True,match,0,0,0,
20,PRC_E1N6V1C1P1V0V1D5S0J9I1D8C8O8Z9,2004007,2016-12-01,300,219,216,0,3,300,216,0,3,81,1,True,True,match,0,0,0,
20,PRC_X1D6N1G1D1K0G1C5D1E2A0U6T8X3F4,2004004,2016-12-01,300,233,231,0,2,300,231,0,2,67,1,True,True,match,0,0,0,
20,PRC_A1F6X1E1Q1F0C1A0O0W5J3P2K9Y4O5,2004002,2016-12-01,300,226,225,0,1,300,225,0,1,74,1,True,True,match,0,0,0,
20,PRC_X1I6V1E1Z2Y3N1K6J4U2A0Y7N4K4E6,2004001,2016-12-01,300,228,226,0,2,300,226,0,2,72,1,True,True,match,0,0,0,
20,PRC_X1U6L1I1S2Q3C1K6G4A3I1L7D6J6C7,2004000,2016-12-01,300,230,229,0,1,300,229,0,1,70,1,True,True,match,0,0,0,
20,PRC_G1E6N1T1R0M4P1T7B5F8H1Y8E3N1V4,2003999,2016-12-01,300,224,216,0,8,300,216,0,8,76,1,True,True,match,0,0,0,
20,PRC_R1I6A1N1B2R3X1C8Y0T3V1E3L6P3N7,2003998,2016-12-01,300,252,252,0,0,300,252,0,0,48,1,True,True,match,0,0,0,
20,PRC_B1N6L1Y1S1N8P1D6V4K3K1U4M2K5N9,2003997,2016-12-01,300,227,225,0,2,300,225,0,2,73,1,True,True,match,0,0,0,
20,PRC_R1U6F1F1R1C8S1J6X4A2M2L2E0I0T7,2003996,2016-12-01,300,217,214,0,3,300,214,0,3,83,1,True,True,match,0,0,0,
20,PRC_P1T6O1H1B1R8P1Z6F4E1G1G0U9G5A2,2003995,2016-12-01,300,218,216,0,2,300,216,0,2,82,1,True,True,match,0,0,0,
20,PRC_T1Z6G1E1N2U4N1Q4L0F4K0M6S8G8S5,2003979,2016-12-01,300,246,244,0,2,300,244,0,2,54,1,True,True,match,0,0,0,
20,PRC_V1B6F1R1E2B4N1T4M0T2J3T1X9B4Y7,2003977,2016-12-01,300,241,240,1,0,300,240,1,0,59,1,True,True,match,0,0,0,
20,PRC_D1L6Q1G1O2W4B1C4G0D4U3G3P5Z6W2,2003976,2016-12-01,300,247,246,0,1,300,246,0,1,53,1,True,True,match,0,0,0,
20,PRC_T1M6Z1O1V2C9Y1Z8P1L5H2B0W6D2Z5,2003968,2016-12-01,300,249,197,33,19,300,197,33,19,51,1,True,True,match,0,0,0,
20,PRC_Q1B6I1W1K1X0N1R7Q2Z5I3H7P0J7I3,2003966,2016-12-01,300,226,220,0,6,300,220,0,6,74,1,True,True,match,0,0,0,
20,PRC_A1J6Y1S1P2B9L1N3A5T9U4J2Z9U6Q1,2003956,2016-12-01,300,202,165,12,25,300,165,12,25,98,1,True,True,match,0,0,0,
20,PRC_L1Y6G1P1B1G0L1Q7V2G8B0Q5I2G8Q5,2003825,2016-12-01,300,228,224,0,4,300,224,0,4,72,1,True,True,match,0,0,0,
20,ARC_T1O6R1Q0C3R1K1U6F4T9E3U3U8X2O6,2003110,2016-12-01,300,235,231,0,4,300,231,0,4,65,1,True,True,match,0,0,0,
20,PRC_C1M6M1R0J2J8G2E0G0H8B0I2B8E1N4,2003065,2016-12-01,300,226,223,0,3,300,223,0,3,74,1,True,True,match,0,0,0,
20,PRC_Y1N6X1F0E2A8N1N8F4H9Y5S2L3F5R8,2003053,2016-12-01,300,232,228,1,3,300,228,1,3,68,1,True,True,match,0,0,0,
20,PRC_P1K6E1G0H2J8Z1Y8M2R5K3J9L3C2W0,2003040,2016-12-01,300,244,243,0,1,300,243,0,1,56,1,True,True,match,0,0,0,
20,ARC_U1B6P1J0P0J6K1T3K3H1C4H4J6R7N2,2002588,2016-12-01,300,217,217,0,0,300,217,0,0,83,1,True,True,match,0,0,0,
20,PRC_H1L6T0G9P2S8P1E5J5D5G3Y6S5D9T7,2002511,2016-12-01,300,205,189,3,13,300,189,3,13,95,1,True,True,match,0,0,0,
20,PRC_D1J6S0L9D2D3Q1I4F5V0R2M0Z3W7R5,2002437,2016-12-01,300,226,208,1,17,300,208,1,17,74,1,True,True,match,0,0,0,
20,PRC_N1C6H0K9W2V1Z1V4B1H3B0M3W3J4J1,2002371,2016-12-01,300,229,225,0,4,300,225,0,4,71,1,True,True,match,0,0,0,
20,PRC_Z1Z6A0H9H1K9R1X4M5P9S3J5Y3K8R7,2002320,2016-12-01,300,224,204,5,15,300,204,5,15,76,1,True,True,match,0,0,0,
20,PRC_F1S6C0Z9H1S9T1R4O5G6F1U1V0V5V5,2002319,2016-12-01,300,224,201,9,14,300,201,9,14,76,1,True,True,match,0,0,0,
20,PRC_P1K6Y0G9C0O8H1J6L0P8G0U4G5H0B5,2002226,2016-12-01,300,254,244,4,6,300,244,4,6,46,1,True,True,match,0,0,0,
20,PRC_M1R6M0I9P0Y8Y1O6T0V5M1V9M7T8H6,2002225,2016-12-01,300,261,254,2,5,300,254,2,5,39,1,True,True,match,0,0,0,
20,PRC_V1R6R0U9D0M6M1H5N5M0H4D6M9P2P0,2002181,2016-12-01,300,248,246,0,2,300,246,0,2,52,1,True,True,match,0,0,0,
20,PRC_M1M6D0D9S0G5P1O7X5H7U0Q0B4O8R3,2002150,2016-12-01,300,224,217,1,6,300,217,1,6,76,1,True,True,match,0,0,0,
20,PRC_E1Y6C0M9B0E5U1E7P5L6Q0I1J7I6P2,2002149,2016-12-01,300,232,230,0,2,300,230,0,2,68,1,True,True,match,0,0,0,
20,PRC_S1Q6E0L9G0U2Z1I4K5K9A0Z1U3I1G4,2002068,2016-12-01,300,220,214,0,6,300,214,0,6,80,1,True,True,match,0,0,0,
20,PRC_C1E6L0Q9K0Q1R1T6Z4X5H2V7X7V4C3,2002022,2016-12-01,300,229,229,0,0,300,229,0,0,71,1,True,True,match,0,0,0,
20,PRC_J1G6T0V9H0X1O1V3J4B4L0H7X4B6Y4,2002008,2016-12-01,300,223,221,0,2,300,221,0,2,77,1,True,True,match,0,0,0,
20,PRC_A1Z6D0O8G2L9I1I8R0N2W0A8E3S3E5,2001901,2016-12-01,300,229,227,0,2,300,227,0,2,71,1,True,True,match,0,0,0,
20,PRC_Y1R6X0A8Q2J9B1G7Q4G2F2U4K8U4I2,2001895,2016-12-01,300,232,232,0,0,300,232,0,0,68,1,True,True,match,0,0,0,
20,PRC_N1S6T0F8J2Z9O1L0I1T3C0W2B8F2T0,2001875,2016-12-01,300,225,220,0,5,300,220,0,5,75,1,True,True,match,0,0,0,
20,PRC_D1M6O0V8V2A4D1J8D2A6K1E4B4D7Q1,2001793,2016-12-01,300,218,216,1,1,300,216,1,1,82,1,True,True,match,0,0,0,
20,PRC_V1Z6W0D8W2P3A1F0K0B6T5Y8U5F6H9,2001744,2016-12-01,300,231,208,10,13,300,208,10,13,69,1,True,True,match,0,0,0,
20,PRC_Y1N6Z0R8Z1M8T0H9H4U0R5F0J8A5M4,2001635,2016-12-01,300,221,206,3,12,300,206,3,12,79,1,True,True,match,0,0,0,
20,PRC_M1S6G0X8E1Y7W1J4Y4J3H2Y5O1O1E7,2001622,2016-12-01,300,229,227,0,2,300,227,0,2,71,1,True,True,match,0,0,0,
20,PRC_S1Z6D0Y8K0N3E1Q6V1I7G3W5K6Q1Y7,2001388,2016-12-01,300,228,225,1,2,300,225,1,2,72,1,True,True,match,0,0,0,
20,PRC_W1H6G0Q8E0C3K1Y1A2Q2V2K1Q2N9U4,2001378,2016-12-01,300,208,205,0,3,300,205,0,3,92,1,True,True,match,0,0,0,
20,PRC_X1F6N0Y8G0W2E1W0E3H2R4F3T5V9J6,2001349,2016-12-01,300,255,255,0,0,300,255,0,0,45,1,True,True,match,0,0,0,
20,PRC_X1L6F0T8T0P2N0V9F3Z3P5X7K5C2K9,2001336,2016-12-01,300,249,248,0,1,300,248,0,1,51,1,True,True,match,0,0,0,
20,PRC_W1V6U0X7A2V9G1M7P4V8R2M2M3J7I8,2001301,2016-12-01,300,258,256,0,2,300,256,0,2,42,1,True,True,match,0,0,0,
20,PRC_P1F6Y0R7Z2F6O1J4T2H2R1L2G1S5H2,2001196,2016-12-01,300,218,215,2,1,300,215,2,1,82,1,True,True,match,0,0,0,
20,PRC_N1N6E0V7H2R5U1V1J2T2L1Y3W3F4H1,2001127,2016-12-01,300,256,256,0,0,300,256,0,0,44,1,True,True,match,0,0,0,
20,PRC_X1Y6B0Z7Z1O9Z1J7K1J5Z4M9O0Y9N4,2000988,2016-12-01,300,259,258,0,1,300,258,0,1,41,1,True,True,match,0,0,0,
20,PRC_F1M6Q0H7J1W2P0Q9U0F1H0R9O9X2H4,2000819,2016-12-01,300,231,223,2,6,300,223,2,6,69,1,True,True,match,0,0,0,
20,ARC_J1T6J0D7O0U8P0K9V5E7Y0Q3M0H2H2,2000757,2016-12-01,300,225,222,0,3,300,222,0,3,75,1,True,True,match,0,0,0,
20,PRC_F1K6U0G7H0H1R1M6D0S5J5X5J9B1U9,2000631,2016-12-01,300,222,221,0,1,300,221,0,1,78,1,True,True,match,0,0,0,
20,PRC_T1X6H0Y7P0A1E1A5I5S6C0I7Z7D0Q1,2000629,2016-12-01,300,226,226,0,0,300,226,0,0,74,1,True,True,match,0,0,0,
20,ARC_I1S6S0A6K3B0A1X7V1K3R1D2R8H6C2,2000615,2016-12-01,300,231,201,12,18,300,201,12,18,69,1,True,True,match,0,0,0,
20,ARC_S1G6E0N6W3N0O1B5O1F0E2T9W0L5A4,2000598,2016-12-01,300,230,229,0,1,300,229,0,1,70,1,True,True,match,0,0,0,
20,ARC_R1F6R0A6S3L0C1Y5B1S3F0F6R3N6X2,2000596,2016-12-01,300,230,228,0,2,300,228,0,2,70,1,True,True,match,0,0,0,
20,ARC_K1K6F0X6W3N0X1R5R0C8E4K5H9Q2G2,2000593,2016-12-01,300,235,229,1,5,300,229,1,5,65,1,True,True,match,0,0,0,
20,ARC_M1E6B0O6F3K0Q1R5R0N6S0S4P2X3I2,2000591,2016-12-01,300,227,226,0,1,300,226,0,1,73,1,True,True,match,0,0,0,
20,PRC_P1G6H0U6D2P9L1D5D0U1E5C7O1S0S5,2000554,2016-12-01,300,245,241,0,4,300,241,0,4,55,1,True,True,match,0,0,0,
20,ARC_V1L6T0U6E2S7O1F1U0H6I3B8C7D0C1,2000490,2016-12-01,300,222,219,0,3,300,219,0,3,78,1,True,True,match,0,0,0,
20,ARC_T1Y6K0A6S2U3J1B0H2G8Z5K8J5Y4Y0,2000427,2016-12-01,300,238,236,0,2,300,236,0,2,62,1,True,True,match,0,0,0,
20,PRC_H1N6Q0X6K1Y7P1U6O3G1Y0C6M0Q5V1,2000322,2016-12-01,300,222,220,0,2,300,220,0,2,78,1,True,True,match,0,0,0,
20,PRC_W1W6T0B6G1R7L1B5E5O2Y3A4M6G6L7,2000317,2016-12-01,300,250,247,0,3,300,247,0,3,50,1,True,True,match,0,0,0,
20,ARC_R1B6J0X6Q1E6P1X5G3L0H2J8P9N6J3,2000288,2016-12-01,300,225,216,1,8,300,216,1,8,75,1,True,True,match,0,0,0,
20,PRC_O1T6E0N6T1A5F1O7L2C4C1Z7W1O8K0,2000266,2016-12-01,300,244,243,0,1,300,243,0,1,56,1,True,True,match,0,0,0,
20,PRC_G1F6W0S6E1Q5R0H9P4Y2Y4S5G4J0Z9,2000250,2016-12-01,300,220,220,0,0,300,220,0,0,80,1,True,True,match,0,0,0,
20,PRC_G1R6Y0T6T0M7B1B7S3H4S3V0N8U6S7,2000123,2016-12-01,300,255,253,0,2,300,253,0,2,45,1,True,True,match,0,0,0,
20,PRC_B1F6L1I1K1P7R1J6V4P7X0K1F9F6I5,2003680,2016-11-17,300,225,210,4,11,300,210,4,11,75,1,True,True,match,0,0,0,
20,PRC_W1C6W1E1B0R4G1J7E5N3D3C9Z9C1S5,2003665,2016-11-17,300,186,176,2,8,300,176,2,8,114,1,True,True,match,0,0,0,
20,PRC_E1J6T1A1K1U0H1F7H5X5A2D9J5J4Z8,2003664,2016-11-17,300,223,216,0,7,300,216,0,7,77,1,True,True,match,0,0,0,
20,PRC_D1P6P1V1F1G0B0W9B5X9J0K5L5F7T2,2003663,2016-11-17,300,193,189,1,3,300,189,1,3,107,1,True,True,match,0,0,0,
20,PRC_H1J6J1U1H0R9H1I8E2K2N0I7I0Q1U3,2003662,2016-11-17,300,195,194,0,1,300,194,0,1,105,1,True,True,match,0,0,0,
20,PRC_J1A6O1L1H0J4R1Q7H4C9H0L0D0Y5P7,2003661,2016-11-17,300,183,176,0,7,300,176,0,7,117,1,True,True,match,0,0,0,
20,PRC_Q1G6G1O1Q0H9Q2I0X5H0V2C6P1X8C6,2003660,2016-11-17,300,197,196,0,1,300,196,0,1,103,1,True,True,match,0,0,0,
20,PRC_T1I6M1L1R0I4M1P7R3V6R2B4W6W7V9,2003659,2016-11-17,300,187,185,0,2,300,185,0,2,113,1,True,True,match,0,0,0,
20,PRC_V1Z6E1F1Q0T4Z1M7N3I9S2Q0G3J4O6,2003658,2016-11-17,300,186,182,0,4,300,182,0,4,114,1,True,True,match,0,0,0,
20,PRC_A1S6E1Y1A0M7R0U9D4I0W2Q0I0B8Y7,2003657,2016-11-17,300,200,199,0,1,300,199,0,1,100,1,True,True,match,0,0,0,
20,PRC_I1B6D1D1T0O9I2L0T4G9D3W2S3Y9K4,2003656,2016-11-17,300,208,205,0,3,300,205,0,3,92,1,True,True,match,0,0,0,
20,PRC_I1Z6O1G1Y0L4G1U7B3C7V4U1I9P5W1,2003655,2016-11-17,300,191,184,2,5,300,184,2,5,109,1,True,True,match,0,0,0,
20,PRC_F1E6G1C1B0H7P0N9F3B8T3M3R0R0J3,2003654,2016-11-17,300,189,189,0,0,300,189,0,0,111,1,True,True,match,0,0,0,
20,PRC_R1G6F1V1F1T0Q1R7F0K5F5E0N3T7V9,2003653,2016-11-17,300,220,215,1,4,300,215,1,4,80,1,True,True,match,0,0,0,
20,PRC_V1U6P1O1P1R0V1S7U0F4V1N1F2E8P4,2003652,2016-11-17,300,224,224,0,0,300,224,0,0,76,1,True,True,match,0,0,0,
20,PRC_F1F6V1O1Q1B0J1O7B1B8M2H8O7J7M4,2003651,2016-11-17,300,216,213,0,3,300,213,0,3,84,1,True,True,match,0,0,0,
20,PRC_W1U6L1I1N0X7H1V1R1L3C4T3B3T7Y1,2003650,2016-11-17,300,189,184,2,3,300,184,2,3,111,1,True,True,match,0,0,0,
20,PRC_F1N6J1D1Z1B0Q1A6G5P9U5E0L0Q2X0,2003649,2016-11-17,300,226,223,0,3,300,223,0,3,74,1,True,True,match,0,0,0,
20,PRC_Y1M6L1N1J0B4K1F8B0M1X2Q9N8X6L3,2003648,2016-11-17,300,187,186,0,1,300,186,0,1,113,1,True,True,match,0,0,0,
20,PRC_J1W6R1Z1O0T4A1Y7D4B6Q4C6E1L3T9,2003647,2016-11-17,300,202,199,0,3,300,199,0,3,98,1,True,True,match,0,0,0,
20,PRC_L1H6Q1I1M1I0N1X7B2A1C5D0V4U4V3,2003646,2016-11-17,300,226,214,1,11,300,214,1,11,74,1,True,True,match,0,0,0,
20,PRC_J1A6X1R1A1D0X1J7S1M9E5L4V6V5T3,2003645,2016-11-17,300,225,186,16,23,300,186,16,23,75,1,True,True,match,0,0,0,
20,PRC_C1O6K1I1X1W0K1E7B0U9R2P2G9W8J5,2003644,2016-11-17,300,226,225,0,1,300,225,0,1,74,1,True,True,match,0,0,0,
20,PRC_D1Q6U1N1L1K0U1I7F0M2H0H6F9E0L4,2003643,2016-11-17,300,222,215,0,7,300,215,0,7,78,1,True,True,match,0,0,0,
20,PRC_B1G6X1L1D1D0O1B0S1C7T3R1R4D0O5,2003642,2016-11-17,300,221,213,0,8,300,213,0,8,79,1,True,True,match,0,0,0,
20,PRC_K1T6E1J1I1Y0V1Q0I0N8V5H0I7O7E7,2003641,2016-11-17,300,221,214,1,6,300,214,1,6,79,1,True,True,match,0,0,0,
20,PRC_I1D6B1Z1R1A0K1U7W1K1T2T2K8X1Y3,2003640,2016-11-17,300,218,216,0,2,300,216,0,2,82,1,True,True,match,0,0,0,
20,PRC_A1I6L1Z1M1M0E1V0J2J2R3M8F8P1T4,2003639,2016-11-17,300,224,210,3,11,300,210,3,11,76,1,True,True,match,0,0,0,
20,PRC_U1J6Z1Q1F1V0V1C0G0N9D4B4O6Y8Z1,2003636,2016-11-17,300,214,213,0,1,300,213,0,1,86,1,True,True,match,0,0,0,
20,PRC_W1U6X1R1M1B0H1P0Z1C1Q3M4A6R8T9,2003635,2016-11-17,300,219,218,0,1,300,218,0,1,81,1,True,True,match,0,0,0,
20,PRC_K1S6F1S1R1U0L1U0X0D7S2K9U7P1W0,2003634,2016-11-17,300,220,191,2,27,300,191,2,27,80,1,True,True,match,0,0,0,
20,PRC_F1T6E1G1Z1Z5U1Y5N2U1B1Y8E5O6V3,2003633,2016-11-17,300,228,228,0,0,300,228,0,0,72,1,True,True,match,0,0,0,
20,PRC_G1H6H1S1O1L5I1C5M2A2Z1I7R0X9S4,2003632,2016-11-17,300,230,228,0,2,300,228,0,2,70,1,True,True,match,0,0,0,
20,PRC_K1U6M1L1Y1G5X1Z5E2D3C2N5X4P8G9,2003630,2016-11-17,300,240,236,1,3,300,236,1,3,60,1,True,True,match,0,0,0,
20,PRC_J1Q6Y1I1T1U5O1T8A3V9G2V2B9V4C4,2003604,2016-11-17,300,220,196,10,14,300,196,10,14,80,1,True,True,match,0,0,0,
20,PRC_Z1W6T1Z1Z0M7W1A3Z5L8M1Z5R8G1E3,2003367,2016-11-17,300,224,217,1,6,300,217,1,6,76,1,True,True,match,0,0,0,
20,PRC_I1Y6I1B1S0E1E1U9S2L9L0Z2E7C4K3,2003192,2016-11-17,300,219,211,0,8,300,211,0,8,81,1,True,True,match,0,0,0,
20,ARC_J1O6X1L0N2D0L1P6M2I6O0S0J4R1V7,2002761,2016-11-17,300,224,213,1,10,300,213,1,10,76,1,True,True,match,0,0,0,
20,PRC_U1P6P1O0C1P8U1P5X1U6S4V6G4H9K0,2002673,2016-11-17,300,224,201,10,13,300,201,10,13,76,1,True,True,match,0,0,0,
20,ARC_R1D6M1F0C0H5D1F5F5G8V1L5Y4G4Q3,2002583,2016-11-17,300,226,215,4,7,300,215,4,7,74,1,True,True,match,0,0,0,
20,PRC_E1A6K1I0T0S4P1T9P1R3G0W8Z6V8G3,2002572,2016-11-17,300,222,208,3,11,300,208,3,11,78,1,True,True,match,0,0,0,
20,PRC_E1H6C1A0N0L4V1S9A0M5K4O8S6F4S2,2002571,2016-11-17,300,226,210,0,16,300,210,0,16,74,1,True,True,match,0,0,0,
20,PRC_E1A6Z0T9G3E0N1A4O2M2A3Y9C6C9X5,2002544,2016-11-17,300,198,185,2,11,300,185,2,11,102,1,True,True,match,0,0,0,
20,PRC_N1C6V0X9H2K3R1D5X2O8S1L9M8X8F5,2002443,2016-11-17,300,206,193,1,12,300,193,1,12,94,1,True,True,match,0,0,0,
20,PRC_F1S6N0D9C2T3I1I4A2R4M3G2U4P9Z6,2002431,2016-11-17,300,197,195,1,1,300,195,1,1,103,1,True,True,match,0,0,0,
20,ARC_U1I6X0O9O2E1T1U7Z1S0D1R0W4F7L3,2002384,2016-11-17,300,227,226,0,1,300,226,0,1,73,1,True,True,match,0,0,0,
20,ARC_V1F6J0X9S2V1J1D6B4C2J0Z2D7B1W4,2002379,2016-11-17,300,223,223,0,0,300,223,0,0,77,1,True,True,match,0,0,0,
20,PRC_O1S6D0U9N2W1Q0Z9N5A9K2D0I6Z4L8,2002358,2016-11-17,300,199,190,1,8,300,190,1,8,101,1,True,True,match,0,0,0,
20,PRC_F1L6Y0Y9A2F0H1B4Y4A5U5F5R6T4W8,2002341,2016-11-17,300,210,208,0,2,300,208,0,2,90,1,True,True,match,0,0,0,
20,PRC_O1Y6P0Q9E2P0X1J4Y4R5V0S1F7Y4P1,2002340,2016-11-17,300,215,213,0,2,300,213,0,2,85,1,True,True,match,0,0,0,
20,PRC_Q1Z6S0R9B2S0D1W4C3P7W5I1F2T8S6,2002337,2016-11-17,300,212,209,0,3,300,209,0,3,88,1,True,True,match,0,0,0,
20,ARC_A1D6N0F9G0E9M1T7F4B8E3C0T6E9E3,2002263,2016-11-17,300,200,198,0,2,300,198,0,2,100,1,True,True,match,0,0,0,
20,PRC_Q1O6P0G9J0T2L0N0K2Z5Q2B0G9N0C1,2002007,2016-11-17,300,207,207,0,0,300,207,0,0,93,1,True,True,match,0,0,0,
20,PRC_E1Q6T0B8T3R1H1E8M4U0R0C3Z9H6T6,2001997,2016-11-17,300,220,197,9,14,300,197,9,14,80,1,True,True,match,0,0,0,
20,PRC_N1Z6Z0W8H2P9L1C9N5N5Q4L6O1F2Q4,2001937,2016-11-17,300,219,216,0,3,300,216,0,3,81,1,True,True,match,0,0,0,
20,ARC_T1N6N0N8F2I9N1F9E2B4N3D0D4T9A5,2001930,2016-11-17,300,224,208,4,12,300,208,4,12,76,1,True,True,match,0,0,0,
20,PRC_K1B6P0H8O2Z9S1L7T5C8C2B4L3Q3D1,2001899,2016-11-17,300,229,229,0,0,300,229,0,0,71,1,True,True,match,0,0,0,
20,PRC_W1H6D0H8C2E5O1D6U3K9Y1S8G0P2Q1,2001815,2016-11-17,300,223,222,0,1,300,222,0,1,77,1,True,True,match,0,0,0,
20,PRC_K1K6A0D8F1M9Y1J7C3B8X2R3S7M8H5,2001699,2016-11-17,300,210,206,0,4,300,206,0,4,90,1,True,True,match,0,0,0,
20,PRC_D1G6F0B8R1N7O1D4W4P1W3B5I8J3Z5,2001621,2016-11-17,300,221,215,1,5,300,215,1,5,79,1,True,True,match,0,0,0,
20,ARC_G1U6E0Y8J1Y1J1C4K1X8I4C2P3K9I0,2001544,2016-11-17,300,217,217,0,0,300,217,0,0,83,1,True,True,match,0,0,0,
20,PRC_G1P6I0H8F0A5T1U0C5W3V5O4M5E7E0,2001428,2016-11-17,300,194,193,0,1,300,193,0,1,106,1,True,True,match,0,0,0,
20,PRC_Y1D6M0S8L0A4J1M8X1J2C1N7P0B2F3,2001423,2016-11-17,300,209,195,4,10,300,195,4,10,91,1,True,True,match,0,0,0,
20,PRC_C1H6J0N8L0M3W1Q8M0W6P0N8N8M0E9,2001399,2016-11-17,300,197,196,0,1,300,196,0,1,103,1,True,True,match,0,0,0,
20,PRC_B1E6H0S8Y0R3Z1F8I0U0O0Y0H9G7E3,2001397,2016-11-17,300,195,193,0,2,300,193,0,2,105,1,True,True,match,0,0,0,
20,PRC_B1E6J0G8F0C1L1C1A4B0H2E0V5A1O9,2001307,2016-11-17,300,219,199,1,19,300,199,1,19,81,1,True,True,match,0,0,0,
20,PRC_C1T6Y0T7J2Y9D1R7K4C6R0F9F3J3F4,2001300,2016-11-17,300,213,212,0,1,300,212,0,1,87,1,True,True,match,0,0,0,
20,PRC_Q1N6D0D7N2D8N1F0R4J3W0Z3Y4V3Q3,2001257,2016-11-17,300,212,188,8,16,300,188,8,16,88,1,True,True,match,0,0,0,
20,PRC_T1T6D0F7S2B8I1U0J1D0Y0R3B1R0J8,2001252,2016-11-17,300,213,206,0,7,300,206,0,7,87,1,True,True,match,0,0,0,
20,PRC_Q1E6L0P7U2J6S1H3M2A6Y2Y9E0R3G4,2001192,2016-11-17,300,216,211,0,5,300,211,0,5,84,1,True,True,match,0,0,0,
20,PRC_C1N6D0J7S2C5T1E8Q2V8V5W3H3S4R7,2001167,2016-11-17,300,224,224,0,0,300,224,0,0,76,1,True,True,match,0,0,0,
20,PRC_N1A6E0L7H2C2X1H4P5G0W5J6V2H7L1,2001077,2016-11-17,300,234,223,4,7,300,223,4,7,66,1,True,True,match,0,0,0,
20,PRC_Y1Q6F0D7R2A1S1V2Y4U0V3O6N8H5T1,2001024,2016-11-17,300,221,189,14,18,300,189,14,18,79,1,True,True,match,0,0,0,
20,PRC_W1G6G0P7R1V5Y1D4A5W1C2W8C0K3Y5,2000913,2016-11-17,300,227,215,0,12,300,215,0,12,73,1,True,True,match,0,0,0,
20,ARC_T1O6B0V7Q1E5M1X1D3S3Z2Y0S7L9F5,2000906,2016-11-17,300,229,224,0,5,300,224,0,5,71,1,True,True,match,0,0,0,
20,ARC_B1D6V0E7U1R4F1S7X3U9X0X8R5P5Z6,2000889,2016-11-17,300,219,217,0,2,300,217,0,2,81,1,True,True,match,0,0,0,
20,PRC_T1K6Q0X7L1U4P1L6Q3F6U2L0M3I8R9,2000883,2016-11-17,300,225,224,0,1,300,224,0,1,75,1,True,True,match,0,0,0,
20,PRC_D1E6X0Q7Q1T4O1M6J3A5D1E8O6J4Q7,2000881,2016-11-17,300,229,229,0,0,300,229,0,0,71,1,True,True,match,0,0,0,
20,PRC_D1M6Y0T7T1I3T1Q4V1K1A0F7M9V5Y7,2000851,2016-11-17,300,233,229,0,4,300,229,0,4,67,1,True,True,match,0,0,0,
20,PRC_I1A6C0B7D1H2E1Z5E5G6Y1I7W4Y1T3,2000832,2016-11-17,300,196,184,2,10,300,184,2,10,104,1,True,True,match,0,0,0,
20,PRC_I1B6V0Q7N1I1B1P4U1B4K1P9K4S9O8,2000796,2016-11-17,300,218,218,0,0,300,218,0,0,82,1,True,True,match,0,0,0,
20,ARC_I1Z6J0G7D0J8Q1A4H4G5G2M3B2J0Z3,2000768,2016-11-17,300,226,222,0,4,300,222,0,4,74,1,True,True,match,0,0,0,
20,PRC_A1F6M0Q6N3O0W1X7I5H3U5F6K3F9X2,2000618,2016-11-17,300,213,213,0,0,300,213,0,0,87,1,True,True,match,0,0,0,
20,ARC_V1F6Y0X6C3L0C1E5N5A2P2C1M9B1V3,2000607,2016-11-17,300,225,209,4,12,300,209,4,12,75,1,True,True,match,0,0,0,
20,ARC_B1E6V0X6O3F0A1G5W1S5W3Y0U6M4H6,2000599,2016-11-17,300,221,217,0,4,300,217,0,4,79,1,True,True,match,0,0,0,
20,ARC_W1G6H0S6B3V0X1X3A4P4P4F7U3N7S9,2000583,2016-11-17,300,225,219,1,5,300,219,1,5,75,1,True,True,match,0,0,0,
20,ARC_O1D6U0X6Q2K9H1G7Z3M1V0M5Z2E9G6,2000564,2016-11-17,300,207,204,0,3,300,204,0,3,93,1,True,True,match,0,0,0,
20,ARC_X1E6C0M6A2O9D1J6B3X9R0U3I1T6H3,2000560,2016-11-17,300,221,205,9,7,300,205,9,7,79,1,True,True,match,0,0,0,
20,PRC_D1R6C0V6O2T8O1S5A3U8B4Z5M8N6N0,2000530,2016-11-17,300,226,226,0,0,300,226,0,0,74,1,True,True,match,0,0,0,
20,PRC_W1E6M0G6E2M8L1L5S3K7P2Q3T1Q3R5,2000529,2016-11-17,300,223,223,0,0,300,223,0,0,77,1,True,True,match,0,0,0,
20,PRC_A1I6D0K6T2P8C1Q4V5V1A0S0B2C3X8,2000525,2016-11-17,300,198,197,0,1,300,197,0,1,102,1,True,True,match,0,0,0,
20,ARC_A1K6S0X6V2W7I1S4N5J7X0S1C8T4M6,2000504,2016-11-17,300,224,221,0,3,300,221,0,3,76,1,True,True,match,0,0,0,
20,ARC_Y1U6L0U6E2I7I1Y3U5J5B1L8M2S4P5,2000495,2016-11-17,300,226,220,0,6,300,220,0,6,74,1,True,True,match,0,0,0,
20,PRC_R1N6X0E6B2L4Z1A7H5V1U0F4M8W9X5,2000482,2016-11-17,300,230,230,0,0,300,230,0,0,70,1,True,True,match,0,0,0,
20,ARC_Y1J6I0Z6J2G4R1F6I1Q1A3I2O9A7D4,2000474,2016-11-17,300,208,204,1,3,300,204,1,3,92,1,True,True,match,0,0,0,
20,PRC_Y1H6Q0V6B2G3Z1U5X2E1K1Z7B1K1Q3,2000446,2016-11-17,300,195,184,2,9,300,184,2,9,105,1,True,True,match,0,0,0,
20,PRC_M1M6T0I6W2H3U1H3S1Q0Q1E5P2S1H7,2000431,2016-11-17,300,192,192,0,0,300,192,0,0,108,1,True,True,match,0,0,0,
20,ARC_F1R6S0P6L2A2Q1J1S1Q5I2M2Q6O1P0,2000394,2016-11-17,300,217,216,0,1,300,216,0,1,83,1,True,True,match,0,0,0,
20,ARC_F1X6T0P6S2J2P1I0K4A0T2G2L8M6Q8,2000391,2016-11-17,300,215,214,0,1,300,214,0,1,85,1,True,True,match,0,0,0,
20,PRC_D1B6P0I6U2W0L1J1U3V2C4D9S8U4Z7,2000342,2016-11-17,300,186,178,1,7,300,178,1,7,114,1,True,True,match,0,0,0,
20,PRC_P1S6K0I6N1T5C1O7P5N6R2X8A9O9V7,2000275,2016-11-17,300,186,182,1,3,300,182,1,3,114,1,True,True,match,0,0,0,
20,PRC_J1R6E0U6B1U5D1S7G2W5M3L4K4O2E3,2000267,2016-11-17,300,225,224,0,1,300,224,0,1,75,1,True,True,match,0,0,0,
20,PRC_V1X6X0A6E1E3Z1P3J5H5D0B4C3D0E2,2000193,2016-11-17,300,225,223,1,1,300,223,1,1,75,1,True,True,match,0,0,0,
20,ARC_G1G6F0S5N3T1J1Z5C4E7A1N7M8B0J0,2000058,2016-11-17,300,227,218,1,8,300,218,1,8,73,1,True,True,match,0,0,0,
20,PRC_R1Z6Y0M5H3G0J0U9C2H9R5O3J6A5Q0,2000010,2016-11-17,300,205,198,0,7,300,198,0,7,95,1,True,True,match,0,0,0,
20,PRC_B1L6M1K0L2F4D1Q1P0B0D2H0O2R5E5,2003229,2016-11-03,300,263,255,0,8,300,255,0,8,37,1,True,True,match,0,0,0,
20,PRC_H1I6Z1L0N1H4B1J6R2E1Q3D5N8P8G4,2002644,2016-11-03,300,264,262,0,2,300,262,0,2,36,1,True,True,match,0,0,0,
20,PRC_P1L6R0Q9T2A1O1E4T0O4Z3A7B5D1Z5,2002426,2016-11-03,300,262,226,11,25,300,226,11,25,38,1,True,True,match,0,0,0,
20,PRC_A1H6I0A9P0G1F1O7J3S2K3D6H6K1B4,2002040,2016-11-03,300,261,255,0,6,300,255,0,6,39,1,True,True,match,0,0,0,
20,PRC_H1U6A0D7I2U6Z1H6L1E2A3R1X3O3Y9,2001207,2016-11-03,300,255,246,1,8,300,246,1,8,45,1,True,True,match,0,0,0,
20,PRC_T1R6S0X7L1H4X1L6K3P4G2T7A5X4Z3,2000880,2016-11-03,300,261,258,0,3,300,258,0,3,39,1,True,True,match,0,0,0,
20,PRC_H1K6M0G7O1A4H1L6Y3L3V0J0X5F3E8,2000879,2016-11-03,300,263,262,0,1,300,262,0,1,37,1,True,True,match,0,0,0,
20,PRC_O1O6C0R7X1K4J1J6U3K1E2H9F1B5Q5,2000878,2016-11-03,300,262,262,0,0,300,262,0,0,38,1,True,True,match,0,0,0,
20,PRC_E1X6U0F7M1K4B1X6L3D0U0Z3N2L5M0,2000877,2016-11-03,300,262,258,0,4,300,258,0,4,38,1,True,True,match,0,0,0,
20,PRC_F1F6L0I7T1S4W1A6Q1Q9T5B5W0R3K6,2000875,2016-11-03,300,255,253,0,2,300,253,0,2,45,1,True,True,match,0,0,0,
20,PRC_R1G6N0W7K1N4G1H6Z1G8F4E5H9V2Y8,2000874,2016-11-03,300,259,257,0,2,300,257,0,2,41,1,True,True,match,0,0,0,
20,PRC_M1Q6Y0V7I1T4U1J6Q1L7O1G8D1H1U7,2000873,2016-11-03,300,260,259,0,1,300,259,0,1,40,1,True,True,match,0,0,0,
20,PRC_D1F6W0Y7Q1F4Q1I6P1R6Y0Z7V0Y8D1,2000872,2016-11-03,300,262,262,0,0,300,262,0,0,38,1,True,True,match,0,0,0,
20,PRC_T1L6J0S7Q1I4P1X6W1A3J5B8Y4E8F6,2000871,2016-11-03,300,257,257,0,0,300,257,0,0,43,1,True,True,match,0,0,0,
20,PRC_F1N6W0X7X1R4A1Y6B1K2Y2Q0F8V8U3,2000870,2016-11-03,300,258,258,0,0,300,258,0,0,42,1,True,True,match,0,0,0,
20,PRC_P1J6S0V6T2N8E1L5R3P5X5Q4Y3U4P6,2000528,2016-11-03,300,258,255,0,3,300,255,0,3,42,1,True,True,match,0,0,0,
20,PRC_S1H6J0Y6L2X8E1W5U3K4C4D1Y8B5H2,2000527,2016-11-03,300,260,257,0,3,300,257,0,3,40,1,True,True,match,0,0,0,
20,PRC_O1W6G0P6W2A8S1U5Q3P2H4Y6Y4S5S1,2000526,2016-11-03,300,256,254,0,2,300,254,0,2,44,1,True,True,match,0,0,0,
20,ARC_H1W6P0E6O2G2V1N8H3N7F2H9N6Q8B1,2000424,2016-11-03,300,237,235,0,2,300,235,0,2,63,1,True,True,match,0,0,0,
20,PRC_G1G6T0T9A0O9Y1D4L4J8N3N9G0E4G3,2002269,2016-09-21,300,203,200,0,3,300,200,0,3,97,1,True,True,match,0,0,0,
20,PRC_R1L6C0H6L1R4U1F8X0B1T2A0E4Q5M2,2000248,2016-09-07,300,273,271,0,2,300,271,0,2,27,1,True,True,match,0,0,0,
20,PRC_B1G6Q0E6Q1B4D1V7J5C9U2Z8J8S7P0,2000247,2016-09-07,300,273,273,0,0,300,273,0,0,27,1,True,True,match,0,0,0,
20,PRC_F1D6F0I6O1X4B1D7E5U7M3L9I3I2G2,2000246,2016-09-07,300,275,271,0,4,300,271,0,4,25,1,True,True,match,0,0,0,
20,PRC_K1G6V0C6T1D4M1V7A5B7L2V2S5H8X9,2000245,2016-09-07,300,274,270,0,4,300,270,0,4,26,1,True,True,match,0,0,0,
20,PRC_E1L6F0H6M1P4L1H7S5O4Y3S0Q2A6S6,2000244,2016-09-07,300,278,278,0,0,300,278,0,0,22,1,True,True,match,0,0,0,
20,PRC_H1K6H0Y6I1A4N1Q7N5Z3D0L4G2V9A4,2000242,2016-09-07,300,274,271,0,3,300,271,0,3,26,1,True,True,match,0,0,0,
20,PRC_H1H6Q0W6Y1G4M1M7G5P1W3C4Q6G2X5,2000240,2016-09-07,300,276,276,0,0,300,276,0,0,24,1,True,True,match,0,0,0,
20,PRC_V1Z6G0T6K1Y4U1A7E5A0R0G6G0R9D1,2000239,2016-09-07,300,277,275,0,2,300,275,0,2,23,1,True,True,match,0,0,0,
20,PRC_H1W6O0P6A1I4P1R7P4C6T2U1L7O0W6,2000235,2016-09-07,300,274,273,0,1,300,273,0,1,26,1,True,True,match,0,0,0,
20,PRC_M1U6L0S6F1M4B1O7S2U7H1O2Y3X6T8,2000232,2016-09-07,300,270,269,0,1,300,269,0,1,30,1,True,True,match,0,0,0,
20,PRC_P1F6E0M9O0X1E0Z0G3R5N1Q7T1G4U0,2002009,2016-09-02,300,216,209,1,6,300,209,1,6,84,1,True,True,match,0,0,0,
20,PRC_A1G6G0N8P1F9E0L9O5H4J5F2H1Y6C1,2001794,2016-09-02,300,205,197,1,8,300,197,1,8,94,1,True,True,match,0,0,0,
20,PRC_E1P6S0C7L2S6C1C1G0D6B4O1P8P6K4,2001178,2016-09-02,300,216,215,0,1,300,215,0,1,84,1,True,True,match,0,0,0,
20,PRC_I1Z6N0V7W2O6L1W1T0R6W1P4S0W1T8,2001177,2016-09-02,300,213,213,0,0,300,213,0,0,87,1,True,True,match,0,0,0,
20,PRC_H1Y6N0Q7E2Z6G1E1M0H5N5N0X4J3O6,2001176,2016-09-02,300,217,213,0,4,300,213,0,4,83,1,True,True,match,0,0,0,
20,PRC_R1G6I0Y7A2N6Q1F1W0P5Y1I2W7A0P1,2001175,2016-09-02,300,216,215,0,1,300,215,0,1,84,1,True,True,match,0,0,0,
20,PRC_M1K6B0U7N2Q6S1D1M0E4T5J1T7Z0C4,2001174,2016-09-02,300,217,204,4,9,300,204,4,9,83,1,True,True,match,0,0,0,
20,PRC_E1C6R0S7U2G6C1C1P0N4H2I3U6S7Q4,2001173,2016-09-02,300,215,212,0,3,300,212,0,3,85,1,True,True,match,0,0,0,
20,PRC_J1D6J0D7Q2V6U1P1F0T3Q4G9X0B7W2,2001172,2016-09-02,300,213,211,1,1,300,211,1,1,87,1,True,True,match,0,0,0,
20,PRC_S1A6U0I7H2A6W1Y1Y0F3K3U0Q5M4M0,2001171,2016-09-02,300,216,212,0,4,300,212,0,4,84,1,True,True,match,0,0,0,
20,PRC_P1G6U0O7V2N6L1I1O0V2E1B8K0B9O8,2001170,2016-09-02,300,217,210,0,7,300,210,0,7,83,1,True,True,match,0,0,0,
20,PRC_H1C6U0R5J3X1B1L1A0W9I2S5W8K6M0,2000054,2016-09-02,300,215,195,17,3,300,195,17,3,85,1,True,True,match,0,0,0,
20,PRC_W1N6I0Z5R3A1S1D1S0B8C2J3C2R3X7,2000053,2016-09-02,300,214,212,0,2,300,212,0,2,86,1,True,True,match,0,0,0,
20,PRC_Q1J6M0A7U0K5U1H8O1V1S2U8A7X9M1,2000696,2016-07-06,300,279,266,5,8,300,266,5,8,21,1,True,True,match,0,0,0,
20,PRC_V1C6U0W7B0I5N1P8T0U8M0F3Q4C1K2,2000695,2016-07-06,300,276,262,2,12,300,262,2,12,24,1,True,True,match,0,0,0,
20,PRC_P1P6O0W7W0V5H1L8H0H5X4M2X9O3J2,2000694,2016-07-06,300,275,274,0,1,300,274,0,1,25,1,True,True,match,0,0,0,
20,PRC_T1S6J0R7G0T5G1O8A0M1S4F2R2C9A0,2000693,2016-07-06,300,275,269,2,4,300,269,2,4,25,1,True,True,match,0,0,0,
20,PRC_I1M6X0N7N0G5F1Y7W3A7A0B7L5Z3A5,2000692,2016-07-06,300,272,268,1,3,300,268,1,3,28,1,True,True,match,0,0,0,
20,PRC_T1X6F0B7C0S5U1C7U3O3F1J7D5B6Q2,2000691,2016-07-06,300,275,272,2,1,300,272,2,1,25,1,True,True,match,0,0,0,
20,PRC_G1R6Q0Q7Z0J5Z1I7C2M3X3V7S1G6D6,2000690,2016-07-06,300,270,264,1,5,300,264,1,5,30,1,True,True,match,0,0,0,
20,PRC_R1M6T0I7Y0U6U1P3S5C2P2R7Q8W8E2,2000689,2016-07-06,300,250,250,0,0,300,250,0,0,50,1,True,True,match,0,0,0,
20,PRC_O1A6X0B6T1J3R0O8Y1J2V0X5Y8Z4J7,2000190,2016-06-13,300,250,248,1,1,300,248,1,1,50,1,True,True,match,0,0,0,
20,PRC_C1Z6N0X6S0W9I1Y5L0O6P1M6I1D0U5,2000158,2016-06-09,300,159,158,0,1,300,158,0,1,141,1,True,True,match,0,0,0,
21,PRC_F2O4R0S5L2F8D1N7D4K9Q5U0N8K8M2,2126704,2024-05-28,296,160,160,0,0,296,160,0,0,136,1,True,True,match,0,0,0,
21,PRC_S2B4F0A5U2N8Z1K7L4C9T1O6Z9A9K1,2126703,2024-05-28,296,160,160,0,0,296,160,0,0,136,1,True,True,match,0,0,0,
21,PRC_T2R4D0L5X2E8X1N7Q4D8K3V1A2S6R2,2126702,2024-05-28,296,161,157,0,4,296,157,0,4,135,1,True,True,match,0,0,0,
21,PRC_D2W4M0Y5X2S8S1O7X4L7I3M8B3M1R0,2126701,2024-05-28,296,162,162,0,0,296,162,0,0,134,1,True,True,match,0,0,0,
21,PRC_K2F3G1W2J2P7W1O7O0Y3V5Y5I1T9N4,2126700,2024-05-28,296,160,149,1,10,296,149,1,10,136,1,True,True,match,0,0,0,
21,PRC_A2M3M1P2V2U7D1N7U0D2I5Q0A3V9S7,2126699,2024-05-28,296,162,162,0,0,296,162,0,0,134,1,True,True,match,0,0,0,
21,PRC_G2I3F1V2N1N3V1V7C1S1U1Z5E7D1E3,2126698,2024-05-28,296,161,161,0,0,296,161,0,0,135,1,True,True,match,0,0,0,
21,PRC_U2P4U0T5I2C8Z1U3G5X2D1X7S5D1E4,2126694,2024-05-28,296,168,167,0,1,296,167,0,1,128,1,True,True,match,0,0,0,
21,PRC_Q2H4P0F5K2F8K1L3Z5O1L3Y6I0H8C6,2126693,2024-05-28,296,166,160,0,6,296,160,0,6,130,1,True,True,match,0,0,0,
21,PRC_K2P4E0G5I2B8Z1Z3R5J0X5D5P0F8C2,2126692,2024-05-28,296,168,167,0,1,296,167,0,1,128,1,True,True,match,0,0,0,
21,PRC_U2K4F0P5T2I8D1B3S5Y0R0X9V1Z9I0,2126691,2024-05-28,296,168,167,0,1,296,167,0,1,128,1,True,True,match,0,0,0,
21,PRC_X2M4M0O5Z2R8X1B3A4X9L2H4L2B2L7,2126690,2024-05-28,296,168,167,0,1,296,167,0,1,128,1,True,True,match,0,0,0,
21,PRC_U2Y4W0M5M2E8I1X3D4H7C1K8W1V8I1,2126689,2024-05-28,296,167,166,0,1,296,166,0,1,129,1,True,True,match,0,0,0,
21,PRC_K2A4M0S5C2L8V1E3V4Q6P1U7N1Z5U6,2126688,2024-05-28,296,168,167,0,1,296,167,0,1,128,1,True,True,match,0,0,0,
21,PRC_B2P3F1B2E2Z7E1B3V2H8K4A3Z4O4B1,2126666,2024-05-28,296,170,170,0,0,296,170,0,0,126,1,True,True,match,0,0,0,
21,PRC_V2J3D0U3G2F3C1I5G0Q3Y2J8B5V1E3,2120837,2024-05-28,296,162,162,0,0,296,162,0,0,134,1,True,True,match,0,0,0,
21,PRC_H2K4V0R5I0R2O1O3I5H7Y2M7E1Z6H0,2126663,2024-05-02,296,165,164,0,1,296,164,0,1,131,1,True,True,match,0,0,0,
21,PRC_V2Z4S0Z5Q0F1Q2L0U2F6N1M9K6O0R1,2126661,2024-05-02,296,260,257,0,3,296,257,0,3,36,1,True,True,match,0,0,0,
21,PRC_L2T3T0R9S0Q7P0P9L0L0K4L2J7J6H0,2124295,2024-05-02,296,168,168,0,0,296,168,0,0,128,1,True,True,match,0,0,0,
21,PRC_H2Z4O0S2N2Q8V1U5M1K0H2V2O0W8B8,2126589,2024-02-29,297,260,257,0,3,297,257,0,3,37,1,True,True,match,0,0,0,
21,PRC_B2F4N0L2H2W8T1S5I1D0N0S2B9C7S5,2126588,2024-02-29,297,259,189,34,36,297,189,34,36,38,1,True,True,match,0,0,0,
21,PRC_W2S4E0P2F2T8W1T5Z1Z0B3W4R6K4P9,2126587,2024-02-29,297,262,261,0,1,297,261,0,1,35,1,True,True,match,0,0,0,
21,PRC_N2N4D0Y2N2H2K1G7P2V0R3X0L6C2L4,2126583,2024-02-29,297,222,220,0,2,297,220,0,2,75,1,True,True,match,0,0,0,
21,PRC_O2P4H0Q2P2P2A1Y7I1U4N2N7T6Z5Y2,2126582,2024-02-29,297,216,216,0,0,297,216,0,0,81,1,True,True,match,0,0,0,
21,PRC_B2O4E0Y2V2C2H1K7T1P7D0N4G0T5L5,2126581,2024-02-29,297,211,210,0,1,297,210,0,1,86,1,True,True,match,0,0,0,
21,PRC_G2P4J0Z2C2H2N1L7I1S6Q2L2Q2J9X4,2126580,2024-02-29,297,216,213,0,3,297,213,0,3,81,1,True,True,match,0,0,0,
21,PRC_O2S4H0D2V2I2P1H8G2Q3W3C6J3I5Y6,2126578,2024-02-29,297,212,149,29,34,297,149,29,34,85,1,True,True,match,0,0,0,
21,PRC_L2E4N0E2V2X2R1D8R1T7Q5Q4S1W4Y3,2126577,2024-02-29,297,218,217,0,1,297,217,0,1,79,1,True,True,match,0,0,0,
21,PRC_P2K4P0P2J2V2Z1T8L2N4L5P1Q3X5E3,2126576,2024-02-29,297,228,222,0,6,297,222,0,6,69,1,True,True,match,0,0,0,
21,PRC_S2L4L0M2H2M2L1E8I2A2Z0B3K1E2U5,2126575,2024-02-29,297,219,219,0,0,297,219,0,0,78,1,True,True,match,0,0,0,
21,PRC_M2U4E0G2Z2K6C1K0R1X0R0F9B4K4U6,2126570,2024-02-29,297,201,172,18,11,297,172,18,11,96,1,True,True,match,0,0,0,
21,PRC_G2Q3T1K2Z2J0G1C9L3W6X3M8S2M4D2,2126569,2024-02-29,297,206,200,1,5,297,200,1,5,91,1,True,True,match,0,0,0,
21,PRC_V2A4R0Q2O2C6G1W0N1J0S4X5T2A8G2,2126568,2024-02-29,297,206,196,2,8,297,196,2,8,91,1,True,True,match,0,0,0,
21,PRC_B2R3P1Q2K0T7L1M5L1H3Y5E2B7I6L5,2126567,2024-02-29,297,222,222,0,0,297,222,0,0,75,1,True,True,match,0,0,0,
21,PRC_D2O3T0X2J2M1X1C5N5F1N3E6H4C2R8,2126566,2024-02-29,297,213,213,0,0,297,213,0,0,84,1,True,True,match,0,0,0,
21,PRC_Q2W3K1X2Q1K9Y1E5H1T2Z4W6Z1X3A0,2126565,2024-02-29,297,205,203,0,2,297,203,0,2,92,1,True,True,match,0,0,0,
21,PRC_Z2U3B1P2U1T9M1A6W3X0G0I5R1T7B4,2126465,2024-02-29,297,201,201,0,0,297,201,0,0,96,1,True,True,match,0,0,0,
21,PRC_Q2S3Z1B2U1M9T1V6O1L4Q5A4B1E4I7,2126464,2024-02-29,297,193,191,0,2,297,191,0,2,104,1,True,True,match,0,0,0,
21,PRC_Y2O3Z1R2Y1Y9A1X6X2M8W4A8S3Q7H3,2126462,2024-02-29,297,199,197,0,2,297,197,0,2,98,1,True,True,match,0,0,0,
21,PRC_S2L3S1L2Q1H9T1R6X2Y0T3S1Z8R6S9,2126461,2024-02-29,297,199,198,0,1,297,198,0,1,98,1,True,True,match,0,0,0,
21,PRC_S2M3L1T2S1P9C1O9B4C6D0W4R8X4P6,2126460,2024-02-29,297,211,211,0,0,297,211,0,0,86,1,True,True,match,0,0,0,
21,PRC_N2U3G1G2O2S0N1K9U3U3J1G9I4W5D2,2126459,2024-02-29,297,204,204,0,0,297,204,0,0,93,1,True,True,match,0,0,0,
21,PRC_R2U3X1X2T1Z9W1X6B1G7G0D1B3A1A5,2126457,2024-02-29,297,200,199,0,1,297,199,0,1,97,1,True,True,match,0,0,0,
21,PRC_T2X3M1O2N1N9W1O9B4L5K2M4L7Z8I6,2126455,2024-02-29,297,209,208,0,1,297,208,0,1,88,1,True,True,match,0,0,0,
21,PRC_H2S3F1T2R0V6J1P4J3Z2K1M9S6B6A8,2126450,2024-02-29,297,200,199,0,1,297,199,0,1,97,1,True,True,match,0,0,0,
21,PRC_P2N3H1S2O1U9I1E9J4U8K2P7B4Y6W6,2126445,2024-02-29,297,215,215,0,0,297,215,0,0,82,1,True,True,match,0,0,0,
21,PRC_G2L4T0O1V2I3T1O5J0K7X5D9W1X4Y9,2126437,2024-02-29,297,195,188,2,5,297,188,2,5,102,1,True,True,match,0,0,0,
21,PRC_G2E4H0U1N2S9B1X7D4J1B0G3H9X3B7,2126423,2024-02-29,297,214,207,3,4,297,207,3,4,83,1,True,True,match,0,0,0,
21,ARC_Q2J3O1A1O1U3N1R0A2E2C1F1A7S6L9,2125346,2024-02-29,297,216,214,0,2,297,214,0,2,81,1,True,True,match,0,0,0,
21,PRC_B2C3A1Z0Y2G7F1F1E0D1L4J1I5J6H6,2125197,2024-02-29,297,227,223,0,4,297,223,0,4,70,1,True,True,match,0,0,0,
21,ARC_B2D3T0N9H0R7V1E7U5E8Z5T5U9U7J8,2124304,2024-02-29,297,224,224,0,0,297,224,0,0,73,1,True,True,match,0,0,0,
21,PRC_F2O3O0N8N1M8M1U0S1T9R2S3Q1R9M6,2123950,2024-02-29,297,198,198,0,0,297,198,0,0,99,1,True,True,match,0,0,0,
21,PRC_M2H3I0G7F1F3D1E3M2N9L4J0K5I0J8,2123592,2024-02-29,297,210,210,0,0,297,210,0,0,87,1,True,True,match,0,0,0,
21,PRC_I2J3H0G7G1F8F1N5M2M3K4L2J7K2G4,2123371,2024-02-29,297,200,197,1,2,297,197,1,2,97,1,True,True,match,0,0,0,
21,PRC_Y2Z3X0T7S0Q4R0Q9Y4W3V0U6V4D7B1,2123336,2024-02-29,297,201,201,0,0,297,201,0,0,96,1,True,True,match,0,0,0,
21,PRC_P2Q3L0K6L0J8J1I6I3Q2R4P5Q4O9O5,2123255,2024-02-29,297,220,219,0,1,297,219,0,1,77,1,True,True,match,0,0,0,
21,PRC_S2S3Q0R6P1Q4P1K0L0J4K0I3J4H5P2,2122935,2024-02-29,297,209,209,0,0,297,209,0,0,88,1,True,True,match,0,0,0,
21,PRC_G2F3B0K6J2I1C0B9B1J4R0Q9N4K1I2,2122930,2024-02-29,297,205,203,0,2,297,203,0,2,92,1,True,True,match,0,0,0,
21,PRC_A2A3Z0A6Y0Y7U1T1T1R0S2Q9R1Z4X4,2122572,2024-02-29,297,209,207,0,2,297,207,0,2,88,1,True,True,match,0,0,0,
21,ARC_Z2H3E0B5P2Z6O1H8M5V3X2K0J2R3Q5,2122345,2024-02-29,297,229,219,0,10,297,219,0,10,68,1,True,True,match,0,0,0,
21,PRC_A2B3A0V4U2S7R1S6A1Z4X3Y0Y3H8I8,2121894,2024-02-29,297,209,204,0,5,297,204,0,5,88,1,True,True,match,0,0,0,
21,PRC_X2Y3P0W4R2B1J1A7C3P9S4G4P3H7Z7,2121568,2024-02-29,297,203,201,0,2,297,201,0,2,94,1,True,True,match,0,0,0,
21,PRC_T2Y3X0W3E3F0E1D5B5J4K1J5H7G7C7,2121378,2024-02-29,297,207,204,0,3,297,204,0,3,90,1,True,True,match,0,0,0,
21,PRC_S2R3Z0A3Z1X0J1I5G4E3N4O6M1L2K2,2121306,2024-02-29,297,226,226,0,0,297,226,0,0,71,1,True,True,match,0,0,0,
21,PRC_G2Q3O0T1N0X9D0P9J4I7K2K3C9I3R0,2119826,2024-02-29,297,225,225,0,0,297,225,0,0,72,1,True,True,match,0,0,0,
21,ARC_L2Z3V0D2C0U1S1N4L0F8P2D7F8Y1J6,2119747,2024-02-29,297,212,212,0,0,297,212,0,0,85,1,True,True,match,0,0,0,
21,ARC_Y2Y3P0S1W1H8U1O7D3Z8V4P2N8W6D4,2119559,2024-02-29,297,219,216,0,3,297,216,0,3,78,1,True,True,match,0,0,0,
21,PRC_H2Q2B1C2O2F0R1T7O0Z2A5B6S2K2W0,2119105,2024-02-29,297,215,213,0,2,297,213,0,2,82,1,True,True,match,0,0,0,
21,PRC_G2Y2L1P1K1W8R1U2O5A0H4M3B9D6G1,2118452,2024-02-29,297,214,212,0,2,297,212,0,2,83,1,True,True,match,0,0,0,
21,PRC_P2A2V1L0Q1T8O1O5R5S5Z0S3I3N4Q0,2118192,2024-02-29,297,216,208,0,8,297,208,0,8,81,1,True,True,match,0,0,0,
21,PRC_T2X2I0C8X1L1X1T7W1C9H4W9U2I3G1,2117286,2024-02-29,297,192,192,0,0,297,192,0,0,105,1,True,True,match,0,0,0,
21,PRC_H2L1J1L1P1E0X1A5H1Y3S4L9H6M7V2,2116475,2024-02-29,297,210,207,0,3,297,207,0,3,87,1,True,True,match,0,0,0,
21,PRC_S2W2F0F1H2I1C1Z5R4A0J1M1K2H4N1,2114506,2024-02-29,297,199,199,0,0,297,199,0,0,98,1,True,True,match,0,0,0,
21,PRC_V2N1J1N2C2X7W1U0Y3Q3N3A4E9J7Z5,2114191,2024-02-29,297,203,201,0,2,297,201,0,2,94,1,True,True,match,0,0,0,
21,PRC_P2C1Y1V1I0F9M1S4X0U2N3I6U5E8D0,2113192,2024-02-29,297,218,216,0,2,297,216,0,2,79,1,True,True,match,0,0,0,
21,PRC_X2R1S0H3Y0N2I1G8W0P9J5Y5L2J7P6,2108738,2024-02-29,297,221,221,0,0,297,221,0,0,76,1,True,True,match,0,0,0,
21,ARC_A2V0W0Q7U1Y3T1Z3J3F3N3M5G0Y4U0,2101833,2024-02-29,297,200,200,0,0,297,200,0,0,97,1,True,True,match,0,0,0,
21,PRC_D2R3O1M2I1U8I1U6K2R2P4Q4L9I8P8,2126467,2024-02-01,298,209,207,0,2,298,207,0,2,89,1,True,True,match,0,0,0,
21,PRC_U2Y3T1Q2C1C8W1F6N2L5R4J0P8C9G8,2126466,2024-02-01,298,207,205,0,2,298,205,0,2,91,1,True,True,match,0,0,0,
21,PRC_I2Q3C1W1P2P1Z2J2E1W4G0R0S4B7F3,2126463,2024-02-01,298,208,206,0,2,298,206,0,2,90,1,True,True,match,0,0,0,
21,PRC_D2B3N1T2T2N0K1Q9S3Q4A0Y6R2P3E6,2126458,2024-02-01,298,192,189,1,2,298,189,1,2,106,1,True,True,match,0,0,0,
21,PRC_V2L3S1T2W1W9J1L6T0P4A0Y6S0O1R5,2126456,2024-02-01,298,197,187,5,5,298,187,5,5,101,1,True,True,match,0,0,0,
21,PRC_I2K3Z1V1O2K1C2M2V3V9Q2Z1A6D5B7,2126454,2024-02-01,298,206,199,0,7,298,199,0,7,92,1,True,True,match,0,0,0,
21,PRC_O2Q3S1V1X2C2E2A0B4Z2L0N3G4J9O2,2126453,2024-02-01,298,206,200,0,6,298,200,0,6,92,1,True,True,match,0,0,0,
21,PRC_X2L3G1Y2W1A9N1H5X0H6A1H9J0F1I9,2126452,2024-02-01,298,203,201,0,2,298,201,0,2,95,1,True,True,match,0,0,0,
21,PRC_O2M3X1X2W0B6O1I4B3E1J4U1N1X2I5,2126451,2024-02-01,298,204,203,0,1,298,203,0,1,94,1,True,True,match,0,0,0,
21,PRC_N2O3Z1X2L2M0K1K9K3Y5Z1X0Q7Y0H6,2126449,2024-02-01,298,195,193,0,2,298,193,0,2,103,1,True,True,match,0,0,0,
21,PRC_G2A3D1B2Q2V0T1U9G3G5G5K8B5D1P0,2126448,2024-02-01,298,199,199,0,0,298,199,0,0,99,1,True,True,match,0,0,0,
21,PRC_T2B3L1O2N1E3J1V6X5F2Q1K6B9N5G0,2126447,2024-02-01,298,235,234,0,1,298,234,0,1,63,1,True,True,match,0,0,0,
21,PRC_Y2D3T1U2D1G3D1O6S5D0T1V8L5G5S4,2126446,2024-02-01,298,244,244,0,0,298,244,0,0,54,1,True,True,match,0,0,0,
21,PRC_D2S3U1Z2P1H3V1H7E0J8U5C4G5O4R7,2126444,2024-02-01,298,241,240,0,1,298,240,0,1,57,1,True,True,match,0,0,0,
21,PRC_H2V3N0A2B1V4M1F6E5K3I3U2K5M9Z1,2126443,2024-02-01,298,223,217,6,0,298,217,6,0,75,1,True,True,match,0,0,0,
21,PRC_C2B4J0L1Z0Q4L1M7V4Z7Q1X9D0E5D9,2126442,2024-02-01,298,235,232,1,2,298,232,1,2,63,1,True,True,match,0,0,0,
21,PRC_G2T4T0U1Y0N4L1U7G5T3C0G9T4C8S7,2126441,2024-02-01,298,239,239,0,0,298,239,0,0,59,1,True,True,match,0,0,0,
21,PRC_F2G3U1S2O1O8L2Q0X1C8L3B7S0X5F0,2126440,2024-02-01,298,207,194,8,5,298,194,8,5,91,1,True,True,match,0,0,0,
21,PRC_D2R3Z1T2K1R8A2C0K1K6B3R5J7C2H9,2126439,2024-02-01,298,208,207,0,1,298,207,0,1,90,1,True,True,match,0,0,0,
21,PRC_J2P3B1F2L1X9A1J9J4T3A1T5O6K9L5,2126438,2024-02-01,298,213,212,0,1,298,212,0,1,85,1,True,True,match,0,0,0,
21,PRC_C2A3D1G2C1T3N1O6W5B8M5W5G8I7N9,2126436,2024-02-01,298,232,232,0,0,298,232,0,0,66,1,True,True,match,0,0,0,
21,PRC_P2F3H1P2Y1K3Q1Y6L5Z4U1D4R0Q2N4,2126435,2024-02-01,298,238,237,0,1,298,237,0,1,60,1,True,True,match,0,0,0,
21,PRC_L2L3Z1X2T2O6B1C9Z3E2S0K6V4C8G3,2126177,2024-02-01,298,182,174,2,6,298,174,2,6,116,1,True,True,match,0,0,0,
21,PRC_I2J3I0G6V3U0T0U9T0A5C0A2Z5H5G4,2124589,2024-02-01,298,202,200,0,2,298,200,0,2,96,1,True,True,match,0,0,0,
21,PRC_W2V3T0U8B1C8B2Z0Z3Y0Y2G1F5F6D6,2124247,2024-02-01,298,197,197,0,0,298,197,0,0,101,1,True,True,match,0,0,0,
21,PRC_C2A3Y0Z8X1Y7T1S0T0R0R3Q1R0Z3X8,2124026,2024-02-01,298,192,192,0,0,298,192,0,0,106,1,True,True,match,0,0,0,
21,PRC_R2S3Q0R8P1O8O1W6X2V3V2U2S6T2B0,2124016,2024-02-01,298,196,195,0,1,298,195,0,1,102,1,True,True,match,0,0,0,
21,PRC_Y2Y3X0X8W0W8V1C0E2C2C2B0Z5Z6I2,2123704,2024-02-01,298,178,170,3,5,298,170,3,5,120,1,True,True,match,0,0,0,
21,PRC_Z2Y3W0X6W2E9D1B0C2A5J1H4G3F2N1,2123356,2024-02-01,298,195,195,0,0,298,195,0,0,103,1,True,True,match,0,0,0,
21,PRC_X2W3U0T7U0C4A1Z5Y2Z8H2F7E0E5G5,2123314,2024-02-01,298,225,224,0,1,298,224,0,1,73,1,True,True,match,0,0,0,
21,PRC_U2S3T0B5B3A0Y1Z1X2X7T4U7S6T4R6,2122633,2024-02-01,298,206,205,0,1,298,205,0,1,92,1,True,True,match,0,0,0,
21,PRC_R2Q3Q0O5P3O0O1W1W2V7T2U7S0S2B8,2122631,2024-02-01,298,206,202,0,4,298,202,0,4,92,1,True,True,match,0,0,0,
21,PRC_B2X3X0V5W3V0V1T1U2C7A0B3Z8A6Y7,2122595,2024-02-01,298,204,202,0,2,298,202,0,2,94,1,True,True,match,0,0,0,
21,PRC_M2N3L0L5K3K0J1E5F5D5E3C7D3B1J2,2122591,2024-02-01,298,206,205,0,1,298,205,0,1,92,1,True,True,match,0,0,0,
21,PRC_K2K3S0R5R3P0Q1O7P0X8V4W2U3V1T3,2122479,2024-02-01,298,218,218,0,0,298,218,0,0,80,1,True,True,match,0,0,0,
21,PRC_D2E3C0C5B1J5J1H1I1H3H0F2O3O2M3,2122397,2024-02-01,298,196,195,0,1,298,195,0,1,102,1,True,True,match,0,0,0,
21,PRC_O2M3L0V5U0S4Q1Z5X0Y4X0V5E5D2B4,2122211,2024-02-01,298,189,182,0,7,298,182,0,7,109,1,True,True,match,0,0,0,
21,PRC_Y2Z3Y0W5W1S8T1R1R3Q0O4P7X9X7W1,2122168,2024-02-01,298,193,188,0,5,298,188,0,5,105,1,True,True,match,0,0,0,
21,PRC_V2T3P0O3P0O3M1U0T2R5Q1R4Z0Y6X4,2121959,2024-02-01,298,209,209,0,0,298,209,0,0,89,1,True,True,match,0,0,0,
21,PRC_C2B3A0B3C0K8J1H1G0O5N4O4N6L8T6,2121041,2024-02-01,298,221,217,1,3,298,217,1,3,77,1,True,True,match,0,0,0,
21,PRC_G2H2X1E2S0P2G1C6E3M5V5L0Q2N0W7,2119596,2024-02-01,298,199,194,0,5,298,194,0,5,99,1,True,True,match,0,0,0,
21,PRC_P2R1T0H9A2D7P0K9J4T2P2H9S5U9C6,2113069,2024-02-01,298,234,232,1,1,298,232,1,1,64,1,True,True,match,0,0,0,
21,PRC_F2F1O1X0Z0J6V0W8V0D7H4G9R4J6X0,2112973,2024-02-01,298,213,210,0,3,298,210,0,3,85,1,True,True,match,0,0,0,
21,PRC_Q2A1B0F1S2M2L1Z0M5U9W2Y0U1C2K7,2107773,2024-02-01,298,194,186,3,5,298,186,3,5,104,1,True,True,match,0,0,0,
21,PRC_V2K1S0R1Y1X4D1E1N3U6Y3H4Z5P1M7,2107425,2024-02-01,298,197,196,1,0,298,196,1,0,101,1,True,True,match,0,0,0,
21,PRC_Y2D0M1E2B0S4D1Q7Y1Z8S3T5E3J8K3,2106141,2024-02-01,298,209,208,0,1,298,208,0,1,89,1,True,True,match,0,0,0,
21,PRC_F2J0V0G7U1C6N1U5X2W7N4O8U3D9O5,2102045,2024-02-01,298,191,191,0,0,298,191,0,0,107,1,True,True,match,0,0,0,
21,PRC_Z2J3D1W1A2H9J1J9U2F0Z5B2G9S6L0,2126399,2024-01-25,297,233,232,0,1,297,232,0,1,64,1,True,True,match,0,0,0,
21,PRC_B2D3H1E1K2F9V1I9W1A2H5O9L9I0A8,2126398,2024-01-25,297,229,229,0,0,297,229,0,0,68,1,True,True,match,0,0,0,
21,PRC_G2S3M1E1L2H9F2I0X0C1S0V8Q4F8Q7,2126397,2024-01-25,297,243,241,0,2,297,241,0,2,54,1,True,True,match,0,0,0,
21,PRC_R2H3V1O1K2U9R2J0E0P2E3F1X7R1P2,2126396,2024-01-25,297,245,244,0,1,297,244,0,1,52,1,True,True,match,0,0,0,
21,PRC_G2A3A1N1V2V9S1W9A5A9X5W2A9W0V6,2126395,2024-01-25,297,240,239,0,1,297,239,0,1,57,1,True,True,match,0,0,0,
21,PRC_U2E3N1S1L2Z9J1B8D5F1Q1T7K3D0W4,2126394,2024-01-25,297,229,220,5,4,297,220,5,4,68,1,True,True,match,0,0,0,
21,PRC_Z2K3G1U1N2M9A1S9C5G8W4J1I7K8V0,2126393,2024-01-25,297,242,242,0,0,297,242,0,0,55,1,True,True,match,0,0,0,
21,PRC_Y2B3J1Z1O2G9S1A9Y5Z5O4E8E4R8I3,2126392,2024-01-25,297,240,239,0,1,297,239,0,1,57,1,True,True,match,0,0,0,
21,PRC_B2Z3W1V1N2X9Z1E9Z5C7N4J2N2S4N0,2126391,2024-01-25,297,239,237,0,2,297,237,0,2,58,1,True,True,match,0,0,0,
21,PRC_V2O3V1E1J2X9N2N0V0G4U0G5V0X6T0,2126390,2024-01-25,297,237,237,0,0,297,237,0,0,60,1,True,True,match,0,0,0,
21,PRC_B2W3H1V2F0E7I1F8O4O8K0D2K9U5I0,2126389,2024-01-25,297,215,214,0,1,297,214,0,1,82,1,True,True,match,0,0,0,
21,PRC_J2W3O1Q1L2J9B1U7F0Q6R1P8N0V4R7,2126388,2024-01-25,297,223,219,1,3,297,219,1,3,74,1,True,True,match,0,0,0,
21,PRC_O2D3J1Q1T2Z9S1N8L5T6Y1E1A7F2E4,2126387,2024-01-25,297,229,227,0,2,297,227,0,2,68,1,True,True,match,0,0,0,
21,PRC_E2E3P1D1E2P9Y1P6H4A0L5Z0E6Y4H9,2126386,2024-01-25,297,224,223,0,1,297,223,0,1,73,1,True,True,match,0,0,0,
21,PRC_B2N3C1Q1P2F1V1H7X4E9E4U9S2C5B0,2126385,2024-01-25,297,226,219,1,6,297,219,1,6,71,1,True,True,match,0,0,0,
21,PRC_S2M3M1D2F0C7A1D8H5Y1W3U5T6R9S7,2126384,2024-01-25,297,219,215,0,4,297,215,0,4,78,1,True,True,match,0,0,0,
21,PRC_R2K3A1D2C1M8U1F6I2W7V5S2B2O3E0,2126383,2024-01-25,297,221,220,0,1,297,220,0,1,76,1,True,True,match,0,0,0,
21,PRC_V2X3K1O2K1O8V1J6S2N7H0F4Q3H7O3,2126382,2024-01-25,297,222,220,0,2,297,220,0,2,75,1,True,True,match,0,0,0,
21,PRC_E2N3J1Q1C2W1A2C2B3W5N4B4N7R2G2,2126381,2024-01-25,297,214,212,1,1,297,212,1,1,83,1,True,True,match,0,0,0,
21,PRC_K2O3B1K2M1F8C1J6D1Y9J5H4I1L7U4,2126380,2024-01-25,297,218,213,1,4,297,213,1,4,79,1,True,True,match,0,0,0,
21,PRC_T2V3Y1J1J2B9V1J8A0F6Q0R1G3Q2E4,2126379,2024-01-25,297,230,227,0,3,297,227,0,3,67,1,True,True,match,0,0,0,
21,PRC_R2X3B1H1W2U9R1W7T3Q2C5L8A7U4V3,2126378,2024-01-25,297,230,229,0,1,297,229,0,1,67,1,True,True,match,0,0,0,
21,PRC_O2P3P1B1K2N9F1P7S2G8P2D8Z5U5H0,2126377,2024-01-25,297,214,212,0,2,297,212,0,2,83,1,True,True,match,0,0,0,
21,PRC_Q2H3A1O2B1D9I1C9E4Y4K3F5R3N2Q8,2126376,2024-01-25,297,220,218,0,2,297,218,0,2,77,1,True,True,match,0,0,0,
21,PRC_U2Z3F0K9J2V0S1D3M3S2O1K4N4E6U6,2126375,2024-01-25,297,212,211,0,1,297,211,0,1,85,1,True,True,match,0,0,0,
21,PRC_U2Z3E1Q1U2P1D1T3V1J5H1X4K1C1O1,2126374,2024-01-25,297,224,221,0,3,297,221,0,3,73,1,True,True,match,0,0,0,
21,PRC_O2S3R1W2B0T7X1G8T5I0I4O6V5M3T7,2126373,2024-01-25,297,212,209,0,3,297,209,0,3,85,1,True,True,match,0,0,0,
21,PRC_Z2F3F0B9I2M0O1M3H3V3A0B5I7E6N3,2126372,2024-01-25,297,216,216,0,0,297,216,0,0,81,1,True,True,match,0,0,0,
21,PRC_Y2H3I0Z8U2M4M1W2Y1T3F1B3B8Q9W5,2126371,2024-01-25,297,219,218,0,1,297,218,0,1,78,1,True,True,match,0,0,0,
21,PRC_W2Q3C0V8F2F4O1L0B2G0P5A8N7H2M8,2126370,2024-01-25,297,214,212,0,2,297,212,0,2,83,1,True,True,match,0,0,0,
21,PRC_W2H3F1P2E0Q7M1B5H1S3D0Y6N0T4M0,2126369,2024-01-25,297,226,226,0,0,297,226,0,0,71,1,True,True,match,0,0,0,
21,PRC_Z2A3V1X2F0L6P1Y5L5K3B2F0G6O1B3,2126368,2024-01-25,297,214,213,0,1,297,213,0,1,83,1,True,True,match,0,0,0,
21,PRC_L2C3X0K9B2D0Z1D5R1R5E5D2V9F9I5,2126367,2024-01-25,297,215,213,0,2,297,213,0,2,82,1,True,True,match,0,0,0,
21,PRC_Q2W3U1Y2J0Z6K1E5M5P5C2C9G1A5F7,2126366,2024-01-25,297,215,215,0,0,297,215,0,0,82,1,True,True,match,0,0,0,
21,PRC_I2L3E1B1M2I9R1G4I1D2P4Q3T2T0J5,2126365,2024-01-25,297,219,198,6,15,297,198,6,15,78,1,True,True,match,0,0,0,
21,PRC_Z2R3H0W9R2P0V1J5S1U4H3Y3K9V2R9,2126364,2024-01-25,297,211,210,0,1,297,210,0,1,86,1,True,True,match,0,0,0,
21,PRC_I2J3H1W2Q0R6E1G5J5T6G0Y9Q3G1N4,2126363,2024-01-25,297,218,209,3,6,297,209,3,6,79,1,True,True,match,0,0,0,
21,PRC_J2E4S0L1S2F3U1T5U2S3S4C7P5H2Z6,2126362,2024-01-25,297,226,224,0,2,297,224,0,2,71,1,True,True,match,0,0,0,
21,PRC_T2E3N1Y2O0B7G1Z5R1P6U1G8M2N0E7,2126361,2024-01-25,297,224,223,1,0,297,223,1,0,73,1,True,True,match,0,0,0,
21,ARC_C2Q3O1J1M1I3V1A1N2M3I3M5N8Q1Y7,2125353,2024-01-25,297,227,227,0,0,297,227,0,0,70,1,True,True,match,0,0,0,
21,ARC_Q2D3H1R0R2R5V1D5K4S6L0S3X9B6Q2,2125173,2024-01-25,297,225,222,1,2,297,222,1,2,72,1,True,True,match,0,0,0,
21,PRC_E2E3D0L9L1K2K1I7J4I3X4Y4X2X3V6,2124657,2024-01-25,297,220,218,0,2,297,218,0,2,77,1,True,True,match,0,0,0,
21,PRC_W2V3W0U8C2D9B1C3A5A0Z1V6V6U8U1,2124458,2024-01-25,297,213,210,0,3,297,210,0,3,84,1,True,True,match,0,0,0,
21,PRC_U2U3T0U9S0A1B1Z5Z5Y2Y2X8F4F7D8,2124302,2024-01-25,297,208,200,2,6,297,200,2,6,89,1,True,True,match,0,0,0,
21,ARC_V2I3J0U9C0B1U1H5Z3D0C0T5I3A2V4,2124159,2024-01-25,297,226,223,0,3,297,223,0,3,71,1,True,True,match,0,0,0,
21,PRC_Q2R3P0Q8Y2Y5W1X7W1U1U0Q7R8P8Q6,2124135,2024-01-25,297,227,225,1,1,297,225,1,1,70,1,True,True,match,0,0,0,
21,PRC_T2R3R0Q8O1P8W1X7W5W3U3V5U3B7C9,2124010,2024-01-25,297,216,215,0,1,297,215,0,1,81,1,True,True,match,0,0,0,
21,PRC_H2Z3S0A8E2G2Q1W5F1Q8C4G7V6F9K8,2123938,2024-01-25,297,216,211,1,4,297,211,1,4,81,1,True,True,match,0,0,0,
21,PRC_Q2P3P0L8M1K4L1J6H2I1Q0R1P5N6O4,2123889,2024-01-25,297,226,212,0,14,297,212,0,14,71,1,True,True,match,0,0,0,
21,PRC_B2W3X0V7U2U5T1T8B1A8A4Y9Z6Y4Y4,2123643,2024-01-25,297,226,225,0,1,297,225,0,1,71,1,True,True,match,0,0,0,
21,PRC_Z2X3X0F7G1E9F1D7B2C2K0L7J8H0I7,2123383,2024-01-25,297,217,217,0,0,297,217,0,0,80,1,True,True,match,0,0,0,
21,PRC_L2J3R0S7Q1R2P1N8O1W3X4V6V4U4S8,2123271,2024-01-25,297,230,228,0,2,297,228,0,2,67,1,True,True,match,0,0,0,
21,PRC_E2F3M0N7M1M2K1J8K1R2S5Q3R8P6O8,2123270,2024-01-25,297,230,229,0,1,297,229,0,1,67,1,True,True,match,0,0,0,
21,PRC_U2P3Q0O7P1N2M1M8U0V8T3T7S4Q3R8,2123267,2024-01-25,297,225,223,0,2,297,223,0,2,72,1,True,True,match,0,0,0,
21,PRC_M2I3J0H7I1G2H1F8N1O6M0N3L1M3K3,2123266,2024-01-25,297,230,229,0,1,297,229,0,1,67,1,True,True,match,0,0,0,
21,PRC_I2H3F0F7N0M3K1J3R5S5Q0Y2X4W7W7,2123203,2024-01-25,297,232,232,0,0,297,232,0,0,65,1,True,True,match,0,0,0,
21,PRC_O2N3M0U6S2R2S1Q7Z4Y6W0X1W7S3Q3,2122919,2024-01-25,297,218,212,1,5,297,212,1,5,79,1,True,True,match,0,0,0,
21,PRC_K2S3T0R6S0Q7Q1P7Q1X7Y2X5V8V1T9,2122695,2024-01-25,297,216,215,0,1,297,215,0,1,81,1,True,True,match,0,0,0,
21,PRC_O2O3M0N6M0H7I1G7G1F6G3E3E2M1N8,2122672,2024-01-25,297,215,213,0,2,297,213,0,2,82,1,True,True,match,0,0,0,
21,PRC_D2B3J0K6I0I7H1I7G1G6C1D2B3Z9A2,2122648,2024-01-25,297,214,213,0,1,297,213,0,1,83,1,True,True,match,0,0,0,
21,PRC_U2S3R0Q5Y0Z9X1V7U1D5D3C6A3Z4A3,2122198,2024-01-25,297,222,220,0,2,297,220,0,2,75,1,True,True,match,0,0,0,
21,PRC_H2I3H0F5E0A9Y1X7Y1W5E1D2H3G1E5,2121926,2024-01-25,297,219,218,0,1,297,218,0,1,78,1,True,True,match,0,0,0,
21,PRC_S2R3O0W4W2U4U1Y5V4E7C1C7A1Q1P8,2121786,2024-01-25,297,216,216,0,0,297,216,0,0,81,1,True,True,match,0,0,0,
21,PRC_T2S3A0A2U2T7S0R9X5W3V0E3B7A9Z6,2120961,2024-01-25,297,210,203,2,5,297,203,2,5,87,1,True,True,match,0,0,0,
21,PRC_I2L2J1X2E0I6O1M4N2G1A5R2H7G9K8,2120811,2024-01-25,297,227,226,1,0,297,226,1,0,70,1,True,True,match,0,0,0,
21,ARC_S2F3P0L3J0U9V1G0M2U6S0X9Z5K0O0,2120512,2024-01-25,297,218,218,0,0,297,218,0,0,79,1,True,True,match,0,0,0,
21,PRC_E2M3M0K1R3Q1P0Q9W3V6V3R3Q6N6W9,2119946,2024-01-25,297,226,222,0,4,297,222,0,4,71,1,True,True,match,0,0,0,
21,PRC_V2V2D1A2L2G1C0I9B5C6J4G5N9D1A6,2119259,2024-01-25,297,214,214,0,0,297,214,0,0,83,1,True,True,match,0,0,0,
21,PRC_K2U2H1Q2I1M2A0Q9W1M0D1V6I7Q4Y6,2119142,2024-01-25,297,225,216,2,7,297,216,2,7,72,1,True,True,match,0,0,0,
21,PRC_O2O2W1P1C2I9Y1F7R5I9Q3F1U0Z6C7,2119032,2024-01-25,297,222,218,0,4,297,218,0,4,75,1,True,True,match,0,0,0,
21,PRC_L2B2Z1S0U2L6O1N4N2H5T5D2G9Z7W1,2118084,2024-01-25,297,246,245,0,1,297,245,0,1,51,1,True,True,match,0,0,0,
21,PRC_S2U2D0K9V2O1K1L0U2Q7X2N1L0L7S1,2118034,2024-01-25,297,225,223,0,2,297,223,0,2,72,1,True,True,match,0,0,0,
21,ARC_R2M2S0F9Y3D0E1K8C0Z8P5Y2O3G1A6,2117712,2024-01-25,297,244,241,1,2,297,241,1,2,53,1,True,True,match,0,0,0,
21,PRC_L2Y2R0Y6P2Q0P0U9L3F8Q3B8J6I0O6,2116193,2024-01-25,297,227,226,0,1,297,226,0,1,70,1,True,True,match,0,0,0,
21,PRC_V2N2D0P1O0O5C1T6T0P9H0K0U7H6P5,2115318,2024-01-25,297,219,216,0,3,297,216,0,3,78,1,True,True,match,0,0,0,
21,PRC_P2M2P0V3D2I1Z1B0J1Y1Q5Z8N7S2J4,2114975,2024-01-25,297,225,223,0,2,297,223,0,2,72,1,True,True,match,0,0,0,
21,PRC_S2V1K1N1T0L2Y1I4X2V4T2T4J2A7L4,2113511,2024-01-25,297,221,217,0,4,297,217,0,4,76,1,True,True,match,0,0,0,
21,PRC_F2B1U1Z1T0Z3W1D4Z0M0E3X2Q5Y9I5,2113101,2024-01-25,297,226,221,0,5,297,221,0,5,71,1,True,True,match,0,0,0,
21,PRC_S2Y1C0N1G2L5M1T7G4Y4D0F4I6C4U7,2107813,2024-01-25,297,217,217,0,0,297,217,0,0,80,1,True,True,match,0,0,0,
21,PRC_J2K4F0X1W0M9Q1E4C2D0C4E1P8K8C9,2126242,2024-01-09,298,282,106,175,1,298,106,175,1,16,1,True,True,match,0,0,0,
21,PRC_F2M4G0J1J0D9B1X4P1C9Q5H5R2L7J8,2126241,2024-01-09,298,282,106,175,1,298,106,175,1,16,1,True,True,match,0,0,0,
21,PRC_H2E3U1H1T2I1H1C6D4C1G0W4S5T1O1,2126237,2024-01-09,298,241,239,0,2,298,239,0,2,57,1,True,True,match,0,0,0,
21,PRC_Y2V3L1N2W1K9U1N6J1T0W3X4N7V5O9,2126236,2024-01-09,298,230,191,11,28,298,191,11,28,68,1,True,True,match,0,0,0,
21,PRC_B2E3Q1P1K2E2N1F8C2I7I5G3R4L2A1,2126235,2024-01-09,298,227,216,2,9,298,216,2,9,71,1,True,True,match,0,0,0,
21,PRC_C2G3A1Z1O2O2L1L8O1O9U4L6U3G3E3,2126234,2024-01-09,298,228,202,11,15,298,202,11,15,70,1,True,True,match,0,0,0,
21,PRC_H2B3S1D1D2J1P1M7K0V2G0D1A1T1M5,2126233,2024-01-09,298,230,229,0,1,298,229,0,1,68,1,True,True,match,0,0,0,
21,PRC_Y2Z3V1X1B2W2C1I8O2A8T4W6S2N3U2,2126232,2024-01-09,298,210,207,0,3,298,207,0,3,88,1,True,True,match,0,0,0,
21,PRC_E2E3O1K1L2X2A1I8F2T6J5Z9D9T3J9,2126231,2024-01-09,298,210,204,0,6,298,204,0,6,88,1,True,True,match,0,0,0,
21,PRC_Y2P3M1W1I2N2Y1X7R5D3T4Y3U2W3J2,2126230,2024-01-09,298,193,192,0,1,298,192,0,1,105,1,True,True,match,0,0,0,
21,PRC_D2F3B1O1F2X9B1M8S0H2Z1G7K6P2P7,2126229,2024-01-09,298,231,228,0,3,298,228,0,3,67,1,True,True,match,0,0,0,
21,PRC_M2G3R1H1R2W8D1J6M3V3E3N5A7Z1O1,2126228,2024-01-09,298,231,218,4,9,298,218,4,9,67,1,True,True,match,0,0,0,
21,PRC_M2P3C1Q1Z2N1T2D2I3Y4L3J9T9Y6G9,2126227,2024-01-09,298,214,211,0,3,298,211,0,3,84,1,True,True,match,0,0,0,
21,PRC_A2I3H1Y1R2E2Q2T1E4L8P1E4A5I8V9,2126226,2024-01-09,298,211,201,1,9,298,201,1,9,87,1,True,True,match,0,0,0,
21,PRC_X2O4F0U1A0R4U1L7F4F4B0D5U0F2V1,2126225,2024-01-09,298,270,264,0,6,298,264,0,6,28,1,True,True,match,0,0,0,
21,PRC_H2T3V1M1N2K9Z1O6J2D8J4N4O9H1B5,2126224,2024-01-09,298,265,263,0,2,298,263,0,2,33,1,True,True,match,0,0,0,
21,PRC_Y2G3V1Q1H2K1G2T2R3S6R1E7Z3W1O9,2126223,2024-01-09,298,226,222,1,3,298,222,1,3,72,1,True,True,match,0,0,0,
21,PRC_S2G4Z0F1L0Y5N1X8E2S9R1T8Y5Y9B9,2126222,2024-01-09,298,222,222,0,0,298,222,0,0,76,1,True,True,match,0,0,0,
21,PRC_N2N3R1N1Z2T1I1O6H3D8C1E1N9C9H7,2126221,2024-01-09,298,233,230,0,3,298,230,0,3,65,1,True,True,match,0,0,0,
21,PRC_U2S3R1V1K2G2H1U8M1M5X5F9P6I4V3,2126220,2024-01-09,298,185,153,3,29,298,153,3,29,113,1,True,True,match,0,0,0,
21,PRC_G2X3R1R1K2H2Y2R0P4B2E5J4D7N5V8,2126219,2024-01-09,298,227,224,0,3,298,224,0,3,71,1,True,True,match,0,0,0,
21,PRC_H2J3Q1B1I2K1E2A2N3C6L4F0D7G5Z3,2126218,2024-01-09,298,222,219,1,2,298,219,1,2,76,1,True,True,match,0,0,0,
21,PRC_V2Z3T1L1Y2O9N1S8O0L5Q1W2B0P9M4,2126217,2024-01-09,298,230,229,0,1,298,229,0,1,68,1,True,True,match,0,0,0,
21,PRC_J2L3Y1F1Q2A2C2P0L4Y0D1M1D1H0C3,2126216,2024-01-09,298,229,228,0,1,298,228,0,1,69,1,True,True,match,0,0,0,
21,PRC_N2J3F1Q1H2G1I2O2E3E8Y4W2K2N3J1,2126215,2024-01-09,298,224,223,0,1,298,223,0,1,74,1,True,True,match,0,0,0,
21,PRC_S2P3O1K1M2X1B2R2U1I5E2H8O1U0K3,2126214,2024-01-09,298,222,220,0,2,298,220,0,2,76,1,True,True,match,0,0,0,
21,PRC_O2A3G1B1B2C1F1F6X3C4Y0F0D5I2F7,2126213,2024-01-09,298,232,232,0,0,298,232,0,0,66,1,True,True,match,0,0,0,
21,PRC_F2J3Q1X1V2W2G2D0W3Y7C0Q9G8O3S5,2126212,2024-01-09,298,232,230,0,2,298,230,0,2,66,1,True,True,match,0,0,0,
21,PRC_A2J3U1M2Y1W8U2J0D1G5B2H6E2N6Y8,2126211,2024-01-09,298,229,220,2,7,298,220,2,7,69,1,True,True,match,0,0,0,
21,PRC_Q2V3U1A1Y2J3E1F4P3K2P2V9K9I0V2,2126210,2024-01-09,298,243,243,0,0,298,243,0,0,55,1,True,True,match,0,0,0,
21,PRC_Z2C3P1T1S2X1A1J8G5U5G5O8D1Q5O2,2126209,2024-01-09,298,228,228,0,0,298,228,0,0,70,1,True,True,match,0,0,0,
21,PRC_R2T3K1Q2C1R9M1U5Q0M8M1V1Z5Q8B1,2126208,2024-01-09,298,226,224,0,2,298,224,0,2,72,1,True,True,match,0,0,0,
21,PRC_L2D3C1Z2W1F9X1N6L1U2T3D5O2F3D5,2126207,2024-01-09,298,225,177,10,38,298,177,10,38,73,1,True,True,match,0,0,0,
21,PRC_J2R3F1M2W2S0Y1W1C5G1Z1W4V0E1V8,2126206,2024-01-09,298,211,210,0,1,298,210,0,1,87,1,True,True,match,0,0,0,
21,PRC_F2A3O1N1O0U7E1L6F4B1B2I8Y1Y3L0,2126205,2024-01-09,298,207,204,0,3,298,204,0,3,91,1,True,True,match,0,0,0,
21,PRC_U2Z3U1E1H2C1A2Z2R1Q6R3F3D1C6O8,2126204,2024-01-09,298,222,216,1,5,298,216,1,5,76,1,True,True,match,0,0,0,
21,PRC_W2P3C0W5F2X4F1T6A1B8O4O8O1Q0E1,2126203,2024-01-09,298,216,211,0,5,298,211,0,5,82,1,True,True,match,0,0,0,
21,PRC_Z2V3V1N1N2T2E1X2B4I8I5H3E1P5F5,2126202,2024-01-09,298,225,224,0,1,298,224,0,1,73,1,True,True,match,0,0,0,
21,PRC_V2K3W1X1R2W1Z1F8Z4K4X2A5T0Z9E1,2126201,2024-01-09,298,234,231,1,2,298,231,1,2,64,1,True,True,match,0,0,0,
21,PRC_E2K3C1U1O2K1C1I8K5H4I0B5J5B7M4,2126200,2024-01-09,298,229,229,0,0,298,229,0,0,69,1,True,True,match,0,0,0,
21,PRC_S2Q3V0Q9N2T0B1G8U4G7W1G4H0N7S0,2126199,2024-01-09,298,225,224,0,1,298,224,0,1,73,1,True,True,match,0,0,0,
21,PRC_E2S3H1E1R2L2F2U0M2J8W4R5Y7U6W7,2126198,2024-01-09,298,228,223,0,5,298,223,0,5,70,1,True,True,match,0,0,0,
21,PRC_Z2E3H0H8O2R4R1F0U1Q8W1C2D9J4P9,2126197,2024-01-09,298,228,228,0,0,298,228,0,0,70,1,True,True,match,0,0,0,
21,PRC_Q2A4U0K1N0Q8B1U0B4Y2B3H5L0V4V9,2126196,2024-01-09,298,267,263,0,4,298,263,0,4,31,1,True,True,match,0,0,0,
21,PRC_V2U3S1Y1N2I1D1U7L4Z1R1W0H3N8J0,2126195,2024-01-09,298,231,215,3,13,298,215,3,13,67,1,True,True,match,0,0,0,
21,PRC_C2H3K1H2W1O8N1T6F2M3V3K9Z9K5W7,2126194,2024-01-09,298,210,209,0,1,298,209,0,1,88,1,True,True,match,0,0,0,
21,PRC_P2D3R1T2O0D6A1S5Q5U8I3S9W3W1Y7,2126193,2024-01-09,298,250,248,2,0,298,248,2,0,48,1,True,True,match,0,0,0,
21,PRC_C2U3M1H2P0G6B1B8H0V5J4G9W8F7P1,2126192,2024-01-09,298,253,251,0,2,298,251,0,2,45,1,True,True,match,0,0,0,
21,PRC_N2T3R1R2A0X6F1R5E5Z7O3D5S0U3E0,2126191,2024-01-09,298,249,239,2,8,298,239,2,8,49,1,True,True,match,0,0,0,
21,PRC_B2M3Q1O1B2U9E1B4K0I9X1W9I0L2I8,2126190,2024-01-09,298,257,253,0,4,298,253,0,4,41,1,True,True,match,0,0,0,
21,PRC_S2L3T0G9S2J0G1D5C2Z2J2W4S9U4N9,2126189,2024-01-09,298,265,258,0,7,298,258,0,7,33,1,True,True,match,0,0,0,
21,PRC_X2L3R1H2H2G0U1Y9W3L2E3X3Q7J6C3,2126188,2024-01-09,298,262,257,2,3,298,257,2,3,36,1,True,True,match,0,0,0,
21,PRC_M2M3C1U1N2G9S1K9R1K7S2P2I8C7A8,2126187,2024-01-09,298,260,259,0,1,298,259,0,1,38,1,True,True,match,0,0,0,
21,PRC_J2J3C1V1R2Q9Y1O9R2Z3E2F1Z2U1J2,2126186,2024-01-09,298,259,259,0,0,298,259,0,0,39,1,True,True,match,0,0,0,
21,PRC_W2V3M1X2J0O7L1D5M1T4A5N3B2B3F3,2126185,2024-01-09,298,266,258,0,8,298,258,0,8,32,1,True,True,match,0,0,0,
21,PRC_M2V3N1B0W3Q0C1E4E1T8Z5J4D6F8Y7,2126184,2024-01-09,298,225,224,0,1,298,224,0,1,73,1,True,True,match,0,0,0,
21,PRC_L2I4B0Y1U0E8S1B0E4W3N1K4O6Y1X1,2126183,2024-01-09,298,262,260,0,2,298,260,0,2,36,1,True,True,match,0,0,0,
21,PRC_N2O3R0W9S2X0G1Y9E0M7B4Y6L5S1R0,2126182,2024-01-09,298,259,255,0,4,298,255,0,4,39,1,True,True,match,0,0,0,
21,PRC_E2M3A1Y1T2F1C1Q7R4Y5H2Q6K7M0Q8,2126181,2024-01-09,298,230,229,0,1,298,229,0,1,68,1,True,True,match,0,0,0,
21,PRC_J2V3U1R2P0N7M1C5E1E1L5Z8L9C5L1,2126180,2024-01-09,298,258,256,0,2,298,256,0,2,40,1,True,True,match,0,0,0,
21,PRC_E2Q3N0Y3L1I7A1A6D5F0C2N3R6R7Y4,2126179,2024-01-09,298,260,257,0,3,298,257,0,3,38,1,True,True,match,0,0,0,
21,PRC_N2U3Y1L2O0Z6Z1R5P5B4V2L4X1P8O0,2126178,2024-01-09,298,252,251,0,1,298,251,0,1,46,1,True,True,match,0,0,0,
21,PRC_S2P3T0Q9D2Q1Z0H9F5B3W4I1A6A8X1,2126101,2024-01-09,298,250,240,2,8,298,240,2,8,48,1,True,True,match,0,0,0,
21,ARC_W2V3W1K1J1O3W1I0C2W2W2D4Q9Y4D9,2125347,2024-01-09,298,226,222,0,4,298,222,0,4,72,1,True,True,match,0,0,0,
21,PRC_N2L3M0U9V2T6T1S6Q1R7G4H5F5G7E6,2124888,2024-01-09,298,246,244,0,2,298,244,0,2,52,1,True,True,match,0,0,0,
21,ARC_G2I3Y0Z9C2R2D1K7O4P4G4G7B1T7M2,2124653,2024-01-09,298,219,218,0,1,298,218,0,1,79,1,True,True,match,0,0,0,
21,PRC_B2Z3H0I8G2G8F1F5E2A9A2Y9Z5X6Y1,2124526,2024-01-09,298,213,207,0,6,298,207,0,6,85,1,True,True,match,0,0,0,
21,PRC_K2J3K0I6Q1Q2P1P3O5O5N1V2V9T0U7,2124525,2024-01-09,298,227,221,0,6,298,221,0,6,71,1,True,True,match,0,0,0,
21,PRC_Z2X3Y0G9G0E5D1E4C4C9Y1Z1X6W4W1,2124390,2024-01-09,298,232,226,1,5,298,226,1,5,66,1,True,True,match,0,0,0,
21,ARC_Z2R3T0V9A0U8Q1M7K4Y2L2D0B2U2K3,2124353,2024-01-09,298,220,218,0,2,298,218,0,2,78,1,True,True,match,0,0,0,
21,PRC_H2F3V0V8U1S0T1B5C5A9A5Y3X9Y2F7,2124207,2024-01-09,298,207,206,0,1,298,206,0,1,91,1,True,True,match,0,0,0,
21,PRC_A2B3Z0Z7Y2G7G1E1F4E5E3C4K9L1J8,2124018,2024-01-09,298,224,220,0,4,298,220,0,4,74,1,True,True,match,0,0,0,
21,PRC_M2K3G0H7F1G9E1F6D2E1L0K5K1J3K0,2123681,2024-01-09,298,230,218,1,11,298,218,1,11,68,1,True,True,match,0,0,0,
21,PRC_Y2X3V0W6S2R3P0M8K5L6J0I0Q1P7O2,2123378,2024-01-09,298,211,209,0,2,298,209,0,2,87,1,True,True,match,0,0,0,
21,PRC_F2G3E0A7B1Z8A1Y5Z5X7F1F9D7F3D9,2123359,2024-01-09,298,225,223,0,2,298,223,0,2,73,1,True,True,match,0,0,0,
21,PRC_B2Z3Y0G7H0G4D1K6K5E1D3B0C1O1N6,2123207,2024-01-09,298,227,225,1,1,298,225,1,1,71,1,True,True,match,0,0,0,
21,PRC_V2U3S0R6R2A8Y1X7V1W2E0D3B5A6B1,2123166,2024-01-09,298,227,227,0,0,298,227,0,0,71,1,True,True,match,0,0,0,
21,PRC_M2K3S0T6R1S2Q1Q5P4Q2L5M8K6J5J2,2123014,2024-01-09,298,229,228,0,1,298,228,0,1,69,1,True,True,match,0,0,0,
21,PRC_L2J3K0I6J1H2I1Q5O4P3N2O4M9N3U4,2123011,2024-01-09,298,223,223,0,0,298,223,0,0,75,1,True,True,match,0,0,0,
21,PRC_X2W3U0Q4R1Q0O1N0V2U1T1S0S0V9D0,2122686,2024-01-09,298,232,231,0,1,298,231,0,1,66,1,True,True,match,0,0,0,
21,PRC_G2F3N0N6M1M2K1L0K0R8S4Q9R9P4Q7,2122685,2024-01-09,298,226,223,0,3,298,223,0,3,72,1,True,True,match,0,0,0,
21,PRC_T2R3Q0P4L1K0L1K0I2R0Q1O5N6V7U2,2122684,2024-01-09,298,237,237,0,0,298,237,0,0,61,1,True,True,match,0,0,0,
21,PRC_M2L3L0H5H2G4G1E7F2E5L2M7K5L4J5,2122539,2024-01-09,298,225,220,0,5,298,220,0,5,73,1,True,True,match,0,0,0,
21,PRC_Q2N4Y0J1N0R9X1G5M0Z9M1M8D5G4Z0,2121515,2024-01-09,298,177,177,0,0,298,177,0,0,121,1,True,True,match,0,0,0,
21,PRC_V2D3B0C4B1A7I1H1G2E2O0N2M2L7H8,2121457,2024-01-09,298,224,220,2,2,298,220,2,2,74,1,True,True,match,0,0,0,
21,PRC_C2Q2A1Z2P0H6O0Q9J4B8U4O3M4Y2W5,2121428,2024-01-09,298,264,261,1,2,298,261,1,2,34,1,True,True,match,0,0,0,
21,PRC_Y2W3S0S3Q2P8Q0Y9X4V6U4U8D0B4E1,2121072,2024-01-09,298,221,220,1,0,298,220,1,0,77,1,True,True,match,0,0,0,
21,PRC_D2E3D0B3J2I7J1I1H3P7O3M3N8M8I1,2120905,2024-01-09,298,194,193,0,1,298,193,0,1,104,1,True,True,match,0,0,0,
21,PRC_L2K3L0K3I2Q7P1O1O3N9N4L2K5J9R8,2120904,2024-01-09,298,198,195,0,3,298,195,0,3,100,1,True,True,match,0,0,0,
21,PRC_H2Y3P0X1P0G3W1T0U3P3Z5J2I4Y1O2,2119327,2024-01-09,298,235,235,0,0,298,235,0,0,63,1,True,True,match,0,0,0,
21,PRC_D2E2M1U1O1Z0K1E7V2Y5H5U6A9T8N6,2119253,2024-01-09,298,220,210,2,8,298,210,2,8,78,1,True,True,match,0,0,0,
21,ARC_P2I2X1Q2A2V8C1C5P2A1A3E5B4E6M1,2119204,2024-01-09,298,224,220,0,4,298,220,0,4,74,1,True,True,match,0,0,0,
21,PRC_Y2D2U1X1M2T4A1D4X5W3S4Y5T7S8W3,2118688,2024-01-09,298,228,228,0,0,298,228,0,0,70,1,True,True,match,0,0,0,
21,PRC_B2A2N0M9M1C6N1I8W1V5E1A4G8N5V6,2118295,2024-01-09,298,228,226,0,2,298,226,0,2,70,1,True,True,match,0,0,0,
21,PRC_W2L2I1K0S2Q7S1X5T0S3I3Z1U9H5S9,2118080,2024-01-09,298,231,224,1,6,298,224,1,6,67,1,True,True,match,0,0,0,
21,ARC_M2L2M0P9O3G0Z1G7H3H2N4B8F2N2V9,2117695,2024-01-09,298,224,218,1,5,298,218,1,5,74,1,True,True,match,0,0,0,
21,PRC_F2Q2Q0G9Q1Z3F2D1Q0Z8B1X9P3N1B4,2117441,2024-01-09,298,220,218,0,2,298,218,0,2,78,1,True,True,match,0,0,0,
21,PRC_V2E1P1P1U1B5D0V9V4T2B2P1C1Y4D1,2114229,2024-01-09,298,193,192,0,1,298,192,0,1,105,1,True,True,match,0,0,0,
21,PRC_U2O1Y1Q2H0B1W1B0B0W3T4O2S6L4K0,2113972,2024-01-09,298,225,224,1,0,298,224,1,0,73,1,True,True,match,0,0,0,
21,PRC_P2U1W0I9C2O7Y0D9Q4Y0D0Y0G2L1F1,2112916,2024-01-09,298,267,264,0,3,298,264,0,3,31,1,True,True,match,0,0,0,
21,PRC_U2I1C0U4P1J5S1O6U5W2P1Q8H4I8S9,2109555,2024-01-09,298,229,228,0,1,298,228,0,1,69,1,True,True,match,0,0,0,
21,PRC_N2Y1F0V2S1N8C1G1Y3G9S0K8H1X5Z0,2108507,2024-01-09,298,231,231,0,0,298,231,0,0,67,1,True,True,match,0,0,0,
21,PRC_X2A0N1B0U2T9V1O0J0J9J2I0V4P1X8,2104741,2024-01-09,298,223,217,2,4,298,217,2,4,75,1,True,True,match,0,0,0,
21,PRC_Z2O3Z1W2L1O9Q1A6Y0D6K1L0A1Q5A2,2126100,2023-12-28,298,273,271,2,0,298,271,2,0,25,1,True,True,match,0,0,0,
21,PRC_O2T3B1E0D3F1C1G8M2R1M1S6W8C8N6,2126099,2023-12-28,298,275,273,1,1,298,273,1,1,23,1,True,True,match,0,0,0,
21,PRC_L2E3G0H4C2C0I1V4F0C5K3G6I5K4I6,2126098,2023-12-28,298,274,272,0,2,298,272,0,2,24,1,True,True,match,0,0,0,
21,PRC_R2G3C1N1K2T1X2A2N3J3Z1M3Z5K3V0,2126097,2023-12-28,298,270,269,0,1,298,269,0,1,28,1,True,True,match,0,0,0,
21,PRC_R2W3B1H2Y1G9D1G6J3X4J2C5P4J5X2,2126096,2023-12-28,298,276,274,0,2,298,274,0,2,22,1,True,True,match,0,0,0,
21,PRC_Q2M3K0F9O2K0W1U7E3K6T2B5Z9N1F2,2126095,2023-12-28,298,273,271,0,2,298,271,0,2,25,1,True,True,match,0,0,0,
21,PRC_V2K3M0J8M2J4T1B0H1D9T5T8V2Q6S4,2126094,2023-12-28,298,269,265,0,4,298,265,0,4,29,1,True,True,match,0,0,0,
21,PRC_R2U3J0T3Z2T2F1C5Y4U8X1R9N1B4Y1,2126093,2023-12-28,298,275,274,0,1,298,274,0,1,23,1,True,True,match,0,0,0,
21,PRC_K2W3H0W8F2O4K1B6G4P5F5X3L5X4W9,2126091,2023-12-28,298,263,252,2,9,298,252,2,9,35,1,True,True,match,0,0,0,
21,PRC_Y2M3H0I8W2L4E1M2R2J1O5L0Q6M7Y9,2126090,2023-12-28,298,268,258,1,9,298,258,1,9,30,1,True,True,match,0,0,0,
21,PRC_A2V3O1B0X3W0A1W4I1V9P4F3I0O7A0,2126089,2023-12-28,298,267,260,1,6,298,260,1,6,31,1,True,True,match,0,0,0,
21,PRC_V2C3P0G9N2W0M1E5S1S5V1S3V4N0K9,2126088,2023-12-28,298,278,278,0,0,298,278,0,0,20,1,True,True,match,0,0,0,
21,PRC_R2Y3M1I0S3A0V1L4L3V3I3R5K7S8W3,2126087,2023-12-28,298,266,264,0,2,298,264,0,2,32,1,True,True,match,0,0,0,
21,PRC_U2Y3E0F8G0A9G1U0G0N9R0R0M1F0U0,2126086,2023-12-28,298,268,266,0,2,298,266,0,2,30,1,True,True,match,0,0,0,
21,PRC_J2K3I0H9H1D4D1C5C4A7Z0A7H3I5H4,2124541,2023-12-28,298,272,272,0,0,298,272,0,0,26,1,True,True,match,0,0,0,
21,PRC_J2H3H0Q7O2O0N0O9M2M1U3T1T5S6S3,2123546,2023-12-28,298,268,261,1,6,298,261,1,6,30,1,True,True,match,0,0,0,
21,PRC_W2X3W0D7E2C0D0B9C2A2W2W9V3W5U5,2123541,2023-12-28,298,269,265,1,3,298,265,1,3,29,1,True,True,match,0,0,0,
21,PRC_Y2W3W0V5V1U8U1C6A0B9A5A5Y7Z7V8,2122636,2023-12-28,298,267,264,0,3,298,264,0,3,31,1,True,True,match,0,0,0,
21,PRC_Q2P3Q0P4X1W7V1E5C5B7A1B2J2H0G5,2121627,2023-12-28,298,269,269,0,0,298,269,0,0,29,1,True,True,match,0,0,0,
21,PRC_A2Y3X0T3U2T7R1Q1Y5X4Y1W5A8Y6X7,2120984,2023-12-28,298,271,269,1,1,298,269,1,1,27,1,True,True,match,0,0,0,
21,PRC_E2D3B1A2Q2M8G1E4N2N0O2B8A6F8W0,2120860,2023-12-28,298,180,180,0,0,298,180,0,0,118,1,True,True,match,0,0,0,
21,PRC_E2C3A0X3V0W8V1U6B1A9Z0Z8Y6G4F2,2120666,2023-12-28,298,271,271,0,0,298,271,0,0,27,1,True,True,match,0,0,0,
21,PRC_Y2X3X0W2V2D1B1A5B0Z3P2N1M3L4M7,2120279,2023-12-28,298,275,274,0,1,298,274,0,1,23,1,True,True,match,0,0,0,
21,PRC_R2Z3Y0Z2Y0W7E1C1B2C6B3X9W2U9V9,2120144,2023-12-28,298,269,263,1,5,298,263,1,5,29,1,True,True,match,0,0,0,
21,PRC_B2P3T1Z2J2E8R1F4V2Z0U2Q1W5Q7M2,2120127,2023-12-28,298,181,181,0,0,298,181,0,0,117,1,True,True,match,0,0,0,
21,PRC_Y2B2T1U1G2I1S1Q1V2B3B5I8T4I6C5,2119617,2023-12-28,298,272,270,0,2,298,270,0,2,26,1,True,True,match,0,0,0,
21,PRC_H2Q2E1M2Q3N0J0L9S3E7J5E0Y1X7I1,2119502,2023-12-28,298,269,268,0,1,298,268,0,1,29,1,True,True,match,0,0,0,
21,ARC_K2M2R1C2A2U9I1U6I5I0W0M8M9V4G3,2119249,2023-12-28,298,270,269,0,1,298,269,0,1,28,1,True,True,match,0,0,0,
21,PRC_V2F2Q1X1T1B6G1B4M2C3L1G4F7C0U4,2118516,2023-12-28,298,276,269,0,7,298,269,0,7,22,1,True,True,match,0,0,0,
21,PRC_W2Z1X0C2K0M5E1Z8M0P8A0V8W6C2Q7,2116783,2023-12-28,298,268,256,2,10,298,256,2,10,30,1,True,True,match,0,0,0,
21,PRC_H2U1K0F2W0K5H1U8N0K2Z4N7A4S0V2,2116782,2023-12-28,298,268,260,2,6,298,260,2,6,30,1,True,True,match,0,0,0,
21,PRC_F2N1N0C2D0A5V1Y8G0J6M4P0X7O7B0,2116779,2023-12-28,298,266,257,2,7,298,257,2,7,32,1,True,True,match,0,0,0,
21,PRC_V2O1B0C2V0L5V1B8D0A0A3V0G9W3W1,2116778,2023-12-28,298,266,251,3,12,298,251,3,12,32,1,True,True,match,0,0,0,
21,PRC_J2P2B0K4B0D8E0Z9P0C8G2X7I8C1F6,2115235,2023-12-28,298,271,269,0,2,298,269,0,2,27,1,True,True,match,0,0,0,
21,PRC_K2D1X0C9Y2T8K1X3A2Z6T0S3Y6P8T2,2112792,2023-12-28,298,274,273,0,1,298,273,0,1,24,1,True,True,match,0,0,0,
21,PRC_Z2B1A0F8Q0S9R1L7L5E2E4S4Q4Z1S9,2112046,2023-12-28,298,274,273,0,1,298,273,0,1,24,1,True,True,match,0,0,0,
21,PRC_P2I1Q0I5I1C8G1K5S4M9Q1I2A1N2R7,2111050,2023-12-28,298,265,264,0,1,298,264,0,1,33,1,True,True,match,0,0,0,
21,ARC_T2O0L1X2Z2Z4S1P6Q2C5D4X4W9B8L5,2106926,2023-12-28,298,265,259,0,6,298,259,0,6,33,1,True,True,match,0,0,0,
21,PRC_D2W3Y1Z1V3B0O1W0I4L8X1P3D3Y6F7,2125705,2023-12-21,298,261,258,0,3,298,258,0,3,37,1,True,True,match,0,0,0,
21,PRC_O2Y3Y1K1A3M0B1L0G4S7O2L6X7A7I4,2125704,2023-12-21,298,256,253,0,3,298,253,0,3,42,1,True,True,match,0,0,0,
21,PRC_G2Q3K1Z1P3O0K1C0D4H5X5M0V8J6L9,2125703,2023-12-21,298,261,257,0,4,298,257,0,4,37,1,True,True,match,0,0,0,
21,PRC_F2Y3R1V1R3X0E1U0O4J3J0N6C2B5G9,2125702,2023-12-21,298,259,256,0,3,298,256,0,3,39,1,True,True,match,0,0,0,
21,PRC_Q2U3V1J1G3G0C1C0E4C2H0M2Y4J8F8,2125701,2023-12-21,298,259,255,0,4,298,255,0,4,39,1,True,True,match,0,0,0,
21,PRC_V2T3Z1C1U3R0K1B0R3D9Y2L1U8N5V0,2125700,2023-12-21,298,257,200,15,42,298,200,15,42,41,1,True,True,match,0,0,0,
21,PRC_Y2F3L1G1C3W0S1T0W1S1T2E7Q1E5N3,2125699,2023-12-21,298,262,258,0,4,298,258,0,4,36,1,True,True,match,0,0,0,
21,PRC_O2I3G1Z1E3N0X1U0Y1I0Z0B0V5Y1Y5,2125698,2023-12-21,298,261,258,0,3,298,258,0,3,37,1,True,True,match,0,0,0,
21,PRC_K2K3Q1M1B3H0H1A0J0P7R0D8V6C8Z2,2125697,2023-12-21,298,257,161,44,52,298,161,44,52,41,1,True,True,match,0,0,0,
21,PRC_I2P3V1V1Y3P0M1K0U0R5U0H5J1O9D1,2125696,2023-12-21,298,254,211,16,27,298,211,16,27,44,1,True,True,match,0,0,0,
21,ARC_E2V3G0U9S0J1B1S6U3C9F2I0Z5R5K3,2124170,2023-12-21,298,261,258,1,2,298,258,1,2,37,1,True,True,match,0,0,0,
21,PRC_Q2X3M0D9M0O1W1X5I5K1E1I1N8M5M3,2124162,2023-12-21,298,227,224,3,0,298,224,3,0,71,1,True,True,match,0,0,0,
21,PRC_O2J3M0W9K0N1Y1O5B4T5S5O7S1P2P1,2124161,2023-12-21,298,228,228,0,0,298,228,0,0,70,1,True,True,match,0,0,0,
21,ARC_F2Z3O0B9Q0M1T1Q5X3G0X1Y4G2Q0A9,2124158,2023-12-21,298,262,259,1,2,298,259,1,2,36,1,True,True,match,0,0,0,
21,ARC_C2E3J0Q9W0X1H1U5W2O5A1G6B4R9Q8,2124155,2023-12-21,298,260,252,3,5,298,252,3,5,38,1,True,True,match,0,0,0,
21,ARC_L2L3I0S9F0S1H1K5I2R5G0D6P6W3L3,2124153,2023-12-21,298,257,231,2,24,298,231,2,24,41,1,True,True,match,0,0,0,
21,PRC_K2E3C0B9A0W1I1P0A4U2O0P5D3P2L2,2124133,2023-12-21,298,233,228,0,5,298,228,0,5,65,1,True,True,match,0,0,0,
21,PRC_A2K3B1V2F2E1C1B5H0X7P3L8W2I5L9,2124132,2023-12-21,298,240,234,3,3,298,234,3,3,58,1,True,True,match,0,0,0,
21,PRC_J2G3B1W2B2W1L1O5Z0D7Z4O1J6M7I8,2124131,2023-12-21,298,259,237,9,13,298,237,9,13,39,1,True,True,match,0,0,0,
21,PRC_K2D3N1I2G2D1C1M4E4B1A0E6S4M5D3,2124114,2023-12-21,298,252,188,27,37,298,188,27,37,46,1,True,True,match,0,0,0,
21,PRC_H2H3C1Z2U1U2E1T6P0F4E2R2Z8M6F7,2126021,2023-12-20,298,182,181,0,1,298,181,0,1,116,1,True,True,match,0,0,0,
21,PRC_V2H3E1T2Z2W0Y1N3C0K4K2H1H6K4H2,2126019,2023-12-20,298,180,177,1,2,298,177,1,2,118,1,True,True,match,0,0,0,
21,PRC_R2P3T1S2B2F0M1E3S0S3Z4X9P2J8I5,2126018,2023-12-20,298,178,175,1,2,298,175,1,2,120,1,True,True,match,0,0,0,
21,PRC_R2T3S0N9E2S0Z1L8R4C8O2E6P9M9X1,2126015,2023-12-20,298,179,178,0,1,298,178,0,1,119,1,True,True,match,0,0,0,
21,PRC_Y2N3R0L9J2D0U1J3Q2J8L2J5X6M2S9,2126014,2023-12-20,298,184,183,0,1,298,183,0,1,114,1,True,True,match,0,0,0,
21,PRC_R2T3G0E9V2J0B1C8W5M1O4J5V8A5Y9,2126013,2023-12-20,298,183,181,0,2,298,181,0,2,115,1,True,True,match,0,0,0,
21,PRC_Q2D3G1W1X0X7S1C6W4P2C0D9E4R5V6,2126012,2023-12-20,298,197,197,0,0,298,197,0,0,101,1,True,True,match,0,0,0,
21,PRC_O2F3Z0C9A2B0G1H7Z3G5E5O5I7W3Z0,2126011,2023-12-20,298,191,190,0,1,298,190,0,1,107,1,True,True,match,0,0,0,
21,PRC_Q2P3H1Q1K0H7E1W6U3G9U3R1L7H4X4,2126010,2023-12-20,298,191,190,0,1,298,190,0,1,107,1,True,True,match,0,0,0,
21,PRC_C2P3Z0A9Y1B9I1V6J3B4X3J5T7T1L5,2126009,2023-12-20,298,181,180,0,1,298,180,0,1,117,1,True,True,match,0,0,0,
21,PRC_U2R3U0V8S2E4C1F4I2N9U4X0O9X4T3,2126008,2023-12-20,298,183,183,0,0,298,183,0,0,115,1,True,True,match,0,0,0,
21,PRC_C2R3B1L1L0N7B1P6O4Y2E4E0J9B6J0,2126007,2023-12-20,298,192,190,0,2,298,190,0,2,106,1,True,True,match,0,0,0,
21,PRC_U2T3P0W7W2L6G1T6U0O2V1O6P0G0V5,2126006,2023-12-20,298,181,181,0,0,298,181,0,0,117,1,True,True,match,0,0,0,
21,PRC_T2S3Q0G9H2E0L1T7O3U5A2W1J9S6S8,2126005,2023-12-20,298,192,187,1,4,298,187,1,4,106,1,True,True,match,0,0,0,
21,PRC_T2I3A1W1H2S2Y2R0K3H3F2A1Y7V7V0,2126004,2023-12-20,298,185,178,4,3,298,178,4,3,113,1,True,True,match,0,0,0,
21,PRC_G2R3A0W8O2G4N1I0P1Y5Y5R3P1U1F0,2126003,2023-12-20,298,179,178,0,1,298,178,0,1,119,1,True,True,match,0,0,0,
21,PRC_E2M2H1G1J1S7B1S3N2J0F3Q2A6T6I2,2126002,2023-12-20,298,169,138,4,27,298,138,4,27,129,1,True,True,match,0,0,0,
21,PRC_P2H3M1F2V0C7O1W8Q4W5Z2V2Y2H9G5,2126001,2023-12-20,298,199,199,0,0,298,199,0,0,99,1,True,True,match,0,0,0,
21,PRC_O2M3C0X6L2I8U1Y7G5Y7A5B9P7R4D6,2126000,2023-12-20,298,176,176,0,0,298,176,0,0,122,1,True,True,match,0,0,0,
21,PRC_U2X3Z1L2Q0X7M1N8I4S2S4U9E8F9D3,2125999,2023-12-20,298,199,195,2,2,298,195,2,2,99,1,True,True,match,0,0,0,
21,PRC_H2F3R1M1Q2D9I1E7H1Q7Z0B2J5P1U4,2125998,2023-12-20,298,189,188,0,1,298,188,0,1,109,1,True,True,match,0,0,0,
21,PRC_A2Q3K0C7L1X2I1P6G5J3R5A8J4R3P6,2125997,2023-12-20,298,189,189,0,0,298,189,0,0,109,1,True,True,match,0,0,0,
21,PRC_S2D3I0U9X1Y9S2R2N2T0O5X7Y9Z8Z5,2125996,2023-12-20,298,201,201,0,0,298,201,0,0,97,1,True,True,match,0,0,0,
21,PRC_E2E3J1T1L2R1W2Q2V3R2W3H3O6W2G9,2125995,2023-12-20,298,203,203,0,0,298,203,0,0,95,1,True,True,match,0,0,0,
21,PRC_Y2Q3G1J2X0F7D1Y8C3V1W0V8J1I6V8,2125994,2023-12-20,298,196,195,0,1,298,195,0,1,102,1,True,True,match,0,0,0,
21,PRC_D2A3S1H2B1S8Q1J7N2U8C5P5G7O9N9,2125993,2023-12-20,298,254,253,0,1,298,253,0,1,44,1,True,True,match,0,0,0,
21,PRC_I2E3R0X6V2I7M1S4B5L3I2A9G6K4D9,2125992,2023-12-20,298,185,183,0,2,298,183,0,2,113,1,True,True,match,0,0,0,
21,PRC_O2S3R0R7N0I6S1V7G3O6K2E9C5P2C6,2125991,2023-12-20,298,193,192,0,1,298,192,0,1,105,1,True,True,match,0,0,0,
21,PRC_P2Q3K1M2U0D7G1M8Y3M2B3I2X9L1E9,2125990,2023-12-20,298,201,198,0,3,298,198,0,3,97,1,True,True,match,0,0,0,
21,PRC_P2X3B0P6L2L7L1R4W5X5I5B5T7C0F0,2125989,2023-12-20,298,183,181,0,2,298,181,0,2,115,1,True,True,match,0,0,0,
21,PRC_W2F3K0A9X2E0J1I9D1G2H1S9Y6M8C2,2125988,2023-12-20,298,220,218,0,2,298,218,0,2,78,1,True,True,match,0,0,0,
21,PRC_N2I3C1B2E1D8X1C7K2G7O4S7N2U5T6,2125987,2023-12-20,298,252,252,0,0,298,252,0,0,46,1,True,True,match,0,0,0,
21,PRC_A2W3T1B1Q2S9X1A7J2P0V4V8S3W3X7,2125986,2023-12-20,298,184,147,4,33,298,147,4,33,114,1,True,True,match,0,0,0,
21,PRC_L2O3U1R1X2N9X1D4S1N2C0L3A3J8C9,2125985,2023-12-20,298,183,180,1,2,298,180,1,2,115,1,True,True,match,0,0,0,
21,PRC_T2B3Z1H2L0L6T1C5G5P9F4U7X9C9V8,2125984,2023-12-20,298,184,180,2,2,298,180,2,2,114,1,True,True,match,0,0,0,
21,PRC_G2N3H0Y9D2M1W1V0S1J0W2N2J3F6O0,2125983,2023-12-20,298,221,219,1,1,298,219,1,1,77,1,True,True,match,0,0,0,
21,PRC_L2G3B0H9U2S0N1D9J1J0B2K5K4M8N9,2125982,2023-12-20,298,223,218,4,1,298,218,4,1,75,1,True,True,match,0,0,0,
21,PRC_Q2Y3L0I4R1Q8L1U6Z2K4D4J7U2P0L7,2125981,2023-12-20,298,185,184,0,1,298,184,0,1,113,1,True,True,match,0,0,0,
21,PRC_Z2O3V1M2M1W8C1S7H3Y0U4I0K3V3Q1,2125980,2023-12-20,298,251,251,0,0,298,251,0,0,47,1,True,True,match,0,0,0,
21,PRC_J2D3W0D9I2B0J1R9X1J1O2A3S6R2R8,2125979,2023-12-20,298,220,217,0,3,298,217,0,3,78,1,True,True,match,0,0,0,
21,PRC_W2T3Z1L1U2L9Q1A9N0X6O4S1Z3I6U5,2125978,2023-12-20,298,252,252,0,0,298,252,0,0,46,1,True,True,match,0,0,0,
21,PRC_L2B3I0N4U1M8Z1H6R1D9D5L3F9G8D9,2125977,2023-12-20,298,190,188,0,2,298,188,0,2,108,1,True,True,match,0,0,0,
21,PRC_S2L3G1Z2J0K4L0I9C4Z1W1V7F5W0S3,2125976,2023-12-20,298,184,178,0,6,298,178,0,6,114,1,True,True,match,0,0,0,
21,PRC_Z2J3V1Q2N0P4A0P9M3Y3P4P1G5B4R0,2125975,2023-12-20,298,186,185,0,1,298,185,0,1,112,1,True,True,match,0,0,0,
21,PRC_N2I3W0S9F2K1R1Z0Q0B0W4X6A2R5J3,2125974,2023-12-20,298,218,218,0,0,298,218,0,0,80,1,True,True,match,0,0,0,
21,PRC_L2V3P1J2T1L8A1F7J2Y0O4W5P1G6I9,2125973,2023-12-20,298,244,244,0,0,298,244,0,0,54,1,True,True,match,0,0,0,
21,PRC_A2P3N1S2S0S4D0X9O4M4L2F2O1E0Q8,2125972,2023-12-20,298,184,184,0,0,298,184,0,0,114,1,True,True,match,0,0,0,
21,PRC_G2F3D1L1J0S6Q1P6O2W0X0V8U3S3A1,2125392,2023-12-20,298,255,255,0,0,298,255,0,0,43,1,True,True,match,0,0,0,
21,PRC_H2Q3O1N1O0N6I1H6G2E2N1N4M7L6F1,2125389,2023-12-20,298,257,255,0,2,298,255,0,2,41,1,True,True,match,0,0,0,
21,ARC_N2G3Y1R0E2P5A1G7W1L8Z3Q5L5W7R5,2125176,2023-12-20,298,205,204,0,1,298,204,0,1,93,1,True,True,match,0,0,0,
21,ARC_O2T3U1V0I2U5C1B5D4H8N1N0G8B8J0,2125174,2023-12-20,298,200,197,1,2,298,197,1,2,98,1,True,True,match,0,0,0,
21,PRC_G2E3E0M8N0L7M1K0I2J8F3F7E9E5C1,2124358,2023-12-20,298,186,185,0,1,298,185,0,1,112,1,True,True,match,0,0,0,
21,PRC_M2L3K0J4F2F7E1D0B5J3K4J0I2G2O1,2123527,2023-12-20,298,174,172,0,2,298,172,0,2,124,1,True,True,match,0,0,0,
21,PRC_G2F3E0C6K2J6K1I0H5Q3R4P0O0W0X9,2123351,2023-12-20,298,173,169,0,4,298,169,0,4,125,1,True,True,match,0,0,0,
21,PRC_N2N3M0L6J2G8E1F6E5C2K5J2K9I3H8,2123348,2023-12-20,298,188,187,0,1,298,187,0,1,110,1,True,True,match,0,0,0,
21,PRC_X2V3W0U6V1D2D1B2A0B6Z1Z2I1I5G4,2123342,2023-12-20,298,182,181,1,0,298,181,1,0,116,1,True,True,match,0,0,0,
21,PRC_E2C3D0B7C1J4I0J9H1H6G2H3O1N3N6,2123284,2023-12-20,298,188,185,0,3,298,185,0,3,110,1,True,True,match,0,0,0,
21,PRC_Y2X3V0W7E1E2D0B9C1A7A1J5J1H3G5,2123250,2023-12-20,298,192,192,0,0,298,192,0,0,106,1,True,True,match,0,0,0,
21,PRC_Q2P3P0X5Y2W5W1V0T1U2C5D0B6B8U9,2123135,2023-12-20,298,180,177,0,3,298,177,0,3,118,1,True,True,match,0,0,0,
21,PRC_J2K3R0Q5R1P0Q1O6O5X2V4V0U3U3S9,2123121,2023-12-20,298,178,178,0,0,298,178,0,0,120,1,True,True,match,0,0,0,
21,PRC_N2V3T0T5S3T0R2R0Z3Y3Y3X3Y9W0W3,2122969,2023-12-20,298,189,180,1,8,298,180,1,8,109,1,True,True,match,0,0,0,
21,PRC_P2N3O0M6N1V2X1Q4Q0O5P3O2M8M5U0,2122948,2023-12-20,298,184,179,0,5,298,179,0,5,114,1,True,True,match,0,0,0,
21,PRC_T2R3N0M6N2L6K1S1S2O0M0L5K0S5R4,2122906,2023-12-20,298,186,177,3,6,298,177,3,6,112,1,True,True,match,0,0,0,
21,PRC_U2V3T0U6S0A8B1Z2A2Y3Z1X7T5T7S0,2122903,2023-12-20,298,257,257,0,0,298,257,0,0,41,1,True,True,match,0,0,0,
21,PRC_H2P3O0M5L0M4U1S3R3S5R3M7L1J3I0,2122767,2023-12-20,298,170,170,0,0,298,170,0,0,128,1,True,True,match,0,0,0,
21,PRC_G2G3F0D5E2C4D1K0L5K1K4I4J5I4P0,2122504,2023-12-20,298,179,177,0,2,298,177,0,2,119,1,True,True,match,0,0,0,
21,PRC_L2K3F0G3F1E6C1K5L0K1M1K1J4R6S5,2122482,2023-12-20,298,190,190,0,0,298,190,0,0,108,1,True,True,match,0,0,0,
21,PRC_L2T3U0S5T3R0P1Q0Y0Z0X2X1W0Z7A7,2122432,2023-12-20,298,177,175,1,1,298,175,1,1,121,1,True,True,match,0,0,0,
21,PRC_G2Y3J0F5S3U1F1Y7W3D3H1K3G1D2C7,2122416,2023-12-20,298,181,181,0,0,298,181,0,0,117,1,True,True,match,0,0,0,
21,PRC_K2V3W0A5S3Z1Y1Y7Z2R1X1Y0G7Y6J7,2122413,2023-12-20,298,177,176,0,1,298,176,0,1,121,1,True,True,match,0,0,0,
21,PRC_F2Z3T0Y5Z3G1K1L3U2H1U4S2B5Q8V1,2122387,2023-12-20,298,186,184,0,2,298,184,0,2,112,1,True,True,match,0,0,0,
21,PRC_W2L3R0M5C3W1S1Y3H1W8G3X6M1L9A4,2122386,2023-12-20,298,184,184,0,0,298,184,0,0,114,1,True,True,match,0,0,0,
21,PRC_P2Q3O0P5X1Y8W1W0U1T6U0B9C2B8B3,2122335,2023-12-20,298,254,249,0,5,298,249,0,5,44,1,True,True,match,0,0,0,
21,PRC_G2P3N0M3M1L5A1Z3Z3Y4X2K9H6I2G5,2122033,2023-12-20,298,172,171,0,1,298,171,0,1,126,1,True,True,match,0,0,0,
21,PRC_L2J3I0G3C1B5C1A3Z3H5G2H9F2E1M8,2122029,2023-12-20,298,170,168,0,2,298,168,0,2,128,1,True,True,match,0,0,0,
21,PRC_O2M3V0T3U1S5R1B3Z3Y6G1H9F0E4D7,2122028,2023-12-20,298,178,177,0,1,298,177,0,1,120,1,True,True,match,0,0,0,
21,PRC_N2O3N0V5T0S1T1R1N0M3L0M3K2S4R0,2121972,2023-12-20,298,182,181,1,0,298,181,1,0,116,1,True,True,match,0,0,0,
21,PRC_Y2X3T0S3Q0R9Q1Y5X2V3W4U7D7P9Q3,2121876,2023-12-20,298,181,174,1,6,298,174,1,6,117,1,True,True,match,0,0,0,
21,PRC_R2L3L0S2Q2T4S1Y7Y0X5W5C9B3A1J8,2121687,2023-12-20,298,186,186,0,0,298,186,0,0,112,1,True,True,match,0,0,0,
21,PRC_Z2H3I0H4F1E7M1L1L2K5J3R1M4L8U1,2121576,2023-12-20,298,193,192,0,1,298,192,0,1,105,1,True,True,match,0,0,0,
21,PRC_W2V3U0S4T1B7A1Z1X2F8G2F7G7F3E0,2121571,2023-12-20,298,182,178,0,4,298,178,0,4,116,1,True,True,match,0,0,0,
21,PRC_M2K3J0H4E1E2D1C1P4L5K4I1H7P2Q3,2121496,2023-12-20,298,184,184,0,0,298,184,0,0,114,1,True,True,match,0,0,0,
21,PRC_K2J3S0Y4X1V8D1C5B2A8A5J7H2G7F7,2121489,2023-12-20,298,236,235,0,1,298,235,0,1,62,1,True,True,match,0,0,0,
21,PRC_A2Z3Z0Y4X1F1E0C9B2X3Y3X2M3K2J5,2121381,2023-12-20,298,186,184,0,2,298,184,0,2,112,1,True,True,match,0,0,0,
21,PRC_E2C3B0A4I1H3G0G8F5N5M1K7J2R4Q7,2121357,2023-12-20,298,175,171,0,4,298,171,0,4,123,1,True,True,match,0,0,0,
21,PRC_F2E3N0M4L0U4R1P6Y0W4Q5P9O9X8X5,2121322,2023-12-20,298,235,232,0,3,298,232,0,3,63,1,True,True,match,0,0,0,
21,PRC_J2I3J0H3H1G7O1O6M3O5M5K9L6G3H7,2121251,2023-12-20,298,241,241,0,0,298,241,0,0,57,1,True,True,match,0,0,0,
21,PRC_M2V3T0S3R2Z7X1W0V1D1E3D7B0A4W0,2121130,2023-12-20,298,178,176,0,2,298,176,0,2,120,1,True,True,match,0,0,0,
21,PRC_C2D3B0A2Z2H3G1G0F2D6S3T5S2R6P7,2121050,2023-12-20,298,182,182,0,0,298,182,0,0,116,1,True,True,match,0,0,0,
21,PRC_M2L3J0S3Q2P7Q1O6W4V1U0V0U1C2A2,2121014,2023-12-20,298,178,177,0,1,298,177,0,1,120,1,True,True,match,0,0,0,
21,PRC_S2R3P0Y2Z2X8W1Y4X5F9E1E4D9B1K0,2120995,2023-12-20,298,166,166,0,0,298,166,0,0,132,1,True,True,match,0,0,0,
21,PRC_I2H3F0O2N2M7Q1P0M5V2U2S8S5Y6X7,2120803,2023-12-20,298,242,240,0,2,298,240,0,2,56,1,True,True,match,0,0,0,
21,PRC_O2N3M0K3S0T6S1R4S2A1Z1X0W2E7F3,2120752,2023-12-20,298,177,172,0,5,298,172,0,5,121,1,True,True,match,0,0,0,
21,PRC_V2U3C0D3C0D6C1K4I2H1G5O2P6N5M2,2120751,2023-12-20,298,177,177,0,0,298,177,0,0,121,1,True,True,match,0,0,0,
21,PRC_J2W3Y0J1F1R3Z1C1X5U3A4R4Q2M7Y9,2120719,2023-12-20,298,178,178,0,0,298,178,0,0,120,1,True,True,match,0,0,0,
21,PRC_D2D2D1W2Y2K2R1G0D3S4V0R2I6B5B3,2120518,2023-12-20,298,222,222,0,0,298,222,0,0,76,1,True,True,match,0,0,0,
21,PRC_J2Y2P0Q8H1B2M1J9A0S0F5P9N3B6R5,2120435,2023-12-20,298,194,193,0,1,298,193,0,1,104,1,True,True,match,0,0,0,
21,PRC_O2W3W0U2D2C0Z1V0U0T3S4B2A7Z8I3,2120150,2023-12-20,298,181,180,0,1,298,180,0,1,117,1,True,True,match,0,0,0,
21,PRC_C2B3A0Y2H1F3G1F6D2G4F1N2M9N0L2,2120056,2023-12-20,298,225,221,0,4,298,221,0,4,73,1,True,True,match,0,0,0,
21,PRC_B2Q3G0G1S1V0X1B4G4T2Y0H1F7B8U8,2119416,2023-12-20,298,202,194,0,8,298,194,0,8,96,1,True,True,match,0,0,0,
21,PRC_B2K3S0L1M0G4C1V4M5U8S5Z6K1R2K0,2119387,2023-12-20,298,194,192,0,2,298,192,0,2,104,1,True,True,match,0,0,0,
21,PRC_I2F2Q1R1B0W7F1N0V5T0Z2K3C6S7C1,2119311,2023-12-20,298,229,226,0,3,298,226,0,3,69,1,True,True,match,0,0,0,
21,PRC_W2B2A0D9Z2R3V1X7T5Y9N1U2V2V1Z0,2118840,2023-12-20,298,217,214,0,3,298,214,0,3,81,1,True,True,match,0,0,0,
21,PRC_G2R2O1O1Z2N4W1P0W5U4G3K4K1E9K9,2118815,2023-12-20,298,175,175,0,0,298,175,0,0,123,1,True,True,match,0,0,0,
21,PRC_T2U2Y1A1G2P4A1R0A5E5U2B4K7I6Q1,2118813,2023-12-20,298,181,181,0,0,298,181,0,0,117,1,True,True,match,0,0,0,
21,PRC_A2X2X0A5R1A7Z1I4U0C5E5R7C6I9T4,2118672,2023-12-20,298,174,174,0,0,298,174,0,0,124,1,True,True,match,0,0,0,
21,PRC_E2A2H1N1K3C0V1O0W1D6C5Q8I3J3C9,2118642,2023-12-20,298,238,238,0,0,298,238,0,0,60,1,True,True,match,0,0,0,
21,PRC_V2R2K1C1J2U5V1U1F3O0B0I6O1S6Q7,2118618,2023-12-20,298,231,228,0,3,298,228,0,3,67,1,True,True,match,0,0,0,
21,PRC_G2Q2C1A0B3O1X1O7M5N9C0O5P4G7S5,2118503,2023-12-20,298,181,180,0,1,298,180,0,1,117,1,True,True,match,0,0,0,
21,PRC_E2P2N1R1M0V8O1M1P5Q6O0Q4Q6W3H2,2118201,2023-12-20,298,182,182,0,0,298,182,0,0,116,1,True,True,match,0,0,0,
21,PRC_O2G2E0F9J2Q1V1B0S5I3T0N5T7E8N2,2117861,2023-12-20,298,178,176,0,2,298,176,0,2,120,1,True,True,match,0,0,0,
21,PRC_Z2H2S0C9G1O6D1L1R5P1I1L2P3D3Z0,2117423,2023-12-20,298,245,242,0,3,298,242,0,3,53,1,True,True,match,0,0,0,
21,PRC_C2F2E0N9Y0H2X1X0I0S4I1F9V9P6Y7,2117406,2023-12-20,298,209,206,0,3,298,206,0,3,89,1,True,True,match,0,0,0,
21,PRC_J2I2Z0H9J0E6J1X8W1D5G4V0C1A4A2,2117388,2023-12-20,298,182,179,0,3,298,179,0,3,116,1,True,True,match,0,0,0,
21,PRC_R2P2S0Z1N0P6O1T6Q3W0L3A2F3Y4G2,2117369,2023-12-20,298,184,182,0,2,298,182,0,2,114,1,True,True,match,0,0,0,
21,PRC_I2X2B0H9D0H1K1E1H2P6U3L3D2H0P7,2117258,2023-12-20,298,183,182,0,1,298,182,0,1,115,1,True,True,match,0,0,0,
21,PRC_J2D2D0J5A1X7P1Z4A0D8S0K7A9X7C0,2116887,2023-12-20,298,181,181,0,0,298,181,0,0,117,1,True,True,match,0,0,0,
21,PRC_L2U2G0A6H2C3M1O7C4Z7A3W9J5U4U8,2116731,2023-12-20,298,173,173,0,0,298,173,0,0,125,1,True,True,match,0,0,0,
21,PRC_L2F2U0A6U1J5J1Y6R2X9M4E4Z8K0H4,2116301,2023-12-20,298,236,235,1,0,298,235,1,0,62,1,True,True,match,0,0,0,
21,PRC_Z2T2X0K4K1I1J1V1C1W8D4E0X1W3M0,2115320,2023-12-20,298,209,209,0,0,298,209,0,0,89,1,True,True,match,0,0,0,
21,PRC_L2O2Y0B4Q0K1L1Z7N2K8Z1C9A4N7X3,2115137,2023-12-20,298,183,183,0,0,298,183,0,0,115,1,True,True,match,0,0,0,
21,PRC_I2Y2W0P3N2C1M1L0H1F0R1D7Y4Z3B1,2114976,2023-12-20,298,233,229,1,3,298,229,1,3,65,1,True,True,match,0,0,0,
21,PRC_L2C2I0O3D2R1C1B0X0K7R4R3F0O8P3,2114972,2023-12-20,298,233,232,0,1,298,232,0,1,65,1,True,True,match,0,0,0,
21,PRC_R2M2F0R1N1N1H1U1Q5G0F5W1Q8U1F1,2114403,2023-12-20,298,180,179,0,1,298,179,0,1,118,1,True,True,match,0,0,0,
21,PRC_L2E1D1N1L1B7S1I8I0U5O3M6H1U4K3,2113374,2023-12-20,298,210,202,1,7,298,202,1,7,88,1,True,True,match,0,0,0,
21,PRC_N2C1Y0C8W0V6Z1P4L3J2J0L2O2G6R2,2112420,2023-12-20,298,227,225,0,2,298,225,0,2,71,1,True,True,match,0,0,0,
21,ARC_U2U1R0U9R0I1V1C1B4M5Q1Q9O7C9L8,2112345,2023-12-20,298,197,197,0,0,298,197,0,0,101,1,True,True,match,0,0,0,
21,PRC_B2A1X0S3X3L0C1F4J1G2E2Z4B6F4T0,2110800,2023-12-20,298,182,180,0,2,298,180,0,2,116,1,True,True,match,0,0,0,
21,PRC_S2J1O0R3Y2M4Y1C4S2Q1S4O9A8T1M2,2109095,2023-12-20,298,209,206,0,3,298,206,0,3,89,1,True,True,match,0,0,0,
21,PRC_O2H1A0K1W2G1J1K5G1A2Y0Q3R4G9W8,2108046,2023-12-20,298,178,176,0,2,298,176,0,2,120,1,True,True,match,0,0,0,
21,PRC_E2X0X1L1A2P6L1X5B2P7D3I5E6U1V5,2106152,2023-12-20,298,200,200,0,0,298,200,0,0,98,1,True,True,match,0,0,0,
21,PRC_V2H0F1P1Z1Z7L1O7J4E3H0X7Y4T6S6,2105435,2023-12-20,298,178,174,0,4,298,174,0,4,120,1,True,True,match,0,0,0,
21,PRC_F2U0D1F0D2T9V1R3Q5V3K3K6L6W2B5,2105420,2023-12-20,298,246,244,0,2,298,244,0,2,52,1,True,True,match,0,0,0,
21,PRC_M2Z0P1A0Q2S9U1E0T0T8K4Q7F4V5I8,2105394,2023-12-20,298,211,206,0,5,298,206,0,5,87,1,True,True,match,0,0,0,
21,PRC_C2Y0C1R0R2V9R1F0Y0D9Y3G2E6A2V6,2105393,2023-12-20,298,210,205,0,5,298,205,0,5,88,1,True,True,match,0,0,0,
21,PRC_G2W0K0C9B2L8X1Z4A0V6N4M6O1G5X1,2104293,2023-12-20,298,192,188,1,3,298,188,1,3,106,1,True,True,match,0,0,0,
21,PRC_T2C0E0U8N1G8N0Q9K4O5I0K8P3H3K3,2103001,2023-12-20,298,190,189,0,1,298,189,0,1,108,1,True,True,match,0,0,0,
21,PRC_U2P3P1D2R0R8X1F1A1F3N3R9P5O6G6,2125870,2023-12-08,298,158,158,0,0,298,158,0,0,140,1,True,True,match,0,0,0,
21,PRC_H2A3Z1Q1A0Z7O1R6N4R6J3H7K5H5E2,2125864,2023-12-08,298,180,180,0,0,298,180,0,0,118,1,True,True,match,0,0,0,
21,PRC_R2Y3M0N8O2Z1O1A6S1H3U1O8I0W9Y8,2125863,2023-12-08,298,166,166,0,0,298,166,0,0,132,1,True,True,match,0,0,0,
21,PRC_N2H3C0I8P2D1E1W6O1O1N1Q4K9G0A2,2125862,2023-12-08,298,192,192,0,0,298,192,0,0,106,1,True,True,match,0,0,0,
21,PRC_P2H3Q0G6W2E8G1X6T0T7D2Z9K9A2F0,2125861,2023-12-08,298,178,178,0,0,298,178,0,0,120,1,True,True,match,0,0,0,
21,PRC_S2O3T0Z9J2O0G1O3C2L6L2R9M1W0S7,2125860,2023-12-08,298,176,172,0,4,298,172,0,4,122,1,True,True,match,0,0,0,
21,PRC_O2Y3M0O6N2M8A1V7K5M7Z0S9H8I1S6,2125859,2023-12-08,298,181,178,0,3,298,178,0,3,117,1,True,True,match,0,0,0,
21,PRC_M2L3R1C1V0U7Z1M6X5I4S4N4P5B4X4,2125858,2023-12-08,298,166,164,0,2,298,164,0,2,132,1,True,True,match,0,0,0,
21,PRC_X2Y3O0K8P2K1F1S6Z1S2J0O2E7H7M8,2125857,2023-12-08,298,187,186,0,1,298,186,0,1,111,1,True,True,match,0,0,0,
21,PRC_Q2J3P0G8S2M1I1B6C1J2Z3U3P9Y7P9,2125856,2023-12-08,298,163,163,0,0,298,163,0,0,135,1,True,True,match,0,0,0,
21,PRC_B2D3R0Y8R2B1S1C6T1S0G3I6F4I6H0,2125855,2023-12-08,298,193,192,0,1,298,192,0,1,105,1,True,True,match,0,0,0,
21,PRC_G2E3R1Q1D2I9H1I7A5E0E1E3F1P7P9,2125854,2023-12-08,298,174,167,0,7,298,167,0,7,124,1,True,True,match,0,0,0,
21,PRC_R2H3R0M9G2E0B1W7E4D8C2G9X6V8F7,2125853,2023-12-08,298,175,174,0,1,298,174,0,1,123,1,True,True,match,0,0,0,
21,PRC_U2R3Q0H6X2B8I1O6V0C4A3K9U8N7E1,2125852,2023-12-08,298,178,178,0,0,298,178,0,0,120,1,True,True,match,0,0,0,
21,PRC_Q2K3I1M1F0T7J1M6Y4G0Z1F5K5C5P5,2125851,2023-12-08,298,178,176,0,2,298,176,0,2,120,1,True,True,match,0,0,0,
21,PRC_H2B3T0B9B2O0J1L3D2Z7Q4S0H8R2A7,2125850,2023-12-08,298,173,172,0,1,298,172,0,1,125,1,True,True,match,0,0,0,
21,PRC_I2M3G0R6K2N8Q1T6V0A6R3H7K7F2K7,2125849,2023-12-08,298,176,173,0,3,298,173,0,3,122,1,True,True,match,0,0,0,
21,PRC_I2B3Q0Z9L2D0T1Z3E2P9H2W7Y1J4M1,2125848,2023-12-08,298,176,167,0,9,298,167,0,9,122,1,True,True,match,0,0,0,
21,PRC_J2B3H0X9C2I0L2D0C1H2I4O7C3Q0X2,2125847,2023-12-08,298,227,225,0,2,298,225,0,2,71,1,True,True,match,0,0,0,
21,PRC_J2N3I0G8X2J1F1N8G3L9J1D4I9L6T7,2125846,2023-12-08,298,169,168,0,1,298,168,0,1,129,1,True,True,match,0,0,0,
21,PRC_H2T3E0S9N2M0O2I0Q5N7I5P9P3D7J4,2125845,2023-12-08,298,227,223,0,4,298,223,0,4,71,1,True,True,match,0,0,0,
21,PRC_F2U3O0T9L2J0K2E0T0R8O1F9K6M2U4,2125844,2023-12-08,298,226,225,0,1,298,225,0,1,72,1,True,True,match,0,0,0,
21,PRC_Y2U3L1O1O2D9G1R8M3O2N3R7B4K9J2,2125843,2023-12-08,298,217,216,0,1,298,216,0,1,81,1,True,True,match,0,0,0,
21,PRC_C2N3G1O1N2M9V1V4E1Z1Q0S2N8K8E8,2125842,2023-12-08,298,169,156,1,12,298,156,1,12,129,1,True,True,match,0,0,0,
21,PRC_M2M3P1P1X2V9H1R4F1V3W4Y9A4L7H1,2125841,2023-12-08,298,176,146,12,18,298,146,12,18,122,1,True,True,match,0,0,0,
21,PRC_W2W3F0U5I2P2W1X6S1V4I2N4Z6Y4T6,2125840,2023-12-08,298,162,162,0,0,298,162,0,0,136,1,True,True,match,0,0,0,
21,PRC_I2O3X0I5X2G2G1M6B1J1L3T1Z6N5M0,2125839,2023-12-08,298,160,159,0,1,298,159,0,1,138,1,True,True,match,0,0,0,
21,PRC_K2J3V0M5W2B2D1F6W1V3U4I3C9R2C5,2125838,2023-12-08,298,163,161,0,2,298,161,0,2,135,1,True,True,match,0,0,0,
21,PRC_A2O3Z1D1S2A9I1L6S0C5N2Q3L2D3U6,2125837,2023-12-08,298,174,163,1,10,298,163,1,10,124,1,True,True,match,0,0,0,
21,PRC_A2R3K0U9Y2B0T1A5Y1S2Y5L9R7P4C7,2125836,2023-12-08,298,180,175,0,5,298,175,0,5,118,1,True,True,match,0,0,0,
21,PRC_W2J3G0N5A2E2O1W6V1M0Y4C3Y5F8V1,2125835,2023-12-08,298,176,175,0,1,298,175,0,1,122,1,True,True,match,0,0,0,
21,PRC_G2X3B0I9Z2U0D1P5V1M3K3Q0J5X2E3,2125834,2023-12-08,298,159,147,6,6,298,147,6,6,139,1,True,True,match,0,0,0,
21,PRC_R2J3X1J1Y2S9B1Z9X0J9B0M4U7J9G5,2125833,2023-12-08,298,223,221,0,2,298,221,0,2,75,1,True,True,match,0,0,0,
21,PRC_K2K3J1B1T2V8P1J6F3F6X3K1R8R4O2,2125832,2023-12-08,298,174,174,0,0,298,174,0,0,124,1,True,True,match,0,0,0,
21,PRC_F2T3B0G6D2D8D1U5P5N9G3N2S1X4V8,2125831,2023-12-08,298,177,175,0,2,298,175,0,2,121,1,True,True,match,0,0,0,
21,PRC_S2K3V0N9H2G0P1T3V3W0U1D7M2W0O0,2125830,2023-12-08,298,176,176,0,0,298,176,0,0,122,1,True,True,match,0,0,0,
21,PRC_Y2L3A1E1F2O9V1O9H0N0S2N0C9P4H5,2125829,2023-12-08,298,226,215,3,8,298,215,3,8,72,1,True,True,match,0,0,0,
21,PRC_N2Q3L0T7Z1J2W1N6X5M4X4Y7H8D4W8,2125828,2023-12-08,298,181,181,0,0,298,181,0,0,117,1,True,True,match,0,0,0,
21,PRC_Z2L3N1Y1E2J1U1M8L5U4Z5X5H0S6R6,2125827,2023-12-08,298,179,179,0,0,298,179,0,0,119,1,True,True,match,0,0,0,
21,PRC_I2M3S0G4Y2Z6S1T9D0R2P2B5J3Z9P0,2125826,2023-12-08,298,169,169,0,0,298,169,0,0,129,1,True,True,match,0,0,0,
21,PRC_L2J3E1Y1N2I2S2Q0D2E9Y4Q7J2Q1H9,2125825,2023-12-08,298,176,173,0,3,298,173,0,3,122,1,True,True,match,0,0,0,
21,PRC_H2I3Q1F1W2Z1P1M3T1Y4P1J2W3D7U5,2125824,2023-12-08,298,171,170,0,1,298,170,0,1,127,1,True,True,match,0,0,0,
21,PRC_T2O3Y1J1P2O9X1X9D1U9F2G3X5Q2R6,2125823,2023-12-08,298,229,227,1,1,298,227,1,1,69,1,True,True,match,0,0,0,
21,PRC_Z2C3S0N9T1B9D2N2O2E5N3Y1R3T8D1,2125822,2023-12-08,298,207,206,0,1,298,206,0,1,91,1,True,True,match,0,0,0,
21,PRC_R2V3S1T1D2X8L1S6A3A4E3I4Z0J7P2,2125821,2023-12-08,298,175,175,0,0,298,175,0,0,123,1,True,True,match,0,0,0,
21,PRC_P2O3V1O1M2M2V2Y1R4C7W1S7Q2V7R1,2125820,2023-12-08,298,207,189,5,13,298,189,5,13,91,1,True,True,match,0,0,0,
21,PRC_T2B3D0F9Z1V9O2Y2M2H2I0M0T0G9Y2,2125819,2023-12-08,298,211,211,0,0,298,211,0,0,87,1,True,True,match,0,0,0,
21,PRC_E2R3S0L7W1D3P1W8C4G2C0Z5H5E6C1,2125818,2023-12-08,298,156,156,0,0,298,156,0,0,142,1,True,True,match,0,0,0,
21,PRC_H2I3H0Y6U2V8F1P6S0T1D0O4Q0P5W2,2125817,2023-12-08,298,179,179,0,0,298,179,0,0,119,1,True,True,match,0,0,0,
21,PRC_A2Q3I0E4E2I4P1I7P3F3V2I8J5W7T8,2125816,2023-12-08,298,213,208,0,5,298,208,0,5,85,1,True,True,match,0,0,0,
21,PRC_P2A3N1O1K2S2T2W0V3N5X2C1B2W9P5,2125815,2023-12-08,298,179,176,0,3,298,176,0,3,119,1,True,True,match,0,0,0,
21,PRC_Z2L3G1Q1X2Q2Q2O1Z4W7I4D4T7N4P9,2125814,2023-12-08,298,213,176,7,30,298,176,7,30,85,1,True,True,match,0,0,0,
21,PRC_Q2S3R1Z1M2C1I2R2N1E6Y1R6H2F7T8,2125813,2023-12-08,298,217,217,0,0,298,217,0,0,81,1,True,True,match,0,0,0,
21,PRC_X2J3I0S4R1M8G1N6Y2V3A4G3W9Q2S7,2125812,2023-12-08,298,162,160,0,2,298,160,0,2,136,1,True,True,match,0,0,0,
21,PRC_O2W3N0B9K1B9V2H2D3A9F4X6I0Q3C5,2125811,2023-12-08,298,217,214,0,3,298,214,0,3,81,1,True,True,match,0,0,0,
21,PRC_Q2S2O0W9P2Y1B1B5L1A5I3M3X4N8V6,2125810,2023-12-08,298,209,209,0,0,298,209,0,0,89,1,True,True,match,0,0,0,
21,PRC_Z2H3H1N1W2O9C1A7N1F6F1L5P0D9X7,2125809,2023-12-08,298,231,231,0,0,298,231,0,0,67,1,True,True,match,0,0,0,
21,PRC_O2J3D1O1Q2N9H1H7C2D9A3E2M3T6A5,2125808,2023-12-08,298,167,166,0,1,298,166,0,1,131,1,True,True,match,0,0,0,
21,PRC_P2X3C0C7R1G3A1K8S4F3Y3N5Y8Y0N8,2125807,2023-12-08,298,166,116,23,27,298,116,23,27,132,1,True,True,match,0,0,0,
21,PRC_Z2O3F0E6S2J7F1W4F1D4Z5E5T4O4J8,2125806,2023-12-08,298,235,235,0,0,298,235,0,0,63,1,True,True,match,0,0,0,
21,PRC_Y2U3M1D1U2D1Q1U9U0F1O2E9C1N7K1,2125805,2023-12-08,298,212,210,1,1,298,210,1,1,86,1,True,True,match,0,0,0,
21,PRC_L2D3P1Q1C2Y9V1G6F4W9P5K0E9S3U0,2125804,2023-12-08,298,224,210,0,14,298,210,0,14,74,1,True,True,match,0,0,0,
21,PRC_J2V3P0W8M2T4W1A1T3I3M2O2Z8I7B2,2125803,2023-12-08,298,224,223,0,1,298,223,0,1,74,1,True,True,match,0,0,0,
21,PRC_Q2Z3A0Y4O2K0L1I6J1Q2W5H0T7N4Y2,2125802,2023-12-08,298,202,199,0,3,298,199,0,3,96,1,True,True,match,0,0,0,
21,PRC_V2C3W0F8D2P4D1R6I3G6K4N4R4E1N1,2125801,2023-12-08,298,227,223,0,4,298,223,0,4,71,1,True,True,match,0,0,0,
21,PRC_J2J3T1N0M3H0O1Q4F2J4Y5P2T6J3M2,2125800,2023-12-08,298,221,210,0,11,298,210,0,11,77,1,True,True,match,0,0,0,
21,PRC_I2G3Q1G0M3H0I1X4S2U6D2A3E4U9T7,2125799,2023-12-08,298,225,225,0,0,298,225,0,0,73,1,True,True,match,0,0,0,
21,PRC_K2I3X0L8I2H4V1U6T5E8W0C1A5P2G5,2125798,2023-12-08,298,226,222,0,4,298,222,0,4,72,1,True,True,match,0,0,0,
21,PRC_W2W3Y0M9I1I9G1I6F3L3S0B2F4N7R3,2125797,2023-12-08,298,173,173,0,0,298,173,0,0,125,1,True,True,match,0,0,0,
21,PRC_W2F3F1D1E2C8B1B8J3K0I3J5H9H1G3,2125646,2023-12-08,298,154,152,0,2,298,152,0,2,144,1,True,True,match,0,0,0,
21,PRC_D2A3L1K1L1K0I0Q9P3O7P4N2V1U2S2,2125542,2023-12-08,298,152,152,0,0,298,152,0,0,146,1,True,True,match,0,0,0,
21,PRC_Y2Y3X0F9F2D5E1D8D3C0J1K7J8J0H3,2125137,2023-12-08,298,178,171,0,7,298,171,0,7,120,1,True,True,match,0,0,0,
21,PRC_C2B3C1A0A1Z0Z1H0I2G5F2F2D0E8A9,2125113,2023-12-08,298,152,138,1,13,298,138,1,13,146,1,True,True,match,0,0,0,
21,PRC_H2G3G0C9C0A5B1A5Y1Z5G0H7F0G5E6,2124297,2023-12-08,298,160,160,0,0,298,160,0,0,138,1,True,True,match,0,0,0,
21,ARC_X2A3K0R8W2D2Q1M4Z5M9E3W9M5R3D5,2123937,2023-12-08,298,226,226,0,0,298,226,0,0,72,1,True,True,match,0,0,0,
21,PRC_E2D3E0C7D2B3B1X5W1W3U5V7T8U9C6,2123721,2023-12-08,298,229,217,1,11,298,217,1,11,69,1,True,True,match,0,0,0,
21,ARC_X2K3J0G7K2B6W1P8H0E1F0X0V2R5N2,2123469,2023-12-08,298,228,227,0,1,298,227,0,1,70,1,True,True,match,0,0,0,
21,PRC_G2C3C0B7Z1A9Y0Z8G5H5G3E8E3D4E1,2123458,2023-12-08,298,173,172,0,1,298,172,0,1,125,1,True,True,match,0,0,0,
21,PRC_L2K3K0J7J1H1I1Q4R0P1N5O8M1N4V9,2123254,2023-12-08,298,193,191,0,2,298,191,0,2,105,1,True,True,match,0,0,0,
21,ARC_Y2D3B0B7W1Z2O1P1B3Y5I3U5J7L7Z7,2123200,2023-12-08,298,227,226,0,1,298,226,0,1,71,1,True,True,match,0,0,0,
21,PRC_E2E3A0A5Z3X1Y1W3X4F8D4E4C3D2B1,2122700,2023-12-08,298,177,173,0,4,298,173,0,4,121,1,True,True,match,0,0,0,
21,PRC_R2S3Q0R6P0P7O2K2K3I6J3I7I2G1H0,2122634,2023-12-08,298,177,169,2,6,298,169,2,6,121,1,True,True,match,0,0,0,
21,PRC_U2V3T0U5S3S1A1Z8Z4X5Y2X5X9F6G6,2122530,2023-12-08,298,192,192,0,0,298,192,0,0,106,1,True,True,match,0,0,0,
21,ARC_U2Q3U0R5H1Y8J1B6V4P6Z3X3Q8G6H1,2122135,2023-12-08,298,182,180,0,2,298,180,0,2,116,1,True,True,match,0,0,0,
21,ARC_B2X3B0H5A1N8A1R6Y4S4D5U4Q5M3T7,2122134,2023-12-08,298,183,183,0,0,298,183,0,0,115,1,True,True,match,0,0,0,
21,PRC_D2L3K0L4K1I2Q1P6Q5P1Q4Y1W2V4U0,2121934,2023-12-08,298,171,170,0,1,298,170,0,1,127,1,True,True,match,0,0,0,
21,PRC_O2N3V0U4T1R3A1B0Z3Y8W1F4D6C6B0,2121851,2023-12-08,298,168,167,0,1,298,167,0,1,130,1,True,True,match,0,0,0,
21,PRC_R2Q3Y0G4E1D7B1K1I2J5I2G1P1N3M4,2121830,2023-12-08,298,181,180,0,1,298,180,0,1,117,1,True,True,match,0,0,0,
21,PRC_Q2P3X0W5X0V3D1C4A2X0X1W1U0T9B2,2121822,2023-12-08,298,182,178,0,4,298,178,0,4,116,1,True,True,match,0,0,0,
21,PRC_K2H3T0S4O0N6L1K7T1R7Q4P0P3Y9W8,2121581,2023-12-08,298,207,194,2,11,298,194,2,11,91,1,True,True,match,0,0,0,
21,PRC_A2T2X1C2H0I5Z0N9X4L9S0I6Q4C9M9,2121547,2023-12-08,298,185,184,0,1,298,184,0,1,113,1,True,True,match,0,0,0,
21,PRC_X2V3U0C4D1C7A1Z1I1G9F5E0Z6G6O7,2121458,2023-12-08,298,206,204,0,2,298,204,0,2,92,1,True,True,match,0,0,0,
21,PRC_G2H3P0O4N0L6T1S5R0Q2Q5Z7X3W2V9,2121215,2023-12-08,298,177,175,0,2,298,175,0,2,121,1,True,True,match,0,0,0,
21,PRC_T2R3Y0W2V1U6D1C0A5Z7I2G0F0F7B8,2121156,2023-12-08,298,183,182,0,1,298,182,0,1,115,1,True,True,match,0,0,0,
21,PRC_B2S3P0O3L2J1G1P0O2N8W0V3P0O2N6,2121054,2023-12-08,298,173,170,0,3,298,170,0,3,125,1,True,True,match,0,0,0,
21,PRC_C2P3G0K3V3Y0S1E5N3K5L3Z2R2K2I3,2121023,2023-12-08,298,191,190,0,1,298,190,0,1,107,1,True,True,match,0,0,0,
21,PRC_N2A3Y0G3F2E7F1D1M4K0J3I0E3C2D1,2120907,2023-12-08,298,175,174,0,1,298,174,0,1,123,1,True,True,match,0,0,0,
21,PRC_M2E3W0E1S1U0W1X1E0B5Y5D4B8P2Z7,2120786,2023-12-08,298,174,173,0,1,298,173,0,1,124,1,True,True,match,0,0,0,
21,PRC_S2A3Z0Y2X1G7F1E6N4L5I5Q6Q2O1N0,2120456,2023-12-08,298,176,176,0,0,298,176,0,0,122,1,True,True,match,0,0,0,
21,PRC_G2F3N0M2L2K8Y0Y9M1L8I4E9D7L3K3,2120442,2023-12-08,298,180,179,0,1,298,179,0,1,118,1,True,True,match,0,0,0,
21,PRC_O2O3N0L2H1I3H1G1E0M4N3L2K2J4R4,2120177,2023-12-08,298,164,164,0,0,298,164,0,0,134,1,True,True,match,0,0,0,
21,PRC_A2U2S1U2Q2G8Z1O1C1C0Q1J2X0Z8Z5,2119994,2023-12-08,298,176,173,0,3,298,173,0,3,122,1,True,True,match,0,0,0,
21,PRC_M2Q3S0U1L2Q5Q1H6W0Q8V5O5Y1A9H5,2119805,2023-12-08,298,174,171,0,3,298,171,0,3,124,1,True,True,match,0,0,0,
21,PRC_F2A3J0U1J2A6P1U1N2D2F2V6V0K1D8,2119635,2023-12-08,298,168,131,8,29,298,131,8,29,130,1,True,True,match,0,0,0,
21,PRC_U2C3U0F1F0H3F1I6R5B8S1Q4M2J8G7,2119458,2023-12-08,298,161,158,0,3,298,158,0,3,137,1,True,True,match,0,0,0,
21,PRC_E2R3C0W1Z0A5M1P6J0Y3N1N5B7A0L7,2119365,2023-12-08,298,165,165,0,0,298,165,0,0,133,1,True,True,match,0,0,0,
21,PRC_V2F3Y0P1I0W5Q1Z4N1P0J2G0H2Y4N8,2119360,2023-12-08,298,160,159,0,1,298,159,0,1,138,1,True,True,match,0,0,0,
21,PRC_G2K2O1C2Q1I3V1T0G4Q4B0P8V7B4I8,2119310,2023-12-08,298,165,163,0,2,298,163,0,2,133,1,True,True,match,0,0,0,
21,PRC_W2B2E1R2Z2U9G1F6V0D9G3F1J9X0R9,2119281,2023-12-08,298,166,165,0,1,298,165,0,1,132,1,True,True,match,0,0,0,
21,PRC_R2K2L1O2I2D9R0W9T4X5H4I7G1Y3A5,2119264,2023-12-08,298,163,162,0,1,298,162,0,1,135,1,True,True,match,0,0,0,
21,PRC_X2U2G1J2L2M3W1M1D3W7B5D8L8V4G7,2119239,2023-12-08,298,210,194,5,11,298,194,5,11,88,1,True,True,match,0,0,0,
21,PRC_J2Q2V1U2Y2M1T0Z9P5W8Z2J8X4K5Q3,2119217,2023-12-08,298,165,162,0,3,298,162,0,3,133,1,True,True,match,0,0,0,
21,PRC_O2E2W1U0U1Y8Y1P3T5M1G5D8R4N0O6,2119200,2023-12-08,298,168,167,0,1,298,167,0,1,130,1,True,True,match,0,0,0,
21,PRC_Y2G2G1S2F2W6C0Z9E4D6B1W7I2L6E5,2119193,2023-12-08,298,162,158,0,4,298,158,0,4,136,1,True,True,match,0,0,0,
21,PRC_E2H2C0S5Z1K7T1G4W0D7I2Y3D3O0A6,2119144,2023-12-08,298,177,174,0,3,298,174,0,3,121,1,True,True,match,0,0,0,
21,PRC_A2K2O1T2B1P4I1N4F4M8U3N9U1S4C8,2119011,2023-12-08,298,177,176,0,1,298,176,0,1,121,1,True,True,match,0,0,0,
21,PRC_D2W2U1F1Y2X9M1G4Y5Z5Q3T4H8J0D5,2118906,2023-12-08,298,156,154,0,2,298,154,0,2,142,1,True,True,match,0,0,0,
21,PRC_F2N2B1M2O0U6T1N4X1X3L2T4N3X8S9,2118827,2023-12-08,298,166,163,0,3,298,163,0,3,132,1,True,True,match,0,0,0,
21,PRC_O2Z2A1D0L3L1R1G5I4U4Z4I1Y2K5A9,2118606,2023-12-08,298,171,151,8,12,298,151,8,12,127,1,True,True,match,0,0,0,
21,PRC_X2C2F1U1V0I9U1B7T3Q9W5N3N3O8T5,2118230,2023-12-08,298,169,168,0,1,298,168,0,1,129,1,True,True,match,0,0,0,
21,PRC_P2L2W1I0P1A8G1W5H1I3J4J0C8U1N5,2117875,2023-12-08,298,165,165,0,0,298,165,0,0,133,1,True,True,match,0,0,0,
21,PRC_E2P2M1W0E1B3W1B8I4Y4E2V6G8N3E8,2117816,2023-12-08,298,231,222,1,8,298,222,1,8,67,1,True,True,match,0,0,0,
21,ARC_U2C2D0G9M3X0P1C7N5S6A0R8T4A1X6,2117707,2023-12-08,298,173,168,1,4,298,168,1,4,125,1,True,True,match,0,0,0,
21,ARC_S2C2U0T9A3E0J1O6A4W0L3L0G6T7I1,2117677,2023-12-08,298,161,156,1,4,298,156,1,4,137,1,True,True,match,0,0,0,
21,ARC_V2Y2B0C9J3V0W1E5N1O5L1D2F0B7Y3,2117674,2023-12-08,298,170,163,1,6,298,163,1,6,128,1,True,True,match,0,0,0,
21,PRC_G2C2Y0C9K2D9Y1C0Y4V4L4D9M2B7L6,2117673,2023-12-08,298,209,208,0,1,298,208,0,1,89,1,True,True,match,0,0,0,
21,PRC_H2H2U0V9R1O9V0W9U2F6G2K1J7U6S9,2117618,2023-12-08,298,174,174,0,0,298,174,0,0,124,1,True,True,match,0,0,0,
21,PRC_C2I2A0M5V1H7P1B4C0A8B5V1I1C1P8,2116741,2023-12-08,298,180,180,0,0,298,180,0,0,118,1,True,True,match,0,0,0,
21,PRC_P2Z1P1V2U2O8O1U8U0S0Q0T3G0C1U8,2115389,2023-12-08,298,175,172,0,3,298,172,0,3,123,1,True,True,match,0,0,0,
21,PRC_V2E1O1S2V0J8U1J5E1G8Q0P9O3J0Y1,2114468,2023-12-08,298,210,209,0,1,298,209,0,1,88,1,True,True,match,0,0,0,
21,PRC_H2B2I0P1X1N1S1J1D4D8I1K1Q3M7S9,2114419,2023-12-08,298,168,167,0,1,298,167,0,1,130,1,True,True,match,0,0,0,
21,PRC_Q2U1C1F1J2D3J1W1E0K1W4U8A3F6G0,2113717,2023-12-08,298,166,165,0,1,298,165,0,1,132,1,True,True,match,0,0,0,
21,PRC_I2L1K1I0J1F9Z1C1B3O9W2I0T8K7R0,2113057,2023-12-08,298,166,165,0,1,298,165,0,1,132,1,True,True,match,0,0,0,
21,PRC_Y2H1R0L7Z0X7X1C3Z0C7Z4H1Q1I6S5,2111885,2023-12-08,298,181,180,0,1,298,180,0,1,117,1,True,True,match,0,0,0,
21,PRC_A2F1J0H7J2G7T1N1U4E0V2K4Y2W4P4,2111813,2023-12-08,298,163,162,0,1,298,162,0,1,135,1,True,True,match,0,0,0,
21,PRC_A2T1Q0E6D1B0Y1B3N3K3H2M8K6C3D5,2110838,2023-12-08,298,173,170,0,3,298,170,0,3,125,1,True,True,match,0,0,0,
21,PRC_S2N1K0N3J1S1W1Z5G5K0F0J1Z6P1J3,2108715,2023-12-08,298,182,181,0,1,298,181,0,1,116,1,True,True,match,0,0,0,
21,PRC_R2J0X1K2H1F9E1W5G2I8G0I9O8X5C9,2106945,2023-12-08,298,167,165,0,2,298,165,0,2,131,1,True,True,match,0,0,0,
21,PRC_L2O0M0M9K2T2W1O5X0F6A1E9F6E3L5,2104119,2023-12-08,298,205,203,0,2,298,203,0,2,93,1,True,True,match,0,0,0,
21,PRC_A2W0S0F9H2N1I1P3B5C2Y4E0M2F4V1,2104084,2023-12-08,298,179,178,0,1,298,178,0,1,119,1,True,True,match,0,0,0,
21,PRC_T2V0U0X7O0S9M1V7D4S2S1F6R3L8B0,2101724,2023-12-08,298,177,176,0,1,298,176,0,1,121,1,True,True,match,0,0,0,
21,PRC_D2K0Z0E6H1C5A1V7F2L7T3H8J6B7P5,2100488,2023-12-08,298,164,163,0,1,298,163,0,1,134,1,True,True,match,0,0,0,
21,PRC_Y2J3G1K1O3K0F0C9N3J8A2U4R1L8T6,2125661,2023-11-30,298,260,253,0,7,298,253,0,7,38,1,True,True,match,0,0,0,
21,PRC_W2T3V1U1P1G6B1W8U2D6S5L6Z6J4W6,2125510,2023-11-30,298,262,251,3,8,298,251,3,8,36,1,True,True,match,0,0,0,
21,PRC_H2U3K1C1V1Q6X1H8P2Y6W3D2X6U4P3,2125509,2023-11-30,298,259,253,3,3,298,253,3,3,39,1,True,True,match,0,0,0,
21,PRC_W2R3V1N1D1Z6I1U8J2Q6N1X0W2C3A3,2125508,2023-11-30,298,260,254,3,3,298,254,3,3,38,1,True,True,match,0,0,0,
21,PRC_J2F3P1L0I1Y8E0C9X4F1G1E4U6X5U0,2125122,2023-11-30,298,261,237,3,21,298,237,3,21,37,1,True,True,match,0,0,0,
21,PRC_J2A3X1W0H1M8R0R9X4X0D0Y4D9W9V8,2125121,2023-11-30,298,258,229,10,19,298,229,10,19,40,1,True,True,match,0,0,0,
21,PRC_U2O3I1X0L1A3U1C0L0Y9P2Z4H6C8B6,2125100,2023-11-30,298,256,225,4,27,298,225,4,27,42,1,True,True,match,0,0,0,
21,PRC_L2X3B1W0B1P3N1E0K0P7G2L6I9Z3V8,2125099,2023-11-30,298,250,230,3,17,298,230,3,17,48,1,True,True,match,0,0,0,
21,PRC_G2J3V0O9M1L4M1X3I3R2B1L1P7C2E2,2124454,2023-11-30,298,257,257,0,0,298,257,0,0,41,1,True,True,match,0,0,0,
21,PRC_M2T3V0T9T1S1Q1R0Y2Z4X5Y8W1X9V9,2124426,2023-11-30,298,260,260,0,0,298,260,0,0,38,1,True,True,match,0,0,0,
21,PRC_H2P3O0O4N2L5T1S7T0S3Q5Z2X4Y8S3,2121884,2023-11-30,298,265,262,0,3,298,262,0,3,33,1,True,True,match,0,0,0,
21,PRC_M2K3S0R3S0Q9P1X6Y2X9Y3W1F8D7C3,2120611,2023-11-30,298,261,258,2,1,298,258,2,1,37,1,True,True,match,0,0,0,
21,PRC_L2K3S0R2Z0X9Y1X6W0E3D2B0A2W0X8,2120017,2023-11-30,298,253,251,0,2,298,251,0,2,45,1,True,True,match,0,0,0,
21,PRC_B2M3N1C1E0X9X1G4O1M4R4H6E2F4Z1,2125316,2023-11-09,298,270,171,99,0,298,171,99,0,28,1,True,True,match,0,0,0,
21,PRC_I2G3N1G1O0Z9X1E4N1V5P1F3U1K2V1,2125315,2023-11-09,298,271,171,100,0,298,171,100,0,27,1,True,True,match,0,0,0,
21,PRC_I2G3S1H1S0V9F1Q4S1K3W5D9Q1U9X9,2125314,2023-11-09,298,268,170,98,0,298,170,98,0,30,1,True,True,match,0,0,0,
21,PRC_D2P3R1W1N0J9T1A4P1I4G0L3L6N9K3,2125313,2023-11-09,298,267,168,98,1,298,168,98,1,31,1,True,True,match,0,0,0,
21,PRC_Z2B3Z1M1L0R8V1B0C3W6K2N7L9X0X1,2125303,2023-11-09,298,256,239,2,15,298,239,2,15,42,1,True,True,match,0,0,0,
21,PRC_L2Z3E0W9K2B0K2M0B1A1Y5L5N6U0Z8,2125087,2023-11-09,298,268,268,0,0,298,268,0,0,30,1,True,True,match,0,0,0,
21,PRC_U2T3T0B7B1A9Y1Z1X4Y5G0E6F3D9E7,2123596,2023-11-09,298,265,244,5,16,298,244,5,16,33,1,True,True,match,0,0,0,
21,PRC_B2C3U0X2E1S6F1T2J2Q5C0N7U0B6B6,2123038,2023-11-09,298,174,173,0,1,298,173,0,1,124,1,True,True,match,0,0,0,
21,PRC_B2T2B1N1H3J0I1N3E4D7D0I7S4P7U0,2121714,2023-11-09,298,175,175,0,0,298,175,0,0,123,1,True,True,match,0,0,0,
21,PRC_U2Z2K1H1X3V0F1T3X5R8R2D7T0M2P3,2121712,2023-11-09,298,176,176,0,0,298,176,0,0,122,1,True,True,match,0,0,0,
21,PRC_U2U2N1H1O3Z0Q1B4V1V2N0J1D8X3H6,2121710,2023-11-09,298,176,176,0,0,298,176,0,0,122,1,True,True,match,0,0,0,
21,PRC_N2N3C1Y0C3X1Y0V9W2G7M3L5Y7M4Y5,2125218,2023-10-31,298,270,264,0,6,298,264,0,6,28,1,True,True,match,0,0,0,
21,PRC_S2O3Z1S0E3J1F0G9R2U6Y4Y3N8B5F1,2125217,2023-10-31,298,270,263,1,6,298,263,1,6,28,1,True,True,match,0,0,0,
21,PRC_M2B3I0V8F2E4O1I6X4K1M3G8X0Y4H4,2124630,2023-10-06,298,234,226,0,8,298,226,0,8,64,1,True,True,match,0,0,0,
21,PRC_W2W3K0U9W1B9S2Y2U2E0Q1A1M3F9J7,2124629,2023-10-06,298,234,234,0,0,298,234,0,0,64,1,True,True,match,0,0,0,
21,PRC_L2N1H0R2M2V3Z1X4R2F1J5X4F7F5Q3,2124628,2023-10-06,298,233,232,0,1,298,232,0,1,65,1,True,True,match,0,0,0,
21,PRC_N2R1J0W2T2E3N1N4O2T3M0X7W5Q7J6,2124627,2023-10-06,298,228,226,0,2,298,226,0,2,70,1,True,True,match,0,0,0,
21,PRC_T2O3U0G4M2W6V1P8K5U6N1T9Q5R8O0,2124626,2023-10-06,298,253,252,0,1,298,252,0,1,45,1,True,True,match,0,0,0,
21,PRC_M2M3Y0Y3I2X2N1G5R5N2L0X4Q9R2E7,2124625,2023-10-06,298,248,243,0,5,298,243,0,5,50,1,True,True,match,0,0,0,
21,PRC_L2J3X0K8W2D4X1K6K4G3S3I3I6T3Q5,2124624,2023-10-06,298,230,226,0,4,298,226,0,4,68,1,True,True,match,0,0,0,
21,PRC_Q2V3K0A2A1C6I1P1S0O4A5B6U3E7X2,2124623,2023-10-06,298,248,246,0,2,298,246,0,2,50,1,True,True,match,0,0,0,
21,PRC_A2H0O1Q1P2I0D1R1E2C2X2X9K2C6B6,2124622,2023-10-06,298,235,234,0,1,298,234,0,1,63,1,True,True,match,0,0,0,
21,PRC_L2W3T0Y8Q2M4J1F4N3G0W5R6M8R0C1,2124621,2023-10-06,298,230,133,33,64,298,133,33,64,68,1,True,True,match,0,0,0,
21,PRC_X2J3W0E6Y1V2U1O0W3T1B0Y4K0H2M5,2124620,2023-10-06,298,228,228,0,0,298,228,0,0,70,1,True,True,match,0,0,0,
21,PRC_A2O3R0O8X2U3E1T8K3K9A4U2E4C8H6,2124614,2023-10-06,298,236,197,8,31,298,197,8,31,62,1,True,True,match,0,0,0,
21,PRC_W2F3J0R5Y2L2S1I6T1A2P1Z1E3D9P1,2124612,2023-10-06,298,249,248,0,1,298,248,0,1,49,1,True,True,match,0,0,0,
21,PRC_L2V3P0V6G2C7P1T4R4A1B3T0U1N5O1,2124611,2023-10-06,298,251,248,0,3,298,248,0,3,47,1,True,True,match,0,0,0,
21,PRC_E2M3S0Z6K2N7R1R4V3L9R0V9V7U7R0,2124610,2023-10-06,298,250,245,1,4,298,245,1,4,48,1,True,True,match,0,0,0,
21,PRC_J2M3I0B3D2G2K1R7L5L8M1J4K0K0Z8,2124609,2023-10-06,298,247,246,0,1,298,246,0,1,51,1,True,True,match,0,0,0,
21,PRC_D2O3A0F6W2M7V1O4N4A5A2Y2S0K5X1,2124608,2023-10-06,298,250,250,0,0,298,250,0,0,48,1,True,True,match,0,0,0,
21,PRC_V2G3R0L9L1R5C1G3Z5H4Y4N7R1A4R5,2124607,2023-10-06,298,223,215,0,8,298,215,0,8,75,1,True,True,match,0,0,0,
21,PRC_O2C3J0M6E1B2P1X0L5B7O2U8T6V0S2,2124605,2023-10-06,298,225,205,6,14,298,205,6,14,73,1,True,True,match,0,0,0,
21,PRC_C2R3E0T8F2W9C0G9B3Q8F4H1H7J3E0,2124604,2023-10-06,298,255,254,0,1,298,254,0,1,43,1,True,True,match,0,0,0,
21,PRC_S2Q3H0C3Y1J7R1B6V5Y1F3Q8N6I7B2,2124490,2023-10-06,298,232,228,2,2,298,228,2,2,66,1,True,True,match,0,0,0,
21,PRC_N2K3Q0Z6R2O0E1I1F2N6L3F0G2Z7X7,2124489,2023-10-06,298,253,252,0,1,298,252,0,1,45,1,True,True,match,0,0,0,
21,PRC_N2W3B0B3F1C7F1B6E5N4N0A1D4C7K4,2124488,2023-10-06,298,239,239,0,0,298,239,0,0,59,1,True,True,match,0,0,0,
21,PRC_U2M3B0C3G1X7U1C6A5Y5R1I3Z8W3T3,2124487,2023-10-06,298,238,236,0,2,298,236,0,2,60,1,True,True,match,0,0,0,
21,PRC_Y2M2Z1Z2X0M9L1U2P3R7D2L1K7U9W6,2124486,2023-10-06,298,231,230,0,1,298,230,0,1,67,1,True,True,match,0,0,0,
21,PRC_N2K3Z0I5E3V0S1K4J5K5A5U8B0S1H7,2124483,2023-10-06,298,227,222,0,5,298,222,0,5,71,1,True,True,match,0,0,0,
21,PRC_P2O3Z0I7F0I6E1P7T3B7U3J7W5I9I9,2124481,2023-10-06,298,232,230,0,2,298,230,0,2,66,1,True,True,match,0,0,0,
21,PRC_U2Y3X0S7Y0W6W1D6Y1W5L4P7J3K5I3,2124480,2023-10-06,298,229,228,0,1,298,228,0,1,69,1,True,True,match,0,0,0,
21,PRC_P2I3S0J6B2O6C0O9K3O8F4N4E0I3M1,2124476,2023-10-06,298,220,216,0,4,298,216,0,4,78,1,True,True,match,0,0,0,
21,PRC_F2V3U0N6V2B6K1C8R2X8V4Z7C3V0C9,2124473,2023-10-06,298,223,215,1,7,298,215,1,7,75,1,True,True,match,0,0,0,
21,PRC_A2M3J0U6T2Q6H0S9Q4U6C5Q3M7P9D5,2124469,2023-10-06,298,224,223,0,1,298,223,0,1,74,1,True,True,match,0,0,0,
21,PRC_Y2X3E0G6D2O6N0R9S4S8I2W6M0E6R0,2124468,2023-10-06,298,222,222,0,0,298,222,0,0,76,1,True,True,match,0,0,0,
21,PRC_B2W3A0V6A2J6M0L9X3C7M1T5F6L3S5,2124467,2023-10-06,298,220,219,0,1,298,219,0,1,78,1,True,True,match,0,0,0,
21,PRC_S2Z3G0S6M2B6A0L9K4P0M1R0P6D7Y5,2124466,2023-10-06,298,226,226,0,0,298,226,0,0,72,1,True,True,match,0,0,0,
21,PRC_N2C3N0W6Z2E6L0B9T4L3H0Z0G5S9R1,2124465,2023-10-06,298,219,218,0,1,298,218,0,1,79,1,True,True,match,0,0,0,
21,PRC_R2O3S0X6K2Y7W1H6K0P3N1S4A3L1U2,2124464,2023-10-06,298,221,218,0,3,298,218,0,3,77,1,True,True,match,0,0,0,
21,PRC_M2I3J0F6V2A6T0V9A5R3M2D9N6G1M5,2124463,2023-10-06,298,220,215,0,5,298,215,0,5,78,1,True,True,match,0,0,0,
21,PRC_K2L3F0P6A2N6H0B9G5F1P2C7I5F7W2,2124462,2023-10-06,298,219,216,0,3,298,216,0,3,79,1,True,True,match,0,0,0,
21,PRC_Y2S3O0Q6L2Y6M0E9J5Y2S1L8B4H1M5,2124461,2023-10-06,298,217,211,0,6,298,211,0,6,81,1,True,True,match,0,0,0,
21,PRC_J2C3L0P6Z2S3E1U5S0A3V4K8H0Q7D5,2124456,2023-10-06,298,225,221,0,4,298,221,0,4,73,1,True,True,match,0,0,0,
21,PRC_E2Y3M0R6M2B3N1Y5K0M4U3J7U6J9O4,2124453,2023-10-06,298,223,220,0,3,298,220,0,3,75,1,True,True,match,0,0,0,
21,PRC_N2V3R0I5F2F2F1F1C3E0H1P6X0C8O5,2124452,2023-10-06,298,245,241,0,4,298,241,0,4,53,1,True,True,match,0,0,0,
21,PRC_D2A3J0B3T2O2E1V7O2M4R1N3Q1V8L9,2124201,2023-10-06,298,245,242,0,3,298,242,0,3,53,1,True,True,match,0,0,0,
21,PRC_E2M3I0G6I2N7X1L4W5X4Q2Y3N0R5L7,2124200,2023-10-06,298,239,237,0,2,298,237,0,2,59,1,True,True,match,0,0,0,
21,PRC_D2C3V0B2K2H7K1C2W4C0W1Q0E6Y2Y4,2124198,2023-10-06,298,230,230,0,0,298,230,0,0,68,1,True,True,match,0,0,0,
21,PRC_R2R3E0D7C0X3W1V0W1V4D2B5A4Z4H3,2123062,2023-10-06,298,237,234,0,3,298,234,0,3,61,1,True,True,match,0,0,0,
21,PRC_F2G3F0N4M1L7J1K6S3M0U2T7R8Q1Y4,2121976,2023-10-06,298,214,214,0,0,298,214,0,0,84,1,True,True,match,0,0,0,
21,PRC_M2K3J0K4J1R7P1O1M2C9D0C3A6Z6O1,2121572,2023-10-06,298,226,223,0,3,298,223,0,3,72,1,True,True,match,0,0,0,
21,PRC_F2D3C0B3J2H3G1H7G3O0M0L8M3P5O3,2121024,2023-10-06,298,213,204,2,7,298,204,2,7,85,1,True,True,match,0,0,0,
21,PRC_I2I3H0P2O0N2M1S3R5R1N5W9V3U5T9,2120207,2023-10-06,298,225,223,1,1,298,223,1,1,73,1,True,True,match,0,0,0,
21,PRC_Q2Z3A0Z2X0W8E1C3D3C4B0W1V7U3V6,2120085,2023-10-06,298,221,221,0,0,298,221,0,0,77,1,True,True,match,0,0,0,
21,PRC_M2L2H1O2Y1E4C1B5A1C0L2S6F0Z0T5,2119975,2023-10-06,298,217,217,0,0,298,217,0,0,81,1,True,True,match,0,0,0,
21,PRC_A2J3I0E2N0M2N0M9V1R4Q2M8M4L5R2,2119870,2023-10-06,298,226,222,0,4,298,222,0,4,72,1,True,True,match,0,0,0,
21,PRC_Z2Y3X0G2I0F2E1M6L4K5Y4X6W7U2G6,2119824,2023-10-06,298,231,222,1,8,298,222,1,8,67,1,True,True,match,0,0,0,
21,PRC_T2Z3Y0X2G0H2H1E6M4L6K1F5D8D6C0,2119823,2023-10-06,298,236,224,0,12,298,224,0,12,62,1,True,True,match,0,0,0,
21,PRC_O2M3M0S2W0T2S1B6Z4Y7X5E8D3B0B0,2119821,2023-10-06,298,236,223,0,13,298,223,0,13,62,1,True,True,match,0,0,0,
21,PRC_O2C3M0I1E2N5C1F4W0N8K2X9I8A1N8,2119713,2023-10-06,298,242,223,6,13,298,223,6,13,56,1,True,True,match,0,0,0,
21,PRC_N2U2R0E9U2P2S1D0H2S4C3Y5I5E4G3,2119411,2023-10-06,298,210,210,0,0,298,210,0,0,88,1,True,True,match,0,0,0,
21,PRC_F2I2P1D2N1J6T0V9O5O9E2D7T0X2R4,2119230,2023-10-06,298,220,218,0,2,298,218,0,2,78,1,True,True,match,0,0,0,
21,PRC_S2O2P1W2N1T4G1X1P1S8O0L6N5K7O8,2119180,2023-10-06,298,230,227,1,2,298,227,1,2,68,1,True,True,match,0,0,0,
21,PRC_N2S2O1D2F1N4E1W5Z5Q4U4G5Z1F0F8,2119008,2023-10-06,298,210,207,1,2,298,207,1,2,88,1,True,True,match,0,0,0,
21,PRC_U2E2U1G2W0W9Q1U5B3O4Y3Z2O7P3K1,2118981,2023-10-06,298,231,228,0,3,298,228,0,3,67,1,True,True,match,0,0,0,
21,ARC_E2X2U1Y2T1S4P1H6A5M5L3K9X0B4R1,2118932,2023-10-06,298,222,219,1,2,298,219,1,2,76,1,True,True,match,0,0,0,
21,PRC_V2A2R1X1W2U9H0U9R1D8K0O8F9V5V2,2118874,2023-10-06,298,220,212,1,7,298,212,1,7,78,1,True,True,match,0,0,0,
21,PRC_C2A2I1G1J2Y3E1S9K2I6R5K9F2R6Q5,2118832,2023-10-06,298,236,230,0,6,298,230,0,6,62,1,True,True,match,0,0,0,
21,PRC_S2J2U1Q1C0W2E1T8C0S1F0X3Z4S3S9,2118502,2023-10-06,298,207,207,0,0,298,207,0,0,91,1,True,True,match,0,0,0,
21,PRC_I2L2M1I1S0P7G1F5V1I2G3S2E0J9F0,2118459,2023-10-06,298,237,232,1,4,298,232,1,4,61,1,True,True,match,0,0,0,
21,PRC_N2Y2Z0C7D2T6W1L6M2T9I0O0A8R9L8,2118406,2023-10-06,298,214,212,0,2,298,212,0,2,84,1,True,True,match,0,0,0,
21,PRC_N2A2J1Z1I1M5B1S0K2M9L1G1L7C4Y7,2118277,2023-10-06,298,234,234,0,0,298,234,0,0,64,1,True,True,match,0,0,0,
21,PRC_J2C2X1L1Z0H9D1D5H0A1D1W4Y1U1I4,2118221,2023-10-06,298,249,241,2,6,298,241,2,6,49,1,True,True,match,0,0,0,
21,PRC_Q2V2S1I0H2W6J1P5P5H2C5O8Q8Y6T1,2117965,2023-10-06,298,242,235,0,7,298,235,0,7,56,1,True,True,match,0,0,0,
21,ARC_R2G2N0V9D3X0D1R7T2F9E5J3Z5X7N1,2117694,2023-10-06,298,245,231,8,6,298,231,8,6,53,1,True,True,match,0,0,0,
21,ARC_D2K2E0B9V3W0N1U7H3V0Z3K8X7K3A1,2117693,2023-10-06,298,223,217,1,5,298,217,1,5,75,1,True,True,match,0,0,0,
21,PRC_K2I2T0X3M2M8V1L0K4V1O5X5W3E6C8,2117464,2023-10-06,298,216,213,0,3,298,213,0,3,82,1,True,True,match,0,0,0,
21,PRC_B2J2U0O9H1O6G1E0S0R1L1E2P1G9L6,2117452,2023-10-06,298,233,232,0,1,298,232,0,1,65,1,True,True,match,0,0,0,
21,PRC_A2T2O0X8M1K2K1W1X3F2V2K3M0Y9E3,2117109,2023-10-06,298,235,234,1,0,298,234,1,0,63,1,True,True,match,0,0,0,
21,PRC_P2F2O0T8E1M6B1Z0D2D4M1C9O7Y3G4,2117012,2023-10-06,298,212,205,2,5,298,205,2,5,86,1,True,True,match,0,0,0,
21,PRC_F2K2A0E8O1Y6O1T0L2F6Z2B5Z1Y3U7,2117008,2023-10-06,298,214,213,0,1,298,213,0,1,84,1,True,True,match,0,0,0,
21,PRC_B2D2F0M4P1V4X1W6J1B9D2T3Y8W4Y5,2116211,2023-10-06,298,210,209,0,1,298,209,0,1,88,1,True,True,match,0,0,0,
21,PRC_O2H1X0V6O1G7G1U0U3T2F5X2T5W4T1,2115204,2023-10-06,298,225,221,1,3,298,221,1,3,73,1,True,True,match,0,0,0,
21,PRC_L2K2V0V1I1M3D1J1J3T4S2Z2K9H9W5,2114704,2023-10-06,298,245,244,0,1,298,244,0,1,53,1,True,True,match,0,0,0,
21,PRC_F2E1Q1U1Y2K5A1B5N4O9Z1F4Y5A1E3,2113747,2023-10-06,298,225,225,0,0,298,225,0,0,73,1,True,True,match,0,0,0,
21,PRC_R2I1I0K5L1X0E1G7Q1A2L3R1M1S3F5,2113644,2023-10-06,298,219,218,0,1,298,218,0,1,79,1,True,True,match,0,0,0,
21,PRC_X2I1Z1D1A1Q6W0I9Y5H0J5A3V6W4Q4,2113400,2023-10-06,298,228,225,1,2,298,225,1,2,70,1,True,True,match,0,0,0,
21,PRC_K2K1X1I1Z0I8A1X1P0G5T5C3N2J8Y2,2113397,2023-10-06,298,222,221,0,1,298,221,0,1,76,1,True,True,match,0,0,0,
21,PRC_Z2L1K0I6R0G1J1D1F3J1A5Y4V2O6A0,2112198,2023-10-06,298,233,233,0,0,298,233,0,0,65,1,True,True,match,0,0,0,
21,PRC_N2G1C0S6O2S1P1O7F0N7X2W2I9A3S6,2110942,2023-10-06,298,220,216,0,4,298,216,0,4,78,1,True,True,match,0,0,0,
21,PRC_F2Q1O0R6F0Y3S0L9H4D5F3L9A0Z8J4,2110754,2023-10-06,298,234,232,0,2,298,232,0,2,64,1,True,True,match,0,0,0,
21,PRC_T2F0Q1L2C0U9J1U4U0X7Z3W3D7R6Y1,2106462,2023-10-06,298,223,217,0,6,298,217,0,6,75,1,True,True,match,0,0,0,
21,PRC_I2U3M0V9I1X5B1W0L4L0Z2C0O2C7Y1,2124618,2023-09-21,298,286,286,0,0,298,286,0,0,12,1,True,True,match,0,0,0,
21,PRC_Z2F3X0Q9N1O5R1W0O2D1Y2M2J4B1S2,2124617,2023-09-21,298,283,283,0,0,298,283,0,0,15,1,True,True,match,0,0,0,
21,PRC_X2A3J0J9L1G5M1G0T2N5M3Y6G0E0I8,2124616,2023-09-21,298,288,286,0,2,298,286,0,2,10,1,True,True,match,0,0,0,
21,PRC_C2J3B0S9G1N5V1Q0D3C1Y0G5D7B8D6,2124615,2023-09-21,298,288,287,0,1,298,287,0,1,10,1,True,True,match,0,0,0,
21,PRC_B2N3O0T7F1Q2Z1G3P5Q8D1C1X3O5H4,2124005,2023-08-24,298,189,150,17,22,298,150,17,22,109,1,True,True,match,0,0,0,
21,PRC_M2D3D0I8X2Q4G1J3M4X9Q2K6B1H5F0,2124003,2023-08-24,298,251,158,91,2,298,158,91,2,47,1,True,True,match,0,0,0,
21,PRC_L2N3S0T4C2S5V1F8I5V9O5I8C9O8O3,2123997,2023-08-24,298,212,208,0,4,298,208,0,4,86,1,True,True,match,0,0,0,
21,PRC_Y2J3I0E4Q2Y5N1X9M0N1V0W6V9D6R7,2123996,2023-08-24,298,206,202,0,4,298,202,0,4,92,1,True,True,match,0,0,0,
21,PRC_A2F3T0I4M2E5T1B9J0N0D3T3X4M0L6,2123995,2023-08-24,298,210,208,0,2,298,208,0,2,88,1,True,True,match,0,0,0,
21,PRC_U2I3P0O4E2Y0C1M6P3S9Z3S6G0M8T7,2123994,2023-08-24,298,217,216,0,1,298,216,0,1,81,1,True,True,match,0,0,0,
21,PRC_N2M3H0R5M1A1X1H1A5Q5V5A8A3C4W4,2123993,2023-08-24,298,205,204,0,1,298,204,0,1,93,1,True,True,match,0,0,0,
21,PRC_Q2C3A0X5Z1W1V1V1S5S5U2M8T5C4Z4,2123992,2023-08-24,298,205,203,0,2,298,203,0,2,93,1,True,True,match,0,0,0,
21,PRC_U2S2T0E5K1C1N1N3A0E8A2O0V1A9D9,2123991,2023-08-24,298,254,254,0,0,298,254,0,0,44,1,True,True,match,0,0,0,
21,PRC_K2D3W0X4W2Q0C1F6F1M1T5P8Z5N5D4,2123990,2023-08-24,298,220,218,0,2,298,218,0,2,78,1,True,True,match,0,0,0,
21,PRC_U2C3Z0K4N2B0K1Q6G0O5P4Y5M4Q2W0,2123989,2023-08-24,298,226,226,0,0,298,226,0,0,72,1,True,True,match,0,0,0,
21,PRC_Z2N3J0U2F2V1R1J5O5A2W3N9M5Z6A1,2123988,2023-08-24,298,223,221,0,2,298,221,0,2,75,1,True,True,match,0,0,0,
21,PRC_N2Y3F0J5T1G1E1V1P5Y3M3N7G8B9H0,2123987,2023-08-24,298,211,211,0,0,298,211,0,0,87,1,True,True,match,0,0,0,
21,PRC_J2B3E0I5T1V1C1D1Z5V2I3U2P8F0R2,2123986,2023-08-24,298,206,206,0,0,298,206,0,0,92,1,True,True,match,0,0,0,
21,PRC_F2M3Z0G3U2B2J1O5K4T3C4N0T2C1O8,2123985,2023-08-24,298,214,212,0,2,298,212,0,2,84,1,True,True,match,0,0,0,
21,PRC_J2N3B0V4W2K6I1C8Y5P7W1Y2C8N9G7,2123984,2023-08-24,298,214,214,0,0,298,214,0,0,84,1,True,True,match,0,0,0,
21,PRC_J2A3C0I5T0X8N1D2T3S8A3S4Q5Z0K3,2123983,2023-08-24,298,240,239,0,1,298,239,0,1,58,1,True,True,match,0,0,0,
21,PRC_Y2T3W0W4G1C8U1E6P2U2E3W7K2F8D2,2123982,2023-08-24,298,210,209,0,1,298,209,0,1,88,1,True,True,match,0,0,0,
21,PRC_W2P2C1N2A0Z8B1L1L2I2E0A2W6M4V3,2123981,2023-08-24,298,208,196,1,11,298,196,1,11,90,1,True,True,match,0,0,0,
21,PRC_W2P3K0G5N1Q5Q1B7Y4H2K3F9O5A4M4,2123980,2023-08-24,298,230,229,0,1,298,229,0,1,68,1,True,True,match,0,0,0,
21,PRC_A2X2M1P1P1V1D1B4F3A3D3D8F2S9N1,2120153,2023-08-24,298,255,255,0,0,298,255,0,0,43,1,True,True,match,0,0,0,
21,PRC_X2X3O0H1O2Z5T0C9H5W3S3T3Z0S4S7,2119754,2023-08-24,298,209,208,0,1,298,208,0,1,89,1,True,True,match,0,0,0,
21,PRC_K2E3D0B1R1E6N1O6Y2I8D4D4D0F0Z7,2119515,2023-08-24,298,253,253,0,0,298,253,0,0,45,1,True,True,match,0,0,0,
21,PRC_O2U2O1J2T0P1L1F0R3I4Y1L3S1W1Y3,2119469,2023-08-24,298,209,206,0,3,298,206,0,3,89,1,True,True,match,0,0,0,
21,PRC_T2F2W1S1R3G0P1K3V0J3L5F6R2H9Q8,2119414,2023-08-24,298,212,191,10,11,298,191,10,11,86,1,True,True,match,0,0,0,
21,PRC_E2M2E1H2N2Z8Z0R9W1E8I2D3M5R2P9,2119391,2023-08-24,298,239,238,0,1,298,238,0,1,59,1,True,True,match,0,0,0,
21,PRC_B2H2I1H1B1M8B0O9E4C5A4V2S5G4Q3,2118956,2023-08-24,298,209,209,0,0,298,209,0,0,89,1,True,True,match,0,0,0,
21,PRC_H2C2L0N9E0S6K1B5F2R4M3J2Q3T6W0,2118889,2023-08-24,298,255,253,0,2,298,253,0,2,43,1,True,True,match,0,0,0,
21,ARC_B2D2C1Q0A0J7X1W0J2W1R4K9A4C5X9,2117755,2023-08-24,298,209,209,0,0,298,209,0,0,89,1,True,True,match,0,0,0,
21,PRC_B2J2I0A9J0A8J0X9Z3U4O3N6O3U2J1,2117329,2023-08-24,298,215,210,0,5,298,210,0,5,83,1,True,True,match,0,0,0,
21,PRC_W2Z2G0I7Q1Y3C1E5Z3A6H4K0I3W6P8,2116853,2023-08-24,298,209,205,0,4,298,205,0,4,89,1,True,True,match,0,0,0,
21,PRC_N2K2B0H3Q2J3Y0H9Y3A3A2P5T8Y7V5,2116251,2023-08-24,298,236,236,0,0,298,236,0,0,62,1,True,True,match,0,0,0,
21,PRC_R2A2B0G4F2N8K1L1K3T6P1X9E6M0R1,2115776,2023-08-24,298,226,217,0,9,298,217,0,9,72,1,True,True,match,0,0,0,
21,PRC_M2T1D1D2J2X1Z0K9S4W2Q3P0D3P9R8,2114449,2023-08-24,298,200,199,0,1,298,199,0,1,98,1,True,True,match,0,0,0,
21,PRC_U2A1Z0W8W2P6O1X5H1R1L0G6I9V3S9,2112358,2023-08-24,298,259,259,0,0,298,259,0,0,39,1,True,True,match,0,0,0,
21,PRC_R2O1R0E7I2J9V1J3L1A1V0E3P7O5U1,2111976,2023-08-24,298,200,199,0,1,298,199,0,1,98,1,True,True,match,0,0,0,
21,PRC_Y2G1C0N7W1Z3W0O8S4D8Z0K0S6X7J8,2111569,2023-08-24,298,215,213,0,2,298,213,0,2,83,1,True,True,match,0,0,0,
21,PRC_Z2C1H0C7U1D2X1J7H1O4B0N0P7V8D6,2111563,2023-08-24,298,227,225,0,2,298,225,0,2,71,1,True,True,match,0,0,0,
21,PRC_S2Z1M0K5D1S0U1T5Y5I5N2O0G4S2X6,2110121,2023-08-24,298,217,216,0,1,298,216,0,1,81,1,True,True,match,0,0,0,
21,PRC_W2O0Y1U1S2H4X2T1X2K8Q4Q8S1H7I6,2105696,2023-08-24,298,224,222,0,2,298,222,0,2,74,1,True,True,match,0,0,0,
21,PRC_C2H3M0J7C2E6J1K5M5E0F1F2K7V6C5,2123512,2023-07-27,299,250,249,0,1,299,249,0,1,49,1,True,True,match,0,0,0,
21,PRC_U2I3O0N3J2D2V1W7B5T9E5Y2J9P3Z6,2123498,2023-07-27,299,208,207,1,0,299,207,1,0,91,1,True,True,match,0,0,0,
21,PRC_L2V3N0X4O2O0G1T4B0X4R1A8K3X0R0,2123497,2023-07-27,299,249,248,0,1,299,248,0,1,50,1,True,True,match,0,0,0,
21,PRC_S2R3L0E3Z2C2C1E8Y0D4B1C0O8S3H4,2123496,2023-07-27,299,220,219,0,1,299,219,0,1,79,1,True,True,match,0,0,0,
21,PRC_B2T3D0R5C2C2T1B5R5E2H1A1M6I7A4,2123495,2023-07-27,299,260,258,0,2,299,258,0,2,39,1,True,True,match,0,0,0,
21,PRC_E2I3I0T3J2I2O1Q8W1F0O1X9X2U5L5,2123494,2023-07-27,299,209,209,0,0,299,209,0,0,90,1,True,True,match,0,0,0,
21,PRC_L2S3A0D4N2I1D0S9Q0K3E0G5A5K8L8,2123493,2023-07-27,299,224,223,0,1,299,223,0,1,75,1,True,True,match,0,0,0,
21,PRC_I2O3A0P4J2V1U0E9G0L4V0I8X8L7P2,2123492,2023-07-27,299,228,226,0,2,299,226,0,2,71,1,True,True,match,0,0,0,
21,PRC_P2Q3M0E4S2N0E1O4O0E3M1B4V9F2C2,2123491,2023-07-27,299,249,248,0,1,299,248,0,1,50,1,True,True,match,0,0,0,
21,PRC_Z2E3N0V4N2U0H1Q4Q0V2B0L9E2K4Y1,2123490,2023-07-27,299,248,248,0,0,299,248,0,0,51,1,True,True,match,0,0,0,
21,PRC_C2L3H0S4E1P8S1U6R2O0S5S4L9E9V3,2123489,2023-07-27,299,209,209,0,0,299,209,0,0,90,1,True,True,match,0,0,0,
21,PRC_V2R3B0D3S2F2B1B8P0Z1M0I4E9T9R1,2123488,2023-07-27,299,204,200,0,4,299,200,0,4,95,1,True,True,match,0,0,0,
21,PRC_Z2K3Q0H3P2A2S1N8G0Z9N0T3B5R3B2,2123487,2023-07-27,299,219,212,0,7,299,212,0,7,80,1,True,True,match,0,0,0,
21,PRC_J2E3D0C3I2R2W1Q7S1Z6B4W1H6R7M4,2123486,2023-07-27,299,218,217,0,1,299,217,0,1,81,1,True,True,match,0,0,0,
21,PRC_U2U3T0Z3P2R2L1X7B2P1R3H0Z7E8V1,2123485,2023-07-27,299,221,218,0,3,299,218,0,3,78,1,True,True,match,0,0,0,
21,PRC_U2P3A0V2A1V4U1G4O0N7B0R6T4Q7J1,2123484,2023-07-27,299,219,219,0,0,299,219,0,0,80,1,True,True,match,0,0,0,
21,PRC_B2U3G0O4L2K1C0Z9Q0R4Y4Y5W3R4S4,2123483,2023-07-27,299,222,207,6,9,299,207,6,9,77,1,True,True,match,0,0,0,
21,PRC_I2I3C0I5P1G1Y1S1F5B5V0K1Q1N4B9,2123482,2023-07-27,299,229,228,0,1,299,228,0,1,70,1,True,True,match,0,0,0,
21,PRC_Y2F3A0P3F2J1Y1X4Y0C0K1F7Q1I0V1,2123481,2023-07-27,299,230,229,0,1,299,229,0,1,69,1,True,True,match,0,0,0,
21,PRC_X2R3G0E3U2K1E1C5C0P0Q5H2I3H3O5,2123480,2023-07-27,299,235,235,0,0,299,235,0,0,64,1,True,True,match,0,0,0,
21,PRC_J2O3L0M3G2U2H1I6Z0U4G4U4M3E0U1,2123479,2023-07-27,299,228,226,0,2,299,226,0,2,71,1,True,True,match,0,0,0,
21,PRC_V2E3J0X3W2F1X1T4L5Y8Z2G1R6U0H8,2123478,2023-07-27,299,244,242,0,2,299,242,0,2,55,1,True,True,match,0,0,0,
21,PRC_T2U3X0Q4P2G4L1K7P3H2F4A5F3W7Y4,2123477,2023-07-27,299,249,246,0,3,299,246,0,3,50,1,True,True,match,0,0,0,
21,PRC_U2K3P0Z4H2N6G1M8O5B5A1W8T8U5A7,2123476,2023-07-27,299,232,232,0,0,299,232,0,0,67,1,True,True,match,0,0,0,
21,PRC_V2D3W0O4D2X6C1M8M5D8I1M5L9R9A8,2123475,2023-07-27,299,228,225,0,3,299,225,0,3,71,1,True,True,match,0,0,0,
21,PRC_U2C3R0W4F2M4U1M7B2X9J3Z7S5M7P5,2123474,2023-07-27,299,240,215,4,21,299,215,4,21,59,1,True,True,match,0,0,0,
21,PRC_P2O3M0V3H2R2T1I7C3U6T0I8G8Q6N4,2123473,2023-07-27,299,230,229,0,1,299,229,0,1,69,1,True,True,match,0,0,0,
21,PRC_B2A3Y0X3F1G5F1E1M1L4M0K3J6R4P2,2120834,2023-07-27,299,233,232,0,1,299,232,0,1,66,1,True,True,match,0,0,0,
21,PRC_G2O3P0O3M0L6T1S0T3R4Q2Y8T4S2A2,2120473,2023-07-27,299,219,180,10,29,299,180,10,29,80,1,True,True,match,0,0,0,
21,PRC_X2A2K0I9O0C2X0I9J2A9T2C0G4J6R4,2120163,2023-07-27,299,224,222,1,1,299,222,1,1,75,1,True,True,match,0,0,0,
21,PRC_X2O2A1L2P1L3Y1G0L3Z1H3P9H2L9Q8,2120041,2023-07-27,299,229,227,0,2,299,227,0,2,70,1,True,True,match,0,0,0,
21,PRC_C2B2I1X1X1U1A1N4P3J4X5H1A7E9Q7,2120011,2023-07-27,299,257,251,0,6,299,251,0,6,42,1,True,True,match,0,0,0,
21,PRC_R2A2M1B2V2M2F1I3J3R8Q1R5C7R5J9,2119799,2023-07-27,299,229,228,0,1,299,228,0,1,70,1,True,True,match,0,0,0,
21,PRC_Z2Z3C0L1D1G3J1M0A4C8S0V0T8B5N2,2119776,2023-07-27,299,225,220,0,5,299,220,0,5,74,1,True,True,match,0,0,0,
21,PRC_E2L2X1U2Y1U4E1X5U0G1M2E0X5Z1U4,2119452,2023-07-27,299,231,225,0,6,299,225,0,6,68,1,True,True,match,0,0,0,
21,PRC_A2C2M0H8M3L1S1H3J3C9H1O3M7Z5L5,2118795,2023-07-27,299,239,238,0,1,299,238,0,1,60,1,True,True,match,0,0,0,
21,PRC_T2S2V1W2M0K5T1V4H3Q7F2V1F4L3V5,2118736,2023-07-27,299,256,256,0,0,299,256,0,0,43,1,True,True,match,0,0,0,
21,PRC_W2J2A1B1R1M0I1I6O1N5A2J9L7U8Y8,2118582,2023-07-27,299,226,224,0,2,299,224,0,2,73,1,True,True,match,0,0,0,
21,PRC_E2T2S1W1O1H4M1O1D2Y2V0K7O9U2F7,2118385,2023-07-27,299,210,208,0,2,299,208,0,2,89,1,True,True,match,0,0,0,
21,PRC_P2Q2V1O1P0I7K1O5S4A1M3Z1H9H6M4,2118210,2023-07-27,299,212,210,0,2,299,210,0,2,87,1,True,True,match,0,0,0,
21,PRC_J2R2P0P8N2B5Z0K9G3X3H5G4I2C0D4,2118197,2023-07-27,299,223,222,0,1,299,222,0,1,76,1,True,True,match,0,0,0,
21,PRC_T2P2L1O0R0P2W1T6S4U1D3P1X8K6G1,2118151,2023-07-27,299,228,223,0,5,299,223,0,5,71,1,True,True,match,0,0,0,
21,PRC_V2D2Q0K9U2J1G1S0X4M3P1B2F1R0D9,2118064,2023-07-27,299,212,211,0,1,299,211,0,1,87,1,True,True,match,0,0,0,
21,PRC_O2P2B1M0Q2J7G1N0X5S1J5M5Q9N3I3,2118011,2023-07-27,299,253,251,0,2,299,251,0,2,46,1,True,True,match,0,0,0,
21,PRC_D2P2L0C8Z2F1T1G9J5X6D5C5H5M4U8,2117991,2023-07-27,299,219,153,15,51,299,153,15,51,80,1,True,True,match,0,0,0,
21,PRC_W2T2U1S0A0K7S0O8N5E7R3I7M2P0B8,2117911,2023-07-27,299,215,197,4,14,299,197,4,14,84,1,True,True,match,0,0,0,
21,PRC_S2S2D0J9K1S3F1C0A1J3H3H5Z1W3O2,2117834,2023-07-27,299,253,248,0,5,299,248,0,5,46,1,True,True,match,0,0,0,
21,ARC_J2A2V0U9X3V0P1L7A5L2N2A7R6A8Q8,2117705,2023-07-27,299,239,230,2,7,299,230,2,7,60,1,True,True,match,0,0,0,
21,ARC_X2M2O0E9J3U0R1W7R4X8S4M1Y4D5X9,2117703,2023-07-27,299,246,233,3,10,299,233,3,10,53,1,True,True,match,0,0,0,
21,PRC_L2M2Q0Z9X1K9Y1Y8W2T1P2W8P5Z6A7,2117542,2023-07-27,299,226,225,0,1,299,225,0,1,73,1,True,True,match,0,0,0,
21,PRC_R2T2T0K9B2K1P0Z9E4Q1Z0H8I6Q5O2,2117504,2023-07-27,299,213,172,18,23,299,172,18,23,86,1,True,True,match,0,0,0,
21,PRC_F2Z2S0N9C1F5H1Q0Z5Y3F5V6U4T3I0,2117391,2023-07-27,299,237,235,0,2,299,235,0,2,62,1,True,True,match,0,0,0,
21,PRC_A2S2X0S8U1R7H1Z7U3I7T0O7E5L4K2,2116985,2023-07-27,299,230,225,0,5,299,225,0,5,69,1,True,True,match,0,0,0,
21,PRC_C2A2F0Z8P1S1C1E6I2U3W5T4X3X2V4,2116841,2023-07-27,299,237,216,3,18,299,216,3,18,62,1,True,True,match,0,0,0,
21,PRC_M2U2U0E2O2D1R1Y0N0M6M2W9G9K3S1,2114793,2023-07-27,299,242,242,0,0,299,242,0,0,57,1,True,True,match,0,0,0,
21,PRC_B2O1Y1H2I2R2R1S8E5R0W3J4U5F1X3,2114088,2023-07-27,299,223,220,1,2,299,220,1,2,76,1,True,True,match,0,0,0,
21,PRC_A2T1O1I1F3V0N0U9D3G5R2E6W1W9M0,2113962,2023-07-27,299,249,241,3,5,299,241,3,5,50,1,True,True,match,0,0,0,
21,ARC_R2V1Q1S1V1X9A1W1P1K2S4J5H4L4M7,2113423,2023-07-27,299,222,204,2,16,299,204,2,16,77,1,True,True,match,0,0,0,
21,PRC_S2D1B0W8T1K1X1Z6Y1X7R2R4W2B7C7,2112456,2023-07-27,299,208,204,0,4,299,204,0,4,91,1,True,True,match,0,0,0,
21,PRC_K2E1Y0R8B2Y6P1K5C1Y3T3H0A4V8M5,2112344,2023-07-27,299,256,256,0,0,299,256,0,0,43,1,True,True,match,0,0,0,
21,PRC_Z2H1W0M7F2Y3Q1Y1B2E1R5U6G2H6M1,2112125,2023-07-27,299,232,230,0,2,299,230,0,2,67,1,True,True,match,0,0,0,
21,PRC_T2S1Q0B7L1U2Y1L7S5J5M0O7O5Z2B0,2111867,2023-07-27,299,231,229,0,2,299,229,0,2,68,1,True,True,match,0,0,0,
21,PRC_P2P1Z0D5U2L8O0U9B5A7G4X1N8X0Q4,2110772,2023-07-27,299,229,227,0,2,299,227,0,2,70,1,True,True,match,0,0,0,
21,PRC_Q2H1L0V6F0L2Z1G6A1E0V0B3P9P1Y1,2110517,2023-07-27,299,221,216,2,3,299,216,2,3,78,1,True,True,match,0,0,0,
21,PRC_K2V1M0S6Y0Y1E1D7U5O3X2Z3A6I0O6,2110501,2023-07-27,299,220,210,1,9,299,210,1,9,79,1,True,True,match,0,0,0,
21,PRC_B2Y0Y1X1P2G7Z1P4W2W6H0P7L8N4L4,2106523,2023-07-27,299,231,230,0,1,299,230,0,1,68,1,True,True,match,0,0,0,
21,PRC_K2E0B0O9E0N5V1Z6R1S9K1R3A7L7B2,2104384,2023-07-27,299,260,258,0,2,299,258,0,2,39,1,True,True,match,0,0,0,
21,PRC_J2W0I0X9D0B7W1N7A5Z7R0T0N5J3H9,2103575,2023-07-27,299,257,257,0,0,299,257,0,0,42,1,True,True,match,0,0,0,
21,PRC_S2E0S0Z8X2L0Q1S4S1A8C3R5E5K0B1,2103088,2023-07-27,299,249,249,0,0,299,249,0,0,50,1,True,True,match,0,0,0,
21,PRC_H2K0Y0J7U0E6D1Y5F3I3Q3U2T1N0E4,2101492,2023-07-27,299,256,254,0,2,299,254,0,2,43,1,True,True,match,0,0,0,
21,PRC_Y2M0T0M6C0R5I1L5S1C2D5D8N8D4P5,2100196,2023-07-27,299,242,228,2,12,299,228,2,12,57,1,True,True,match,0,0,0,
21,PRC_L2T3Q0S3I2L8R1Q3P5H6H2B8Y5S4R0,2123313,2023-07-18,299,219,219,0,0,299,219,0,0,80,1,True,True,match,0,0,0,
21,PRC_K2I3S0V3I2Q8Z1L3R5X3D3C7O0S5J5,2123312,2023-07-18,299,196,188,0,8,299,188,0,8,103,1,True,True,match,0,0,0,
21,PRC_L2W3X0X2T1H6S1B0I5V6K3L7V9C7S9,2123311,2023-07-18,299,195,191,0,4,299,191,0,4,104,1,True,True,match,0,0,0,
21,PRC_C2W3G0P3X2U8U1T3M5C5U1X9L2F2N8,2123310,2023-07-18,299,204,197,0,7,299,197,0,7,95,1,True,True,match,0,0,0,
21,PRC_P2I3V0Q4S2R0M1X6C0M6C4L1U6I5Y8,2123309,2023-07-18,299,220,217,1,2,299,217,1,2,79,1,True,True,match,0,0,0,
21,PRC_Q2R3V0Y3A2E9C1I5V2Q7I1A7W3D7I9,2123308,2023-07-18,299,218,215,0,3,299,215,0,3,81,1,True,True,match,0,0,0,
21,PRC_M2V3E0J3J2B2F1T5J5L0R1A6Q2Z6U9,2123307,2023-07-18,299,208,207,0,1,299,207,0,1,91,1,True,True,match,0,0,0,
21,PRC_K2B3P0A4L2R0E1X6C1W0X0Q4S2W3V7,2123306,2023-07-18,299,221,220,0,1,299,220,0,1,78,1,True,True,match,0,0,0,
21,PRC_V2D3O0E3W2J2N1E5A5O3X1Z0O2V2F7,2123305,2023-07-18,299,207,206,0,1,299,206,0,1,92,1,True,True,match,0,0,0,
21,PRC_J2N3N0K3X2X2J1F5R5S4Q3V9R7X5X6,2123304,2023-07-18,299,207,205,0,2,299,205,0,2,92,1,True,True,match,0,0,0,
21,PRC_W2P3N0H4H0F3R1Y3I3B8K2O5E3C9D3,2123303,2023-07-18,299,250,233,5,12,299,233,5,12,49,1,True,True,match,0,0,0,
21,PRC_D2W3D0R4O1Q2I0W9Z5N1M5K4X3L7K0,2123302,2023-07-18,299,218,212,0,6,299,212,0,6,81,1,True,True,match,0,0,0,
21,PRC_F2Q3B0J3T2V2M1X5J4N5Z5Y2D6L3O9,2123301,2023-07-18,299,200,200,0,0,299,200,0,0,99,1,True,True,match,0,0,0,
21,PRC_R2K3N0B4K0F5X0Z9L2B7T4J5D9T7R2,2123300,2023-07-18,299,225,221,1,3,299,221,1,3,74,1,True,True,match,0,0,0,
21,PRC_I2F3S0O3V2J1W1F5U0R0W2L1X1D8B5,2123299,2023-07-18,299,223,223,0,0,299,223,0,0,76,1,True,True,match,0,0,0,
21,PRC_J2X3B0I4X0W3M1N3Z4I0K0H8M1P4K5,2123298,2023-07-18,299,253,249,0,4,299,249,0,4,46,1,True,True,match,0,0,0,
21,PRC_H2Z3J0C7W1E4N1Q6E5C3Y5Q9S9U9X3,2123297,2023-07-18,299,260,251,0,9,299,251,0,9,39,1,True,True,match,0,0,0,
21,PRC_G2S3W0A4Q2U0O1O4O1S0Z3P0Z1C7J4,2123296,2023-07-18,299,205,204,0,1,299,204,0,1,94,1,True,True,match,0,0,0,
21,PRC_H2B3K0S4W2O0L1V4V1C3A3E8G1I6S0,2123295,2023-07-18,299,206,206,0,0,299,206,0,0,93,1,True,True,match,0,0,0,
21,PRC_L2L3J0K5S1T0R1S5Q0O0P4E6F9D2D2,2122072,2023-07-18,299,207,206,0,1,299,206,0,1,92,1,True,True,match,0,0,0,
21,PRC_T2R3S0A2Z1X0Y1X5T1R3S1R6P0X2W1,2120116,2023-07-18,299,215,215,0,0,299,215,0,0,84,1,True,True,match,0,0,0,
21,PRC_L2O3L0X1Z0P5Q1P4X0A6C5K8F7U7J3,2119657,2023-07-18,299,205,203,0,2,299,203,0,2,94,1,True,True,match,0,0,0,
21,PRC_L2T2Z0S9X1Z6W2I2W4C4B2E8C6A8W1,2118966,2023-07-18,299,209,208,0,1,299,208,0,1,90,1,True,True,match,0,0,0,
21,ARC_S2C2O1R2R0Y1I1J0U0M3Y1Q0X7E9Q7,2118590,2023-07-18,299,258,258,0,0,299,258,0,0,41,1,True,True,match,0,0,0,
21,PRC_G2T2O1Q1S1U4S1X6O3A2Q5S0D9M0R9,2118351,2023-07-18,299,255,248,0,7,299,248,0,7,44,1,True,True,match,0,0,0,
21,PRC_Z2Q2C1R1N1R4O1C6D3C2H2G0Y1N2P6,2118349,2023-07-18,299,251,243,1,7,299,243,1,7,48,1,True,True,match,0,0,0,
21,PRC_N2J2U1D1Y1D4D1L6N3I0S5M8I6G7K8,2118348,2023-07-18,299,253,241,0,12,299,241,0,12,46,1,True,True,match,0,0,0,
21,PRC_W2Z2E1E1O1A4T1B6Y2I9Z1L3S9Y0F3,2118341,2023-07-18,299,252,239,0,13,299,239,0,13,47,1,True,True,match,0,0,0,
21,PRC_H2K2S0W6H0M2F1K6V5T3S3A7Z1J6I1,2118188,2023-07-18,299,207,198,1,8,299,198,1,8,92,1,True,True,match,0,0,0,
21,PRC_U2A2N0W9I2R1I1B0P1Q7Q4E5R0Q0O0,2117893,2023-07-18,299,207,207,0,0,299,207,0,0,92,1,True,True,match,0,0,0,
21,ARC_H2N2J0Z9J3W0C1U6G5V0D0B4O6L7U6,2117685,2023-07-18,299,212,210,0,2,299,210,0,2,87,1,True,True,match,0,0,0,
21,PRC_X2C2Z0T9O1H3H1J8J3B1P5N8Q6A8J6,2117523,2023-07-18,299,199,184,0,15,299,184,0,15,100,1,True,True,match,0,0,0,
21,PRC_A2N2L0O9Q1X3E1G8L4B0V3R0O1Y8O9,2117522,2023-07-18,299,190,178,0,12,299,178,0,12,109,1,True,True,match,0,0,0,
21,PRC_H2N2K0C9K1K3R1F8E0Q3S5G8C5O1I2,2117520,2023-07-18,299,196,181,1,14,299,181,1,14,103,1,True,True,match,0,0,0,
21,PRC_B2G2Z0M9L1G3I1E8H3O7Z5E8O2M7B2,2117517,2023-07-18,299,197,183,0,14,299,183,0,14,102,1,True,True,match,0,0,0,
21,PRC_M2M2M0G9U1W3R1Y8A4U2F1P2H0B0O7,2117516,2023-07-18,299,191,179,0,12,299,179,0,12,108,1,True,True,match,0,0,0,
21,PRC_C2M2C0W9N1V3B1F8F2R8T3L8N8V8D6,2117515,2023-07-18,299,196,181,0,15,299,181,0,15,103,1,True,True,match,0,0,0,
21,PRC_T2V2I0U9E1H3N1Y8S3X9J2V0L5S8F4,2117513,2023-07-18,299,190,177,0,13,299,177,0,13,109,1,True,True,match,0,0,0,
21,PRC_D2F2C0D9K1K3Q1N8B3N0L0H7Y3G8L0,2117512,2023-07-18,299,197,181,0,16,299,181,0,16,102,1,True,True,match,0,0,0,
21,PRC_C2F2Q0S6W3F0E1C9M3U3U2V4O7S7B3,2116716,2023-07-18,299,220,217,0,3,299,217,0,3,79,1,True,True,match,0,0,0,
21,PRC_F2E1F1F2D2Z9F1J3R1P3A2U0K9P9Y7,2114233,2023-07-18,299,220,219,0,1,299,219,0,1,79,1,True,True,match,0,0,0,
21,PRC_N2K1S1B1J0O1Q1S6T3D5F1P0M3P9P0,2113430,2023-07-18,299,202,199,1,2,299,199,1,2,97,1,True,True,match,0,0,0,
21,PRC_N2U1Q0S8G2K7M0B9P2B5F0T4A4O8E8,2112381,2023-07-18,299,207,206,0,1,299,206,0,1,92,1,True,True,match,0,0,0,
21,PRC_Q2X1Y0C7V3Q0Z1F6A3K6W4S6V9W0A2,2111844,2023-07-18,299,222,221,0,1,299,221,0,1,77,1,True,True,match,0,0,0,
21,PRC_I2N1J0N2I0G2T1Q6F4O5R0L4P7Q2A3,2108416,2023-07-18,299,247,193,11,43,299,193,11,43,52,1,True,True,match,0,0,0,
21,PRC_V2C1X0R2T0V2C1I6E4I5S5K1G8M9O4,2108415,2023-07-18,299,245,197,11,37,299,197,11,37,54,1,True,True,match,0,0,0,
21,PRC_J2D1N0W2V0K2P1C6V4X8D5F6C3O3Q4,2108414,2023-07-18,299,250,197,11,42,299,197,11,42,49,1,True,True,match,0,0,0,
21,PRC_N2N1C0Q2L0K2G1R6O4B8T1W5I4W1E7,2108413,2023-07-18,299,245,196,9,40,299,196,9,40,54,1,True,True,match,0,0,0,
21,PRC_B2J1U0X2Y0C2F1S6W4I7Q3D1B4X9Y3,2108411,2023-07-18,299,241,200,7,34,299,200,7,34,58,1,True,True,match,0,0,0,
21,PRC_K2D1V0X2U0L2X1N6S4M6N4F8X9K3A2,2108407,2023-07-18,299,241,210,4,27,299,210,4,27,58,1,True,True,match,0,0,0,
21,PRC_R2R0B0U6Q3X0E1V7B5J5I4V9B4W0N0,2101223,2023-07-18,299,210,207,0,3,299,207,0,3,89,1,True,True,match,0,0,0,
21,PRC_T2B3P0I6J3E0W1G5I1I2D3E7N8X8A9,2123013,2023-06-30,299,170,170,0,0,299,170,0,0,129,1,True,True,match,0,0,0,
21,PRC_Q2D2J1U2A0Z8C1K1Q1O5O3V2N1A7V3,2122992,2023-06-30,299,269,269,0,0,299,269,0,0,30,1,True,True,match,0,0,0,
21,PRC_R2H3Q0Y3G2Q2X1A5K4K9R0M6I0A6N7,2122991,2023-06-30,299,265,259,0,6,299,259,0,6,34,1,True,True,match,0,0,0,
21,PRC_B2H2M1R2L0T8U1U0W1J2T2Y5L1V6L8,2122990,2023-06-30,299,265,265,0,0,299,265,0,0,34,1,True,True,match,0,0,0,
21,PRC_P2Q2P1G2P0T8O1I0A4C8Y0C8Z7Z3R0,2122989,2023-06-30,299,266,265,0,1,299,265,0,1,33,1,True,True,match,0,0,0,
21,PRC_G2M3Z0Y3X2J8K1A3W4E4H5U9K5I2Z1,2122988,2023-06-30,299,257,254,0,3,299,254,0,3,42,1,True,True,match,0,0,0,
21,PRC_Y2J3T0U3I2C8V1S3O4Y7G0S3Y0Y0I4,2122987,2023-06-30,299,252,247,0,5,299,247,0,5,47,1,True,True,match,0,0,0,
21,PRC_V2K3L0V6N2O8Z1O9C4D1K0O0R8B3M0,2122986,2023-06-30,299,267,267,0,0,299,267,0,0,32,1,True,True,match,0,0,0,
21,PRC_L2H3G0N4J0I3O1L3S2O7V2R9M1S0C0,2122985,2023-06-30,299,265,260,0,5,299,260,0,5,34,1,True,True,match,0,0,0,
21,PRC_Z2D3T0Q4G1V3H1L6A2O5H3M8J6Y5N9,2122984,2023-06-30,299,266,266,0,0,299,266,0,0,33,1,True,True,match,0,0,0,
21,PRC_S2B3O0Y5C0A8D1F3Q2D9X2E8U6T7R9,2122983,2023-06-30,299,268,265,0,3,299,265,0,3,31,1,True,True,match,0,0,0,
21,PRC_E2L3K0F6O2J8B1V9Q4T3F0M3V1F0I3,2122982,2023-06-30,299,270,269,0,1,299,269,0,1,29,1,True,True,match,0,0,0,
21,PRC_Y2H3I0K3P1F7A1Z6T3W8Z2O9S6T9D2,2122981,2023-06-30,299,264,264,0,0,299,264,0,0,35,1,True,True,match,0,0,0,
21,PRC_N2P3U0G3J2W2J1U7E2Q0U0O8T3M7G5,2122980,2023-06-30,299,263,251,1,11,299,251,1,11,36,1,True,True,match,0,0,0,
21,PRC_I2H3B0Y3T2V2I1Z7U1W4C4J0O9T3F3,2122979,2023-06-30,299,265,254,1,10,299,254,1,10,34,1,True,True,match,0,0,0,
21,PRC_B2L2V1U1R3I0J1S4Q0B5U1W6X7F0S7,2122978,2023-06-30,299,260,257,0,3,299,257,0,3,39,1,True,True,match,0,0,0,
21,PRC_N2M3V0X6I3I0M1A5I1J1B1W9L7K5V3,2122922,2023-06-30,299,172,172,0,0,299,172,0,0,127,1,True,True,match,0,0,0,
21,PRC_E2G3E0Q2Q0V9Z0L9L5F8W3T2E4A3X9,2120964,2023-06-30,299,265,262,0,3,299,262,0,3,34,1,True,True,match,0,0,0,
21,PRC_Z2F3F0M2L0G6F1E0D4J4I3H9Q7N6K5,2119952,2023-06-30,299,262,262,0,0,299,262,0,0,37,1,True,True,match,0,0,0,
21,PRC_A2Z3X0W2X0F8E1C4B5C6X5W8V7U4U9,2119936,2023-06-30,299,265,264,0,1,299,264,0,1,34,1,True,True,match,0,0,0,
21,ARC_V2F3Q0Y1I2N6G1W4Q3O6X1S9J9Z4X2,2119644,2023-06-30,299,263,263,0,0,299,263,0,0,36,1,True,True,match,0,0,0,
21,PRC_Q2L2O1N2Q0P2Z1C6X1D8D4X8S6Y7Y0,2119236,2023-06-30,299,260,251,2,7,299,251,2,7,39,1,True,True,match,0,0,0,
21,PRC_M2S2T0R9C2G0K1B5O3P3X3L5Y7P8J4,2118252,2023-06-30,299,263,258,0,5,299,258,0,5,36,1,True,True,match,0,0,0,
21,ARC_Z2A2U1E1S1K0U1Q3G1O7R5Q9C6E5G4,2118195,2023-06-30,299,265,261,1,3,299,261,1,3,34,1,True,True,match,0,0,0,
21,PRC_T2F2N0S9O1F5I1J7W5K3E4K0D2O4E2,2117964,2023-06-30,299,267,264,1,2,299,264,1,2,32,1,True,True,match,0,0,0,
21,ARC_U2S2N0U9J3H0M1H7T1H4B3B8N8F9Y0,2117687,2023-06-30,299,266,254,0,12,299,254,0,12,33,1,True,True,match,0,0,0,
21,PRC_H2I2F0W9K1V9J0I8H5V7C4P2Q9D2V7,2117475,2023-06-30,299,258,255,0,3,299,255,0,3,41,1,True,True,match,0,0,0,
21,PRC_Z2I2S0Q9H1Q9S0H8H5A8D5K4P8E6U2,2117474,2023-06-30,299,262,261,0,1,299,261,0,1,37,1,True,True,match,0,0,0,
21,PRC_L2D2Q0S8D0D3Q1U1N0B1J0O7Y7G0U6,2116825,2023-06-30,299,261,253,2,6,299,253,2,6,38,1,True,True,match,0,0,0,
21,ARC_O2P2X0S3N3L1C1G0B1E5Z0B9Z7F1N7,2115018,2023-06-30,299,262,255,0,7,299,255,0,7,37,1,True,True,match,0,0,0,
21,ARC_I2I1V0G9Q0T8Z1E8F1M3N2Z4A9P6J9,2112484,2023-06-30,299,264,250,0,14,299,250,0,14,35,1,True,True,match,0,0,0,
21,PRC_E2C1I0H7U2C1I0X9D4H0T0H6X4R6Y8,2112014,2023-06-30,299,256,255,0,1,299,255,0,1,43,1,True,True,match,0,0,0,
21,PRC_M2Z1L0J7J0J5Y1R2Q4Q6Q1Z7D9W1C4,2111510,2023-06-30,299,259,248,1,10,299,248,1,10,40,1,True,True,match,0,0,0,
21,PRC_R2F1W0M3S0G8K1C1R1Z8T0C6V1P6N4,2111364,2023-06-30,299,266,264,0,2,299,264,0,2,33,1,True,True,match,0,0,0,
21,PRC_H2P1H0O5F1T8W1R1U3H7J5H9K4B9J4,2110297,2023-06-30,299,255,246,1,8,299,246,1,8,44,1,True,True,match,0,0,0,
21,PRC_T2E1N0H5C1V8W1K1C3J4I5K0B1O5E2,2110296,2023-06-30,299,251,223,7,21,299,223,7,21,48,1,True,True,match,0,0,0,
21,PRC_M2S0K1Z1D0E4K1N1U0I1F5D9D1W4Q4,2105853,2023-06-30,299,263,261,0,2,299,261,0,2,36,1,True,True,match,0,0,0,
21,PRC_Z2T0E0C8A1J8E1W5I3Y1U1D9W7T5I5,2103023,2023-06-30,299,269,265,0,4,299,265,0,4,30,1,True,True,match,0,0,0,
21,PRC_E2W3X0G5Z1C5F1K7S4O3S3M9K8R4Q5,2122790,2023-06-21,299,230,221,1,8,299,221,1,8,69,1,True,True,match,0,0,0,
21,PRC_M2O3B0R4W0L3X1F3K3K5R1D7O9M9K0,2122789,2023-06-21,299,235,224,1,10,299,224,1,10,64,1,True,True,match,0,0,0,
21,PRC_I2T3R0P4T0E3A1W3S3K0B4A6Z5L9V4,2122788,2023-06-21,299,243,243,0,0,299,243,0,0,56,1,True,True,match,0,0,0,
21,PRC_X2N3P0J4I0V3C1D3F3K1X4F8N4A8Y8,2122787,2023-06-21,299,241,240,0,1,299,240,0,1,58,1,True,True,match,0,0,0,
21,PRC_G2C3F0F4P0S3O1E3E3B3W1D2C9C5O8,2122786,2023-06-21,299,241,241,0,0,299,241,0,0,58,1,True,True,match,0,0,0,
21,PRC_R2J3P0R4A0Q3N1G3Q2Y8X4W8U6G8W5,2122785,2023-06-21,299,240,237,1,2,299,237,1,2,59,1,True,True,match,0,0,0,
21,PRC_Q2K3H0B6L1E9A2J0L4H3T0D0Y8N1A4,2122784,2023-06-21,299,246,246,0,0,299,246,0,0,53,1,True,True,match,0,0,0,
21,PRC_W2U3Z0U4A0Q3Y1R8L3Y6T4Z0B8L7W5,2122783,2023-06-21,299,250,250,0,0,299,250,0,0,49,1,True,True,match,0,0,0,
21,PRC_R2C3H0N4F0B6J1D6H5D0H4X3T9F6E7,2122782,2023-06-21,299,250,246,1,3,299,246,1,3,49,1,True,True,match,0,0,0,
21,PRC_Y2E3Q0L6X1M9T2V0F3F0D2U0E8G7P7,2122781,2023-06-21,299,246,246,0,0,299,246,0,0,53,1,True,True,match,0,0,0,
21,PRC_K2N3S0G2E1A6J1K0I5M7M4A2E2A2U1,2122780,2023-06-21,299,230,228,0,2,299,228,0,2,69,1,True,True,match,0,0,0,
21,PRC_L2X3M0T4U0Z3E1N8E3T5U0P5S9Y9L6,2122779,2023-06-21,299,246,246,0,0,299,246,0,0,53,1,True,True,match,0,0,0,
21,PRC_T2E3U0Z6R1H9J2O0C3S3V3H4O1R3L8,2122778,2023-06-21,299,248,247,0,1,299,247,0,1,51,1,True,True,match,0,0,0,
21,PRC_Q2H3W0F6B1G9G2J0W5Y1P4W0V6W1N1,2122777,2023-06-21,299,243,243,0,0,299,243,0,0,56,1,True,True,match,0,0,0,
21,PRC_I2G3G0F5F1B6A1A7Y4Z6X2Y2G2G8E2,2122678,2023-06-21,299,249,249,0,0,299,249,0,0,50,1,True,True,match,0,0,0,
21,PRC_R2K3C0U2Z1D6L1E0M5U4A5D0E5W1K2,2121675,2023-06-21,299,229,229,0,0,299,229,0,0,70,1,True,True,match,0,0,0,
21,PRC_Z2D2K1H2Q0M1U1S6L1J6F4H0W3L2S1,2119228,2023-06-21,299,250,246,1,3,299,246,1,3,49,1,True,True,match,0,0,0,
21,PRC_B2S2A1J2V0M5N1L4E2G9O0K0N1Q2G8,2118878,2023-06-21,299,242,233,1,8,299,233,1,8,57,1,True,True,match,0,0,0,
21,ARC_L2X2X1M2I0S5R1Z6W0B2Z0U5B9I5I9,2118682,2023-06-21,299,242,241,0,1,299,241,0,1,57,1,True,True,match,0,0,0,
21,PRC_Y2D2U1M1U2T4D1H3G3F6K0L6S1S6V9,2118488,2023-06-21,299,247,245,1,1,299,245,1,1,52,1,True,True,match,0,0,0,
21,PRC_C2Y2F1W1J0P1P1J3Y0T1V5B9F1B9Z3,2118298,2023-06-21,299,227,221,1,5,299,221,1,5,72,1,True,True,match,0,0,0,
21,PRC_D2L2U0L9X1M6O1O0V1N8L0P8W5U9D5,2117810,2023-06-21,299,236,231,2,3,299,231,2,3,63,1,True,True,match,0,0,0,
21,ARC_L2N2H0J9Y3Z0V1C7Z2K3X2O4N6F8P7,2117689,2023-06-21,299,234,232,0,2,299,232,0,2,65,1,True,True,match,0,0,0,
21,PRC_F2B1H1Y1H0H2G1G4S2F1K3E5S0X3W0,2113327,2023-06-21,299,238,238,0,0,299,238,0,0,61,1,True,True,match,0,0,0,
21,ARC_E2Z1B1R1L1O1H1N4R1X5Z5A3G0X0E6,2113259,2023-06-21,299,230,221,1,8,299,221,1,8,69,1,True,True,match,0,0,0,
21,ARC_R2M1Y1J0U1Y8Y1V3K3F0B2M3G8X3B0,2112873,2023-06-21,299,238,234,0,4,299,234,0,4,61,1,True,True,match,0,0,0,
21,PRC_H2R1R0V4F1S9M1S4H1G5W0D7M8Y6Y3,2109677,2023-06-21,299,228,228,0,0,299,228,0,0,71,1,True,True,match,0,0,0,
21,PRC_C2R3E0N5D3R0M1L4K0G5W2M2O2Y0C5,2122362,2023-05-30,299,278,175,103,0,299,175,103,0,21,1,True,True,match,0,0,0,
21,PRC_Y2H3Z0D5F2C4Y1W6Z1Z3U3R1B3A1V0,2122283,2023-05-25,299,238,171,25,42,299,171,25,42,61,1,True,True,match,0,0,0,
21,PRC_L2W3E0Y2J2G3O1H9I1V4A3I9E4Y9O9,2122281,2023-05-25,299,244,244,0,0,299,244,0,0,55,1,True,True,match,0,0,0,
21,PRC_H2F3G0T3H2W1Z1E4M5P7P4J1N6F9H2,2122280,2023-05-25,299,256,254,0,2,299,254,0,2,43,1,True,True,match,0,0,0,
21,PRC_U2N3I0N5Q2S3F1O4X2A1R0N4H4W2Y5,2122279,2023-05-25,299,268,268,0,0,299,268,0,0,31,1,True,True,match,0,0,0,
21,PRC_L2X3W0F3N0L8G1S2Y1A7I1U8A7E8H0,2122278,2023-05-25,299,224,222,0,2,299,222,0,2,75,1,True,True,match,0,0,0,
21,PRC_H2U2B1W1U1Q7L1E6O4U9A0E8U6J3I0,2122277,2023-05-25,299,224,224,0,0,299,224,0,0,75,1,True,True,match,0,0,0,
21,PRC_A2B2T1T1C1Z7X1L6X5C2I4B8N0X6L1,2122276,2023-05-25,299,225,223,0,2,299,223,0,2,74,1,True,True,match,0,0,0,
21,PRC_C2V3N0P2N1N7D1F1H3S4V5N8E5S3B4,2122275,2023-05-25,299,220,214,2,4,299,214,2,4,79,1,True,True,match,0,0,0,
21,PRC_A2I2J1Z1J2Z3F1K1S4Z4K5E9G0J1U2,2122274,2023-05-25,299,227,225,0,2,299,225,0,2,72,1,True,True,match,0,0,0,
21,PRC_N2O2G1X1O2P4D1D1Q4E6S2B7Y1N8B3,2122273,2023-05-25,299,226,224,0,2,299,224,0,2,73,1,True,True,match,0,0,0,
21,PRC_I2T2K1D1D2U3F1Z7D4A2B3Y5N2U0Q3,2122272,2023-05-25,299,218,216,0,2,299,216,0,2,81,1,True,True,match,0,0,0,
21,PRC_O2H2P1H1E2O3I1M1Z4X3D5Y9C9M3A6,2122271,2023-05-25,299,223,221,0,2,299,221,0,2,76,1,True,True,match,0,0,0,
21,PRC_E2V2Q1L2R1D9L0S9A3L5W0P2B6U4E1,2122270,2023-05-25,299,181,178,1,2,299,178,1,2,118,1,True,True,match,0,0,0,
21,PRC_D2N2Z1Q1T2Y3Y1S1N3K8A5O0T4B1T0,2122269,2023-05-25,299,230,229,0,1,299,229,0,1,69,1,True,True,match,0,0,0,
21,PRC_G2N3G0Y5U2W2R1Q6T0K7L5D1Q1A9V1,2122268,2023-05-25,299,272,243,5,24,299,243,5,24,27,1,True,True,match,0,0,0,
21,PRC_T2C2V1K2A0G9H0W8P5R7M1D6C1U7W1,2122267,2023-05-25,299,214,212,0,2,299,212,0,2,85,1,True,True,match,0,0,0,
21,PRC_I2O1W0Z3I2F3H1I6T0A0K0C4S7V8C5,2122266,2023-05-25,299,211,207,0,4,299,207,0,4,88,1,True,True,match,0,0,0,
21,PRC_G2W3M0G5E2X2W1S6H0F9Y4B2W1N3M5,2122265,2023-05-25,299,272,270,0,2,299,270,0,2,27,1,True,True,match,0,0,0,
21,PRC_N2B2Z1U2V0W8Z1S1G0E8P3M4G2C6U6,2122264,2023-05-25,299,178,171,0,7,299,171,0,7,121,1,True,True,match,0,0,0,
21,PRC_X2Y2P0K4F2G5J1F5X0L3O0G4M3N8T2,2122263,2023-05-25,299,204,193,0,11,299,193,0,11,95,1,True,True,match,0,0,0,
21,PRC_C2W3D0Y5P1J9L1H6D3Z0T0Z4V7D5S6,2122262,2023-05-25,299,269,269,0,0,299,269,0,0,30,1,True,True,match,0,0,0,
21,PRC_B2N3L0Z2D1Z6E1K0A5D5A4M3J5C6W8,2122119,2023-05-25,299,193,191,0,2,299,191,0,2,106,1,True,True,match,0,0,0,
21,PRC_I2A3Z0F3E2R2I1C5D5D9L0I6P2N4C7,2122117,2023-05-25,299,184,183,0,1,299,183,0,1,115,1,True,True,match,0,0,0,
21,PRC_J2V3Y0Y2F1T6S1U1V0B2H0Y5C7X0L5,2122116,2023-05-25,299,186,184,0,2,299,184,0,2,113,1,True,True,match,0,0,0,
21,PRC_S2Y2Y1A2P2T3Q1G0R5P4G3S4C1P3D4,2122115,2023-05-25,299,196,196,0,0,299,196,0,0,103,1,True,True,match,0,0,0,
21,PRC_M2H3K0K2F1D6Y1J1J0M6W5C7B4L4L1,2122114,2023-05-25,299,183,183,0,0,299,183,0,0,116,1,True,True,match,0,0,0,
21,PRC_C2T3V0S3Y2B2N1R5Y5R5B2W8T5F8G5,2122113,2023-05-25,299,187,187,0,0,299,187,0,0,112,1,True,True,match,0,0,0,
21,PRC_Y2P3V0U3V2M2Y1M5M5C7T2D8Q3X5Q7,2122111,2023-05-25,299,186,185,0,1,299,185,0,1,113,1,True,True,match,0,0,0,
21,PRC_L2J3L0R2Z1F6E1X1V0L1Y0L1U1F5D7,2122109,2023-05-25,299,185,185,0,0,299,185,0,0,114,1,True,True,match,0,0,0,
21,PRC_J2K2R1S2Z2W3L1B0K3F3J2Q1W6B5G1,2122107,2023-05-25,299,193,189,0,4,299,189,0,4,106,1,True,True,match,0,0,0,
21,PRC_U2S3C0T2C1V6Q1L0U5D9J0F3B3P7A1,2122106,2023-05-25,299,181,177,0,4,299,177,0,4,118,1,True,True,match,0,0,0,
21,PRC_A2W3X0P2T1K6K1T1B0M7C4R7B0F4J8,2122105,2023-05-25,299,183,183,0,0,299,183,0,0,116,1,True,True,match,0,0,0,
21,PRC_D2E3E0W3T2U1D1L4O0T3T4T9H3W5E7,2122104,2023-05-25,299,205,203,0,2,299,203,0,2,94,1,True,True,match,0,0,0,
21,PRC_R2W3X0A3P2L1E1T4R0O2G0L6M0Y1R3,2122103,2023-05-25,299,201,198,0,3,299,198,0,3,98,1,True,True,match,0,0,0,
21,PRC_F2S3I0X3P1K4S1L1M3L8O1G4I3V6D8,2122102,2023-05-25,299,193,188,1,4,299,188,1,4,106,1,True,True,match,0,0,0,
21,PRC_E2E3L0I3N2A1T1W4H0J5O1D5O9T7N0,2122101,2023-05-25,299,200,200,0,0,299,200,0,0,99,1,True,True,match,0,0,0,
21,PRC_S2G3F0D3Y1P4N1W1K3A6C1W6O2K6G7,2122100,2023-05-25,299,193,174,13,6,299,174,13,6,106,1,True,True,match,0,0,0,
21,PRC_K2A3E0L3M1X4V1C1Z3R8I4D5Z5Y6K8,2122099,2023-05-25,299,200,196,0,4,299,196,0,4,99,1,True,True,match,0,0,0,
21,PRC_O2V3S0V3Z1Y4M1U1O3L7O3Z4I5S9P5,2122098,2023-05-25,299,190,188,0,2,299,188,0,2,109,1,True,True,match,0,0,0,
21,PRC_Y2C3V0Q2H2N0W1L8E5W0A4Y6K0P1S8,2122092,2023-05-25,299,211,209,0,2,299,209,0,2,88,1,True,True,match,0,0,0,
21,PRC_N2O3A0W3K2I1U1C7P3V6W3N8E6N7X4,2122091,2023-05-25,299,190,189,0,1,299,189,0,1,109,1,True,True,match,0,0,0,
21,PRC_V2Y3Q0T2Z2J0Q1D8Y5I1H2V4Q3V5Z1,2122090,2023-05-25,299,205,201,0,4,299,201,0,4,94,1,True,True,match,0,0,0,
21,PRC_F2D3V0O3M2J1U1A7J3Z5W2F5C5E4S2,2122089,2023-05-25,299,213,191,5,17,299,191,5,17,86,1,True,True,match,0,0,0,
21,PRC_V2P3E0J2M2C0E1N8A5U1E5D6L2Z4A3,2122087,2023-05-25,299,210,207,0,3,299,207,0,3,89,1,True,True,match,0,0,0,
21,PRC_C2M3I0Y5N1Y7A1K0U2L8M1B6J0Z4P2,2122083,2023-05-25,299,264,263,0,1,299,263,0,1,35,1,True,True,match,0,0,0,
21,PRC_E2F3D0Z5A1Y0Y1W6X0W9W0E6E4D0B0,2121944,2023-05-25,299,268,268,0,0,299,268,0,0,31,1,True,True,match,0,0,0,
21,PRC_W2V3R0O2T1S7P1Y5W2V9T5Z8Y1X0W9,2120332,2023-05-25,299,270,270,0,0,299,270,0,0,29,1,True,True,match,0,0,0,
21,PRC_A2Z3X0G2F2B0A1Y7X2F3G4F8D8C2K3,2120282,2023-05-25,299,243,241,1,1,299,241,1,1,56,1,True,True,match,0,0,0,
21,PRC_F2F3D0C2J2H0R0Q8P5O9V2T6S0O6O4,2120185,2023-05-25,299,248,240,1,7,299,240,1,7,51,1,True,True,match,0,0,0,
21,PRC_J2Z3G0E1M1B0O1G6C2L1C0O8D6Z7E4,2119545,2023-05-25,299,184,183,0,1,299,183,0,1,115,1,True,True,match,0,0,0,
21,PRC_G2G3B0U1Y1Q0W1F6Z1D5A2Y0J8B8H2,2119542,2023-05-25,299,186,184,0,2,299,184,0,2,113,1,True,True,match,0,0,0,
21,PRC_R2U3D0Z1A0W9Y2T1B1F3J3W7R6I5C6,2119439,2023-05-25,299,273,272,1,0,299,272,1,0,26,1,True,True,match,0,0,0,
21,PRC_Q2E2H1D1K2X4E1J5N1B2E1U7D0F1U7,2119348,2023-05-25,299,176,176,0,0,299,176,0,0,123,1,True,True,match,0,0,0,
21,PRC_C2T2L1D2D0I9S1Z0J2E0S4B0N5B4O3,2119250,2023-05-25,299,187,184,0,3,299,184,0,3,112,1,True,True,match,0,0,0,
21,PRC_X2Y2C1J2Z2E2J1P4K0I5B4N4J8N8C7,2119111,2023-05-25,299,185,185,0,0,299,185,0,0,114,1,True,True,match,0,0,0,
21,PRC_F2W2U1Z2Q1Q3Q0J9T5T4L4V3T1R1H9,2119073,2023-05-25,299,194,192,0,2,299,192,0,2,105,1,True,True,match,0,0,0,
21,PRC_Z2P2K0U9Q2T5M1K9J5U3V4Q3M6E5J4,2119047,2023-05-25,299,245,244,0,1,299,244,0,1,54,1,True,True,match,0,0,0,
21,PRC_E2U2W0M9M2J5R1Z9Q5W9F3X8U4A6L4,2119046,2023-05-25,299,244,244,0,0,299,244,0,0,55,1,True,True,match,0,0,0,
21,PRC_Q2H2I1H2N0X7X1S4A1H0M0D7X8T1D2,2118811,2023-05-25,299,187,186,0,1,299,186,0,1,112,1,True,True,match,0,0,0,
21,PRC_V2I2H1I2F0Y5W1W8Z3U6G4C6Z4B7G9,2118793,2023-05-25,299,178,178,0,0,299,178,0,0,121,1,True,True,match,0,0,0,
21,PRC_A2T2W1G0E3A1T1U7R4F8R5H1C7K1X1,2118611,2023-05-25,299,185,184,0,1,299,184,0,1,114,1,True,True,match,0,0,0,
21,PRC_S2W1G0F7O2J8G1H1T0G5V4F4X8S6P6,2118274,2023-05-25,299,208,207,0,1,299,207,0,1,91,1,True,True,match,0,0,0,
21,PRC_W2L2X0G4K2S2X1B6Q5N9W5E5M2X3Y1,2118265,2023-05-25,299,184,181,0,3,299,181,0,3,115,1,True,True,match,0,0,0,
21,PRC_R2T2R0Y7E1J8U1J1F1A3N1P5T4F3L6,2118256,2023-05-25,299,182,176,1,5,299,176,1,5,117,1,True,True,match,0,0,0,
21,PRC_M2D2R1T0N0K7W1G3T5H6Q2L1A7P6D9,2118150,2023-05-25,299,196,193,1,2,299,193,1,2,103,1,True,True,match,0,0,0,
21,PRC_O2R2H1W0U3C1K0Z9V5C7W5R7L8L3N8,2118062,2023-05-25,299,194,194,0,0,299,194,0,0,105,1,True,True,match,0,0,0,
21,ARC_E2N2K1T1C0C2T1A8Y1B4I5Z6P4Q9W0,2118060,2023-05-25,299,184,184,0,0,299,184,0,0,115,1,True,True,match,0,0,0,
21,PRC_D2K2L1J0I3X1C1V0H5U7C4V4Z8F7X5,2118049,2023-05-25,299,188,185,0,3,299,185,0,3,111,1,True,True,match,0,0,0,
21,PRC_D2S2S0I9A1D3Y1L6S2N0Z4P6B1W2W2,2117607,2023-05-25,299,195,193,0,2,299,193,0,2,104,1,True,True,match,0,0,0,
21,PRC_H2P2K0J1F1L2V1N1O0F7E0J5Z8A9U9,2117435,2023-05-25,299,194,184,0,10,299,184,0,10,105,1,True,True,match,0,0,0,
21,PRC_X2I2D0A7T1N8F1H1W0G9M5U8C7H1D4,2117304,2023-05-25,299,195,191,0,4,299,191,0,4,104,1,True,True,match,0,0,0,
21,PRC_L2S2T0L8R1E1H1N7I2K3P3L2J8Z3W5,2117280,2023-05-25,299,193,184,0,9,299,184,0,9,106,1,True,True,match,0,0,0,
21,PRC_P2D2M0H8Y1N2L1D3H1K2M3Q1G9V5R0,2117257,2023-05-25,299,199,199,0,0,299,199,0,0,100,1,True,True,match,0,0,0,
21,PRC_H2E2I0X7A2G0D1P4M2C3I2A2G8X5L7,2116976,2023-05-25,299,200,199,1,0,299,199,1,0,99,1,True,True,match,0,0,0,
21,PRC_P2U2T0C8E2R2W1M0S3E6J3O0W6U4D5,2116957,2023-05-25,299,185,182,2,1,299,182,2,1,114,1,True,True,match,0,0,0,
21,PRC_B2W2M0L6P2I3Y1U7Q2T3F5M5E7Y5B4,2116267,2023-05-25,299,218,217,0,1,299,217,0,1,81,1,True,True,match,0,0,0,
21,PRC_U2N2Q0K3D2H3Y0V9F3H1E5O3A9Y6F3,2116260,2023-05-25,299,225,224,0,1,299,224,0,1,74,1,True,True,match,0,0,0,
21,PRC_X2Y1M0K7L2Y0O1Q0O3A8W3B0X8H9P7,2116108,2023-05-25,299,200,199,0,1,299,199,0,1,99,1,True,True,match,0,0,0,
21,PRC_C2F2G0D4M1M4W1M8Q4Z3H0N4Q6H8H1,2115351,2023-05-25,299,192,190,0,2,299,190,0,2,107,1,True,True,match,0,0,0,
21,PRC_O2V1M1G0Q3Y1O2Y3E5P3U1P7R2B4X2,2113661,2023-05-25,299,184,182,0,2,299,182,0,2,115,1,True,True,match,0,0,0,
21,PRC_R2G1H0R8P2G7J0X9K4W8T2Q5W5L7X9,2113455,2023-05-25,299,219,218,0,1,299,218,0,1,80,1,True,True,match,0,0,0,
21,PRC_P2S1P1Z1K1T7D1P3G2J8B4A6F0A7W8,2113437,2023-05-25,299,227,224,0,3,299,224,0,3,72,1,True,True,match,0,0,0,
21,PRC_H2R1N0L7E2I6Y0O9R1B0E0R1R8J9I6,2111984,2023-05-25,299,193,192,0,1,299,192,0,1,106,1,True,True,match,0,0,0,
21,PRC_J2S1W0M7N1W5P1H5V2O7X0Q8D1P1G5,2111761,2023-05-25,299,208,206,0,2,299,206,0,2,91,1,True,True,match,0,0,0,
21,PRC_V2L1O0I5X1L7L0T9O2C9G2C3O4O2F1,2111045,2023-05-25,299,193,186,1,6,299,186,1,6,106,1,True,True,match,0,0,0,
21,PRC_V2Y1U0G3O1W7T1G6E5E8T0D1G8G0P0,2109791,2023-05-25,299,189,189,0,0,299,189,0,0,110,1,True,True,match,0,0,0,
21,PRC_R2K1A0V4K2S2Q1K1S3V5H3F8F4H0Y3,2109723,2023-05-25,299,206,205,1,0,299,205,1,0,93,1,True,True,match,0,0,0,
21,PRC_F2G1V0V3C0I2M1W1D4K1C3X7T5X0A9,2108842,2023-05-25,299,216,215,0,1,299,215,0,1,83,1,True,True,match,0,0,0,
21,PRC_Z2A1U0T3E1V5I1Y6X5L6X4L0U1H5M7,2108806,2023-05-25,299,181,179,0,2,299,179,0,2,118,1,True,True,match,0,0,0,
21,PRC_P2Y1Y0D2Q1V9J1I5S2V0R2I1H9U5T9,2108761,2023-05-25,299,241,234,0,7,299,234,0,7,58,1,True,True,match,0,0,0,
21,PRC_B2F1G0B3G1N1G1L5S3M4Z5B7X5T6R1,2108711,2023-05-25,299,222,219,0,3,299,219,0,3,77,1,True,True,match,0,0,0,
21,PRC_K2Z0P1E2O1L6W1G6R4O4C3I6P5X0X8,2106857,2023-05-25,299,194,192,0,2,299,192,0,2,105,1,True,True,match,0,0,0,
21,PRC_B2O3L0Y4M2Z7O1W3Z1S2Q5O3P2D1H3,2121686,2023-04-27,300,241,229,4,8,300,229,4,8,59,1,True,True,match,0,0,0,
21,PRC_Y2N3I0O4L2J7K1E3V1W2C3W2L2Z9K7,2121685,2023-04-27,300,241,234,5,2,300,234,5,2,59,1,True,True,match,0,0,0,
21,PRC_X2Q3M0D2D2G3W1E9N1L5R0K8X3Y2O2,2121680,2023-04-27,300,278,270,0,8,300,270,0,8,22,1,True,True,match,0,0,0,
21,PRC_B2Z3X0T4K2Z5E1J0L5E3R5Z8W9B1T7,2121679,2023-04-27,300,281,281,0,0,300,281,0,0,19,1,True,True,match,0,0,0,
21,PRC_U2Y3P0X3T2G1H1Q7U3R7U1K0P7C9K1,2121678,2023-04-27,300,261,260,0,1,300,260,0,1,39,1,True,True,match,0,0,0,
21,PRC_I2K3S0V2B1B0K1E5I1N0E3N1Y7V2V3,2121677,2023-04-27,300,236,236,0,0,300,236,0,0,64,1,True,True,match,0,0,0,
21,PRC_Z2D1Y1S1M2W4B1B7K1F3V2P3V5C0J5,2121676,2023-04-27,300,260,173,44,43,300,173,44,43,40,1,True,True,match,0,0,0,
21,PRC_L2Q3A0C2S2X3P1A9S3A6M3V2M1X4Q7,2121674,2023-04-27,300,283,282,0,1,300,282,0,1,17,1,True,True,match,0,0,0,
21,PRC_K2H3O0Z3N2K2N1A8I0Z7Y3X8Y8Z5H3,2121673,2023-04-27,300,236,217,1,18,300,217,1,18,64,1,True,True,match,0,0,0,
21,PRC_W2F3X0K4M0L5V0K9A3J1G2J9J7J3X1,2121672,2023-04-27,300,255,231,4,20,300,231,4,20,45,1,True,True,match,0,0,0,
21,PRC_U2Q3N0W4E1R2S0P9F4D8B3N4Z3F8M8,2121671,2023-04-27,300,252,252,0,0,300,252,0,0,48,1,True,True,match,0,0,0,
21,PRC_L2Z1L0Z2S1G8P2H1S0A0X0D5M2R2R2,2120879,2023-04-27,300,177,154,1,22,300,154,1,22,123,1,True,True,match,0,0,0,
21,PRC_E2O3M0J4P2T7M1O7N1P0Y2K2W4Q9G7,2120877,2023-04-27,300,181,179,0,2,300,179,0,2,119,1,True,True,match,0,0,0,
21,PRC_B2L1X1H1G2Q4W2Z0C1B6H5T8U3C5P8,2120876,2023-04-27,300,176,171,0,5,300,171,0,5,124,1,True,True,match,0,0,0,
21,PRC_M2H1V0U6W1Z1Q1Z1H1F4N3I2S2V7R6,2120875,2023-04-27,300,177,177,0,0,300,177,0,0,123,1,True,True,match,0,0,0,
21,PRC_N2K3I0I2G0P6O1O0O4W5T5S4A6Y5Y4,2119951,2023-04-27,300,262,260,0,2,300,260,0,2,38,1,True,True,match,0,0,0,
21,PRC_X2G2V1U2K2B6L1X3U3E3L4X7V8V0H5,2119238,2023-04-27,300,257,256,0,1,300,256,0,1,43,1,True,True,match,0,0,0,
21,PRC_S2W2U1I2Y2E6S1H3K3W3F5D5G5U7V5,2119143,2023-04-27,300,257,254,0,3,300,254,0,3,43,1,True,True,match,0,0,0,
21,PRC_N2S2C1J2W0X8U1X6X0K5D3Q1B0N8G3,2118962,2023-04-27,300,243,235,0,8,300,235,0,8,57,1,True,True,match,0,0,0,
21,PRC_D2E2W1X1Z0Z1X1G0Y5J1J5D2K1Z5M7,2118206,2023-04-27,300,254,234,5,15,300,234,5,15,46,1,True,True,match,0,0,0,
21,ARC_D2I2A0W9S3E0Y1I7J3B9F4O3M0W0S0,2117700,2023-04-27,300,278,271,0,7,300,271,0,7,22,1,True,True,match,0,0,0,
21,PRC_U2O2N0X9M1I3A1R8Z0T6A3F4B6J1W9,2117521,2023-04-27,300,262,258,0,4,300,258,0,4,38,1,True,True,match,0,0,0,
21,PRC_X2H2N0A8K1I2V0W9N2O2S1Z9F2B0C5,2116941,2023-04-27,300,261,254,0,7,300,254,0,7,39,1,True,True,match,0,0,0,
21,PRC_S2R2D0Y6P1O9L1C8D0Z1U3V5I6O8B6,2116175,2023-04-27,300,238,238,0,0,300,238,0,0,62,1,True,True,match,0,0,0,
21,PRC_F2H3O0U4T1T3G1X5F2J6P1X1J5J4O4,2121341,2023-04-13,300,285,176,109,0,300,176,109,0,15,1,True,True,match,0,0,0,
21,PRC_G2P3A0Z4Q0T5U1G4X3M0A0X4B7V1G5,2121340,2023-04-13,300,256,245,3,8,300,245,3,8,44,1,True,True,match,0,0,0,
21,PRC_R2J3U0V3P2G2H1L8T0X6O2Y3I3R6O7,2121339,2023-04-13,300,254,228,9,17,300,228,9,17,46,1,True,True,match,0,0,0,
21,PRC_D2W1Q0E5W2Q6Z1H0O3K8E0Q9S9L4T1,2111046,2023-04-13,300,254,247,1,6,300,247,1,6,46,1,True,True,match,0,0,0,
21,PRC_V2K1S0C5E2H6R1A0P3X8S4Y9U1J5C7,2111044,2023-04-13,300,258,252,1,5,300,252,1,5,42,1,True,True,match,0,0,0,
21,PRC_H2H3Q0P3W1P5L1S0Q1N8E4L9J8O8U8,2120677,2023-04-03,299,239,239,0,0,299,239,0,0,60,1,True,True,match,0,0,0,
21,PRC_G2R3W0S3I2P1M1M0K0C4H2N8E7M8F8,2120969,2023-03-30,299,231,179,13,39,299,179,13,39,68,1,True,True,match,0,0,0,
21,PRC_F2H3X0S3F2Z1T1S0I0W0X1F5G1Y9M5,2120968,2023-03-30,299,233,214,2,17,299,214,2,17,66,1,True,True,match,0,0,0,
21,PRC_Y2D2F1A1Y3B0F0K9B4B8M4Q4Z2Q3C9,2120953,2023-03-30,299,214,206,0,8,299,206,0,8,85,1,True,True,match,0,0,0,
21,PRC_P2W3L0Z2Y1J4Y1B4C3Z2H2H6S6T3O5,2120944,2023-03-30,299,196,193,0,3,299,193,0,3,103,1,True,True,match,0,0,0,
21,PRC_H2F3H0D2Y1P4A1H1Q5F3V3I6G0J6M5,2120943,2023-03-30,299,210,209,0,1,299,209,0,1,89,1,True,True,match,0,0,0,
21,PRC_N2L3P0L2O1A4G1L1H5F9H0N0Y6L9D8,2120942,2023-03-30,299,200,190,1,9,299,190,1,9,99,1,True,True,match,0,0,0,
21,PRC_I2C3H0T2P1C4C1X4P0Z2F5H2S9Z9B3,2120941,2023-03-30,299,187,187,0,0,299,187,0,0,112,1,True,True,match,0,0,0,
21,PRC_R2A3D0U3M1O7M1K6W3X9S5X8M3G1A8,2120940,2023-03-30,299,220,216,0,4,299,216,0,4,79,1,True,True,match,0,0,0,
21,PRC_V2U3G0F2A2X3E1X5F3G1U3X2Z5P5O2,2120939,2023-03-30,299,207,201,0,6,299,201,0,6,92,1,True,True,match,0,0,0,
21,PRC_N2A3F0T2L1E4T1D1N5S0S2C6M7J7I0,2120938,2023-03-30,299,200,199,0,1,299,199,0,1,99,1,True,True,match,0,0,0,
21,PRC_R2Y3O0A2V2R3X1V5K2G8G1E5F8X9B1,2120937,2023-03-30,299,199,199,0,0,299,199,0,0,100,1,True,True,match,0,0,0,
21,PRC_T2W3T0I2J2N7W1B2W4G5Q4L5I3W6S1,2120936,2023-03-30,299,228,228,0,0,299,228,0,0,71,1,True,True,match,0,0,0,
21,PRC_Y2X2Y1U1B2L8W1N0U3I1O0W5B6X8L8,2120935,2023-03-30,299,226,223,0,3,299,223,0,3,73,1,True,True,match,0,0,0,
21,PRC_G2V3R0Z2K2E3C1L5N4T6Y2W1T3Y0V3,2120934,2023-03-30,299,210,207,0,3,299,207,0,3,89,1,True,True,match,0,0,0,
21,PRC_T2J3Z0B2S2K3O1W5O4O7W4F3Q2U1K2,2120933,2023-03-30,299,195,177,8,10,299,177,8,10,104,1,True,True,match,0,0,0,
21,PRC_N2X3B0Q2U1P4S1Y4G0A9V5R1O2P8T1,2120932,2023-03-30,299,204,202,0,2,299,202,0,2,95,1,True,True,match,0,0,0,
21,PRC_S2U3J0L2U2B7P1G2C2X8G4O1T7E7P0,2120930,2023-03-30,299,225,220,0,5,299,220,0,5,74,1,True,True,match,0,0,0,
21,PRC_E2V3L0C3M2P1Q1B7A3L5M5K8W5Q4Z3,2120929,2023-03-30,299,214,213,0,1,299,213,0,1,85,1,True,True,match,0,0,0,
21,PRC_W2P2S1X2N0F8R1S0F5A3U1S4R0B9W0,2120928,2023-03-30,299,217,213,0,4,299,213,0,4,82,1,True,True,match,0,0,0,
21,PRC_Z2P3T0G2Z2M3V1Q9Y4N5J1V4O6X8L2,2120924,2023-03-30,299,219,218,0,1,299,218,0,1,80,1,True,True,match,0,0,0,
21,PRC_V2K3H0P2K1Z4N1I6V3U8Q4J7C6W9N2,2120921,2023-03-30,299,214,202,0,12,299,202,0,12,85,1,True,True,match,0,0,0,
21,PRC_U2H3Q0A2S1Y4Q1C6Y3X9X2I9M3N7M2,2120920,2023-03-30,299,214,210,1,3,299,210,1,3,85,1,True,True,match,0,0,0,
21,PRC_T2W3C0B3B2D4V1X6L2E8L0B6Z5K1O3,2120914,2023-03-30,299,232,230,0,2,299,230,0,2,67,1,True,True,match,0,0,0,
21,PRC_K2B3A0Z2A0Y8V1T0S1T7R3A6Y6X2V2,2119906,2023-03-30,299,225,212,5,8,299,212,5,8,74,1,True,True,match,0,0,0,
21,PRC_Z2C2E1N2A0E9Y1S4W0Q1C4H5A8P0K9,2119385,2023-03-30,299,224,211,4,9,299,211,4,9,75,1,True,True,match,0,0,0,
21,PRC_A2C2Q1I1D0T7X1B0G5K2Y5L5P2Y1E0,2118436,2023-03-30,299,217,212,0,5,299,212,0,5,82,1,True,True,match,0,0,0,
21,PRC_L2H2I1L0Z0I7V0N9X3L4F4Z5H5D4N7,2117924,2023-03-30,299,227,226,0,1,299,226,0,1,72,1,True,True,match,0,0,0,
21,PRC_W2Q2O0U9D1B4L1I5B0F6X0Y1M0X4P8,2117599,2023-03-30,299,220,215,0,5,299,215,0,5,79,1,True,True,match,0,0,0,
21,PRC_S2J2E0T9D0I6A1N8T0Q3T2O2P2X3I8,2117596,2023-03-30,299,234,232,0,2,299,232,0,2,65,1,True,True,match,0,0,0,
21,PRC_E2V2Q0N9R0Y6Y1C8H0M1L4A8L6I7S4,2117591,2023-03-30,299,224,221,0,3,299,221,0,3,75,1,True,True,match,0,0,0,
21,PRC_Q2S2S0J9J0J5Q1E4L3V7S0A3E5M9F0,2117389,2023-03-30,299,203,201,0,2,299,201,0,2,96,1,True,True,match,0,0,0,
21,PRC_V2K2L0I8W0N5C1F6J3C6C5A1E9R4U2,2116849,2023-03-30,299,196,193,0,3,299,193,0,3,103,1,True,True,match,0,0,0,
21,PRC_U2O2N0O6P3V0O1R7J1M6J1M2F5Q1E0,2116332,2023-03-30,299,227,226,0,1,299,226,0,1,72,1,True,True,match,0,0,0,
21,PRC_K2H2P0D6E1R4D1T0D4N8Q2J9V5P5F4,2116194,2023-03-30,299,197,194,0,3,299,194,0,3,102,1,True,True,match,0,0,0,
21,ARC_I2W2N0N6F0F9F1A6E4L0I1F5E8Q0S9,2115851,2023-03-30,299,191,190,0,1,299,190,0,1,108,1,True,True,match,0,0,0,
21,PRC_Z2U1W1Q0I2O2U1V8Y2P8U1G0C3D8W8,2115814,2023-03-30,299,202,196,0,6,299,196,0,6,97,1,True,True,match,0,0,0,
21,PRC_R2V2N0R5O1J8F1K3O2W9P2Y3E4G7B0,2115805,2023-03-30,299,206,199,0,7,299,199,0,7,93,1,True,True,match,0,0,0,
21,PRC_Y2T2T0L5J1P9Y1Z1T2L9P4B2Z8Y6N7,2115659,2023-03-30,299,209,204,0,5,299,204,0,5,90,1,True,True,match,0,0,0,
21,PRC_W2S2G0K2C1K6Y1T3S2V2P1O5M7P2R9,2115098,2023-03-30,299,197,189,1,7,299,189,1,7,102,1,True,True,match,0,0,0,
21,PRC_V2O1S1E2K2I4F1D4T5E7L3U0S1G3A1,2115097,2023-03-30,299,229,229,0,0,299,229,0,0,70,1,True,True,match,0,0,0,
21,PRC_U2T2N0F2S1Z6W1W5K5Y2B3R8J3Q3X3,2115064,2023-03-30,299,201,197,1,3,299,197,1,3,98,1,True,True,match,0,0,0,
21,PRC_D2D2C0I3U2J4H1J4C1N3U2E6U6C3B1,2115052,2023-03-30,299,211,209,0,2,299,209,0,2,88,1,True,True,match,0,0,0,
21,PRC_L2Z1F0J6Y2W1L1K4O1R8T5D5L8H8H8,2114924,2023-03-30,299,198,196,0,2,299,196,0,2,101,1,True,True,match,0,0,0,
21,PRC_Z2T1L1V2F2D3M1O7S2F6M0Z6P7X9B1,2114107,2023-03-30,299,214,200,1,13,299,200,1,13,85,1,True,True,match,0,0,0,
21,PRC_A2X1V1K0W2M6B1T1Y2Q4K2R5F2L6C6,2113367,2023-03-30,299,212,200,0,12,299,200,0,12,87,1,True,True,match,0,0,0,
21,PRC_Z2J1H0W9P3O0T0S9Y3M8A1P0M7Y9H1,2113018,2023-03-30,299,200,200,0,0,299,200,0,0,99,1,True,True,match,0,0,0,
21,PRC_K2Q1T0O9O0P8X1L4M0Q8G0I0D4W4G7,2112642,2023-03-30,299,198,193,0,5,299,193,0,5,101,1,True,True,match,0,0,0,
21,PRC_A2G1Q0K9P0Q6B1D3Z4A0P5V3S4B3S8,2112535,2023-03-30,299,198,195,0,3,299,195,0,3,101,1,True,True,match,0,0,0,
21,PRC_W2C1W0H8R1U7T1F6V2S8F3G5C2N9F5,2112297,2023-03-30,299,194,188,1,5,299,188,1,5,105,1,True,True,match,0,0,0,
21,PRC_Y2R1W0S7T2C0R1R5F0M3M5A7B1X5X7,2111603,2023-03-30,299,188,185,0,3,299,185,0,3,111,1,True,True,match,0,0,0,
21,PRC_T2Q1B0H7O2H0G1G4M5C8S4M8D4O1R6,2111602,2023-03-30,299,193,191,0,2,299,191,0,2,106,1,True,True,match,0,0,0,
21,PRC_B2Z1N0J5M2S0B1N1D0N0Q3Z7T7F0F2,2111035,2023-03-30,299,221,217,1,3,299,217,1,3,78,1,True,True,match,0,0,0,
21,ARC_Y2D1L0C5O0G7V1E5R3Q4U4W3K3C5N4,2109959,2023-03-30,299,233,218,1,14,299,218,1,14,66,1,True,True,match,0,0,0,
21,PRC_V2N1Z0E4P2T3J1A6M5E7L5G2Y3S3I6,2109699,2023-03-30,299,202,198,0,4,299,198,0,4,97,1,True,True,match,0,0,0,
21,PRC_Z2I1C0J1L2P8E1W8J1U4L0V0U2V1G6,2107751,2023-03-30,299,201,195,1,5,299,195,1,5,98,1,True,True,match,0,0,0,
21,PRC_O2F1J0G1W2O0L1M4R2U9Y1R9C7J5L3,2107522,2023-03-30,299,198,193,0,5,299,193,0,5,101,1,True,True,match,0,0,0,
21,PRC_S2X1M0E1Q1F4F1T1H5M0R2H5H1P3J5,2107376,2023-03-30,299,199,194,0,5,299,194,0,5,100,1,True,True,match,0,0,0,
21,PRC_C2Z0Z1A1M0G5Y1O4W4X1U5X4E0Y9C0,2104982,2023-03-30,299,196,191,0,5,299,191,0,5,103,1,True,True,match,0,0,0,
21,PRC_J2Q3Y0W2A2J3I1W9J1D8F3Z9R7Y5G6,2120804,2023-03-23,299,266,251,2,13,299,251,2,13,33,1,True,True,match,0,0,0,
21,PRC_A2Z3Y0E2X2J3L1I9I1Y4T0Y9Y9M6X1,2120802,2023-03-23,299,272,271,0,1,299,271,0,1,27,1,True,True,match,0,0,0,
21,PRC_P2E3E0V2Y1Z5O1B9V3G9N1C6I8T3T0,2120796,2023-03-23,299,264,262,0,2,299,262,0,2,35,1,True,True,match,0,0,0,
21,PRC_I2I3Q0R2J2T3P1F9N4S3X1W7N2K1C7,2120795,2023-03-23,299,269,265,0,4,299,265,0,4,30,1,True,True,match,0,0,0,
21,PRC_W2A3M0S2W2F3A1C9D4P3E4M9A9Y6D9,2120794,2023-03-23,299,269,268,0,1,299,268,0,1,30,1,True,True,match,0,0,0,
21,PRC_K2T0G0Y9Y2C3Z1M4Q4S0A5L8Y9V4M9,2120230,2023-03-23,299,257,251,1,5,299,251,1,5,42,1,True,True,match,0,0,0,
21,PRC_G2N3A0D2I2P7W1D4U3K4Z2K8N0L3O0,2119727,2023-03-23,299,266,169,90,7,299,169,90,7,33,1,True,True,match,0,0,0,
21,PRC_K2Z2D0H8Q2U2F0T9Q0F8P3W9K6X2F9,2117331,2023-03-23,299,258,257,0,1,299,257,0,1,41,1,True,True,match,0,0,0,
21,ARC_P2Y2T0Z9R0O1F1N7G3B5Z0O9O3A3O3,2117185,2023-03-23,299,269,268,0,1,299,268,0,1,30,1,True,True,match,0,0,0,
21,PRC_X2E2Q0G8W2T2L0O9C0W8W1T2O6D3Q6,2117154,2023-03-23,299,259,259,0,0,299,259,0,0,40,1,True,True,match,0,0,0,
21,PRC_W2B2A0Q7A1B5R1U5E2M8Z2C7G3V7Z2,2116710,2023-03-23,299,267,267,0,0,299,267,0,0,32,1,True,True,match,0,0,0,
21,PRC_Z2K2F0G1V2Y4O1H0G4O2N2J2R5I3Y9,2114925,2023-03-23,299,269,269,0,0,299,269,0,0,30,1,True,True,match,0,0,0,
21,ARC_T2B1N1F2O1P7Q1O5V2Y0C0T6V2Z6M0,2113960,2023-03-23,299,260,258,0,2,299,258,0,2,39,1,True,True,match,0,0,0,
21,PRC_H2I1B0E9R1U5E1V0S2Y5Z3A8Q4P4X3,2112978,2023-03-23,299,270,269,0,1,299,269,0,1,29,1,True,True,match,0,0,0,
21,PRC_K2X1H0S1E2F5G1U4F5C5M3S7O1U2B3,2107739,2023-03-23,299,270,266,1,3,299,266,1,3,29,1,True,True,match,0,0,0,
21,PRC_V2I2Y0O9L0L6I1G8C0S5S5N5K6F4Q2,2120297,2023-02-27,299,176,170,0,6,299,170,0,6,123,1,True,True,match,0,0,0,
21,PRC_Q2D2M1P2M0C8Q1S1K1C9J2A0M6K7Y8,2120284,2023-02-27,299,171,171,0,0,299,171,0,0,128,1,True,True,match,0,0,0,
21,PRC_V2D2Y0S4A2T9F1N7Z5B3L3V6W7S0J8,2120261,2023-02-27,299,167,167,0,0,299,167,0,0,132,1,True,True,match,0,0,0,
21,PRC_M2I2P1B2F0V8W1Y0S1U5A3P3K2D4R6,2120252,2023-02-27,299,170,169,0,1,299,169,0,1,129,1,True,True,match,0,0,0,
21,PRC_B2K2E1P2K2N0J1R8S4Z5A1Z0M3M8K8,2120251,2023-02-27,299,191,190,0,1,299,190,0,1,108,1,True,True,match,0,0,0,
21,PRC_F2B3R0Z2J1M5N1L8N1Z1M3Y4M9D0G4,2120250,2023-02-27,299,267,256,0,11,299,256,0,11,32,1,True,True,match,0,0,0,
21,PRC_H2Y3W0Y2F1A5C1E8E1H0S0T6O9K8A0,2120249,2023-02-27,299,261,254,0,7,299,254,0,7,38,1,True,True,match,0,0,0,
21,PRC_V2F2T1H1A3Q0N1K8N3E9I5V8C5J1X6,2120245,2023-02-27,299,270,267,0,3,299,267,0,3,29,1,True,True,match,0,0,0,
21,PRC_K2Z3G0K2V1W5N1O8F1L2V3E5H7U1D5,2120244,2023-02-27,299,264,264,0,0,299,264,0,0,35,1,True,True,match,0,0,0,
21,PRC_Y2Q2Z0J5A1M1F1I3H0U5W5Y7P3V2U5,2120243,2023-02-27,299,168,165,0,3,299,165,0,3,131,1,True,True,match,0,0,0,
21,PRC_N2P3D0P2M1C5Q1M7N5I6T4J5I5L8J8,2120242,2023-02-27,299,272,267,0,5,299,267,0,5,27,1,True,True,match,0,0,0,
21,PRC_F2I3I0L2M2I0T1O0B0E3W2A3F3V0A4,2120241,2023-02-27,299,171,164,0,7,299,164,0,7,128,1,True,True,match,0,0,0,
21,PRC_A2I2J1T2A1N9M0E9R3P3B5W8W3T0P5,2120240,2023-02-27,299,173,169,0,4,299,169,0,4,126,1,True,True,match,0,0,0,
21,PRC_V2Q2A1Y2T0O8I1F1K2W0U5N9X6R0W8,2120239,2023-02-27,299,172,172,0,0,299,172,0,0,127,1,True,True,match,0,0,0,
21,PRC_N2H2Z1H2K0Q8H1A0U0J4Q0Z1A4Z5J7,2120238,2023-02-27,299,167,166,0,1,299,166,0,1,132,1,True,True,match,0,0,0,
21,PRC_B2Q2S1D2P0A8F1R1X1H7N3D4U2J0M1,2120237,2023-02-27,299,164,164,0,0,299,164,0,0,135,1,True,True,match,0,0,0,
21,PRC_D2D2H1Q2D0A8W1H1N0F6H3V2P6D8N8,2120236,2023-02-27,299,175,174,0,1,299,174,0,1,124,1,True,True,match,0,0,0,
21,PRC_I2K2B1N2Q0A8G1B0P0I6P2F1A2G9B2,2120235,2023-02-27,299,169,166,0,3,299,166,0,3,130,1,True,True,match,0,0,0,
21,PRC_C2K2Z1F2F2R0H1U8Q4U4N2C3Q2T5W6,2120234,2023-02-27,299,193,190,0,3,299,190,0,3,106,1,True,True,match,0,0,0,
21,PRC_A2S3C0X2T1S4V1Q3A5T9Q1Z1P4N9T4,2120233,2023-02-27,299,169,167,0,2,299,167,0,2,130,1,True,True,match,0,0,0,
21,PRC_A2O3X0T2E1T4C1M6W0B1C0E3Q6E4M3,2120232,2023-02-27,299,170,170,0,0,299,170,0,0,129,1,True,True,match,0,0,0,
21,PRC_K2B3R0Y2A1U4Y1T3G5K0R2W4K4Z0B7,2120231,2023-02-27,299,168,168,0,0,299,168,0,0,131,1,True,True,match,0,0,0,
21,PRC_C2K2T1G1U3J0K1P3W5J1Z1P3H5S5D0,2120229,2023-02-27,299,177,177,0,0,299,177,0,0,122,1,True,True,match,0,0,0,
21,PRC_X2B2B1A2Y2W0G1V8J4X5E4S9K2K6R1,2120228,2023-02-27,299,189,181,1,7,299,181,1,7,110,1,True,True,match,0,0,0,
21,PRC_A2Q3B0Z2O1O4X1E6B3J7Z5B7A0M9Z0,2120227,2023-02-27,299,181,181,0,0,299,181,0,0,118,1,True,True,match,0,0,0,
21,PRC_G2B2Z0N9M2D1O1Z5F4X9M4B3D4Y7D1,2120226,2023-02-27,299,179,177,0,2,299,177,0,2,120,1,True,True,match,0,0,0,
21,PRC_M2O3W0C2N2V2G1E8M4I4Z0B1S4P9G2,2120225,2023-02-27,299,222,220,0,2,299,220,0,2,77,1,True,True,match,0,0,0,
21,PRC_D2G3N0A2J2D2I1G8M4H1L3W2M9J9B1,2120224,2023-02-27,299,223,221,0,2,299,221,0,2,76,1,True,True,match,0,0,0,
21,PRC_G2R2Z1G1X2Z4S1I1O2T9Q1M5D7Q1D5,2120223,2023-02-27,299,193,190,0,3,299,190,0,3,106,1,True,True,match,0,0,0,
21,PRC_P2O2J1I1X2O3U1R1W3L5G0H0A2L4F6,2120122,2023-02-27,299,216,215,0,1,299,215,0,1,83,1,True,True,match,0,0,0,
21,PRC_G2G2O1Y2I0W9B0I8J5O6N0L4O9J6N0,2120113,2023-02-27,299,180,179,1,0,299,179,1,0,119,1,True,True,match,0,0,0,
21,PRC_T2F3E0W1J3V0J1V8Q1V2N3W9V9N3J3,2120111,2023-02-27,299,185,184,0,1,299,184,0,1,114,1,True,True,match,0,0,0,
21,PRC_Z2U3A0W1Q3Z0A1W8N0S9T1A6J0C2V4,2120110,2023-02-27,299,182,180,0,2,299,180,0,2,117,1,True,True,match,0,0,0,
21,PRC_Q2X3O0L1Y3E0M1P8K1J7Y1P7S7O4H3,2120109,2023-02-27,299,188,186,0,2,299,186,0,2,111,1,True,True,match,0,0,0,
21,PRC_D2V2W1U1H2B3P1M3C3S7X3V2E8Y4I9,2120094,2023-02-27,299,190,189,0,1,299,189,0,1,109,1,True,True,match,0,0,0,
21,PRC_E2E2K1G1C2E3W1R1O4U7H3E8N1S6P8,2120093,2023-02-27,299,214,206,1,7,299,206,1,7,85,1,True,True,match,0,0,0,
21,PRC_Z2A2K1Z1Y2O3D1V1U3F3S1V1H3Z7M6,2120092,2023-02-27,299,215,215,0,0,299,215,0,0,84,1,True,True,match,0,0,0,
21,PRC_V2H2Y1R1B2S3B1N1U3T8G0C1B7M7D4,2120091,2023-02-27,299,217,216,0,1,299,216,0,1,82,1,True,True,match,0,0,0,
21,PRC_H2O2Y1Q1E2R3N1Q1A4F6L1E9G2N8B5,2120090,2023-02-27,299,183,180,0,3,299,180,0,3,116,1,True,True,match,0,0,0,
21,PRC_M2G2Z1U1I2C3V1E3N4W8K5I4J2L5W6,2120089,2023-02-27,299,190,184,1,5,299,184,1,5,109,1,True,True,match,0,0,0,
21,PRC_B2Y2Y1D1S1K7L1L3U1P4C1D1T3W2P2,2120078,2023-02-27,299,176,175,0,1,299,175,0,1,123,1,True,True,match,0,0,0,
21,PRC_N2O2R1I2H2B7U1J3U3D7B4U6X8X0Z4,2120077,2023-02-27,299,176,175,0,1,299,175,0,1,123,1,True,True,match,0,0,0,
21,PRC_V2I2L1O1J1N7G1C3X1H2D0Z3E3J0W1,2120075,2023-02-27,299,179,179,0,0,299,179,0,0,120,1,True,True,match,0,0,0,
21,PRC_W2T2F1X1Z1X7U1B3V1P2R3Q4I0E7O8,2120074,2023-02-27,299,173,169,1,3,299,169,1,3,126,1,True,True,match,0,0,0,
21,PRC_U2T2S1V1P3G0G0K9O2W4G5S5Q0S2L1,2120071,2023-02-27,299,169,164,0,5,299,164,0,5,130,1,True,True,match,0,0,0,
21,PRC_B2Q2J1C2G0P5K0G9S5M5K5T8C2K3R9,2120067,2023-02-27,299,180,180,0,0,299,180,0,0,119,1,True,True,match,0,0,0,
21,PRC_Z2J2G1I2G0Z5I0V9T5V1P3A1N2A4J2,2120062,2023-02-27,299,176,175,0,1,299,175,0,1,123,1,True,True,match,0,0,0,
21,PRC_U2M2X1M1V3O0Y1B8D3J7O5X2T0U7A5,2120061,2023-02-27,299,272,268,0,4,299,268,0,4,27,1,True,True,match,0,0,0,
21,PRC_S2Y3X0W1T2B7I1G3F3O6L5J2G4F2E8,2119672,2023-02-27,299,178,178,0,0,299,178,0,0,121,1,True,True,match,0,0,0,
21,PRC_D2C3F0L1O1U2T1V4Q5D5S0N1Y5E4S2,2119451,2023-02-27,299,182,178,0,4,299,178,0,4,117,1,True,True,match,0,0,0,
21,PRC_T2W2B1S1V0X4U1M0D1C3V0I3N8I2B2,2118126,2023-02-27,299,272,272,0,0,299,272,0,0,27,1,True,True,match,0,0,0,
21,PRC_O2U2S0N9A2F2N1U1O1T6E3J4Y8F0B1,2118014,2023-02-27,299,172,170,0,2,299,170,0,2,127,1,True,True,match,0,0,0,
21,ARC_D2Y2G1R0R1E2I1K3K4O7Q2G5D7V9P3,2117786,2023-02-27,299,264,264,0,0,299,264,0,0,35,1,True,True,match,0,0,0,
21,ARC_I2T2E1X0H1O2H1R3O4I1K0W4M6Y1K8,2117784,2023-02-27,299,266,264,1,1,299,264,1,1,33,1,True,True,match,0,0,0,
21,ARC_A2G2O0D9K3V0Y1N8F1K2L1H4G9L6C2,2117714,2023-02-27,299,181,180,0,1,299,180,0,1,118,1,True,True,match,0,0,0,
21,PRC_Z2Z2Z0L8D0N9T1J5A5G3U1G4Q8X8S2,2117394,2023-02-27,299,165,159,0,6,299,159,0,6,134,1,True,True,match,0,0,0,
21,PRC_L2Z2U0P8A0V8Q1N5L5L4W0M5W3R6C1,2117001,2023-02-27,299,166,161,0,5,299,161,0,5,133,1,True,True,match,0,0,0,
21,PRC_G2T2M0D8D0F1Y1G1E2D2P0D5E2R7K5,2116928,2023-02-27,299,166,166,0,0,299,166,0,0,133,1,True,True,match,0,0,0,
21,ARC_Z2K2P0K8O0W3P1N1N4W2L4W2W9Y0S4,2116766,2023-02-27,299,183,174,2,7,299,174,2,7,116,1,True,True,match,0,0,0,
21,PRC_U2P2C0Y7Q1R3V1G0B3E0J3M0J9H3E9,2116565,2023-02-27,299,219,216,1,2,299,216,1,2,80,1,True,True,match,0,0,0,
21,ARC_H2D2X0F6E0T8H1V7G2H4P1B1U4X4F2,2115827,2023-02-27,299,181,181,0,0,299,181,0,0,118,1,True,True,match,0,0,0,
21,PRC_Z2U2W0S5H1A6C1H0Y2C8T1L9G3G5O1,2115636,2023-02-27,299,175,173,1,1,299,173,1,1,124,1,True,True,match,0,0,0,
21,PRC_K2B2D0Z5V0K9S1A7L3Q0I1R8V5Y9S4,2115603,2023-02-27,299,176,174,0,2,299,174,0,2,123,1,True,True,match,0,0,0,
21,PRC_N2H2B0L4E2V8M1A4W0F8T2U2V0A4O5,2115567,2023-02-27,299,221,212,0,9,299,212,0,9,78,1,True,True,match,0,0,0,
21,PRC_R2C2G0Z4N1F4R1O0C4X5R1Q6R1G6F0,2115500,2023-02-27,299,179,177,1,1,299,177,1,1,120,1,True,True,match,0,0,0,
21,PRC_D2Z2K0O4P0Y1F1G1X1P6Q0E0D2R4Z5,2115469,2023-02-27,299,219,216,0,3,299,216,0,3,80,1,True,True,match,0,0,0,
21,PRC_H2V2C0N3L1K6O1K6H1U3G5M1N6M8Z0,2115343,2023-02-27,299,184,183,0,1,299,183,0,1,115,1,True,True,match,0,0,0,
21,PRC_Y2O2T0X3E2N9V1A3T4X6A2Q5M6I8B4,2115218,2023-02-27,299,180,180,0,0,299,180,0,0,119,1,True,True,match,0,0,0,
21,PRC_P2U2J0T3Y2V1F1X0B1Z1B0H3B9P0J1,2114974,2023-02-27,299,191,190,0,1,299,190,0,1,108,1,True,True,match,0,0,0,
21,PRC_I2G2W0L3C2N1T1F0C0I8F4R6E2P3V8,2114973,2023-02-27,299,190,190,0,0,299,190,0,0,109,1,True,True,match,0,0,0,
21,PRC_K2W2X0U2B2Q5P1S0M3Y6A3J3T8T0W7,2114852,2023-02-27,299,178,177,0,1,299,177,0,1,121,1,True,True,match,0,0,0,
21,PRC_T2Z2U0P1Z1X3Y1S1D3H2N4F6W0N4P7,2114705,2023-02-27,299,171,170,0,1,299,170,0,1,128,1,True,True,match,0,0,0,
21,PRC_S2R2B0M1W0D5O1A4O1Y2H3Z7D4B3S8,2114286,2023-02-27,299,217,217,0,0,299,217,0,0,82,1,True,True,match,0,0,0,
21,PRC_N2T1T1Z2R2S2U1M8U2P5S5U2N2C0Y6,2114056,2023-02-27,299,169,166,0,3,299,166,0,3,130,1,True,True,match,0,0,0,
21,ARC_O2W1R1X2E1I7H1K6S0K0C1E6B9S8E3,2113963,2023-02-27,299,181,180,0,1,299,180,0,1,118,1,True,True,match,0,0,0,
21,ARC_U2H1C1F2U1V7X1W0P1V4U4T6Z4O8H5,2113943,2023-02-27,299,181,179,0,2,299,179,0,2,118,1,True,True,match,0,0,0,
21,PRC_R2S1B1Q0S0G7K0Z9R4V6J0B6L7O4Y6,2112941,2023-02-27,299,158,156,0,2,299,156,0,2,141,1,True,True,match,0,0,0,
21,ARC_T2Z1R1F0V2O1X1K5J5V3I1Z5Z7H6X2,2112915,2023-02-27,299,222,220,0,2,299,220,0,2,77,1,True,True,match,0,0,0,
21,PRC_S2U1G0G9P2B4E1X3M4A3J2K6Y4R0G9,2112726,2023-02-27,299,175,174,0,1,299,174,0,1,124,1,True,True,match,0,0,0,
21,PRC_M2O1D0P9G1R0C1B0Z4J4K2V5A9W6F2,2112516,2023-02-27,299,170,167,0,3,299,167,0,3,129,1,True,True,match,0,0,0,
21,PRC_S2R1E0U8P1U8X1A6M3G1C5T2K7G4A3,2112178,2023-02-27,299,215,214,0,1,299,214,0,1,84,1,True,True,match,0,0,0,
21,PRC_K2O1I0Q7T0L6J1C1J0V2Q5W1L4A7Y2,2111995,2023-02-27,299,170,169,0,1,299,169,0,1,129,1,True,True,match,0,0,0,
21,PRC_G2L1A0U6D0M7U1A4O1E5Z0Z9O2P1E5,2111224,2023-02-27,299,171,169,1,1,299,169,1,1,128,1,True,True,match,0,0,0,
21,PRC_F2U1X0E6O0W8E0K9E3F4N2L8N2K8I7,2110827,2023-02-27,299,195,193,0,2,299,193,0,2,104,1,True,True,match,0,0,0,
21,PRC_M2Y1B0L4W1H3C1E5T0Z4O4P3P9I9J4,2110125,2023-02-27,299,185,182,0,3,299,182,0,3,114,1,True,True,match,0,0,0,
21,PRC_V2F1K0P4S2Q6H1R0M4X5C0P0Y4O3W1,2110048,2023-02-27,299,177,174,0,3,299,174,0,3,122,1,True,True,match,0,0,0,
21,PRC_X2O1Y0L3X2W2Z1H5I5Y9Q5O4M2T3C2,2108996,2023-02-27,299,189,184,0,5,299,184,0,5,110,1,True,True,match,0,0,0,
21,PRC_X2K1G0E2U0C2J1O5Z0J5K3Q4M2C4V6,2108819,2023-02-27,299,182,177,1,4,299,177,1,4,117,1,True,True,match,0,0,0,
21,PRC_F2B1C0X1W1C8L1V0F5M8F3I8P2P0U1,2108541,2023-02-27,299,176,175,0,1,299,175,0,1,123,1,True,True,match,0,0,0,
21,PRC_V2S1I0A1J2W1X0F9X3D8O2H3W6Q7V5,2107648,2023-02-27,299,158,158,0,0,299,158,0,0,141,1,True,True,match,0,0,0,
21,PRC_G2U1T0T1Q2R2B1D3C2W1M1J8S0M3Q9,2107570,2023-02-27,299,173,173,0,0,299,173,0,0,126,1,True,True,match,0,0,0,
21,PRC_Y2M1B0J1B1H5D1H0V1C3Q2Y8X9I7U7,2107536,2023-02-27,299,215,214,0,1,299,214,0,1,84,1,True,True,match,0,0,0,
21,PRC_Q2U0C1L2Y1C8E1C8V4C0V1P7I2V9S7,2106745,2023-02-27,299,182,181,0,1,299,181,0,1,117,1,True,True,match,0,0,0,
21,PRC_T2B0X1I2M1D0K1A6I3D2T1U4L7E6T9,2106601,2023-02-27,299,171,170,0,1,299,170,0,1,128,1,True,True,match,0,0,0,
21,PRC_Z2B0B1N1S1Z3F1X9M3N2R1X7Y6A2F8,2105559,2023-02-27,299,170,170,0,0,299,170,0,0,129,1,True,True,match,0,0,0,
21,PRC_T2R0W1V0Q2D8I1U3X2B6K3T6W0V2U7,2105142,2023-02-27,299,185,184,1,0,299,184,1,0,114,1,True,True,match,0,0,0,
21,PRC_H2I0P1U0F0N5K1D5O2A7U2X5L5X7R9,2104394,2023-02-27,299,172,171,0,1,299,171,0,1,127,1,True,True,match,0,0,0,
21,PRC_W2F0T0C7H1M0W1V1I1O5D5Q3K5M7F8,2101754,2023-02-27,299,189,189,0,0,299,189,0,0,110,1,True,True,match,0,0,0,
21,ARC_J2B0U0M6F2E6P1H6C1F2I1N4O2N8U5,2101073,2023-02-27,299,190,182,2,6,299,182,2,6,109,1,True,True,match,0,0,0,
21,PRC_S2Q0K0P6V2S3R1B6K5H7J1U5H5V0D3,2100900,2023-02-27,299,218,217,0,1,299,217,0,1,81,1,True,True,match,0,0,0,
21,PRC_K2H3P0K2E1X7X1Q0Z0A6Y1K8G7U9J8,2120073,2023-02-24,299,254,245,0,9,299,245,0,9,45,1,True,True,match,0,0,0,
21,PRC_I2V3N0A2D1C3R1Y9H4H0F4O9J9S6Q8,2119997,2023-02-14,299,229,229,0,0,299,229,0,0,70,1,True,True,match,0,0,0,
21,PRC_Y2A3Q0D2Z0I8D1A3E3A9V5J2X8V8I8,2119899,2023-02-08,299,288,182,106,0,299,182,106,0,11,1,True,True,match,0,0,0,
21,PRC_P2S3X0G1B3Z0O1R1T3B4U0K1U4G3I9,2119685,2023-01-30,299,244,211,4,29,299,211,4,29,55,1,True,True,match,0,0,0,
21,PRC_U2H3N0C1X1Y7P2G2I4H9T2G3X1M4K7,2119529,2023-01-30,299,158,158,0,0,299,158,0,0,141,1,True,True,match,0,0,0,
21,PRC_W2Q2F1A2R1G9T0P9Q3P2H0A0P9H4B2,2119521,2023-01-30,299,246,246,0,0,299,246,0,0,53,1,True,True,match,0,0,0,
21,PRC_F2Z2W0T9D0T5A1J4F2K1O2Y0X7D3Y6,2117364,2023-01-30,299,247,247,0,0,299,247,0,0,52,1,True,True,match,0,0,0,
21,PRC_U2H2W0T3W2V8T1C0U5W2F2F0B5Z8I2,2115347,2023-01-30,299,243,243,0,0,299,243,0,0,56,1,True,True,match,0,0,0,
21,PRC_U2S3J0A1W0Q5E1Z8Z1I2F4C8O0P9T5,2119350,2023-01-06,299,215,205,2,8,299,205,2,8,84,1,True,True,match,0,0,0,
21,PRC_V2F2L1W1P3J0F1J8A3W2N3R7T7F9T9,2119191,2022-12-28,299,197,184,3,10,299,184,3,10,102,1,True,True,match,0,0,0,
21,PRC_C2P2K1B1I3H0I1R8I3R9L1J6Y6Q4X4,2119190,2022-12-28,299,205,203,0,2,299,203,0,2,94,1,True,True,match,0,0,0,
21,PRC_K2F2M1X1R2F3M1A5R4N0W1R0N2W5S8,2119189,2022-12-28,299,183,183,0,0,299,183,0,0,116,1,True,True,match,0,0,0,
21,PRC_F2B2O1L1K2Y3L1N1Q4Y8U4X0S8C9G0,2119188,2022-12-28,299,212,203,5,4,299,203,5,4,87,1,True,True,match,0,0,0,
21,PRC_W2U2L1F2Q1A5E1R3F2E2J4N9D8M5Y2,2119187,2022-12-28,299,199,165,10,24,299,165,10,24,100,1,True,True,match,0,0,0,
21,PRC_X2M2F1I2T1W5F1D3Y2M3G5K1B9X7F1,2119186,2022-12-28,299,200,184,4,12,299,184,4,12,99,1,True,True,match,0,0,0,
21,PRC_F2K2M1J1B3R0X1H1G1N4Z0P0K6N4J3,2119185,2022-12-28,299,187,184,0,3,299,184,0,3,112,1,True,True,match,0,0,0,
21,PRC_C2M2V1S2L1I9M0N9V3R1N1U6L9H1P0,2119184,2022-12-28,299,187,185,0,2,299,185,0,2,112,1,True,True,match,0,0,0,
21,PRC_M2L2O1R1P3M0T1O1U1T4W5M8H4Q7T4,2119183,2022-12-28,299,187,183,0,4,299,183,0,4,112,1,True,True,match,0,0,0,
21,PRC_A2W2I1B1Y2T3S1E3V3M8E5I7W2R8P0,2119182,2022-12-28,299,216,215,0,1,299,215,0,1,83,1,True,True,match,0,0,0,
21,PRC_Z2C2P1E2G2K4J0G9U1A4F5F2U3Q6G5,2119181,2022-12-28,299,203,202,0,1,299,202,0,1,96,1,True,True,match,0,0,0,
21,PRC_X2O2S1Y0O1B4L1C5N3O6K1K2L6K1E4,2117876,2022-12-28,299,214,211,0,3,299,211,0,3,85,1,True,True,match,0,0,0,
21,PRC_W2B2G0W9K3L0A1M4G2H8S0W0V9H5V1,2117773,2022-12-28,299,207,205,0,2,299,205,0,2,92,1,True,True,match,0,0,0,
21,PRC_R2J2L0A9J2W8J1E4D4U2W1G4P4C5K2,2117592,2022-12-28,299,199,174,4,21,299,174,4,21,100,1,True,True,match,0,0,0,
21,PRC_I2F2R0A7U0B6S1J3E3Q7S1H7P7K9Y5,2116324,2022-12-28,299,178,176,0,2,299,176,0,2,121,1,True,True,match,0,0,0,
21,PRC_D2S2X0O4K0O5T1T3T5P9K1S1S4D8U7,2115596,2022-12-28,299,215,207,1,7,299,207,1,7,84,1,True,True,match,0,0,0,
21,PRC_H2M2U0C4G0V5L1L4L0F4T5Y7T9L3I5,2115595,2022-12-28,299,212,202,0,10,299,202,0,10,87,1,True,True,match,0,0,0,
21,PRC_B2K2W0Q5Y1D3G1Y0Y1O5L4C5T7X1Y6,2115593,2022-12-28,299,215,205,0,10,299,205,0,10,84,1,True,True,match,0,0,0,
21,PRC_K2B2W0R5S1N3Q1S0V1A5W0R9J7O0S6,2115592,2022-12-28,299,214,205,0,9,299,205,0,9,85,1,True,True,match,0,0,0,
21,PRC_B2Q1R0B8F3C1Y1R0D5H4U5P2N0Q5W0,2115301,2022-12-28,299,211,191,4,16,299,191,4,16,88,1,True,True,match,0,0,0,
21,PRC_J2Z2Q0B1Q2X4J1U6Y0X4I0Z2Z8S0I8,2114633,2022-12-28,299,199,198,0,1,299,198,0,1,100,1,True,True,match,0,0,0,
21,PRC_M2H2Q1X1T2S8Q1A1A0X6T5T1U7B9M8,2118587,2022-12-24,299,255,255,0,0,299,255,0,0,44,1,True,True,match,0,0,0,
21,PRC_B2P2P0E9E0J8I1V5Z2H5U2X3D3H6L1,2117321,2022-12-24,299,254,254,0,0,299,254,0,0,45,1,True,True,match,0,0,0,
21,PRC_V2L2Y0I9C0J2G1J4B4Y7W4V9W6F0Z8,2117217,2022-12-24,299,257,256,0,1,299,256,0,1,42,1,True,True,match,0,0,0,
21,PRC_Y2R2E0Y9C0O2E1Z4P4N6W1A8U1X7N4,2117216,2022-12-24,299,257,257,0,0,299,257,0,0,42,1,True,True,match,0,0,0,
21,PRC_S2F2P1Q2C2H4K0O0U1S0O3L0M8R5P7,2117215,2022-12-24,299,262,253,1,8,299,253,1,8,37,1,True,True,match,0,0,0,
21,PRC_U2E2O1T2O2O4U0L0G1H0H5Z6V9S4Z8,2117214,2022-12-24,299,266,250,0,16,299,250,0,16,33,1,True,True,match,0,0,0,
21,PRC_Q2V2H1Q2B2U4Q0B0H1J0Y1H9Y6Z0L0,2117213,2022-12-24,299,273,251,4,18,299,251,4,18,26,1,True,True,match,0,0,0,
21,PRC_K2O2M1I2B2G3Q1V4E5J8C0F1E8H2C7,2117196,2022-12-24,299,261,188,35,38,299,188,35,38,38,1,True,True,match,0,0,0,
21,PRC_G2U2G1P2D2N3J1L5D0V3T3R3W7G1O8,2117193,2022-12-24,299,265,209,25,31,299,209,25,31,34,1,True,True,match,0,0,0,
21,PRC_C2W2I1Q2I2L3U1I5K0R4R2L5B0K7I0,2117191,2022-12-24,299,267,207,31,29,299,207,31,29,32,1,True,True,match,0,0,0,
21,PRC_G2M2W1W2W2J3V1R6G3Q4W0O1W7N3L5,2117169,2022-12-23,299,271,238,10,23,299,238,10,23,28,1,True,True,match,0,0,0,
21,ARC_H2W2T0A9K0X1T1I1F5E2L3N4K0J7S4,2117167,2022-12-23,299,258,258,0,0,299,258,0,0,41,1,True,True,match,0,0,0,
21,PRC_C2Z2W1L2V2O3M1M6Z2Y2S1P4X4Q7R1,2117166,2022-12-23,299,260,251,2,7,299,251,2,7,39,1,True,True,match,0,0,0,
21,PRC_B2B2G1B2O2Y3E1Q7R1P6B1X7U6X4R0,2117165,2022-12-23,299,274,203,37,34,299,203,37,34,25,1,True,True,match,0,0,0,
21,PRC_Z2K2W1X2A2N3C1T7Y0X5H1C3D9G9W9,2117164,2022-12-23,299,260,256,0,4,299,256,0,4,39,1,True,True,match,0,0,0,
21,PRC_O2T2X1V2R2L3E1A6Q3K9C0E3M9J4N7,2117163,2022-12-23,299,271,269,0,2,299,269,0,2,28,1,True,True,match,0,0,0,
21,PRC_W2C2A1B2A2L3X1J7L1R9O4A9Z7S1D4,2117162,2022-12-23,299,273,272,0,1,299,272,0,1,26,1,True,True,match,0,0,0,
21,PRC_V2T2J1T2T2J3P1Y6T3Y5Q1E8U2Y3I3,2117161,2022-12-23,299,271,263,0,8,299,263,0,8,28,1,True,True,match,0,0,0,
21,ARC_B2Z2K0M9P0U1X1D1L3X5A5H7W3V2Z8,2117160,2022-12-23,299,262,255,2,5,299,255,2,5,37,1,True,True,match,0,0,0,
21,ARC_R2T2G0T9W0H1X1Q1H3N3J3N4U1J2P9,2117159,2022-12-23,299,269,269,0,0,299,269,0,0,30,1,True,True,match,0,0,0,
21,PRC_D2F2J1F2D2U3U1T6N4L4V2D9W7R2R9,2117158,2022-12-23,299,258,200,24,34,299,200,24,34,41,1,True,True,match,0,0,0,
21,PRC_X2O2R1W2V2I3E1U6K4J3S0T3S9Y8P2,2117157,2022-12-23,299,274,263,0,11,299,263,0,11,25,1,True,True,match,0,0,0,
21,PRC_Y2V2N1Z2S2D3N1I8H1T1P0Z7V5M8Y1,2117153,2022-12-23,299,267,264,0,3,299,264,0,3,32,1,True,True,match,0,0,0,
21,PRC_K2C2I1Y2A2F3F1P6M3H1J0V4Z8Y3U0,2117152,2022-12-23,299,268,214,27,27,299,214,27,27,31,1,True,True,match,0,0,0,
21,PRC_I2E2P1K2B2J3K1L7C1M3S3X1S7H9C2,2117151,2022-12-23,299,262,225,12,25,299,225,12,25,37,1,True,True,match,0,0,0,
21,PRC_Z2K2U1Q2X1D1F0J8N5J2H1T3H9K6Q6,2118866,2022-12-11,299,281,180,101,0,299,180,101,0,18,1,True,True,match,0,0,0,
21,PRC_P2S2Y1I2G0U8T1N2W4O2Y3D6E4E7E1,2118809,2022-12-08,299,196,193,0,3,299,193,0,3,103,1,True,True,match,0,0,0,
21,PRC_T2X2S1A2H0W8F1Y2D4G1I0G2R5I0O1,2118808,2022-12-08,299,194,194,0,0,299,194,0,0,105,1,True,True,match,0,0,0,
21,PRC_J2X2N1I2P0J8U1X2L4B0I0L4J0H8X1,2118807,2022-12-08,299,193,193,0,0,299,193,0,0,106,1,True,True,match,0,0,0,
21,PRC_D2X2X1T1J2R3Z1I9V1C9M5E6W3P1O1,2118792,2022-12-08,299,212,209,0,3,299,209,0,3,87,1,True,True,match,0,0,0,
21,PRC_M2W2W1Y1G2P3A1F9U1G8E4T1X0K3S8,2118791,2022-12-08,299,216,215,0,1,299,215,0,1,83,1,True,True,match,0,0,0,
21,PRC_A2J2P1T1Z3D0S1U3H5T3J3P7F5K1E2,2118790,2022-12-08,299,212,211,0,1,299,211,0,1,87,1,True,True,match,0,0,0,
21,PRC_V2Z2E1D1N2N3H1Z9Q1Z6G3S9O5R5R6,2118789,2022-12-08,299,217,212,0,5,299,212,0,5,82,1,True,True,match,0,0,0,
21,PRC_L2B2T1N1W2T3Q1D9P2R0H4R4X8Y7I4,2118788,2022-12-08,299,216,213,1,2,299,213,1,2,83,1,True,True,match,0,0,0,
21,PRC_E2T2P1C1Y3C0Z1O3S5Y2T2U5T1K9D7,2118787,2022-12-08,299,216,212,1,3,299,212,1,3,83,1,True,True,match,0,0,0,
21,PRC_D2R2S1L1K2P3F1D9N1K4V3L9F7G9S1,2118786,2022-12-08,299,205,202,0,3,299,202,0,3,94,1,True,True,match,0,0,0,
21,PRC_X2F2L1U1V2R3Z1N9E1R2L2B3P7Z9O6,2118785,2022-12-08,299,213,212,0,1,299,212,0,1,86,1,True,True,match,0,0,0,
21,PRC_C2N2Q1P1M2L3K1Z9S1K3J4E1B5P9B6,2118784,2022-12-08,299,201,195,0,6,299,195,0,6,98,1,True,True,match,0,0,0,
21,PRC_T2T2I1X1F2V3I1P9V1L3G0T3K3M8Q6,2118783,2022-12-08,299,203,89,61,53,299,89,61,53,96,1,True,True,match,0,0,0,
21,PRC_H2T2G1K2H0I6M2U0N2A6J4Z9H8L0Q0,2118782,2022-12-08,299,239,234,2,3,299,234,2,3,60,1,True,True,match,0,0,0,
21,PRC_T2K2Q1R1A3Y0O1I8K4G3X2W1E3E6D5,2118781,2022-12-08,299,237,234,0,3,299,234,0,3,62,1,True,True,match,0,0,0,
21,PRC_Q2X2O1K1W3Z0F0X9Y5J0G3T7C4P0D9,2118780,2022-12-08,299,206,197,0,9,299,197,0,9,93,1,True,True,match,0,0,0,
21,PRC_B2P2U1S1W3K0X0O9S4I0Z4O4D5Q0N2,2118779,2022-12-08,299,198,197,0,1,299,197,0,1,101,1,True,True,match,0,0,0,
21,PRC_S2P1H0U6Q1L1F1Q1D1T7Y3Q1P3N7J3,2118778,2022-12-08,299,205,201,0,4,299,201,0,4,94,1,True,True,match,0,0,0,
21,PRC_M2K0V0K9S2K2B1Z5G1O8X3H7N9Y6V2,2118777,2022-12-08,299,201,191,0,10,299,191,0,10,98,1,True,True,match,0,0,0,
21,PRC_F2C2A1O1R1D7D1C3V1J4O5S2N9G2I1,2118776,2022-12-08,299,213,213,0,0,299,213,0,0,86,1,True,True,match,0,0,0,
21,PRC_J2F2A1G1U1B7G1H3Y1Z3K0I5B1E4A3,2118775,2022-12-08,299,210,205,1,4,299,205,1,4,89,1,True,True,match,0,0,0,
21,PRC_T2Q2L1F1F3R0N1D4B0I3L0M5W6R8U3,2118774,2022-12-08,299,243,239,0,4,299,239,0,4,56,1,True,True,match,0,0,0,
21,PRC_B2B2Q1H1G1B7W1C3D1Q5B4D0D1N6V9,2118773,2022-12-08,299,218,213,1,4,299,213,1,4,81,1,True,True,match,0,0,0,
21,PRC_K2T2Y1S1Z1L7I1K3L1R7D2Y8Z8P7F8,2118772,2022-12-08,299,224,222,0,2,299,222,0,2,75,1,True,True,match,0,0,0,
21,PRC_O2J2L1T1Y1E7C1N3U1G6G5U0N1E6A1,2118771,2022-12-08,299,221,217,0,4,299,217,0,4,78,1,True,True,match,0,0,0,
21,PRC_P2L2I1Z1R2E3G1D5P4X2L1T9Q3K4C1,2118770,2022-12-08,299,204,204,0,0,299,204,0,0,95,1,True,True,match,0,0,0,
21,PRC_W2I2L1F1J3B0Y1D4J0T0E3O6X0T6V7,2118769,2022-12-08,299,246,245,0,1,299,245,0,1,53,1,True,True,match,0,0,0,
21,PRC_Q2O2Q1H1F3R0P1I8K4R1G2X4N6G8W4,2118768,2022-12-08,299,249,247,0,2,299,247,0,2,50,1,True,True,match,0,0,0,
21,PRC_R2B2M1Y1K1Y7A1F3M1R6J1B4J6M6L6,2118767,2022-12-08,299,210,207,0,3,299,207,0,3,89,1,True,True,match,0,0,0,
21,PRC_S2K2Y1S1S3T0K1V4T1Y0P1T0J8D9P1,2118766,2022-12-08,299,247,245,0,2,299,245,0,2,52,1,True,True,match,0,0,0,
21,PRC_T2C2D1U1Y3F0R0I9S2Z9A3F4T6H3X8,2118765,2022-12-08,299,197,194,1,2,299,194,1,2,102,1,True,True,match,0,0,0,
21,PRC_D2Z2D1Q1F1Z7O1Z3J2Z1G4V9B5V7C3,2118764,2022-12-08,299,216,212,0,4,299,212,0,4,83,1,True,True,match,0,0,0,
21,PRC_I2N2V1M1S1Y7A1L3N2J2T1O7K4B7J1,2118763,2022-12-08,299,221,220,0,1,299,220,0,1,78,1,True,True,match,0,0,0,
21,PRC_A2U2P1C1Z3Y0T0J9M2Z7P0N5N9S0Q6,2118762,2022-12-08,299,205,203,0,2,299,203,0,2,94,1,True,True,match,0,0,0,
21,PRC_W2H2B1Q1S1B7R1S3W2M1C1F2S2W8Q2,2118761,2022-12-08,299,219,218,0,1,299,218,0,1,80,1,True,True,match,0,0,0,
21,PRC_I2C2A1V1X3X0G1G1D0N5I1N1C5P2A4,2118760,2022-12-08,299,203,198,3,2,299,198,3,2,96,1,True,True,match,0,0,0,
21,PRC_S2L2L1M1I3B0U1U8V3E6E1O1M6Z2H1,2118759,2022-12-08,299,249,246,0,3,299,246,0,3,50,1,True,True,match,0,0,0,
21,PRC_H2V2M1C1X3W0V1R8I3K4Q5L2H9I5W0,2118758,2022-12-08,299,232,213,5,14,299,213,5,14,67,1,True,True,match,0,0,0,
21,PRC_V2M2P1B1Y3K0T0C9A2W2G1T5M8X0Y9,2118757,2022-12-08,299,192,189,0,3,299,189,0,3,107,1,True,True,match,0,0,0,
21,PRC_L2R2Z1Z2F0J6L2N0U2Z5Z0X9N5F6K3,2118756,2022-12-08,299,234,233,0,1,299,233,0,1,65,1,True,True,match,0,0,0,
21,PRC_I2A2F1Y1N3L0T0T9R4T7R2X4E7X0H3,2118755,2022-12-08,299,195,192,0,3,299,192,0,3,104,1,True,True,match,0,0,0,
21,PRC_A2T2D1X2V0R6L2R0L2A8M0M3D8S6S3,2118754,2022-12-08,299,241,240,0,1,299,240,0,1,58,1,True,True,match,0,0,0,
21,PRC_G2T2D1M1I3G0H0B9H3V4J1U4X1M8K2,2118753,2022-12-08,299,208,205,0,3,299,205,0,3,91,1,True,True,match,0,0,0,
21,PRC_X2K2F1R2U0D6W2O0T3Z0Q5H4A6S3U8,2118749,2022-12-08,299,254,245,1,8,299,245,1,8,45,1,True,True,match,0,0,0,
21,PRC_C2B2C1W2M0Z6I2C0L2W4U0P6P6M9T2,2118747,2022-12-08,299,231,227,0,4,299,227,0,4,68,1,True,True,match,0,0,0,
21,PRC_B2R2O1M1F3X0S1W8O4R5O3J5L6R1E9,2118746,2022-12-08,299,237,236,0,1,299,236,0,1,62,1,True,True,match,0,0,0,
21,PRC_W2C2J1X1M3L0R1F8K4Y5H0M2B7U8T4,2118745,2022-12-08,299,244,242,0,2,299,242,0,2,55,1,True,True,match,0,0,0,
21,PRC_G2W2N1E2N0T6A2Q0B2T9E5V4Z9M6E2,2118740,2022-12-08,299,251,249,0,2,299,249,0,2,48,1,True,True,match,0,0,0,
21,PRC_N2P2D1M2H0S6N2S0E3X1R4F3P8N7E4,2118739,2022-12-08,299,243,216,9,18,299,216,9,18,56,1,True,True,match,0,0,0,
21,PRC_N2L2W1M1E2E3L1T3I3X4U5O5I3M7S8,2118734,2022-12-08,299,248,247,0,1,299,247,0,1,51,1,True,True,match,0,0,0,
21,PRC_C2U2H1S1C2X8X1F0T3T3Q1K7J8Z6O4,2118733,2022-12-08,299,251,242,2,7,299,242,2,7,48,1,True,True,match,0,0,0,
21,PRC_C2K2T1L1E2P3C1Q3L3Q3K5L4O1N1V6,2118732,2022-12-08,299,246,246,0,0,299,246,0,0,53,1,True,True,match,0,0,0,
21,PRC_G2J2U1Y2Q0U5E1C0Y0K5Y5H6R7X8P8,2118696,2022-12-08,299,196,191,1,4,299,191,1,4,103,1,True,True,match,0,0,0,
21,PRC_O2H2X1I0P1W2F1I6D5K1S5G2M7U8R4,2117963,2022-12-08,299,218,216,0,2,299,216,0,2,81,1,True,True,match,0,0,0,
21,PRC_U2T2C0E9M2O9P1R8W1Q3D4D9H3S8U6,2117639,2022-12-08,299,192,181,2,9,299,181,2,9,107,1,True,True,match,0,0,0,
21,PRC_X2G2N0A9L2Q9N1H8D0P0U0D0Z4B5H0,2117637,2022-12-08,299,187,180,1,6,299,180,1,6,112,1,True,True,match,0,0,0,
21,PRC_M2J2T0Q9X1T3M1M7X0C3K5E9T4H9Z7,2117634,2022-12-08,299,241,201,6,34,299,201,6,34,58,1,True,True,match,0,0,0,
21,PRC_T2U2J0R9P2E2W0A9E3Z1H5J8E5P4D7,2117497,2022-12-08,299,243,243,0,0,299,243,0,0,56,1,True,True,match,0,0,0,
21,PRC_A2G2H0E8K2O3Y1X8F3K6P5J3W1H2J4,2117407,2022-12-08,299,251,244,1,6,299,244,1,6,48,1,True,True,match,0,0,0,
21,PRC_J2M2M0T9N0I1F0Y9L5W5N5S0C6D2O2,2117365,2022-12-08,299,214,210,0,4,299,210,0,4,85,1,True,True,match,0,0,0,
21,PRC_E2W2X0Q9V0G7E1L1N5V0G4L8R3Y7E9,2117322,2022-12-08,299,199,198,0,1,299,198,0,1,100,1,True,True,match,0,0,0,
21,PRC_N2O2B0R8D1G6X1E1I1N3G0X5V1I7O3,2116900,2022-12-08,299,192,190,0,2,299,190,0,2,107,1,True,True,match,0,0,0,
21,PRC_D2T2L0B7Y2N1W1Y7D2H6V2N7S0U0H9,2116599,2022-12-08,299,200,199,0,1,299,199,0,1,99,1,True,True,match,0,0,0,
21,PRC_O2Y2C0F7B2M1A1L7B2A3Y5R7S3D4A7,2116598,2022-12-08,299,199,199,0,0,299,199,0,0,100,1,True,True,match,0,0,0,
21,PRC_U2S2D0P6P0F9Z0D9D4P4J2D7V3T8C3,2116499,2022-12-08,299,217,216,0,1,299,216,0,1,82,1,True,True,match,0,0,0,
21,PRC_N2Y2R0W6N1H5Q1A4I5C3T5H6Q2B4T6,2116399,2022-12-08,299,220,216,2,2,299,216,2,2,79,1,True,True,match,0,0,0,
21,PRC_V2C2W0V4Z2K9K1Z0D2M1C4B6X5Z8W1,2116289,2022-12-08,299,206,203,0,3,299,203,0,3,93,1,True,True,match,0,0,0,
21,PRC_V2D2T0M6L0I9C1P8A0R3E2J5G4J8M3,2116288,2022-12-08,299,205,203,0,2,299,203,0,2,94,1,True,True,match,0,0,0,
21,PRC_R2W2D0C6G2K3E1B6V5O1E5B4K7B0X2,2116236,2022-12-08,299,216,214,0,2,299,214,0,2,83,1,True,True,match,0,0,0,
21,PRC_R2A2F0K5L2L5R0J9N3M6L1Q7V8C7B1,2115976,2022-12-08,299,202,197,1,4,299,197,1,4,97,1,True,True,match,0,0,0,
21,PRC_V2E2T0R5E1W8O1J6L5I1Q0M7I9G8T7,2115974,2022-12-08,299,211,207,0,4,299,207,0,4,88,1,True,True,match,0,0,0,
21,PRC_G2F2A0J6B0P9G0N9A5P5B1B6X7S0C0,2115916,2022-12-08,299,215,211,1,3,299,211,1,3,84,1,True,True,match,0,0,0,
21,PRC_P2M2C0B5N1Q2D1R3U1L8Q5V7B5A3Z5,2115629,2022-12-08,299,250,241,1,8,299,241,1,8,49,1,True,True,match,0,0,0,
21,PRC_G2Y2V0F3E2G3A1X5B1A2N1K2C0M4M8,2115493,2022-12-08,299,198,197,0,1,299,197,0,1,101,1,True,True,match,0,0,0,
21,PRC_Z2J2D0L5S0L4R1H5H0T8P5G1L5Q3P0,2115492,2022-12-08,299,197,196,0,1,299,196,0,1,102,1,True,True,match,0,0,0,
21,PRC_Y2C2B0F5F0L4E1Y5A0V5O1F8J7D2O4,2115491,2022-12-08,299,196,192,0,4,299,192,0,4,103,1,True,True,match,0,0,0,
21,PRC_V2S2F0K4L2N1I1V1K4K1M0D4Y3R7K0,2115396,2022-12-08,299,200,199,0,1,299,199,0,1,99,1,True,True,match,0,0,0,
21,PRC_P2X2Y0U4F1R8U1Y1K3S6Y3M9A2W7M9,2115385,2022-12-08,299,214,211,0,3,299,211,0,3,85,1,True,True,match,0,0,0,
21,ARC_S2G2G0G4J0K6A1T6U0H7G5N2U6Q8M8,2115126,2022-12-08,299,216,213,1,2,299,213,1,2,83,1,True,True,match,0,0,0,
21,PRC_L2A2V0E4A0H6H0K9J5A1T0G8P9Y7B7,2115122,2022-12-08,299,200,196,0,4,299,196,0,4,99,1,True,True,match,0,0,0,
21,PRC_X2I2W0M3C3N1E1S2F0M3N0V8X2Q1K7,2115087,2022-12-08,299,203,202,1,0,299,202,1,0,96,1,True,True,match,0,0,0,
21,PRC_V2V2Z0Y1Y1W0M1V3J2L1L4X5H3P1E4,2115083,2022-12-08,299,248,241,4,3,299,241,4,3,51,1,True,True,match,0,0,0,
21,PRC_J2J2C0T3D1O4A1W3O5Q5H5T3G0G6P6,2114873,2022-12-08,299,245,215,20,10,299,215,20,10,54,1,True,True,match,0,0,0,
21,PRC_I2R2Z0Q2T0P8P1X7K2A8W5Y8R9Q4H4,2114727,2022-12-08,299,218,217,0,1,299,217,0,1,81,1,True,True,match,0,0,0,
21,PRC_Z2J1W1V2W1H4L1Z4D2U2S0X0A9D8U3,2114719,2022-12-08,299,218,217,0,1,299,217,0,1,81,1,True,True,match,0,0,0,
21,ARC_J2O2Z0D1D1O2V1D1U3I3P2K8X3O6O3,2114368,2022-12-08,299,233,218,2,13,299,218,2,13,66,1,True,True,match,0,0,0,
21,PRC_F2W2Z0J1Y0F3F1T7M2L4W1N4Q1G6S8,2114258,2022-12-08,299,212,209,0,3,299,209,0,3,87,1,True,True,match,0,0,0,
21,PRC_W2S1X1N2U2N8N1L1R2A3I2M9Y8T6D8,2114122,2022-12-08,299,196,196,0,0,299,196,0,0,103,1,True,True,match,0,0,0,
21,PRC_Q2L1H1R2N2D8M1P1I2C1X0S2E1C9D8,2114121,2022-12-08,299,200,200,0,0,299,200,0,0,99,1,True,True,match,0,0,0,
21,PRC_L2L1Z1S2Y2C8C1I1W1V9U1T1M3H6L1,2114120,2022-12-08,299,198,197,0,1,299,197,0,1,101,1,True,True,match,0,0,0,
21,PRC_Z2V1T1U2K2U8M1L1M0Y7T0J7O9P1L5,2114119,2022-12-08,299,197,196,0,1,299,196,0,1,102,1,True,True,match,0,0,0,
21,ARC_L2S1Q1H2L2D2K1A0W1L0P5R1P4W5I8,2114028,2022-12-08,299,243,229,6,8,299,229,6,8,56,1,True,True,match,0,0,0,
21,PRC_J2X1T0I9F2E9T1M7R4G1N4Z4W5X3T4,2113958,2022-12-08,299,201,197,0,4,299,197,0,4,98,1,True,True,match,0,0,0,
21,PRC_V2X1Y1I1Y0U1C2Q2L1B1E2P9G8Y8Q0,2113249,2022-12-08,299,209,207,0,2,299,207,0,2,90,1,True,True,match,0,0,0,
21,ARC_K2U1B1U1A0C3A1S5J5Q5M3T2F3Y8F8,2113110,2022-12-08,299,221,215,0,6,299,215,0,6,78,1,True,True,match,0,0,0,
21,ARC_R2U1X1D1Y0F3N1Z4U5W3V0J5N3F1R7,2113104,2022-12-08,299,226,224,0,2,299,224,0,2,73,1,True,True,match,0,0,0,
21,PRC_Z2K1T0Q7Y2Y0N1B0B4V1F2F4P1Y2S0,2112552,2022-12-08,299,211,208,0,3,299,208,0,3,88,1,True,True,match,0,0,0,
21,ARC_D2N1Z0I8V2V7Z1D3J4S2E1C5K7F8X6,2112274,2022-12-08,299,222,220,0,2,299,220,0,2,77,1,True,True,match,0,0,0,
21,PRC_L2Y1U0A8X0X4O1S6W4T7V3V5B2G7B6,2112033,2022-12-08,299,216,214,0,2,299,214,0,2,83,1,True,True,match,0,0,0,
21,PRC_G2F1B0T7A0C2C1S8N0B2S1K1W1B5T1,2111846,2022-12-08,299,249,247,0,2,299,247,0,2,50,1,True,True,match,0,0,0,
21,PRC_R2X1N0N7B0T6H1V4L0U9I4X9H5U0T3,2111572,2022-12-08,299,210,206,0,4,299,206,0,4,89,1,True,True,match,0,0,0,
21,PRC_P2Z1Q0Z5J2S7G1R4K4O0U0U2M1B2Y3,2110597,2022-12-08,299,206,205,0,1,299,205,0,1,93,1,True,True,match,0,0,0,
21,PRC_Q2O1G0L5M2S1K1E2V4H4N3B7R8M0C5,2110385,2022-12-08,299,244,229,4,11,299,229,4,11,55,1,True,True,match,0,0,0,
21,PRC_I2N1Y0D4M0Q6L1Q8L1C8Y2I2E7N9N4,2109334,2022-12-08,299,219,212,0,7,299,212,0,7,80,1,True,True,match,0,0,0,
21,ARC_M2A1O0D3X1R1J1L5K5K9H5P5A9D4T2,2108717,2022-12-08,299,248,248,0,0,299,248,0,0,51,1,True,True,match,0,0,0,
21,ARC_E2T1Q0N2R2Y6U1O6T1U1Y5Z0A5R2Y8,2108403,2022-12-08,299,243,242,0,1,299,242,0,1,56,1,True,True,match,0,0,0,
21,PRC_O2M1B0S1X0W8I1W0I4D1A5G0I4E0P7,2108077,2022-12-08,299,216,208,0,8,299,208,0,8,83,1,True,True,match,0,0,0,
21,PRC_T2T1N0X1Y2Y0E1K6K4T4M1L1G9D7K7,2107700,2022-12-08,299,220,219,0,1,299,219,0,1,79,1,True,True,match,0,0,0,
21,PRC_G2Q2Y1U1O2A4Y1P6I1W4M5U8S1Q8S4,2118461,2022-11-24,299,254,217,15,22,299,217,15,22,45,1,True,True,match,0,0,0,
21,PRC_H2H2H1N0N3V1Q1L6R3Y3R2L3M7I1H4,2118435,2022-11-24,299,234,229,0,5,299,229,0,5,65,1,True,True,match,0,0,0,
21,PRC_H2P2W1X0G3H1N1I5Q1U4J5Y3V2B6N3,2118434,2022-11-24,299,210,209,0,1,299,209,0,1,89,1,True,True,match,0,0,0,
21,PRC_Q2E2S1S1Y1S7Q1V6O5Z1R2I8C4K0Z8,2118430,2022-11-24,299,236,234,0,2,299,234,0,2,63,1,True,True,match,0,0,0,
21,PRC_H2I2E1K1T1K1O1U5F1C8C5F1J0O4R2,2118426,2022-11-24,299,234,228,1,5,299,228,1,5,65,1,True,True,match,0,0,0,
21,PRC_B2Q2Y1L0R3P1E1B6N2X0K3N0T9P9R6,2118425,2022-11-24,299,232,231,0,1,299,231,0,1,67,1,True,True,match,0,0,0,
21,PRC_E2Y2I1L0N3N1O1X6P2Q7T2K2H9Q0F4,2118424,2022-11-24,299,213,212,0,1,299,212,0,1,86,1,True,True,match,0,0,0,
21,PRC_F2C2R1R1R0Y8S1W5K2X0P5O1M9G4Q6,2118422,2022-11-24,299,201,188,3,10,299,188,3,10,98,1,True,True,match,0,0,0,
21,PRC_N2U2W1P1N0M8J1Q5M1K6U3Q2T8D8E0,2118420,2022-11-24,299,202,195,4,3,299,195,4,3,97,1,True,True,match,0,0,0,
21,PRC_A2L2O1E1J1G0R1B7O0K4E5N6Y2G8Z4,2118418,2022-11-24,299,212,209,0,3,299,209,0,3,87,1,True,True,match,0,0,0,
21,PRC_U2X2P1W1W2M3U0X9S1W0I2T0G6O1H9,2118416,2022-11-24,299,238,237,0,1,299,237,0,1,61,1,True,True,match,0,0,0,
21,PRC_A2K2O1F1Q2K2T1O1A4U0E3P3P2J2T6,2118415,2022-11-24,299,238,238,0,0,299,238,0,0,61,1,True,True,match,0,0,0,
21,PRC_B2Y2Z1P1K2I1K1D3S1X2S1Z0M7F7M6,2118345,2022-11-24,299,192,190,1,1,299,190,1,1,107,1,True,True,match,0,0,0,
21,PRC_N2D2Z1J1Q0N8K2I0M2K7J1B2A5H2V8,2118228,2022-11-24,299,183,180,1,2,299,180,1,2,116,1,True,True,match,0,0,0,
21,PRC_Z2W2H0V9I2G9H1F8N2H1H3J7D3A1Y3,2117641,2022-11-24,299,199,186,5,8,299,186,5,8,100,1,True,True,match,0,0,0,
21,PRC_A2B2M0A9A2K9T1S8D1R6V3G7Y5Z0I3,2117640,2022-11-24,299,201,196,4,1,299,196,4,1,98,1,True,True,match,0,0,0,
21,PRC_B2O2A0K9H0A8P1H5B2I4A3A6O6Y5P8,2117320,2022-11-24,299,195,190,2,3,299,190,2,3,104,1,True,True,match,0,0,0,
21,PRC_S2L2Q0L6E0S9T1W0W4V7J4L0X1T3T3,2116174,2022-11-24,299,230,228,0,2,299,228,0,2,69,1,True,True,match,0,0,0,
21,PRC_S2D2L0O3P1Y8N1Z0H0B3D0A8C0C8C5,2115348,2022-11-24,299,207,197,1,9,299,197,1,9,92,1,True,True,match,0,0,0,
21,PRC_X2A1P1U2O2O0C1T1I4J5P4O1A8U1D1,2114049,2022-11-24,299,212,209,2,1,299,209,2,1,87,1,True,True,match,0,0,0,
21,PRC_W2N1O1A2I1G7L0S9O4J7M0J1Y7N3Y0,2113941,2022-11-24,299,229,184,21,24,299,184,21,24,70,1,True,True,match,0,0,0,
21,PRC_U2T1L1D1J0P9I1Z4C3T3T5Y2T2L4L1,2113522,2022-11-24,299,233,226,2,5,299,226,2,5,66,1,True,True,match,0,0,0,
21,PRC_R2P1F1P1T0S2H1K0U5V4X5G4L5T3L5,2113436,2022-11-24,299,208,186,3,19,299,186,3,19,91,1,True,True,match,0,0,0,
21,PRC_F2D1M1U1P0F2F1R0L3F4O3P0L4Y9I0,2113434,2022-11-24,299,209,189,5,15,299,189,5,15,90,1,True,True,match,0,0,0,
21,PRC_R2M1J1C1Q1I0V1P0N1J2Q4J8G4U4T1,2113409,2022-11-24,299,211,187,5,19,299,187,5,19,88,1,True,True,match,0,0,0,
21,PRC_L2Q1T0X5N2O7G1R4J1X6Y2N5N5C0T4,2110413,2022-11-24,299,236,234,0,2,299,234,0,2,63,1,True,True,match,0,0,0,
21,PRC_A2A0K1E2K1H5T0S9R3B6G1M0J3V1T0,2106612,2022-11-24,299,204,181,5,18,299,181,5,18,95,1,True,True,match,0,0,0,
21,PRC_J2Y0P1U2Q1J5C0N9N3Y6N4N4J3M4Q9,2106608,2022-11-24,299,207,171,8,28,299,171,8,28,92,1,True,True,match,0,0,0,
21,ARC_L2E0O1W1E2N6K1X5H4L5I5Y8R2D6T8,2105776,2022-11-24,299,234,233,0,1,299,233,0,1,65,1,True,True,match,0,0,0,
21,PRC_W2O0S1G1I1U9I1B0I5P0A2V5G9K8C7,2105522,2022-11-24,299,239,234,0,5,299,234,0,5,60,1,True,True,match,0,0,0,
21,ARC_W2S0D0I7U1M7R1T8X4Y7U3Z1D9E0E3,2102162,2022-11-24,299,207,205,1,1,299,205,1,1,92,1,True,True,match,0,0,0,
21,ARC_V2Y0T0G7Q1B7W1O4H3O7V2I1M7A0N3,2102107,2022-11-24,299,205,203,1,1,299,203,1,1,94,1,True,True,match,0,0,0,
21,ARC_T2N0D0M7F1W7K0X9U5T7S0O4H0I9R4,2102076,2022-11-24,299,206,206,0,0,299,206,0,0,93,1,True,True,match,0,0,0,
21,PRC_P2A2L1N1Y0T8K2Z1X2K1H4X3J6Z9N3,2118181,2022-11-10,299,202,155,16,31,299,155,16,31,97,1,True,True,match,0,0,0,
21,PRC_S2Q2L1E1L0R4O0E9K1Y2U3B7X5X0Z7,2118120,2022-11-10,299,194,192,0,2,299,192,0,2,105,1,True,True,match,0,0,0,
21,PRC_J2F2T0Q5A3V1B1Q7A2I9H3E3K4C6I4,2115802,2022-11-10,299,215,215,0,0,299,215,0,0,84,1,True,True,match,0,0,0,
21,PRC_N2D2K0J5T3U1D1H7L2F8C2F4M5I8J6,2115801,2022-11-10,299,214,214,0,0,299,214,0,0,85,1,True,True,match,0,0,0,
21,PRC_I2O2Z0K9K2N1O1V5E1V4L4L5O4R1K7,2117949,2022-10-27,299,223,222,0,1,299,222,0,1,76,1,True,True,match,0,0,0,
21,PRC_R2L2Z0B9Y2N1D1W5Q0H8T5I6L1Z6R7,2117948,2022-10-27,299,236,234,0,2,299,234,0,2,63,1,True,True,match,0,0,0,
21,PRC_H2F2V0H9O2N1D1B5V1A3T2K1W1W2W4,2117947,2022-10-27,299,220,219,0,1,299,219,0,1,79,1,True,True,match,0,0,0,
21,PRC_Q2O2Y0A9K2V1Y1O5Q1M3O5I5T6S2Z8,2117946,2022-10-27,299,226,219,0,7,299,219,0,7,73,1,True,True,match,0,0,0,
21,PRC_F2O2O0Y9B2E1Q1F5Z1Q1T0T2U6P4W5,2117945,2022-10-27,299,238,236,1,1,299,236,1,1,61,1,True,True,match,0,0,0,
21,PRC_L2B2W0M9W2J1F1W5C1V1A5B6R9M9T9,2117944,2022-10-27,299,235,231,0,4,299,231,0,4,64,1,True,True,match,0,0,0,
21,PRC_V2H2B0O9W2N1Y1T5T5M0Q5T2T8O3T3,2117943,2022-10-27,299,216,215,0,1,299,215,0,1,83,1,True,True,match,0,0,0,
21,PRC_C2O2M0M9D2K1N1D5F4G5O5E5J2Q7O9,2117942,2022-10-27,299,217,215,1,1,299,215,1,1,82,1,True,True,match,0,0,0,
21,PRC_S2X2V0M9C2A1V1A5H4O6A3P9A8D4A1,2117941,2022-10-27,299,215,215,0,0,299,215,0,0,84,1,True,True,match,0,0,0,
21,PRC_L2G2S0B9V2C2V1M9A2F7O3F1N6X5T4,2117940,2022-10-27,299,201,189,1,11,299,189,1,11,98,1,True,True,match,0,0,0,
21,PRC_N2U2Z0W9F2P2T1V9W2U9V3J0N5B3K6,2117939,2022-10-27,299,202,201,0,1,299,201,0,1,97,1,True,True,match,0,0,0,
21,PRC_S2B2C0T9O2F2P1D9S3X2O4C9D2C2Y1,2117938,2022-10-27,299,203,202,0,1,299,202,0,1,96,1,True,True,match,0,0,0,
21,PRC_E2R2F0M5K1E9L1W1W3I2B3O0K2O0E5,2115661,2022-10-27,299,204,196,0,8,299,196,0,8,95,1,True,True,match,0,0,0,
21,PRC_G2T2P0F4G1I3R0E9Z3S5Y1E9G6G3L4,2115311,2022-10-27,299,213,212,0,1,299,212,0,1,86,1,True,True,match,0,0,0,
21,PRC_R2Y1G1L2Z2H8O1A4C4T6I0S3Q3Q5E6,2114772,2022-10-27,299,219,203,3,13,299,203,3,13,80,1,True,True,match,0,0,0,
21,PRC_R2K2J0G1H2Z4K1O7U4W6L3S4O3H5A3,2114716,2022-10-27,299,205,202,0,3,299,202,0,3,94,1,True,True,match,0,0,0,
21,PRC_B2W2K0N2O0K3T1K5Z0R8T2G3A4R8D6,2114708,2022-10-27,299,200,193,0,7,299,193,0,7,99,1,True,True,match,0,0,0,
21,PRC_T2B1K1E1M1N9H1N5A4W3M2X7P2S6R0,2114521,2022-10-27,299,217,194,3,20,299,194,3,20,82,1,True,True,match,0,0,0,
21,PRC_L2N1J1K2Q2E1U1O8C1Q2R1N6C8U6R4,2114324,2022-10-27,299,202,200,0,2,299,200,0,2,97,1,True,True,match,0,0,0,
21,PRC_C2W1N1L2Z1E7T1U6A2I0E4P7I9I7J5,2113966,2022-10-27,299,216,215,0,1,299,215,0,1,83,1,True,True,match,0,0,0,
21,PRC_Z2J1B1I1H0S4E1L0F5W0X3U3E2V7Z5,2113170,2022-10-27,299,216,210,0,6,299,210,0,6,83,1,True,True,match,0,0,0,
21,PRC_Q2K1K1O0D2O9J1W0U0D8D4X8D5Q2I8,2113167,2022-10-27,299,239,236,1,2,299,236,1,2,60,1,True,True,match,0,0,0,
21,ARC_S2J1R0A9S2I3C1I6V0J0O2V1J4E1H3,2112645,2022-10-27,299,206,203,0,3,299,203,0,3,93,1,True,True,match,0,0,0,
21,PRC_J2L1N0P7V3Z0Q1H1R1P5O4A8Z6V3K7,2112043,2022-10-27,299,237,209,10,18,299,209,10,18,62,1,True,True,match,0,0,0,
21,PRC_S2X1Q0U5Q2N0G1M0K4M7A2G2I3I3E7,2111014,2022-10-27,299,206,206,0,0,299,206,0,0,93,1,True,True,match,0,0,0,
21,PRC_X2S1P0T5V2X0I1J0O1D6C2P2X2V0T5,2111013,2022-10-27,299,204,200,0,4,299,200,0,4,95,1,True,True,match,0,0,0,
21,PRC_X2E1V0S5P2P7D1H4D2J4K5Y7V8L4U9,2110574,2022-10-27,299,220,216,0,4,299,216,0,4,79,1,True,True,match,0,0,0,
21,PRC_F2A1A0E5V2Z7V1Y4Q2C7K5U6P1H0K7,2110571,2022-10-27,299,206,206,0,0,299,206,0,0,93,1,True,True,match,0,0,0,
21,PRC_L2U1C0K5F1R2E1S1C1W1W3C6G4O8G6,2110547,2022-10-27,299,206,201,0,5,299,201,0,5,93,1,True,True,match,0,0,0,
21,PRC_V2C1L0Y5R0B6G0A6Q3Y9O2F9B8U5R3,2110079,2022-10-27,299,233,231,1,1,299,231,1,1,66,1,True,True,match,0,0,0,
21,PRC_S2D1V0F5U0W4C1S6B1T1W5G5N0F0U8,2110003,2022-10-27,299,238,234,0,4,299,234,0,4,61,1,True,True,match,0,0,0,
21,PRC_P2F1U0B4F2W2D1D5Q1O1D0A4L9N8A6,2109977,2022-10-27,299,212,201,1,10,299,201,1,10,87,1,True,True,match,0,0,0,
21,PRC_A2Y1I0K4S2W1P1J8T4T5J2H5W9U8V5,2109777,2022-10-27,299,216,195,3,18,299,195,3,18,83,1,True,True,match,0,0,0,
21,PRC_K2E1X0W4S2H1Y1P8I4X7G0C9D0V1C8,2109771,2022-10-27,299,217,196,4,17,299,196,4,17,82,1,True,True,match,0,0,0,
21,PRC_F2W1S0U3R2E9J1I4M4O0B5R3Q5O5W8,2109338,2022-10-27,299,200,195,2,3,299,195,2,3,99,1,True,True,match,0,0,0,
21,PRC_H2J1F0H3M2G9Q1S4I4H0X2N0H6H1U9,2109335,2022-10-27,299,200,195,2,3,299,195,2,3,99,1,True,True,match,0,0,0,
21,PRC_W2U1O0P3R3F0W1Z6M2T0B3F9E2M7B8,2109287,2022-10-27,299,225,221,0,4,299,221,0,4,74,1,True,True,match,0,0,0,
21,PRC_B2F1N0B3T1X9Y1G8L2N2G1L9X8Z7J8,2108964,2022-10-27,299,239,235,0,4,299,235,0,4,60,1,True,True,match,0,0,0,
21,PRC_S2J1D0D1U1X5Q1K5J5P5Z4S6O9F0K0,2108616,2022-10-27,299,224,205,3,16,299,205,3,16,75,1,True,True,match,0,0,0,
21,ARC_I2J0F1Y2K2J8W1Z0A0D4J5P3R3E4G1,2106943,2022-10-27,299,233,230,2,1,299,230,2,1,66,1,True,True,match,0,0,0,
21,PRC_G2Z0S1X1M3V0M1U3D4E5F1E4I3Y6A0,2105884,2022-10-27,299,213,197,1,15,299,197,1,15,86,1,True,True,match,0,0,0,
21,ARC_Y2L0J1V0F1E5N1Y7Y2Y8O4P1W5F4R0,2104536,2022-10-27,299,227,224,0,3,299,224,0,3,72,1,True,True,match,0,0,0,
21,ARC_R2A0A0R7Y1Y6Q1T3T3I5K5A2D7A7L6,2102029,2022-10-27,299,226,225,0,1,299,225,0,1,73,1,True,True,match,0,0,0,
21,ARC_W2M0E0J7U1T4F1K3G1Z6L5F9F0V8T4,2101901,2022-10-27,299,215,211,2,2,299,211,2,2,84,1,True,True,match,0,0,0,
21,PRC_W2J2L0Z9P2O9A1F0B5P3F3S3D7Z6B9,2117608,2022-09-29,299,165,165,0,0,299,165,0,0,134,1,True,True,match,0,0,0,
21,PRC_F2O2V0Y9U1F9S1X3G5R6W4B0E3D2T6,2117568,2022-09-27,299,222,221,0,1,299,221,0,1,77,1,True,True,match,0,0,0,
21,PRC_Y2U2G0J9P1M9U1L3O5H8X4Q7S5I1R7,2117567,2022-09-27,299,219,215,0,4,299,215,0,4,80,1,True,True,match,0,0,0,
21,PRC_O2A2M0V9T1W9V1U3J5H4D4N7R2X3J0,2117566,2022-09-27,299,214,211,0,3,299,211,0,3,85,1,True,True,match,0,0,0,
21,PRC_P2N2Q0R9B0Y6I1P8O0V2F3P5I7J9O3,2117565,2022-09-27,299,214,214,0,0,299,214,0,0,85,1,True,True,match,0,0,0,
21,PRC_O2Q2R0B9R0D6V1I7X5T8N0O3G8H9N3,2117564,2022-09-27,299,215,213,0,2,299,213,0,2,84,1,True,True,match,0,0,0,
21,PRC_Y2P2C0T9M0X6H1C7U5W6Z2E4U4A7F1,2117563,2022-09-27,299,215,209,1,5,299,209,1,5,84,1,True,True,match,0,0,0,
21,PRC_R2L2H0L9C0K6B1W7Y5Y5U4Y9J3S0W2,2117562,2022-09-27,299,215,208,0,7,299,208,0,7,84,1,True,True,match,0,0,0,
21,PRC_M2K2P0B9G0G6R1U7T5C4V5K0I6T4E3,2117561,2022-09-27,299,212,207,0,5,299,207,0,5,87,1,True,True,match,0,0,0,
21,PRC_X2M2L0A9Q0A6W1O8B0N4B3I2Y8R5E9,2117560,2022-09-27,299,203,200,0,3,299,200,0,3,96,1,True,True,match,0,0,0,
21,PRC_U2G2F0L9O2Z1V1B5U1V2S4F1E7M5O2,2117559,2022-09-27,299,230,228,0,2,299,228,0,2,69,1,True,True,match,0,0,0,
21,PRC_O2T2Y0D9V2Z1R1N3Q1Y2A4X9T6P0K7,2117552,2022-09-27,299,234,230,0,4,299,230,0,4,65,1,True,True,match,0,0,0,
21,PRC_Q2D2W0B9J2J1D1G2P4X1H0V1G2Y3Y5,2117548,2022-09-27,299,235,233,0,2,299,233,0,2,64,1,True,True,match,0,0,0,
21,PRC_D2K2L0V9H2K1R1H3H2Z0J3Q0C8K6H1,2117547,2022-09-27,299,236,236,0,0,299,236,0,0,63,1,True,True,match,0,0,0,
21,PRC_B2W2G0Z9D2C1J1O2U5H5O1H0V9Q3G7,2117546,2022-09-27,299,237,235,0,2,299,235,0,2,62,1,True,True,match,0,0,0,
21,PRC_T2I2F0V9H2I1O1C3K0A4R2R2N7Y9X0,2117545,2022-09-27,299,231,229,0,2,299,229,0,2,68,1,True,True,match,0,0,0,
21,PRC_Z2H2P0J9P0Y7K0Y9D1K3M0Q3R7F8X3,2117289,2022-09-27,299,223,219,0,4,299,219,0,4,76,1,True,True,match,0,0,0,
21,PRC_F2A2P0W8N1W1Z1U7P5Q4A4V9O4U7V8,2117250,2022-09-27,299,182,176,0,6,299,176,0,6,117,1,True,True,match,0,0,0,
21,PRC_S2D2E0O5B2S7A1T7O4Y9L1C6Z1H4S2,2115783,2022-09-27,299,190,173,5,12,299,173,5,12,109,1,True,True,match,0,0,0,
21,PRC_S2L2I0H5H2R7E1L7B4P8B1Z6L1L6K0,2115782,2022-09-27,299,192,177,3,12,299,177,3,12,107,1,True,True,match,0,0,0,
21,PRC_F2P2B0Q4E1L9O1X4B3W0G3H6R2O5U4,2115480,2022-09-27,299,203,200,0,3,299,200,0,3,96,1,True,True,match,0,0,0,
21,PRC_O2E2G0C4B1L8N1N1W3J4O5G3A9Z1Z7,2115435,2022-09-27,299,217,217,0,0,299,217,0,0,82,1,True,True,match,0,0,0,
21,PRC_J2N2E0R2M2Q3Y1M4M1U3T1S9K8J8G6,2114818,2022-09-27,299,195,189,0,6,299,189,0,6,104,1,True,True,match,0,0,0,
21,PRC_X2K2W0L1F0S6N1B4X5C9I1H8V7V0B8,2114736,2022-09-27,299,212,212,0,0,299,212,0,0,87,1,True,True,match,0,0,0,
21,PRC_O2X2Q0T1B2U6Z1K0I3S1Y5C2Y9A9H6,2114564,2022-09-27,299,199,194,1,4,299,194,1,4,100,1,True,True,match,0,0,0,
21,PRC_B2I1G1K2Q2M3G1V0R1O7K4A5K0G0E4,2114310,2022-09-27,299,204,201,0,3,299,201,0,3,95,1,True,True,match,0,0,0,
21,PRC_M2P1V1Y1D2F9O1F3P5U1Z0Z2J0E4V1,2114082,2022-09-27,299,199,194,0,5,299,194,0,5,100,1,True,True,match,0,0,0,
21,PRC_I2R1C1M1J2B9T1W3J4J8P3Y4C4Z9B1,2114081,2022-09-27,299,197,190,0,7,299,190,0,7,102,1,True,True,match,0,0,0,
21,PRC_M2G1C1L1I2I9D1T3S4S9N5W6N8J7K5,2114080,2022-09-27,299,198,193,0,5,299,193,0,5,101,1,True,True,match,0,0,0,
21,PRC_A2V1N1I2J0I8S1R4G5A7Z5V7U8M9I6,2114030,2022-09-27,299,200,200,0,0,299,200,0,0,99,1,True,True,match,0,0,0,
21,PRC_T2H1J1Y1W1B6G1R3O2W7U3B3F0V0Z0,2113440,2022-09-27,299,197,196,0,1,299,196,0,1,102,1,True,True,match,0,0,0,
21,PRC_G2L1I0P7P2O7Z1D3C4I6D3I4J0J8R7,2113157,2022-09-27,299,212,208,0,4,299,208,0,4,87,1,True,True,match,0,0,0,
21,ARC_X2O1B1T0Z2D1I1V3B3A1Z3B8L8G9G7,2112903,2022-09-27,299,222,222,0,0,299,222,0,0,77,1,True,True,match,0,0,0,
21,PRC_U2J1E0L9M2Z7H1L4N3G4F5I7Q5K6W3,2112751,2022-09-27,299,216,213,0,3,299,213,0,3,83,1,True,True,match,0,0,0,
21,PRC_A2P1B0T8R3Q0K1R0K0J6L0D6Q0E2P2,2112661,2022-09-27,299,214,214,0,0,299,214,0,0,85,1,True,True,match,0,0,0,
21,PRC_F2V1Q0L8O1N7Q1C7O5R6M0O5M9L9N2,2112336,2022-09-27,299,199,197,0,2,299,197,0,2,100,1,True,True,match,0,0,0,
21,PRC_T2K1G0V2H0Z9Y1N0C1Y4X4I8F0U4Y5,2108018,2022-09-27,299,207,202,0,5,299,202,0,5,92,1,True,True,match,0,0,0,
21,PRC_R2E0L1J2M0L9S0W9Q1G5B3O3C2G0L2,2106409,2022-09-27,299,200,199,0,1,299,199,0,1,99,1,True,True,match,0,0,0,
21,PRC_M2C2I0M8S2C4T1X7S2A2D0X2A9M1B6,2117271,2022-09-07,299,235,234,0,1,299,234,0,1,64,1,True,True,match,0,0,0,
21,PRC_Z2T2U0C8L2G4B1I7E2H6I2E5S4V3P7,2117270,2022-09-07,299,234,228,1,5,299,228,1,5,65,1,True,True,match,0,0,0,
21,PRC_M2T2K0A8W2C4D1O7T2W4U3F5B6S7O4,2117269,2022-09-07,299,233,233,0,0,299,233,0,0,66,1,True,True,match,0,0,0,
21,PRC_E2J2U0L9Z0M1D1U1A1B6L4I8J1X9P5,2117264,2022-09-07,299,248,248,0,0,299,248,0,0,51,1,True,True,match,0,0,0,
21,PRC_U2N2E0T7Y0I5C1L3X5C1S2U4O6H0C8,2116313,2022-09-07,299,245,178,23,44,299,178,23,44,54,1,True,True,match,0,0,0,
21,PRC_R2C1S1L2V2D9X1B2B3C8J3T8T9L5K8,2114259,2022-09-07,299,236,233,0,3,299,233,0,3,63,1,True,True,match,0,0,0,
21,PRC_O2N1I1X2N2K9A1S2K3N7A0P0N1E4A4,2114257,2022-09-07,299,236,232,0,4,299,232,0,4,63,1,True,True,match,0,0,0,
21,PRC_Z2N1B1D1T2E4D0V9S3Y0Z3B0B2Q0S0,2114183,2022-09-07,299,239,233,0,6,299,233,0,6,60,1,True,True,match,0,0,0,
21,PRC_R2J1W1F1C2Q4T0S9N3K2T0O7U3D6J9,2114179,2022-09-07,299,239,222,1,16,299,222,1,16,60,1,True,True,match,0,0,0,
21,PRC_X2L1H1Y2Z2T2S1E6S4V2S3Y2E8V4V0,2114155,2022-09-07,299,237,235,0,2,299,235,0,2,62,1,True,True,match,0,0,0,
21,PRC_I2Z1O1K1Y2Y9C1X0V2W7M2Q8Q8Q1Z9,2113594,2022-09-07,299,236,221,1,14,299,221,1,14,63,1,True,True,match,0,0,0,
21,PRC_W2I1Y0J8U2Z7P0P9O4W7A4Z7G2J5P2,2113451,2022-09-07,299,239,238,0,1,299,238,0,1,60,1,True,True,match,0,0,0,
21,PRC_W2N2E0V9A0J1Z1Y1T1D3N0F8D6E0J7,2117083,2022-09-01,299,261,255,0,6,299,255,0,6,38,1,True,True,match,0,0,0,
21,PRC_K2X2A0K8E2O8O1B6C2D1B4E1U3K9R6,2117061,2022-09-01,299,257,254,0,3,299,254,0,3,42,1,True,True,match,0,0,0,
21,PRC_V2S2T0E8L2Y4R1N3I3A9T4Y6L2R7R8,2117053,2022-09-01,299,259,234,4,21,299,234,4,21,40,1,True,True,match,0,0,0,
21,PRC_W2N2O0U7P2J9T1E1S4W2L2G3T7B7Q7,2116728,2022-08-02,299,245,243,1,1,299,243,1,1,54,1,True,True,match,0,0,0,
21,PRC_S2L2J0K7J2V9N1F1K4A0W0G3G8C7Q3,2116727,2022-08-02,299,248,197,16,35,299,197,16,35,51,1,True,True,match,0,0,0,
21,PRC_L2K2R0M7H2Y9L1H1R4Z1Y2A0Z4D1B7,2116726,2022-08-02,299,247,208,10,29,299,208,10,29,52,1,True,True,match,0,0,0,
21,PRC_S2W2S0Y7V2G2S1S3D4M9R0U7E1E0H5,2116617,2022-07-22,299,199,197,0,2,299,197,0,2,100,1,True,True,match,0,0,0,
21,PRC_Q2Y2P0D7S2W2Y1P3W4D7A2D3R6N7P5,2116616,2022-07-22,299,199,198,0,1,299,198,0,1,100,1,True,True,match,0,0,0,
21,PRC_L2V2E0Y7M2Q2T1R3H4O6O4C9I7M6H3,2116615,2022-07-22,299,199,191,5,3,299,191,5,3,100,1,True,True,match,0,0,0,
21,PRC_A2H2A0J7T2U0C0J8Q4K0I5O7D3J7T6,2116534,2022-07-20,299,258,257,0,1,299,257,0,1,41,1,True,True,match,0,0,0,
21,PRC_D2I2D0X5U0U6M1D3T5R0I3F4W3M3U4,2115768,2022-05-29,292,198,198,0,0,292,198,0,0,94,1,True,True,match,0,0,0,
21,PRC_A2H2D0K5G1K1S1F3R0Z0P4O5M9P0U7,2115767,2022-05-29,292,178,175,0,3,292,175,0,3,114,1,True,True,match,0,0,0,
21,PRC_L2P2R0Y5B0O6Z1B3G4P1M1K0T2X9A5,2115766,2022-05-29,292,196,184,2,10,292,184,2,10,96,1,True,True,match,0,0,0,
21,PRC_F2P2L0X5K0I6U1M4X0N1J0B8N3T0Y6,2115765,2022-05-29,292,197,186,0,11,292,186,0,11,95,1,True,True,match,0,0,0,
21,PRC_E2L2V0T5F1G1H1G1P2S6E5H5R6M5Q8,2115764,2022-05-29,292,179,178,0,1,292,178,0,1,113,1,True,True,match,0,0,0,
21,PRC_B2T2Z0U5C1M1B1M3G0Q3Z5C8M3U0B6,2115763,2022-05-29,292,183,182,0,1,292,182,0,1,109,1,True,True,match,0,0,0,
21,PRC_Q2Y2V0O5J1R1Q1B3W0X7H3C7J1T6D8,2115762,2022-05-29,292,175,174,0,1,292,174,0,1,117,1,True,True,match,0,0,0,
21,PRC_V2V2I0K5F0N4H1I3T4W2U4E5S1O8B3,2115761,2022-05-29,292,210,210,0,0,292,210,0,0,82,1,True,True,match,0,0,0,
21,PRC_Q2E2H0Q4L2V5J1Q5C0L4N0T3P1D6V7,2115760,2022-05-29,292,210,203,0,7,292,203,0,7,82,1,True,True,match,0,0,0,
21,PRC_K2O2V0W5S0X4Z1O3Z4W3T2E2X1N6A0,2115759,2022-05-29,292,207,207,0,0,292,207,0,0,85,1,True,True,match,0,0,0,
21,PRC_W2I2S0R4E2T5X1U5K2V5K0K7W7E9Z8,2115758,2022-05-29,292,191,171,2,18,292,171,2,18,101,1,True,True,match,0,0,0,
21,PRC_O2V2F0B4M2M5L1U5G2O4V1J9V4I0B8,2115757,2022-05-29,292,214,213,0,1,292,213,0,1,78,1,True,True,match,0,0,0,
21,PRC_I2Z2B0F4W2I5Z1C6D0H3W3Z7L7C6S0,2115756,2022-05-29,292,212,207,0,5,292,207,0,5,80,1,True,True,match,0,0,0,
21,PRC_I2C2N0I4Q2S5X1V5W0J5P2T3Z1U2Y6,2115755,2022-05-29,292,212,204,2,6,292,204,2,6,80,1,True,True,match,0,0,0,
21,PRC_L2U2L0A4I2C5M1A5H0G8E2G1Q1Q3Y5,2115754,2022-05-29,292,213,204,1,8,292,204,1,8,79,1,True,True,match,0,0,0,
21,PRC_I2Y2I0A4Q2D5B1K5P0W6D4N6D4N0R7,2115753,2022-05-29,292,214,202,1,11,292,202,1,11,78,1,True,True,match,0,0,0,
21,PRC_Q2I2S0D5Q1R1V1Q1G1V3A2F0O5H5Y1,2115752,2022-05-29,292,186,183,0,3,292,183,0,3,106,1,True,True,match,0,0,0,
21,PRC_X2K2X0F5L0Q2D1V5Y0M4S3I5G4M1E2,2115751,2022-05-29,292,192,171,6,15,292,171,6,15,100,1,True,True,match,0,0,0,
21,PRC_F2E2M0I5O1Q1Q0I9K5G1L0C8M8E4X9,2115750,2022-05-29,292,191,191,0,0,292,191,0,0,101,1,True,True,match,0,0,0,
21,PRC_I2C2G0F5O0M2P1C5B0K2Z0K1D6V8T4,2115749,2022-05-29,292,188,175,4,9,292,175,4,9,104,1,True,True,match,0,0,0,
21,PRC_E2K2X0J5H1Y1D0Y9V5L2R2B0F4X4N0,2115748,2022-05-29,292,191,186,1,4,292,186,1,4,101,1,True,True,match,0,0,0,
21,PRC_V2H2A0O5A1B1F1Y3L0X6G5H3H3J2W9,2115747,2022-05-29,292,183,183,0,0,292,183,0,0,109,1,True,True,match,0,0,0,
21,PRC_L2U2E0P5H1J1T1N3U0G1C4W8K0Y2H7,2115746,2022-05-29,292,182,178,0,4,292,178,0,4,110,1,True,True,match,0,0,0,
21,PRC_T2D2B0L5S1P1D1N1L1M0J1L1L7Y1Q3,2115745,2022-05-29,292,186,181,0,5,292,181,0,5,106,1,True,True,match,0,0,0,
21,PRC_U2K2X0D4K2Z9M1A7X5E2L2F8L8F2C9,2115744,2022-05-29,292,194,193,0,1,292,193,0,1,98,1,True,True,match,0,0,0,
21,PRC_N2D2Z0H5N1W1W1N3G0E9B4G5L6N1B3,2115743,2022-05-29,292,185,180,0,5,292,180,0,5,107,1,True,True,match,0,0,0,
21,PRC_K2C2G0H5E1R1D1E6Y4O2H1X4X1G0X9,2115742,2022-05-29,292,232,226,0,6,292,226,0,6,60,1,True,True,match,0,0,0,
21,PRC_H2U2R0Z5Y1N1E1D6M3C8H2K3C9P1I9,2115741,2022-05-29,292,227,205,9,13,292,205,9,13,65,1,True,True,match,0,0,0,
21,PRC_Q2S2N0D4Z2T9F1Z7H5H6Z4M4E2A9R0,2115740,2022-05-29,292,191,188,0,3,292,188,0,3,101,1,True,True,match,0,0,0,
21,PRC_M2T1D0S2U1Y9M1J5I4I4Y2I0K5X7J2,2115739,2022-05-29,292,194,192,0,2,292,192,0,2,98,1,True,True,match,0,0,0,
21,PRC_R2S2M0R5R1V7S2O0F0H4L5W4X2M0P7,2115738,2022-05-29,292,175,174,0,1,292,174,0,1,117,1,True,True,match,0,0,0,
21,PRC_O2N2T0U4K2P9V1U7N5L4W4S0J3B3E8,2115737,2022-05-29,292,196,194,0,2,292,194,0,2,96,1,True,True,match,0,0,0,
21,PRC_J2D2I0F5H1D7L2F0H0G9J0X8K8Z6A4,2115736,2022-05-29,292,177,176,0,1,292,176,0,1,115,1,True,True,match,0,0,0,
21,PRC_F2J2N0V5S1E7B2T0K1B1D5I8D0H7S0,2115735,2022-05-29,292,177,175,0,2,292,175,0,2,115,1,True,True,match,0,0,0,
21,PRC_R2P2E0E4E2L5V1G6A0Y9E5T7V7O4V6,2115734,2022-05-29,292,230,227,1,2,292,227,1,2,62,1,True,True,match,0,0,0,
21,PRC_J2D2N0R4Q2B9V1X7O5F7G4R7P0M0K9,2115733,2022-05-29,292,202,201,0,1,292,201,0,1,90,1,True,True,match,0,0,0,
21,PRC_F2T2G0T5U1A1L1F6E3G9P1A8R1D6Y4,2115732,2022-05-29,292,229,223,1,5,292,223,1,5,63,1,True,True,match,0,0,0,
21,PRC_D2C2J0P4L2R5M1C6N0A8O0J6F8D6W6,2115731,2022-05-29,292,227,225,0,2,292,225,0,2,65,1,True,True,match,0,0,0,
21,PRC_W2D2P0E4D2M5H1W6C2K0S3Z8B3Y2G6,2115730,2022-05-29,292,228,207,5,16,292,207,5,16,64,1,True,True,match,0,0,0,
21,PRC_C2X2G0P5U1W8S1U4U1E7G5W8W8V6B5,2115729,2022-05-29,292,222,219,0,3,292,219,0,3,70,1,True,True,match,0,0,0,
21,PRC_B2H2U0X4Q2A5Q1Q6P1P7I5P1J0I3X9,2115728,2022-05-29,292,226,202,4,20,292,202,4,20,66,1,True,True,match,0,0,0,
21,PRC_W2U2R0M5U1H8F1J4O1V6X0R9K6S2A5,2115727,2022-05-29,292,219,217,0,2,292,217,0,2,73,1,True,True,match,0,0,0,
21,PRC_O2D2U0J5K1H7P2D0B1W3W5N5V6E2X8,2115726,2022-05-29,292,184,180,0,4,292,180,0,4,108,1,True,True,match,0,0,0,
21,PRC_N2C2R0D5L1E7S2S0P0X6X2B7P6E9V2,2115725,2022-05-29,292,184,176,0,8,292,176,0,8,108,1,True,True,match,0,0,0,
21,PRC_C2T2F0Q4M2U5F1P6T2D2P1Z5N4V2R4,2115724,2022-05-29,292,232,230,0,2,292,230,0,2,60,1,True,True,match,0,0,0,
21,PRC_M2D2U0U5T1S6V1C5E5W8P0M6P7M9Q6,2115723,2022-05-29,292,238,237,0,1,292,237,0,1,54,1,True,True,match,0,0,0,
21,PRC_U2O2I0R5F1A8H1R4J4F5D1Z5J6H9S5,2115722,2022-05-29,292,228,224,0,4,292,224,0,4,64,1,True,True,match,0,0,0,
21,PRC_K2N2R0U5O1D8N1E4U4G7C5C5T8Y9P3,2115721,2022-05-29,292,225,219,0,6,292,219,0,6,67,1,True,True,match,0,0,0,
21,PRC_A2X2T0O5F1T7S2R0C0Y7G5G6E8P6J2,2115720,2022-05-29,292,187,185,0,2,292,185,0,2,105,1,True,True,match,0,0,0,
21,PRC_P2N2X0A5S1B3M1Q0U0A0A3N2G2V0I0,2115590,2022-05-29,292,240,231,4,5,292,231,4,5,52,1,True,True,match,0,0,0,
21,PRC_G2W2H0J5V1M3I1O0N0I0K0W2S9E0T1,2115589,2022-05-29,292,239,235,1,3,292,235,1,3,53,1,True,True,match,0,0,0,
21,PRC_K2G2J0X5N1L3R0D9D5B9Z3H3L4B8I4,2115588,2022-05-29,292,239,233,1,5,292,233,1,5,53,1,True,True,match,0,0,0,
21,PRC_O2B2D0N5A1G3A0D9U5U9O0M4P5B1K0,2115587,2022-05-29,292,239,232,2,5,292,232,2,5,53,1,True,True,match,0,0,0,
21,PRC_V2F2S0P5B1K3O0Z9J5G7M4G7Y2G5H2,2115586,2022-05-29,292,239,237,1,1,292,237,1,1,53,1,True,True,match,0,0,0,
21,PRC_X2G2K0N5H1M3H0D9U5O7R2E1T1Y3Y2,2115585,2022-05-29,292,239,235,1,3,292,235,1,3,53,1,True,True,match,0,0,0,
21,PRC_G2B2S0Y5H1S3W0E9J5V6N2G8T5B6S0,2115584,2022-05-29,292,242,236,1,5,292,236,1,5,50,1,True,True,match,0,0,0,
21,PRC_N2S2P0T5P1A3U0K9F5M4P5Q2N6E0O7,2115583,2022-05-29,292,238,234,1,3,292,234,1,3,54,1,True,True,match,0,0,0,
21,PRC_C2G2L0W5Q1P3N0K9P5J4D1X8U1I5Z7,2115582,2022-05-29,292,239,235,1,3,292,235,1,3,53,1,True,True,match,0,0,0,
21,PRC_R2X2W0U5X1G3G0V9T5I3Q4P7K0F0U3,2115581,2022-05-29,292,242,239,1,2,292,239,1,2,50,1,True,True,match,0,0,0,
21,PRC_F2Y2P0J5N1N3U0P9U5Y3H0S1J9D1X0,2115580,2022-05-29,292,243,239,1,3,292,239,1,3,49,1,True,True,match,0,0,0,
21,PRC_Z2H2B0F5J1D3H0Z9R5A2H3M1P1M0I1,2115579,2022-05-29,292,241,236,1,4,292,236,1,4,51,1,True,True,match,0,0,0,
21,PRC_G2U2Y0V5Q1K3I0X9R5K1W5W8B3C6K0,2115578,2022-05-29,292,243,239,1,3,292,239,1,3,49,1,True,True,match,0,0,0,
21,PRC_M2Z2W0Z5V1H3L0H9W5N1H1D9N1X8C4,2115577,2022-05-29,292,242,238,1,3,292,238,1,3,50,1,True,True,match,0,0,0,
21,PRC_Y2U2B0A5J1O3Z0K9B5B0I5Q1X5I3O9,2115576,2022-05-29,292,243,239,1,3,292,239,1,3,49,1,True,True,match,0,0,0,
21,PRC_G2E2S0C5Z1F3W0N9X5C0D1N8Y6M8B8,2115575,2022-05-29,292,241,237,1,3,292,237,1,3,51,1,True,True,match,0,0,0,
21,PRC_S2U2S0Y5S1N3M0H9R4F9R4I4V9P3W2,2115574,2022-05-29,292,245,241,1,3,292,241,1,3,47,1,True,True,match,0,0,0,
21,PRC_M2B2I0X5D1I3H0P9R4Q9I1W5E9R8I1,2115573,2022-05-29,292,249,245,1,3,292,245,1,3,43,1,True,True,match,0,0,0,
21,PRC_P2Y2Y0F5J1C3N0J9I3G8H0Y2E5V2K8,2115572,2022-05-29,292,252,246,1,5,292,246,1,5,40,1,True,True,match,0,0,0,
21,PRC_W2U2A0E1M1I3G1L1Q3N3I4X4T3R0G3,2114701,2022-05-29,292,191,191,0,0,292,191,0,0,101,1,True,True,match,0,0,0,
21,PRC_A2S2K0T1N0K5K1M5Z5Q6E5I7A5T3V3,2114593,2022-05-29,292,223,218,0,5,292,218,0,5,69,1,True,True,match,0,0,0,
21,PRC_I2O2Y0X1Z1W8A1G0I2I4T2C3X5M0N4,2114578,2022-05-29,292,222,221,0,1,292,221,0,1,70,1,True,True,match,0,0,0,
21,PRC_O2S1X1R2H0F9B1Q4S0X4Y2M3D7Y2V3,2114566,2022-05-29,292,178,171,2,5,292,171,2,5,114,1,True,True,match,0,0,0,
21,PRC_H2G2D0R1H1X8E0X9Z5O6S3M0T4X2H0,2114562,2022-05-29,292,206,205,0,1,292,205,0,1,86,1,True,True,match,0,0,0,
21,PRC_B2Z2W0P1W0Z5X0W9R2W3T4L5Q8R8F1,2114481,2022-05-29,292,227,221,0,6,292,221,0,6,65,1,True,True,match,0,0,0,
21,PRC_Y2C1G1D2Y2O8Z1Q8N0I0A1I2W0K5I8,2114479,2022-05-29,292,176,175,0,1,292,175,0,1,116,1,True,True,match,0,0,0,
21,PRC_G2G2A0G1J1E0P1D6J4H3F2R3D8M4K1,2114400,2022-05-29,292,221,221,0,0,292,221,0,0,71,1,True,True,match,0,0,0,
21,PRC_T2K1Z1Q2L1J6V1Z3N4G1L3J8F8U3S6,2114360,2022-05-29,292,177,166,1,10,292,166,1,10,115,1,True,True,match,0,0,0,
21,PRC_F2M1R0L8E2H6Q1J3C2E7G4M4H3X7T4,2114040,2022-05-29,292,175,175,0,0,292,175,0,0,117,1,True,True,match,0,0,0,
21,PRC_X2E1U1J2E0X2U0F9K3G2R1R0A4T4Z7,2114010,2022-05-29,292,194,171,5,18,292,171,5,18,98,1,True,True,match,0,0,0,
21,PRC_T2T1E1S2P1J7K1F7D2Y0G5Z6Y3C0H2,2113969,2022-05-29,292,186,183,0,3,292,183,0,3,106,1,True,True,match,0,0,0,
21,ARC_V2F1V1R2Z1C7Y1D4D1I2I0Z2H3B2X6,2113956,2022-05-29,292,192,191,0,1,292,191,0,1,100,1,True,True,match,0,0,0,
21,ARC_N2B1O1Y2N1Y7N1E1Q2X1A1N4Q6Z4J0,2113950,2022-05-29,292,182,182,0,0,292,182,0,0,110,1,True,True,match,0,0,0,
21,PRC_K2Y1O1F1J1I6V1D0W4V9K0V1K1I0G9,2113947,2022-05-29,292,196,189,1,6,292,189,1,6,96,1,True,True,match,0,0,0,
21,ARC_C2G1J1W2C1X6N1S3G4I2T2X8K8Z3N8,2113924,2022-05-29,292,182,180,0,2,292,180,0,2,110,1,True,True,match,0,0,0,
21,PRC_C2I1B1E2R0O1M1N6G2W3C2G7G3E4I6,2113878,2022-05-29,292,225,223,0,2,292,223,0,2,67,1,True,True,match,0,0,0,
21,PRC_G2X1M1I2E0J6G1Y8E0X9I3R4B7Y3N0,2113868,2022-05-29,292,175,171,1,3,292,171,1,3,117,1,True,True,match,0,0,0,
21,ARC_G2F1Y1Q2H0P9D1P2Z0B2K2F0J3S8R1,2113819,2022-05-29,292,188,187,0,1,292,187,0,1,104,1,True,True,match,0,0,0,
21,PRC_F2Z1B1R1R2B5P1T6X2S4B5J7Y8W4S8,2113816,2022-05-29,292,184,174,1,9,292,174,1,9,108,1,True,True,match,0,0,0,
21,PRC_O2Q1D1X1D2E6P1X0D5B1X4M1E7L7X6,2113685,2022-05-29,292,205,202,0,3,292,202,0,3,87,1,True,True,match,0,0,0,
21,PRC_S2I1S1D1I0U2U1W1F3R6H2F7W5E7W8,2113529,2022-05-29,292,173,173,0,0,292,173,0,0,119,1,True,True,match,0,0,0,
21,PRC_A2R1U1H0A1L2H1H3O4Y0V0W1K4C1V4,2113464,2022-05-29,292,203,202,0,1,292,202,0,1,89,1,True,True,match,0,0,0,
21,PRC_Y2A1K1E1O1G6I1W4S1W2H4D3D5Y4C4,2113328,2022-05-29,292,222,216,0,6,292,216,0,6,70,1,True,True,match,0,0,0,
21,PRC_P2E1E1E0A2P6N1F0D1W0E3M1X6H5Y5,2113247,2022-05-29,292,212,207,0,5,292,207,0,5,80,1,True,True,match,0,0,0,
21,PRC_Q2S1S0K8Q3E1Z1K1Y2U3G1B5Y4Y6X8,2113129,2022-05-29,292,223,220,0,3,292,220,0,3,69,1,True,True,match,0,0,0,
21,PRC_F2D1T1I0M1R4G1B1D3A7D0P7F8L0R4,2112994,2022-05-29,292,200,198,0,2,292,198,0,2,92,1,True,True,match,0,0,0,
21,PRC_I2P1G0C6Q2B1T1P7D3N0K5G7C0I4D9,2112543,2022-05-29,292,222,218,0,4,292,218,0,4,70,1,True,True,match,0,0,0,
21,PRC_U2D1Q0P8K2L4M1P5E4S1M1T7Y7C8O9,2112459,2022-05-29,292,175,173,0,2,292,173,0,2,117,1,True,True,match,0,0,0,
21,PRC_E2D1J0A9I0F1X1K6O1E7B5Z8E2P6X5,2112397,2022-05-29,292,177,170,0,7,292,170,0,7,115,1,True,True,match,0,0,0,
21,PRC_Q2K1F0C1V1S8P1M3B2C9Z5K7Z9O9C8,2112383,2022-05-29,292,201,186,1,14,292,186,1,14,91,1,True,True,match,0,0,0,
21,PRC_F2O1Q0N1X1J8Q1P3M3N1Z3B4Z7Y9X5,2112378,2022-05-29,292,188,183,1,4,292,183,1,4,104,1,True,True,match,0,0,0,
21,ARC_E2H1J0Z9G0M1D1U6E1U2J5U8P0P4V0,2112362,2022-05-29,292,226,220,1,5,292,220,1,5,66,1,True,True,match,0,0,0,
21,PRC_S2V1J0S9Y0P1D1B0Y1F2R1N3V7K6P9,2112340,2022-05-29,292,213,211,0,2,292,211,0,2,79,1,True,True,match,0,0,0,
21,PRC_V2G1Y0K7S0M8D1T3F5L1N0X3R9N4U3,2112193,2022-05-29,292,201,198,0,3,292,198,0,3,91,1,True,True,match,0,0,0,
21,PRC_T2Y1J0D7T3R1D1W8H0A9B3P1D4Z7Q4,2112156,2022-05-29,292,193,190,0,3,292,190,0,3,99,1,True,True,match,0,0,0,
21,PRC_N2U1R0C8N1M3D1A4F4P4H4J7W7H7K6,2112058,2022-05-29,292,229,225,0,4,292,225,0,4,63,1,True,True,match,0,0,0,
21,PRC_N2R1W0G7D1D4E0Y8V5U5O2N3A4S4N0,2111570,2022-05-29,292,182,174,0,8,292,174,0,8,110,1,True,True,match,0,0,0,
21,PRC_F2O1E0L6A1E8L1P7I0T1N4J1R8Z7V1,2111322,2022-05-29,292,222,220,0,2,292,220,0,2,70,1,True,True,match,0,0,0,
21,PRC_F2X1W0C5H2G0P1I0T2X1P0W3Z3I5R8,2111032,2022-05-29,292,195,188,0,7,292,188,0,7,97,1,True,True,match,0,0,0,
21,PRC_U2F1M0B5J2R0W1V1M0I4M3E3J0U4U6,2111005,2022-05-29,292,200,198,0,2,292,198,0,2,92,1,True,True,match,0,0,0,
21,PRC_F2B1Z0O5L2B0Q1P0P5B8G5J5S5Y8S4,2111001,2022-05-29,292,197,195,0,2,292,195,0,2,95,1,True,True,match,0,0,0,
21,PRC_I2J1Q0Z4U1O3A1T0A1M7T2R1P3F7U3,2110873,2022-05-29,292,226,223,0,3,292,223,0,3,66,1,True,True,match,0,0,0,
21,PRC_V2P1C0C6J1Y5D1P5I2U1U2X8K1S8I8,2110861,2022-05-29,292,210,204,0,6,292,204,0,6,82,1,True,True,match,0,0,0,
21,PRC_T2L1M0V5B3H1G1C1C5N9M1D5A8K8E4,2110706,2022-05-29,292,172,168,0,4,292,168,0,4,120,1,True,True,match,0,0,0,
21,PRC_D2E1S0T6G0G1J1P5U3G4O3E8U3Y7B5,2110649,2022-05-29,292,197,189,0,8,292,189,0,8,95,1,True,True,match,0,0,0,
21,PRC_Q2J1T0F5U2R7L1W4W3F9B1S7I9F7F1,2110575,2022-05-29,292,198,196,0,2,292,196,0,2,94,1,True,True,match,0,0,0,
21,PRC_I2Q1I0A5Y2L8T1J0N0Q4A3R1R7N0W8,2110436,2022-05-29,292,174,173,0,1,292,173,0,1,118,1,True,True,match,0,0,0,
21,PRC_N2S1S0M5R1O8T1P7W1V9L0N0N1J6H9,2110210,2022-05-29,292,202,198,0,4,292,198,0,4,90,1,True,True,match,0,0,0,
21,PRC_A2W1N0V3X2M3W1E4X3K5F0P7T3Q5K1,2110151,2022-05-29,292,225,219,0,6,292,219,0,6,67,1,True,True,match,0,0,0,
21,PRC_T2K1J0Y3Q2N6Y0A9N3H4L2R7S7L7B0,2110058,2022-05-29,292,200,196,0,4,292,196,0,4,92,1,True,True,match,0,0,0,
21,PRC_P2B1C0L4Q0C7H1F4C5W2H4J1Y8U2J3,2109345,2022-05-29,292,202,201,0,1,292,201,0,1,90,1,True,True,match,0,0,0,
21,PRC_V2N1B0K3L0Z2W1H5U0W2S1P0Y6B7P9,2108966,2022-05-29,292,191,182,0,9,292,182,0,9,101,1,True,True,match,0,0,0,
21,PRC_N2K1M0Y3M0U5S0W9G3F5I3V2J3O9U1,2108686,2022-05-29,292,224,223,0,1,292,223,0,1,68,1,True,True,match,0,0,0,
21,PRC_D2S1M0E2I2A5S1T3C2K0Q1L1W4N6W5,2108649,2022-05-29,292,227,222,0,5,292,222,0,5,65,1,True,True,match,0,0,0,
21,PRC_V2M1T0Y2P0G4J1B4K4S6P4D4L1K0Z5,2108576,2022-05-29,292,179,178,0,1,292,178,0,1,113,1,True,True,match,0,0,0,
21,PRC_M2Y1K0E3G0N4Z1V4C1Y2Y2D3X4T1W2,2108572,2022-05-29,292,211,209,0,2,292,209,0,2,81,1,True,True,match,0,0,0,
21,ARC_M2J0D1H2D3C0A1M5G0Q5M4R9N9I7I3,2107045,2022-05-29,292,192,189,0,3,292,189,0,3,100,1,True,True,match,0,0,0,
21,PRC_C2P0V1A1Y2Z7C1N6T5W9Z1C7S3N9S2,2105842,2022-05-29,292,185,171,2,12,292,171,2,12,107,1,True,True,match,0,0,0,
21,PRC_F2T0V1E1H0Y9W1M1A1Y4F4H5I5O0H5,2105348,2022-05-29,292,195,193,0,2,292,193,0,2,97,1,True,True,match,0,0,0,
21,PRC_Y2U0O0Q8B3W1G1D4P1C6S3U7S2Y1V5,2103646,2022-05-29,292,198,198,0,0,292,198,0,0,94,1,True,True,match,0,0,0,
21,PRC_E2C2M0L5W2F0I1T8X0C6D0N7O1P0K5,2115681,2022-05-20,292,260,158,100,2,292,158,100,2,32,1,True,True,match,0,0,0,
21,PRC_C2J2J0J4A2J9G1A2K3I8Z2W2M9D4D0,2115456,2022-05-03,293,177,173,2,2,293,173,2,2,116,1,True,True,match,0,0,0,
21,PRC_E2N2Q0G4P2G7P0Z0P3F0G1C1C8N7E9,2115407,2022-05-03,293,176,166,3,7,293,166,3,7,117,1,True,True,match,0,0,0,
21,PRC_E2I2Y0G4F3S0O1N5K5C1H2I9Y8W6D6,2115466,2022-04-30,293,175,169,3,3,293,169,3,3,118,1,True,True,match,0,0,0,
21,PRC_J2I2G0I4G2T7M0T0A2M8J3B1X4P8U3,2115408,2022-04-30,293,177,172,3,2,293,172,3,2,116,1,True,True,match,0,0,0,
21,PRC_V2V2K0R4X2E7M1M6O4L5S0U6J2V7M5,2115420,2022-04-27,300,212,143,65,4,300,143,65,4,88,1,True,True,match,0,0,0,
21,PRC_Z2S2G0W4C1A5I1M4B3I2Z0K8J4A4I1,2115295,2022-04-15,300,201,166,19,16,300,166,19,16,99,1,True,True,match,0,0,0,
21,PRC_T2A2J0R4N1X5Z1H2R0N9O1R5G2D2I9,2115294,2022-04-15,300,199,195,0,4,300,195,0,4,101,1,True,True,match,0,0,0,
21,PRC_W2O2H0T3E3K0S1I3G3T6T1O0T9K8F2,2115277,2022-04-15,300,226,226,0,0,300,226,0,0,74,1,True,True,match,0,0,0,
21,PRC_P2W2F0Y3Z3G0H1E3G3E5C0L3B1C0U2,2115276,2022-04-15,300,225,214,0,11,300,214,0,11,75,1,True,True,match,0,0,0,
21,PRC_J2S2M0F3B3P0B1X3C3V6B5Z0Y3U2R7,2115275,2022-04-15,300,221,220,0,1,300,220,0,1,79,1,True,True,match,0,0,0,
21,PRC_O2D2F0B3W3L0Z1S6J4N6K0B1U7T2W2,2115274,2022-04-15,300,225,225,0,0,300,225,0,0,75,1,True,True,match,0,0,0,
21,PRC_Q2K2F0W4P1L4Q1S2M4R6W2X4Q5F6U6,2115273,2022-04-15,300,234,234,0,0,300,234,0,0,66,1,True,True,match,0,0,0,
21,PRC_V2B2Q0M1E2A0M1Q2C1V9Z3X4G4B3I1,2114501,2022-04-15,300,228,225,0,3,300,225,0,3,72,1,True,True,match,0,0,0,
21,PRC_Q2J1H1Z2L2Q0N1H5O4N8E1R3D9K3J4,2114169,2022-04-15,300,223,221,0,2,300,221,0,2,77,1,True,True,match,0,0,0,
21,ARC_F2G1W1D2G1Y7H1P0V1S6K0J9A5P2H6,2113944,2022-04-15,300,227,226,0,1,300,226,0,1,73,1,True,True,match,0,0,0,
21,PRC_E2I1L1E1Y0B5K1I1C4K1V3V3O4U2Y2,2113264,2022-04-15,300,200,185,0,15,300,185,0,15,100,1,True,True,match,0,0,0,
21,PRC_Q2B1W0D7N2N3O1C0X2P0L3S2V0T3K5,2111776,2022-04-15,300,201,187,0,14,300,187,0,14,99,1,True,True,match,0,0,0,
21,PRC_J2P2D0A1Y0Q5M1F2G4K4C3C8W6U9I6,2115080,2022-04-05,300,220,197,8,15,300,197,8,15,80,1,True,True,match,0,0,0,
21,PRC_V2N2J0K1Z0C6T1O2R1S9S3T5G5N2M6,2115079,2022-04-05,300,218,218,0,0,300,218,0,0,82,1,True,True,match,0,0,0,
21,PRC_Z2Q2Z0O1B0F6R1A1Y1E4Z1M5T1V3U5,2115078,2022-04-05,300,219,218,0,1,300,218,0,1,81,1,True,True,match,0,0,0,
21,PRC_V2W2V0C1F0K5J1N2K4I1F1R1K0E0P5,2115077,2022-04-05,300,217,201,2,14,300,201,2,14,83,1,True,True,match,0,0,0,
21,PRC_V2U2Z0E2Y0U7Y1G6Z3G8H4A1Q8A1A4,2115076,2022-04-05,300,216,211,2,3,300,211,2,3,84,1,True,True,match,0,0,0,
21,PRC_U2T2J0H1O0F5Z1G2O4K0H1O9T5E6J4,2115075,2022-04-05,300,213,200,1,12,300,200,1,12,87,1,True,True,match,0,0,0,
21,PRC_X2L2Q0W2I0F7Q1N6Y3E7A5E4L8N8N5,2115074,2022-04-05,300,220,214,0,6,300,214,0,6,80,1,True,True,match,0,0,0,
21,PRC_U2M1R1H2E0I2I1Q3Z1A4V4X1W0I6M1,2115073,2022-04-05,300,217,217,0,0,300,217,0,0,83,1,True,True,match,0,0,0,
21,PRC_A2C1Y0B9M2K7J1T4X3H7M0X9L7B0K9,2112747,2022-04-05,300,219,212,2,5,300,212,2,5,81,1,True,True,match,0,0,0,
21,PRC_U2J0W0D9M1V6D1O6G2N0K2R8I4Y1P7,2104732,2022-04-05,300,220,217,0,3,300,217,0,3,80,1,True,True,match,0,0,0,
21,PRC_A2B2L0K2X2D1F2C0Q0Z3B3R2W7K2M7,2114510,2022-02-21,295,205,197,1,7,295,197,1,7,90,1,True,True,match,0,0,0,
21,PRC_U2M2E0J2Q2O1Q2Y0J0I2O4G8A3S1Y1,2114509,2022-02-21,295,207,199,1,7,295,199,1,7,88,1,True,True,match,0,0,0,
21,PRC_B2I2A0V2R2H1M2K0W0G1H5W9I4U4Q2,2114508,2022-02-21,295,213,203,1,9,295,203,1,9,82,1,True,True,match,0,0,0,
21,PRC_X2G2V0A2F1P0D1C5S5C7G2K8M2Z9G4,2114763,2022-02-14,295,212,212,0,0,295,212,0,0,83,1,True,True,match,0,0,0,
21,PRC_F2Z2Z0L2P1M0R1I7W5V6E0T0I7H8Y0,2114762,2022-02-14,295,213,210,1,2,295,210,1,2,82,1,True,True,match,0,0,0,
21,PRC_Q2Z2V0V2Y0Y7O1O5R4V6O5K9T5N7V3,2114734,2022-02-14,295,215,215,0,0,295,215,0,0,80,1,True,True,match,0,0,0,
21,PRC_D2K2A0N2J1W0N1P0B2R4C1P8I9R0D0,2114733,2022-02-14,295,214,213,0,1,295,213,0,1,81,1,True,True,match,0,0,0,
21,PRC_O2Z1X1Z2P3W0K2B1R2T8O3H6R0L6I7,2114349,2022-01-11,295,206,205,0,1,295,205,0,1,89,1,True,True,match,0,0,0,
21,PRC_V2Y2O0I1R0J5V1P3E1D2P5J3S3V0V9,2114348,2022-01-11,295,231,230,0,1,295,230,0,1,64,1,True,True,match,0,0,0,
21,PRC_F2Z2J0O1W0A5R1P3G1P2P0C6J8T2H2,2114347,2022-01-11,295,228,226,0,2,295,226,0,2,67,1,True,True,match,0,0,0,
21,PRC_E2J1E1Q2Q0V1Q1M7M5M5Z1Q2I8S1L6,2114346,2022-01-11,295,217,178,13,26,295,178,13,26,78,1,True,True,match,0,0,0,
21,PRC_Z2J2K0Z1P0L5N1G3J1C1U1N9L3T1E1,2114345,2022-01-11,295,221,219,0,2,295,219,0,2,74,1,True,True,match,0,0,0,
21,PRC_J2K2L0N1Z0A5O1I5J1A1C4I4G0T7L8,2114344,2022-01-11,295,225,219,0,6,295,219,0,6,70,1,True,True,match,0,0,0,
21,PRC_S2R2B0G1K0E5D1N5H1Q0H5C9Y0X2E5,2114343,2022-01-11,295,226,220,0,6,295,220,0,6,69,1,True,True,match,0,0,0,
21,PRC_Q2Y2M0P1R0M5P1W5L1L0K1Z8H9E1V4,2114342,2022-01-11,295,230,224,0,6,295,224,0,6,65,1,True,True,match,0,0,0,
21,PRC_B2N1A1O2K0I2B0Y7B3H7Z3H2M0P0P7,2114341,2022-01-11,295,223,221,0,2,295,221,0,2,72,1,True,True,match,0,0,0,
21,PRC_M2W1W1U2R3K0R2Y1N3F4D4H0P5P5T7,2114340,2022-01-11,295,214,209,1,4,295,209,1,4,81,1,True,True,match,0,0,0,
21,PRC_E2B1Y0P4N2K2H1T5H4S2D0H5Q6R9F1,2114339,2022-01-11,295,232,225,0,7,295,225,0,7,63,1,True,True,match,0,0,0,
21,PRC_E2Q1H1P2A3X0A2B1X2B5B1B3J3P1K6,2114338,2022-01-11,295,218,215,0,3,295,215,0,3,77,1,True,True,match,0,0,0,
21,PRC_P2Q2R0A1S0A5W1T4L4Z0G4C7R2Y4Q0,2114337,2022-01-11,295,207,173,18,16,295,173,18,16,88,1,True,True,match,0,0,0,
21,PRC_P2F1K1N2X3K0Y2Y1L3B0E1I4P3B3Z4,2114336,2022-01-11,295,210,209,0,1,295,209,0,1,85,1,True,True,match,0,0,0,
21,PRC_S2N1V1Y2Z3J0K2R1S3D3Q2H1Q9A1Z6,2114335,2022-01-11,295,211,200,3,8,295,200,3,8,84,1,True,True,match,0,0,0,
21,PRC_C2D1A1Y2F0K3C1O2L0B9A4T4N5F0D6,2114334,2022-01-11,295,213,208,0,5,295,208,0,5,82,1,True,True,match,0,0,0,
21,PRC_Y2R2A0H1E0M5T1Y4W4O5H2O2D6W5C3,2114333,2022-01-11,295,214,199,0,15,295,199,0,15,81,1,True,True,match,0,0,0,
21,PRC_F2D1Z1H1S2A5P1F4B0V7U1I8Z6P9Z3,2114332,2022-01-11,295,207,205,0,2,295,205,0,2,88,1,True,True,match,0,0,0,
21,PRC_Q2P1J1T2B3W0K2S1N3M1Q5H6Z6K1O9,2114331,2022-01-11,295,211,209,0,2,295,209,0,2,84,1,True,True,match,0,0,0,
21,PRC_I2L2H0R1F0R7W1X7L3S7L3M3A6Q9Y6,2114330,2022-01-11,295,214,202,6,6,295,202,6,6,81,1,True,True,match,0,0,0,
21,PRC_R2I2G0Y1Y0Q7Y1T7X3V8C5Q5N0X7F4,2114329,2022-01-11,295,219,211,2,6,295,211,2,6,76,1,True,True,match,0,0,0,
21,PRC_Y2C2J0M1D0K4U1K8N5W0V5V8V6A2N6,2114328,2022-01-11,295,210,177,3,30,295,177,3,30,85,1,True,True,match,0,0,0,
21,PRC_M2H2Y0T1S0F5O1R4C3L0O5Y3Z4L1W2,2114327,2022-01-11,295,224,223,0,1,295,223,0,1,71,1,True,True,match,0,0,0,
21,PRC_L2X2U0V1F0T5K1H4V5K4V1C6H0H8H4,2114326,2022-01-11,295,221,217,0,4,295,217,0,4,74,1,True,True,match,0,0,0,
21,PRC_J2G2I0F1T0O5D1P4V3W9E3N8J9K1D8,2114325,2022-01-11,295,216,214,0,2,295,214,0,2,79,1,True,True,match,0,0,0,
21,PRC_N2P1D1C2B1Q5C1R5N2D8D1A9O6T2T3,2113931,2022-01-11,295,217,212,0,5,295,212,0,5,78,1,True,True,match,0,0,0,
21,PRC_F2M1F1Y0U2W6Q1A2P0E0I1B3X6B9N8,2113010,2022-01-11,295,220,211,1,8,295,211,1,8,75,1,True,True,match,0,0,0,
21,PRC_A2O1P0Z9O2N3W1R4U3K8M0P3L5D0B5,2112724,2022-01-11,295,217,205,1,11,295,205,1,11,78,1,True,True,match,0,0,0,
21,ARC_C2C1T0E9E1A6Y1H3S3O6I1N8L6R7K5,2112611,2022-01-11,295,224,223,0,1,295,223,0,1,71,1,True,True,match,0,0,0,
21,PRC_T2M1Q0M7B2O3E1R7M5B4M1O7X7D8C6,2111787,2022-01-11,295,225,222,0,3,295,222,0,3,70,1,True,True,match,0,0,0,
21,PRC_X2Y1O0A7O0J9T0Q9I5O0S0P2E4F9T9,2111502,2022-01-11,295,215,202,1,12,295,202,1,12,80,1,True,True,match,0,0,0,
21,PRC_I2C1P0T6B2O4S1Z3L5F4A1M1H2K1J4,2111373,2022-01-11,295,223,221,0,2,295,221,0,2,72,1,True,True,match,0,0,0,
21,PRC_Z2Q1X0I6T2P9G1E5K4S0D1G7P9S9Z7,2111192,2022-01-11,295,223,221,0,2,295,221,0,2,72,1,True,True,match,0,0,0,
21,PRC_S2P1J0T2K2V3M1L4H4I1E3W8I5U5C4,2110900,2022-01-11,295,219,215,0,4,295,215,0,4,76,1,True,True,match,0,0,0,
21,PRC_W2U1M0D6H0L7F1E8N1W5E0H0V8P3H2,2110821,2022-01-11,295,217,216,0,1,295,216,0,1,78,1,True,True,match,0,0,0,
21,PRC_R2F1D0H4L2O6L1A0A4L8F5U0L6Z9E7,2109902,2022-01-11,295,210,186,5,19,295,186,5,19,85,1,True,True,match,0,0,0,
21,PRC_C2G1N0P2B2Z5Q1D5J4U2X3A1K2O6I7,2108319,2022-01-11,295,216,212,0,4,295,212,0,4,79,1,True,True,match,0,0,0,
21,PRC_H2K1V0B1Y0L7M1O0D2D2T5G8J3U5K5,2107503,2022-01-11,295,205,199,0,6,295,199,0,6,90,1,True,True,match,0,0,0,
21,PRC_B2E0C1B1L2F3P1M5X1G6W0N4Y3G6C2,2105656,2022-01-11,295,220,219,0,1,295,219,0,1,75,1,True,True,match,0,0,0,
21,PRC_E2L0K1Q1R0J4A1V4Y0P3M0B8N1Q4S2,2105624,2022-01-11,295,224,222,0,2,295,222,0,2,71,1,True,True,match,0,0,0,
21,PRC_M2N0D1W1J1I6B1S3L1M8X2S7O0B7T5,2105455,2022-01-11,295,210,209,0,1,295,209,0,1,85,1,True,True,match,0,0,0,
21,PRC_U2J0C1X0C1S9N1S5R2W2X3Q8I2O8N6,2104565,2022-01-11,295,205,188,0,17,295,188,0,17,90,1,True,True,match,0,0,0,
21,PRC_A2M0W0X9J0T9M1Q5L5E0N4J3Q1S2Y6,2103673,2022-01-11,295,221,218,0,3,295,218,0,3,74,1,True,True,match,0,0,0,
21,PRC_A2S0U0R8Y2U4B1Z1P0Q5R3I5V1C7U6,2103177,2022-01-11,295,213,203,0,10,295,203,0,10,82,1,True,True,match,0,0,0,
21,ARC_L2X0I0Z7O1U4M1N3K3A0L2T6L5S4X5,2101903,2022-01-11,295,227,225,0,2,295,225,0,2,68,1,True,True,match,0,0,0,
21,PRC_S2J0G0Z7K1U0U1Q6E2W1D0K9J4D2H8,2101796,2022-01-11,295,227,226,0,1,295,226,0,1,68,1,True,True,match,0,0,0,
21,PRC_C2Q1H1U2H3N1V0X9V2P1V5J1B5V7X2,2114227,2021-12-31,295,238,232,1,5,295,232,1,5,57,1,True,True,match,0,0,0,
21,PRC_V2T1X1S2K3W1Q0C9M2W1N1N9Z7Y0X2,2114226,2021-12-31,295,231,229,1,1,295,229,1,1,64,1,True,True,match,0,0,0,
21,PRC_G2F1J1Q2U0D8P1Q2N2R0K4K5G7C2N3,2114223,2021-12-31,295,247,236,0,11,295,236,0,11,48,1,True,True,match,0,0,0,
21,PRC_V2X1A1T2C0Q8J1T2E1A8W4Q2R0I2S3,2114222,2021-12-31,295,230,226,0,4,295,226,0,4,65,1,True,True,match,0,0,0,
21,PRC_Q2B1N1A2M0B8B0B9I1W9R3A2Y7V4J4,2114221,2021-12-31,295,231,225,2,4,295,225,2,4,64,1,True,True,match,0,0,0,
21,PRC_Y2C1J1Y2D0S8G0P9V1U3D4L8X4Y7G5,2114220,2021-12-31,295,229,225,0,4,295,225,0,4,66,1,True,True,match,0,0,0,
21,PRC_K2Z1D1N2G0V8O0J9G1R8B1Z6P6B4Y9,2114219,2021-12-31,295,229,213,5,11,295,213,5,11,66,1,True,True,match,0,0,0,
21,PRC_K2Z1J1H2J0L8P0P9G1A5E3B8J1T6S6,2114218,2021-12-31,295,246,243,0,3,295,243,0,3,49,1,True,True,match,0,0,0,
21,PRC_E2V1O1Q2S0R8X0B9R1A6C2P9C9Q1Z9,2114217,2021-12-31,295,229,224,0,5,295,224,0,5,66,1,True,True,match,0,0,0,
21,PRC_B2U1J1D2X2Q4O1O4Q5S4I5L0R9K0L8,2114216,2021-12-31,295,228,227,0,1,295,227,0,1,67,1,True,True,match,0,0,0,
21,PRC_V2X1A1E2E0A8F0T9C1L4C3A6Z4C4O8,2114215,2021-12-31,295,235,234,0,1,295,234,0,1,60,1,True,True,match,0,0,0,
21,PRC_L2J1H1G2W0Z8K0B9S1E2L1T2C0D5M0,2114214,2021-12-31,295,224,220,0,4,295,220,0,4,71,1,True,True,match,0,0,0,
21,PRC_X2Y1Y1K2J0R8J0I9V1Q3X0Q7B8Q9Y1,2114213,2021-12-31,295,226,225,0,1,295,225,0,1,69,1,True,True,match,0,0,0,
21,PRC_B2C1A1E2X0G8P0J9A0V5W0E0Q8R6I7,2114212,2021-12-31,295,234,233,0,1,295,233,0,1,61,1,True,True,match,0,0,0,
21,PRC_X2A1Y1X2W0K8E0N9G0C6R0A3H1F3O2,2114211,2021-12-31,295,231,227,2,2,295,227,2,2,64,1,True,True,match,0,0,0,
21,PRC_K2X1U1W2M2N4N1M4M5S6K3O8T4K5U9,2114210,2021-12-31,295,229,226,0,3,295,226,0,3,66,1,True,True,match,0,0,0,
21,PRC_M2S1A1K2M2D4P1N4T5A7N5R1M4V3C7,2114209,2021-12-31,295,230,227,0,3,295,227,0,3,65,1,True,True,match,0,0,0,
21,PRC_M2W1F1N2J2B8G1Z6E0L8Q4Y1S3E2K7,2114208,2021-12-31,295,226,204,12,10,295,204,12,10,69,1,True,True,match,0,0,0,
21,PRC_G2F1R0P7P1P9I1F5T5L3W1R8G9J7P4,2111868,2021-12-31,295,233,228,1,4,295,228,1,4,62,1,True,True,match,0,0,0,
21,PRC_C2B1P0F5X2H0M1C0Y4A3X5A1Q7Q0B7,2111034,2021-12-31,295,238,237,0,1,295,237,0,1,57,1,True,True,match,0,0,0,
21,PRC_O2A1K0O5N2L7Y1U1I3F3F3O8Z0S7V0,2110596,2021-12-31,295,240,239,0,1,295,239,0,1,55,1,True,True,match,0,0,0,
21,PRC_E2I1X0Z5R2F7P1H1Z3M8W2M4K7E2B5,2110592,2021-12-31,295,241,239,1,1,295,239,1,1,54,1,True,True,match,0,0,0,
21,PRC_V2P1C0X5P0E6L1F0H5O7J2T6V2X4G7,2110443,2021-12-31,295,222,212,4,6,295,212,4,6,73,1,True,True,match,0,0,0,
21,PRC_V2H1P0L4C1P3H1V7F4P6I5R2E3V4M6,2110344,2021-12-31,295,238,229,0,9,295,229,0,9,57,1,True,True,match,0,0,0,
21,PRC_D2W1Q0D4P1Z9E1Z0Z5Y9U4S6Q5J5I9,2110232,2021-12-31,295,229,228,0,1,295,228,0,1,66,1,True,True,match,0,0,0,
21,PRC_J2E1G0V5B0A6N1U5T3K5P1Z9S1B4L0,2110145,2021-12-31,295,237,234,0,3,295,234,0,3,58,1,True,True,match,0,0,0,
21,PRC_Y2D1K0Q3V1Z0Y1A5Q2R1M3M8B2T5P6,2108683,2021-12-31,295,246,243,0,3,295,243,0,3,49,1,True,True,match,0,0,0,
21,ARC_H2M1Q0G2M1Y7M1Z4E0A9R5Z7J5J0N3,2108169,2021-12-31,295,231,226,0,5,295,226,0,5,64,1,True,True,match,0,0,0,
21,PRC_D2I1C0W2V1L5Q1E1U2F2U2B1F6R7X9,2108087,2021-12-31,295,229,225,0,4,295,225,0,4,66,1,True,True,match,0,0,0,
21,PRC_J2G1K0F2E1P5O1S1X2X0M5Y3W5E4M3,2108086,2021-12-31,295,238,235,0,3,295,235,0,3,57,1,True,True,match,0,0,0,
21,PRC_Y2F1A0F2Y1N5A1D1S1M2V3F4Q2B0Z7,2108082,2021-12-31,295,242,237,0,5,295,237,0,5,53,1,True,True,match,0,0,0,
21,PRC_T2T1D0F2B0E1M1U5R5J4N2P2E2G0J9,2107969,2021-12-31,295,237,232,1,4,295,232,1,4,58,1,True,True,match,0,0,0,
21,PRC_C2V1C0J2T0Q1W1J4C2C8Y2Y5E4B1J2,2107925,2021-12-31,295,222,220,0,2,295,220,0,2,73,1,True,True,match,0,0,0,
21,PRC_C2K0E1X2B2B2A1V1K1E0Y0J3A9D3Z1,2106814,2021-12-31,295,231,221,3,7,295,221,3,7,64,1,True,True,match,0,0,0,
21,PRC_F2J0O1P2O1D5L1B5Y0F5I0C3H2W3W5,2106574,2021-12-31,295,230,216,3,11,295,216,3,11,65,1,True,True,match,0,0,0,
21,PRC_D2N1K1P1P2W5V1V4I0M2N3Q9R2B5O6,2113811,2021-12-09,295,177,174,0,3,295,174,0,3,118,1,True,True,match,0,0,0,
21,PRC_U2S1C1I1B2P5K1G4N0O1M4I8C9F2W2,2113810,2021-12-09,295,168,166,1,1,295,166,1,1,127,1,True,True,match,0,0,0,
21,PRC_I2U1K1N1L2E5G1O4Y0S9T5M2P5I8Y6,2113809,2021-12-09,295,177,174,0,3,295,174,0,3,118,1,True,True,match,0,0,0,
21,PRC_R2S1S1Y1S2B5F1G4O0K5X2D6W6T3U3,2113808,2021-12-09,295,172,170,0,2,295,170,0,2,123,1,True,True,match,0,0,0,
21,PRC_W2T1D1Y2N0S3D1S2C2O3V0H7J5P1I2,2113807,2021-12-09,295,178,175,0,3,295,175,0,3,117,1,True,True,match,0,0,0,
21,PRC_I2N1M1S1N2N5Q1X3A5H9E3T4Q9Z2Y0,2113806,2021-12-09,295,180,180,0,0,295,180,0,0,115,1,True,True,match,0,0,0,
21,PRC_F2Z1Q1Y2I0T3X1F2K1R8X4B3F0T8G7,2113805,2021-12-09,295,178,175,1,2,295,175,1,2,117,1,True,True,match,0,0,0,
21,PRC_Q2T1V1W2W0N3C1Y2J0Y8X5L7D8P6A8,2113804,2021-12-09,295,179,174,0,5,295,174,0,5,116,1,True,True,match,0,0,0,
21,PRC_I2Y1O1L2S0L1M2E1E2I9L4O9B3N9M4,2113803,2021-12-09,295,219,218,0,1,295,218,0,1,76,1,True,True,match,0,0,0,
21,PRC_F2F1R1Y2G0H1M2U1P3E0G2X6N6L7V1,2113802,2021-12-09,295,220,217,2,1,295,217,2,1,75,1,True,True,match,0,0,0,
21,PRC_C2B1J1G2I0E3R1Y2R0S5P5Z3A2F8M1,2113801,2021-12-09,295,179,177,0,2,295,177,0,2,116,1,True,True,match,0,0,0,
21,PRC_C2T1L1F2I0A1J2L1O2S8K2Y6I6T6O5,2113800,2021-12-09,295,220,218,0,2,295,218,0,2,75,1,True,True,match,0,0,0,
21,PRC_X2A1P1L1W2J5C1A4D0X0W2S0B7L4E9,2113799,2021-12-09,295,177,169,0,8,295,169,0,8,118,1,True,True,match,0,0,0,
21,PRC_O2K1P1E1H2N5V1H4F0N3O3O5L1I4M5,2113798,2021-12-09,295,181,181,0,0,295,181,0,0,114,1,True,True,match,0,0,0,
21,PRC_X2X1W1K1R2R5N1M4Z0Z6T0U2Q9A0P4,2113797,2021-12-09,295,178,177,0,1,295,177,0,1,117,1,True,True,match,0,0,0,
21,PRC_T2G1E1S2E0P1O2E1B3D3E0T6D7M7K7,2113796,2021-12-09,295,221,219,0,2,295,219,0,2,74,1,True,True,match,0,0,0,
21,PRC_I2S1T1J2D0M1D2X1H3H3L3H2Y2M6N4,2113795,2021-12-09,295,221,220,0,1,295,220,0,1,74,1,True,True,match,0,0,0,
21,PRC_J2S1D1N2H0O1R2K1A3Z4U4E5B7B5P5,2113794,2021-12-09,295,222,216,1,5,295,216,1,5,73,1,True,True,match,0,0,0,
21,PRC_B2E1X1I2M0F1U2V1R2V7K3X8X3M9D2,2113793,2021-12-09,295,217,202,1,14,295,202,1,14,78,1,True,True,match,0,0,0,
21,PRC_T2O1W1U2F0G1G1N7Y5T4Y5D0I9D0O0,2113792,2021-12-09,295,171,166,0,5,295,166,0,5,124,1,True,True,match,0,0,0,
21,PRC_L2Z1X1Y2W0A2J1Y0Z2Q0V0G5L2W7M0,2113791,2021-12-09,295,177,177,0,0,295,177,0,0,118,1,True,True,match,0,0,0,
21,PRC_I2U1V1T2X0B1T1V7I5V3U2Q6Q1N2E5,2113790,2021-12-09,295,167,164,0,3,295,164,0,3,128,1,True,True,match,0,0,0,
21,PRC_Y2O1Y1L2B0F1I1C7C4I5H2R0R1I8J9,2113789,2021-12-09,295,172,171,0,1,295,171,0,1,123,1,True,True,match,0,0,0,
21,PRC_F2F1W1M2N0A1I1V7S4Z8H0W2T4O4A7,2113788,2021-12-09,295,168,166,0,2,295,166,0,2,127,1,True,True,match,0,0,0,
21,PRC_X2U1J1U2K0A1L1I7T4A6S2X5H6T9R8,2113787,2021-12-09,295,170,168,1,1,295,168,1,1,125,1,True,True,match,0,0,0,
21,PRC_X2K1W1R2C0U1C1P7R4P1F4I0E6G4V7,2113786,2021-12-09,295,172,172,0,0,295,172,0,0,123,1,True,True,match,0,0,0,
21,PRC_D2X1O1Y2T0N1H1U7Y4G3F3O5E9M4G6,2113785,2021-12-09,295,174,173,0,1,295,173,0,1,121,1,True,True,match,0,0,0,
21,PRC_N2I1L1S2V0Z2B1V0Y1Y8U3I8K8S5M2,2113784,2021-12-09,295,173,170,0,3,295,170,0,3,122,1,True,True,match,0,0,0,
21,PRC_F2B1Q1K2H0Q2N1R0R2G3L1X7A6F2C4,2113783,2021-12-09,295,175,173,0,2,295,173,0,2,120,1,True,True,match,0,0,0,
21,PRC_X2A1A1H2Q0O3I1P3S4S9Z0T1M5P8I9,2113782,2021-12-09,295,171,171,0,0,295,171,0,0,124,1,True,True,match,0,0,0,
21,PRC_X2R1W0Q2Z2J3Y1Z9O5H7G0A4F4K5U6,2113781,2021-12-09,295,174,173,0,1,295,173,0,1,121,1,True,True,match,0,0,0,
21,PRC_M2H1L1H2C0T3C1C3E4L8E0P3W8K1B6,2113780,2021-12-09,295,174,172,0,2,295,172,0,2,121,1,True,True,match,0,0,0,
21,PRC_E2E1W1G2W0J2B1Q0X2T5E0N7D5Z2Q5,2113779,2021-12-09,295,170,167,0,3,295,167,0,3,125,1,True,True,match,0,0,0,
21,PRC_G2Q1F1Q2K0B1D1U7K5I7E3C7U3F9J8,2113778,2021-12-09,295,174,174,0,0,295,174,0,0,121,1,True,True,match,0,0,0,
21,PRC_E2T1D1N2E0V1L1I7S5N6C4T9A0J0L9,2113777,2021-12-09,295,170,166,1,3,295,166,1,3,125,1,True,True,match,0,0,0,
21,PRC_P2D1A1O2Z0Q2G1D0P2V4O2N2I4F9I4,2113776,2021-12-09,295,175,174,0,1,295,174,0,1,120,1,True,True,match,0,0,0,
21,PRC_B2X1O1Z2Y0I8F1D4N0R2G4E7T0M7U1,2113775,2021-12-09,295,221,193,15,13,295,193,15,13,74,1,True,True,match,0,0,0,
21,PRC_A2Z1Q1X1T2J5O1L3M2D6F0C7O5I2U7,2113774,2021-12-09,295,199,186,5,8,295,186,5,8,96,1,True,True,match,0,0,0,
21,PRC_W2U1K1G1I2U5A1U1I3X0I0Q3G0G1V5,2113773,2021-12-09,295,202,180,10,12,295,180,10,12,93,1,True,True,match,0,0,0,
21,PRC_T2V1M1O2T0R2T0R7I4I1I4T5R8X6P6,2113772,2021-12-09,295,177,169,0,8,295,169,0,8,118,1,True,True,match,0,0,0,
21,PRC_B2X1O1U2I0W2T0C7X3M3N2F6J7E8D8,2113771,2021-12-09,295,175,171,0,4,295,171,0,4,120,1,True,True,match,0,0,0,
21,PRC_S2H1J1C2P0E2J0S7K3G4H1Q9I9F4Z1,2113770,2021-12-09,295,180,169,0,11,295,169,0,11,115,1,True,True,match,0,0,0,
21,PRC_N2I1E1C2B0E2J0O7L3D5J4U0Z7E8X9,2113769,2021-12-09,295,184,184,0,0,295,184,0,0,111,1,True,True,match,0,0,0,
21,PRC_Z2C1D1G1Y2J5K1K3Y2U9T4N5G2H5E7,2113768,2021-12-09,295,200,199,0,1,295,199,0,1,95,1,True,True,match,0,0,0,
21,PRC_F2M1Z1O2Z0S8D1D6X2F3A2J2Z2W7W2,2113767,2021-12-09,295,215,207,0,8,295,207,0,8,80,1,True,True,match,0,0,0,
21,PRC_M2M1T1F1K2R5G1B3I2J9Q0T6H6F7O8,2113766,2021-12-09,295,198,197,0,1,295,197,0,1,97,1,True,True,match,0,0,0,
21,PRC_W2Q1G1B1M2L5W1N1O1J4D2P2Y2H5M3,2113765,2021-12-09,295,201,190,1,10,295,190,1,10,94,1,True,True,match,0,0,0,
21,PRC_L2U1W1S2C0A8F1F4C0Z1U2H4W3Q5H4,2113764,2021-12-09,295,221,207,1,13,295,207,1,13,74,1,True,True,match,0,0,0,
21,PRC_P2N1T1M1X2L5G1S1G2W2E0P6W6Z0V3,2113763,2021-12-09,295,197,188,0,9,295,188,0,9,98,1,True,True,match,0,0,0,
21,PRC_W2G1C1A2L0C8V1E3B5N6X4D7Y2L8Y3,2113762,2021-12-09,295,223,219,0,4,295,219,0,4,72,1,True,True,match,0,0,0,
21,PRC_W2W1F1J1Z2Z5L1X1K1S9W0Y0G7G9W8,2113761,2021-12-09,295,200,194,0,6,295,194,0,6,95,1,True,True,match,0,0,0,
21,PRC_Q2L1Q1H2A0C8S1Z4D0O0U0W6O9I8A2,2113760,2021-12-09,295,222,222,0,0,295,222,0,0,73,1,True,True,match,0,0,0,
21,PRC_L2I1C1S2F0X8R1K3B5K9U0J9B7D2X6,2113759,2021-12-09,295,220,217,0,3,295,217,0,3,75,1,True,True,match,0,0,0,
21,PRC_P2P1E1T1W2G9Q1I8D4E8V4P2F4Y7Z4,2113758,2021-12-09,295,186,186,0,0,295,186,0,0,109,1,True,True,match,0,0,0,
21,PRC_B2G1T1X1K2G9B1M9M4D1G1Y4P2J8F1,2113757,2021-12-09,295,187,184,0,3,295,184,0,3,108,1,True,True,match,0,0,0,
21,PRC_A2Z1I1C2A0U1M1U0C2A0E5J4I6C4L8,2113756,2021-12-09,295,174,174,0,0,295,174,0,0,121,1,True,True,match,0,0,0,
21,PRC_W2N1G1U1J0F2W1Z7A4N2L3X1M6C2T6,2113143,2021-12-09,295,184,182,0,2,295,182,0,2,111,1,True,True,match,0,0,0,
21,PRC_E2D1M1J1T0A2J1G7W3B7C2O5S2R4O1,2113141,2021-12-09,295,180,177,0,3,295,177,0,3,115,1,True,True,match,0,0,0,
21,PRC_S2L1L1X1T0U2C1L7F3N4T3L9P2V5V4,2113140,2021-12-09,295,181,180,0,1,295,180,0,1,114,1,True,True,match,0,0,0,
21,PRC_C2M1G1R1E0B2F1B7M4S4P3T8J1C9Y0,2113139,2021-12-09,295,182,181,0,1,295,181,0,1,113,1,True,True,match,0,0,0,
21,ARC_N2N1U1K1M0M3E1M6Y4Z2R0Q8A1R2H9,2113112,2021-12-09,295,180,176,0,4,295,176,0,4,115,1,True,True,match,0,0,0,
21,ARC_S2J1T1T0S0Z8U1I7Y3D0C1B7D1T3W1,2112818,2021-12-09,295,177,177,0,0,295,177,0,0,118,1,True,True,match,0,0,0,
21,PRC_Q2H1H0T9Z1K7V0O9N3S1S1C2S7T6T8,2112752,2021-12-09,295,223,208,1,14,295,208,1,14,72,1,True,True,match,0,0,0,
21,PRC_I2F1U0Q9E1S4G1F1O1J9X4Z1S8A3J4,2112739,2021-12-09,295,169,166,0,3,295,166,0,3,126,1,True,True,match,0,0,0,
21,ARC_P2F1T0D9E0G2K1Y8J1D7X2G4S8M2I4,2112411,2021-12-09,295,184,182,0,2,295,182,0,2,111,1,True,True,match,0,0,0,
21,PRC_E2M1O0U6G0F7H1F7C2M8F4D6I6P8J1,2112146,2021-12-09,295,176,175,0,1,295,175,0,1,119,1,True,True,match,0,0,0,
21,PRC_Z2Z1W0L6V2P2Q1K5R3E2T0N0J3M4V6,2111999,2021-12-09,295,170,166,0,4,295,166,0,4,125,1,True,True,match,0,0,0,
21,PRC_V2M1D0J8K0N4O1G6G1R7L0K4Y9R7T7,2111941,2021-12-09,295,196,195,0,1,295,195,0,1,99,1,True,True,match,0,0,0,
21,PRC_Q2B1Q0K7E2X9I1A4F2V9T2E0P7G9O4,2111907,2021-12-09,295,174,171,0,3,295,171,0,3,121,1,True,True,match,0,0,0,
21,PRC_D2P1O0F6T3P0J1U0L1T7X5O7F9L3H2,2111784,2021-12-09,295,173,166,1,6,295,166,1,6,122,1,True,True,match,0,0,0,
21,PRC_W2Y1Q0B7G1A6F1A8U2E1K4X3M5A4Y7,2111747,2021-12-09,295,171,169,0,2,295,169,0,2,124,1,True,True,match,0,0,0,
21,PRC_Q2J1A0H7G0K7A1Z6M3H0F0S3H7T5W8,2111447,2021-12-09,295,181,181,0,0,295,181,0,0,114,1,True,True,match,0,0,0,
21,PRC_O2O1I0B6D2A1Z1K3B4B5L5Q5Y7F2R5,2111130,2021-12-09,295,223,200,7,16,295,200,7,16,72,1,True,True,match,0,0,0,
21,PRC_Z2W1Z0F6Q2G4U0R8B5J6B1M7D6H6B3,2111105,2021-12-09,295,185,185,0,0,295,185,0,0,110,1,True,True,match,0,0,0,
21,PRC_X2Y1J0S6F0T3R0C9C4C6G3H3M2P9T5,2110756,2021-12-09,295,180,180,0,0,295,180,0,0,115,1,True,True,match,0,0,0,
21,PRC_W2V1V0I3O1W0J1P6S5Z0F5S8M0O1U1,2110699,2021-12-09,295,225,212,5,8,295,212,5,8,70,1,True,True,match,0,0,0,
21,PRC_V2C1N0M5F2A7S1T4B2D4E2V2O0O6M6,2110566,2021-12-09,295,175,175,0,0,295,175,0,0,120,1,True,True,match,0,0,0,
21,PRC_Z2J1Z0N3O1F0Q1N6Z5E2Q0B3S0B4P9,2110514,2021-12-09,295,220,205,5,10,295,205,5,10,75,1,True,True,match,0,0,0,
21,PRC_U2K1J0P6F0P2Y0P9S4M1K5T3J2I8J5,2110505,2021-12-09,295,160,158,0,2,295,158,0,2,135,1,True,True,match,0,0,0,
21,PRC_L2H1F0W5V2F5G0W8W1H5W1S3W1D8L7,2110390,2021-12-09,295,163,163,0,0,295,163,0,0,132,1,True,True,match,0,0,0,
21,PRC_I2W1M0W4I1Z4I0V8M5S6W0L2X5J9Y1,2110307,2021-12-09,295,222,216,0,6,295,216,0,6,73,1,True,True,match,0,0,0,
21,ARC_G2H1T0Y5H2H0H1Y4H3G6Q2Y2O0M0Y9,2110233,2021-12-09,295,175,173,0,2,295,173,0,2,120,1,True,True,match,0,0,0,
21,PRC_U2T1P0G5F1C2M1A5N2K1L3N8X2R6L4,2110187,2021-12-09,295,166,163,0,3,295,163,0,3,129,1,True,True,match,0,0,0,
21,PRC_R2U1R0F5V1N2Z1U5Z1L9C0G8A5D5S0,2110181,2021-12-09,295,174,173,0,1,295,173,0,1,121,1,True,True,match,0,0,0,
21,PRC_U2Z1E0N5W0X6I0I6J3Z7N2G5C9I5T2,2110076,2021-12-09,295,201,198,0,3,295,198,0,3,94,1,True,True,match,0,0,0,
21,PRC_T2G1U0F4N2U1Y1O3S4R6Z2W7M1R8U9,2109724,2021-12-09,295,197,193,0,4,295,193,0,4,98,1,True,True,match,0,0,0,
21,ARC_J2L1O0U4X1P6V1N5G2V5C3X9O1X6Z5,2109543,2021-12-09,295,200,200,0,0,295,200,0,0,95,1,True,True,match,0,0,0,
21,PRC_V2J1B0T3Z1A0Z1W1P2X3D3F6I4Y4T0,2108972,2021-12-09,295,181,178,0,3,295,178,0,3,114,1,True,True,match,0,0,0,
21,PRC_N2C1J0S3I0L9Z1C0Y2P3O2Y7Z4Q1D4,2108762,2021-12-09,295,198,185,4,9,295,185,4,9,97,1,True,True,match,0,0,0,
21,PRC_B2Q1R0E3M1Q2N1A5H5S9D3S6N7V7O7,2108754,2021-12-09,295,169,169,0,0,295,169,0,0,126,1,True,True,match,0,0,0,
21,PRC_Q2L1C0B3R0R9R1B0N1S7T3B6P8J9V0,2108739,2021-12-09,295,194,184,4,6,295,184,4,6,101,1,True,True,match,0,0,0,
21,PRC_W2L1Z0T2I2X4A1W4Y5L2U2W8T1Z0K0,2108672,2021-12-09,295,184,183,0,1,295,183,0,1,111,1,True,True,match,0,0,0,
21,PRC_L2V1E0G1X2R9I0M9F4W7N4L0F1M3Q8,2107754,2021-12-09,295,170,169,0,1,295,169,0,1,125,1,True,True,match,0,0,0,
21,ARC_E2M0X1P2Z3U1N1V6E3M1T0K0S4W1V4,2107122,2021-12-09,295,221,211,3,7,295,211,3,7,74,1,True,True,match,0,0,0,
21,ARC_O2T0Y1D2Q3A1P1V0A0Z7U1B1F5T2M5,2107078,2021-12-09,295,186,186,0,0,295,186,0,0,109,1,True,True,match,0,0,0,
21,PRC_V2N0R1G2T1F1M1P0E1O0W5T1O1D1B0,2107073,2021-12-09,295,169,167,0,2,295,167,0,2,126,1,True,True,match,0,0,0,
21,ARC_D2G0Q1S2S3N0B1N4E5B5S4L4V0Y7H5,2107044,2021-12-09,295,184,181,0,3,295,181,0,3,111,1,True,True,match,0,0,0,
21,PRC_R2U0K1Z2W1F5Q1F1I3C0Y2V9I4V3Y9,2106620,2021-12-09,295,219,182,10,27,295,182,10,27,76,1,True,True,match,0,0,0,
21,PRC_Z2W0E1O2V1B6H1Z5T2O8V2V7V3Y9N8,2106553,2021-12-09,295,224,222,0,2,295,222,0,2,71,1,True,True,match,0,0,0,
21,PRC_T2P0R1J2F1K5R1W1M3L1I1J9O8D7B4,2106543,2021-12-09,295,215,172,13,30,295,172,13,30,80,1,True,True,match,0,0,0,
21,PRC_S2A0I1U2I0I7W1S3R3G8R4P5L7B3T7,2106158,2021-12-09,295,171,169,0,2,295,169,0,2,124,1,True,True,match,0,0,0,
21,PRC_U2O0D1J1P0L6Z1B1Y3Y9T0K0Q4I7K6,2105774,2021-12-09,295,169,168,0,1,295,168,0,1,126,1,True,True,match,0,0,0,
21,PRC_P2X0S1X1E2B5L1V5O1D0G0J5X4J2S0,2105730,2021-12-09,295,169,166,0,3,295,166,0,3,126,1,True,True,match,0,0,0,
21,PRC_Y2D0G1F1V1V9M1V4B1Y1B2K5I7K9N1,2105541,2021-12-09,295,200,198,0,2,295,198,0,2,95,1,True,True,match,0,0,0,
21,PRC_F2G0V1I1G1Y6L1S6J4Y2X2H1F0O9E9,2105386,2021-12-09,295,187,183,0,4,295,183,0,4,108,1,True,True,match,0,0,0,
21,PRC_B2O0G1R0Y2F1C1V7N2R0U2Z1C9N3G6,2104598,2021-12-09,295,225,218,0,7,295,218,0,7,70,1,True,True,match,0,0,0,
21,PRC_W2J0N1V0Z0Y8B1N3G5F6D4O7L8I2Y2,2104576,2021-12-09,295,172,168,0,4,295,168,0,4,123,1,True,True,match,0,0,0,
21,PRC_F2P0E0K9C2Y8Y1T7T2W0T5Z7W4U1B1,2104318,2021-12-09,295,169,165,0,4,295,165,0,4,126,1,True,True,match,0,0,0,
21,ARC_Y2I0G0H8M0D7N1J6N2M3Q3Q7Q3M5U7,2102818,2021-12-09,295,218,217,0,1,295,217,0,1,77,1,True,True,match,0,0,0,
21,PRC_O2G0S0N7G3B0S1N8C0K6L5F8U1Z5J8,2102538,2021-12-09,295,203,200,0,3,295,200,0,3,92,1,True,True,match,0,0,0,
21,PRC_X2Z0A0Y7P1H0J1M4F4J6B0K8L8M2U6,2101779,2021-12-09,295,172,171,1,0,295,171,1,0,123,1,True,True,match,0,0,0,
21,PRC_A2C1D0G9N0Q3S1Y1A0O3E3B4A9J8V0,2112424,2021-12-03,295,215,212,0,3,295,212,0,3,80,1,True,True,match,0,0,0,
21,PRC_T2J1I0D9B0L3D1W1R0F2A2E3E4T1I9,2112423,2021-12-03,295,218,215,0,3,295,215,0,3,77,1,True,True,match,0,0,0,
21,PRC_S2Y1Q0N9V0Q3A1J1N0O1G0H1S3B3K3,2112422,2021-12-03,295,220,218,1,1,295,218,1,1,75,1,True,True,match,0,0,0,
21,PRC_C2D1V1V2B0C3U0M8V4N8T3J6X1G2M1,2112421,2021-12-03,295,223,184,9,30,295,184,9,30,72,1,True,True,match,0,0,0,
21,PRC_N2J1Q1F2H0J3E0Q8A4K7Y2Z9V4H6I7,2112418,2021-12-03,295,229,179,14,36,295,179,14,36,66,1,True,True,match,0,0,0,
21,PRC_G2T1R1H2U0U3F0N8K4X6U2E2O2X1B4,2112417,2021-12-03,295,236,159,53,24,295,159,53,24,59,1,True,True,match,0,0,0,
21,PRC_R2N1Z1P2N0D2N1B4W2K4D2H8I3Z9M4,2113686,2021-12-02,295,225,222,0,3,295,222,0,3,70,1,True,True,match,0,0,0,
21,PRC_C2R1O1U1L2R4M1C7K0B5A2O6J3L0K0,2113658,2021-12-02,295,211,208,0,3,295,208,0,3,84,1,True,True,match,0,0,0,
21,PRC_G2S1F1G1R2V4A1Y6T5X9M4J9P2J6H1,2113656,2021-12-02,295,210,208,0,2,295,208,0,2,85,1,True,True,match,0,0,0,
21,PRC_Y2X1P1F1D2G4K1D7V0I3A3A3D1X8Q3,2113655,2021-12-02,295,210,203,0,7,295,203,0,7,85,1,True,True,match,0,0,0,
21,PRC_Q2L1A1E1C2V4T1Q7W0I8F2P7I9A1K0,2113654,2021-12-02,295,204,200,0,4,295,200,0,4,91,1,True,True,match,0,0,0,
21,PRC_L2U1D1A1W2P4T2U0L0M7Q5R8S8F1S1,2113649,2021-12-02,295,219,211,0,8,295,211,0,8,76,1,True,True,match,0,0,0,
21,PRC_I2W1A1K1N1B8I1F9K2V2W3S0D7P0M2,2113648,2021-12-02,295,212,193,2,17,295,193,2,17,83,1,True,True,match,0,0,0,
21,PRC_M2R1N1W1O2S4K2M0Q0K6U1E4X3Y2Q7,2113647,2021-12-02,295,218,216,0,2,295,216,0,2,77,1,True,True,match,0,0,0,
21,PRC_T2Q1A1Q1X2B4D2Z0T0F4Z5E8R2H9K1,2113646,2021-12-02,295,210,210,0,0,295,210,0,0,85,1,True,True,match,0,0,0,
21,PRC_V2X1V1E1G2H5S1C0S4C2G5A7G7T7L8,2113645,2021-12-02,295,210,205,0,5,295,205,0,5,85,1,True,True,match,0,0,0,
21,PRC_K2B1V1G1H2S5V1T0O2E2E1F3L3S0E9,2113643,2021-12-02,295,208,207,0,1,295,207,0,1,87,1,True,True,match,0,0,0,
21,PRC_S2B1K1P1I2N5M1F0N2P0T5W2A9K8M9,2113642,2021-12-02,295,207,206,0,1,295,206,0,1,88,1,True,True,match,0,0,0,
21,PRC_X2W1I1H1A2M4G2D0I0J1P0M1Y2Q3A7,2113640,2021-12-02,295,214,204,1,9,295,204,1,9,81,1,True,True,match,0,0,0,
21,PRC_J2X1Y1C1A2B5B1A0U4C3R4B2K7F1E0,2113639,2021-12-02,295,219,216,0,3,295,216,0,3,76,1,True,True,match,0,0,0,
21,PRC_H2E1T1C1M2I4B1M9V4P0P4X2Q9D5S0,2113638,2021-12-02,295,208,203,0,5,295,203,0,5,87,1,True,True,match,0,0,0,
21,PRC_K2A1T1O1H2V5S1D1G0C9W1N9E4G3Y2,2113637,2021-12-02,295,215,211,0,4,295,211,0,4,80,1,True,True,match,0,0,0,
21,PRC_I2G1W1V1S2E4M2Q0H1Q1T4L0E5G8C7,2113636,2021-12-02,295,204,201,0,3,295,201,0,3,91,1,True,True,match,0,0,0,
21,PRC_Y2T1J1B1T2Z4B1F9H5E0W1A7D8L1Q6,2113635,2021-12-02,295,212,209,0,3,295,209,0,3,83,1,True,True,match,0,0,0,
21,PRC_M2V1E1G1X2M4X1E9Z3N8K4G6O9O7F9,2113634,2021-12-02,295,203,200,0,3,295,200,0,3,92,1,True,True,match,0,0,0,
21,PRC_M2L1C1U1N2P4U1X9N3T7R5Y0O2M5P6,2113633,2021-12-02,295,214,212,0,2,295,212,0,2,81,1,True,True,match,0,0,0,
21,PRC_R2O1F1T1E2T4R2A0R1N0Y3W3H9V8Y6,2113632,2021-12-02,295,217,209,0,8,295,209,0,8,78,1,True,True,match,0,0,0,
21,PRC_O2Z1K1O1N2Z4S1H9Y3V6T3O1Y8J9P9,2113631,2021-12-02,295,208,204,0,4,295,204,0,4,87,1,True,True,match,0,0,0,
21,PRC_J2S1P1K1J2X4J1N9P3A5O3P4O7G9X5,2113630,2021-12-02,295,208,198,1,9,295,198,1,9,87,1,True,True,match,0,0,0,
21,PRC_U2M1S0C6W2B5M1Z3W5E5D4R9N4I7M5,2113629,2021-12-02,295,215,210,1,4,295,210,1,4,80,1,True,True,match,0,0,0,
21,PRC_H2M1D0H9Y3Q0Z0B9W3D0X2M8U9D8X8,2113627,2021-12-02,295,211,209,0,2,295,209,0,2,84,1,True,True,match,0,0,0,
21,PRC_U2E1D0N9X3H0U0D9N3L1W4L3Q3W4T0,2113626,2021-12-02,295,215,209,3,3,295,209,3,3,80,1,True,True,match,0,0,0,
21,PRC_H2S1U1D1B2F4D1W7F5D5H5Y5U0B7T2,2113625,2021-12-02,295,196,195,0,1,295,195,0,1,99,1,True,True,match,0,0,0,
21,PRC_B2A1E1C1D2S4O1E7L2I3G2M3Q6U4N0,2113624,2021-12-02,295,194,193,0,1,295,193,0,1,101,1,True,True,match,0,0,0,
21,PRC_O2T1V1G1C2C3C2M0U2V7F0F4I0C1V1,2113623,2021-12-02,295,190,189,0,1,295,189,0,1,105,1,True,True,match,0,0,0,
21,PRC_X2O1T1N1E2H4G1H6D1O5O1T0Z4J5M2,2113622,2021-12-02,295,193,190,0,3,295,190,0,3,102,1,True,True,match,0,0,0,
21,PRC_I2O1D1O1I2B3F2W0K2F3S3S4S1Q2I1,2113621,2021-12-02,295,189,188,0,1,295,188,0,1,106,1,True,True,match,0,0,0,
21,PRC_C2Z1N1D1V2M9F1B9D0M0P0D9H5T4P4,2113620,2021-12-02,295,201,190,0,11,295,190,0,11,94,1,True,True,match,0,0,0,
21,PRC_M2T1X1I1P2F9U1Z9R0R1J1Y4C7M5L8,2113619,2021-12-02,295,209,208,0,1,295,208,0,1,86,1,True,True,match,0,0,0,
21,PRC_V2D1N1N1H2Y9M1S8F5Q2K2V3F1Q5A0,2113618,2021-12-02,295,214,199,5,10,295,199,5,10,81,1,True,True,match,0,0,0,
21,PRC_J2F1G1J1N2W9J1U8I4H9Y4X6Y6C9R6,2113617,2021-12-02,295,214,214,0,0,295,214,0,0,81,1,True,True,match,0,0,0,
21,PRC_U2C1F1F1O2L9K1B9D4K0P3A6U7V6I8,2113616,2021-12-02,295,217,214,0,3,295,214,0,3,78,1,True,True,match,0,0,0,
21,PRC_D2W1R1R1H2R9W1Y8X5R7C0T2Y3D2K3,2113615,2021-12-02,295,202,199,0,3,295,199,0,3,93,1,True,True,match,0,0,0,
21,PRC_T2A1C1A1B2E9B1T8M5Q1X1B2X7S4F7,2113614,2021-12-02,295,198,146,28,24,295,146,28,24,97,1,True,True,match,0,0,0,
21,PRC_H2N1X1L1J2H9P1B8E5L5T2X2B3N2N5,2113613,2021-12-02,295,221,198,9,14,295,198,9,14,74,1,True,True,match,0,0,0,
21,PRC_I2D1H1D1M2J9D1L9O1Q3K3X7G8D9F8,2113612,2021-12-02,295,216,207,3,6,295,207,3,6,79,1,True,True,match,0,0,0,
21,PRC_Y2X1X1G1O2T9D1E8E4V1P2O9Q5E8R2,2113611,2021-12-02,295,213,213,0,0,295,213,0,0,82,1,True,True,match,0,0,0,
21,PRC_N2A1P1H1L2R9U1I9N0U0J3U6J4W8T1,2113610,2021-12-02,295,198,195,0,3,295,195,0,3,97,1,True,True,match,0,0,0,
21,PRC_K2K1L1C1Y2N4A1B6R5J7L2U7B9N7B2,2113548,2021-12-02,295,217,211,0,6,295,211,0,6,78,1,True,True,match,0,0,0,
21,PRC_J2V1U1N0M2U1K1Z4G2Z9D3K1G1B4K0,2112912,2021-12-02,295,220,201,7,12,295,201,7,12,75,1,True,True,match,0,0,0,
21,PRC_J2X1E1B0Y2F1E1V4K2X8F2E0K9V9E1,2112911,2021-12-02,295,220,208,5,7,295,208,5,7,75,1,True,True,match,0,0,0,
21,PRC_B2G1B1A0P0U3V2I2I5A3H5F4F7K0Y7,2112868,2021-12-02,295,200,197,1,2,295,197,1,2,95,1,True,True,match,0,0,0,
21,PRC_D2P1K1A0R0M1V1R4U5R3A0V2G6X6J5,2112767,2021-12-02,295,212,193,11,8,295,193,11,8,83,1,True,True,match,0,0,0,
21,PRC_K2S1Y0G9N2R9A1W5K3F2O4M7Q4I4I3,2112737,2021-12-02,295,216,201,2,13,295,201,2,13,79,1,True,True,match,0,0,0,
21,PRC_J2Z1M0L9Z2Q9S1O5V3Y2M2A7M3E0V2,2112736,2021-12-02,295,213,197,1,15,295,197,1,15,82,1,True,True,match,0,0,0,
21,PRC_Y2O1K0F7T1N9V0A9M1P2L4O3U2F3F8,2112662,2021-12-02,295,205,195,0,10,295,195,0,10,90,1,True,True,match,0,0,0,
21,PRC_V2U1J0N9L1E6I1P7I2G9D5Y5R4L2F7,2112646,2021-12-02,295,221,209,0,12,295,209,0,12,74,1,True,True,match,0,0,0,
21,PRC_Z2K1X0C7S0X7E1C7K1P2M0B5H6C5H2,2112462,2021-12-02,295,211,205,0,6,295,205,0,6,84,1,True,True,match,0,0,0,
21,ARC_Q2K1T0L9X0Q2D1H8O1Z8X2W7A2I1P1,2112408,2021-12-02,295,204,204,0,0,295,204,0,0,91,1,True,True,match,0,0,0,
21,ARC_I2W1D0A9S0R2I1A7Z3D1D2H3Q7D5E3,2112399,2021-12-02,295,220,218,0,2,295,218,0,2,75,1,True,True,match,0,0,0,
21,ARC_X2N1L0S9S0R2W1Q7F3B1Q3N5Q7J8C5,2112398,2021-12-02,295,220,217,0,3,295,217,0,3,75,1,True,True,match,0,0,0,
21,ARC_B2B1A0C9X0V2K1G6P3Y2W3J9U5K5P6,2112395,2021-12-02,295,201,200,0,1,295,200,0,1,94,1,True,True,match,0,0,0,
21,PRC_R2H1L0J8G2B7A1A5A3R1P1N1K9J0P1,2112312,2021-12-02,295,206,194,4,8,295,194,4,8,89,1,True,True,match,0,0,0,
21,PRC_O2N1D0C7F1P4Q1K8H0H4D3O8K2J7X6,2111948,2021-12-02,295,215,213,0,2,295,213,0,2,80,1,True,True,match,0,0,0,
21,PRC_Z2K1W0T7J2A6L1L8F0L0F4C0N1D8H7,2111814,2021-12-02,295,214,203,2,9,295,203,2,9,81,1,True,True,match,0,0,0,
21,PRC_V2P1N0P7X2O0O1D4O2K1O2D8Z8G9G1,2111789,2021-12-02,295,197,195,0,2,295,195,0,2,98,1,True,True,match,0,0,0,
21,PRC_B2G1U0Y7F0G9I0F8T4Q9I5B7V9X5A2,2111541,2021-12-02,295,220,205,0,15,295,205,0,15,75,1,True,True,match,0,0,0,
21,PRC_B2A1E0W7R0W7D1W6P1X6H3P4D3U8K0,2111503,2021-12-02,295,211,197,3,11,295,197,3,11,84,1,True,True,match,0,0,0,
21,PRC_B2B1Z0I6N2G2G1U5N2O5N4E8J6W5T1,2110965,2021-12-02,295,215,214,0,1,295,214,0,1,80,1,True,True,match,0,0,0,
21,PRC_A2K1Z0O5N3K1U1U4E2O9R0P0L5Z4H1,2110475,2021-12-02,295,224,222,0,2,295,222,0,2,71,1,True,True,match,0,0,0,
21,PRC_C2U1J0H5U3G1N1H3S3B9T0Y0X7M0G8,2110474,2021-12-02,295,221,221,0,0,295,221,0,0,74,1,True,True,match,0,0,0,
21,PRC_F2V1Y0F5N2W4A1C3O3W6B3K3O9H7Q2,2110329,2021-12-02,295,213,207,0,6,295,207,0,6,82,1,True,True,match,0,0,0,
21,PRC_F2K1T0G5Q1C1L1C4H3I2N1C0K3O9S8,2110116,2021-12-02,295,206,198,1,7,295,198,1,7,89,1,True,True,match,0,0,0,
21,PRC_N2U1S0G3Z2H6K1M5X2Z6V3V8T3M7V0,2109958,2021-12-02,295,204,199,1,4,295,199,1,4,91,1,True,True,match,0,0,0,
21,PRC_G2W1O0B3H2F6V1H5G2V7R2B2J0P3G9,2109957,2021-12-02,295,204,198,0,6,295,198,0,6,91,1,True,True,match,0,0,0,
21,PRC_X2R1Q0P4Z0P1T1N5Z5T5X3C8X1O1V7,2109844,2021-12-02,295,199,198,0,1,295,198,0,1,96,1,True,True,match,0,0,0,
21,PRC_R2G1T0T4O1K6H1E4J1E1X3U3Q2V6V4,2109533,2021-12-02,295,210,208,0,2,295,208,0,2,85,1,True,True,match,0,0,0,
21,PRC_I2O1P0K3L2V3E1X4X2R7U4Z0S2P8P4,2109355,2021-12-02,295,202,201,0,1,295,201,0,1,93,1,True,True,match,0,0,0,
21,PRC_L2Y1T0C3E2V3K1H4N3D2B3V2G3K9J0,2109354,2021-12-02,295,209,208,0,1,295,208,0,1,86,1,True,True,match,0,0,0,
21,PRC_W2K1F0L3T1H6Y1N5K1D6X3T2Q3J7P3,2109108,2021-12-02,295,218,211,0,7,295,211,0,7,77,1,True,True,match,0,0,0,
21,PRC_Y2T1E0I3L0R9L1A0A2E2H2O8X8U7K9,2108820,2021-12-02,295,218,213,0,5,295,213,0,5,77,1,True,True,match,0,0,0,
21,PRC_L2F1A0Y3G1S5I1N1S3A0X2P6P1F5T4,2108790,2021-12-02,295,208,207,0,1,295,207,0,1,87,1,True,True,match,0,0,0,
21,PRC_J2Z1B0P2U1A9N1J4U3T4V3G1O2V8X4,2108454,2021-12-02,295,203,199,0,4,295,199,0,4,92,1,True,True,match,0,0,0,
21,PRC_F2U1B0B2M0Y1M1P8W1B8F5A2A9Y3F6,2107836,2021-12-02,295,214,196,5,13,295,196,5,13,81,1,True,True,match,0,0,0,
21,PRC_A2M1B0H1Z1Y3O1I4M2N9L2S0E3V6C8,2107344,2021-12-02,295,215,203,5,7,295,203,5,7,80,1,True,True,match,0,0,0,
21,PRC_X2N0B1A2F0B1Z1R1M5P2E5O8J9B0E9,2106455,2021-12-02,295,210,202,0,8,295,202,0,8,85,1,True,True,match,0,0,0,
21,ARC_Y2E0Z1Y1H2Z7Q1H0U1J7C3W7J2Q7J1,2105865,2021-12-02,295,211,209,0,2,295,209,0,2,84,1,True,True,match,0,0,0,
21,PRC_X2Z0W1I1I1E7M1K5C1L4Z0M6I5F5A7,2105418,2021-12-02,295,212,195,1,16,295,195,1,16,83,1,True,True,match,0,0,0,
21,PRC_L2X0N0A6H2I6Q1T5C1J9Z0T7I4L9J3,2101055,2021-12-02,295,219,216,0,3,295,216,0,3,76,1,True,True,match,0,0,0,
21,PRC_O2Q1N1Z1K0D9X1N6I1W6Q3K6J7X4H1,2113244,2021-11-11,296,186,186,0,0,296,186,0,0,110,1,True,True,match,0,0,0,
21,PRC_M2O1I0G3E1Y7P1U7D4E0Q0Z3D1K4C5,2113233,2021-11-11,296,200,199,0,1,296,199,0,1,96,1,True,True,match,0,0,0,
21,PRC_X2E1L0L9C0B9Y1Q7D3I1E1Z2E5Q1I3,2113232,2021-11-11,296,206,198,0,8,296,198,0,8,90,1,True,True,match,0,0,0,
21,PRC_F2I1A0E9F0J9N1Y7N3B1X5V1U5S8V8,2113231,2021-11-11,296,210,204,0,6,296,204,0,6,86,1,True,True,match,0,0,0,
21,PRC_O2I1Q0Y9P1R5G1B3W1B3Q4Y6D4R5C2,2113230,2021-11-11,296,211,208,0,3,296,208,0,3,85,1,True,True,match,0,0,0,
21,PRC_I2W1C0L9L0T9O1A7N3V0P2J1S4M4G8,2113229,2021-11-11,296,204,194,1,9,296,194,1,9,92,1,True,True,match,0,0,0,
21,PRC_Q2J1D0G9Q0Z9S1L7K3J3T0W6W2L4X1,2113228,2021-11-11,296,210,198,0,12,296,198,0,12,86,1,True,True,match,0,0,0,
21,PRC_K2Z1O0L9P1T5X1K3R1G1Q1J7L8Y9P3,2113226,2021-11-11,296,210,206,0,4,296,206,0,4,86,1,True,True,match,0,0,0,
21,PRC_R2Z1D0P9S1Y5G1G0N4T6U3C2A1J8X7,2113225,2021-11-11,296,208,201,0,7,296,201,0,7,88,1,True,True,match,0,0,0,
21,PRC_Y2Y1P1I0M2E0A1E0Q4U0O2Q9Q3O3Z8,2113224,2021-11-11,296,189,188,0,1,296,188,0,1,107,1,True,True,match,0,0,0,
21,PRC_D2Z1O1J0M2G0I1F1E0Q9I2V1Z3G0T9,2113223,2021-11-11,296,189,182,0,7,296,182,0,7,107,1,True,True,match,0,0,0,
21,PRC_R2C1F0L9R3A0Z1N5B3F4I2Y7N3M0P2,2113222,2021-11-11,296,193,192,0,1,296,192,0,1,103,1,True,True,match,0,0,0,
21,PRC_J2T1Q0M9J3M0T1J5Y1Y8T1L7K0J1T8,2113221,2021-11-11,296,188,187,0,1,296,187,0,1,108,1,True,True,match,0,0,0,
21,PRC_J2O1B0I9Q3B0G1X5D2P9X1S7H3H5S3,2113220,2021-11-11,296,203,195,0,8,296,195,0,8,93,1,True,True,match,0,0,0,
21,PRC_Q2Y1A0N9U3V0U1X5R2G8A2A9W0N3G5,2113219,2021-11-11,296,194,192,0,2,296,192,0,2,102,1,True,True,match,0,0,0,
21,PRC_O2P1V0T9M3D0Y1E5V2C9J5L5M3Y5W6,2113218,2021-11-11,296,198,194,0,4,296,194,0,4,98,1,True,True,match,0,0,0,
21,PRC_R2H1O0N7H1A5K1A6O3E5R0U9I2Q3V5,2113216,2021-11-11,296,208,169,5,34,296,169,5,34,88,1,True,True,match,0,0,0,
21,PRC_P2U1O0V3N2U3G1N6Q0A7F5W1I7C8X3,2113215,2021-11-11,296,200,197,1,2,296,197,1,2,96,1,True,True,match,0,0,0,
21,PRC_H2E1A0B9J1N5P1Q0B3P5H1Z8N6I1C1,2113213,2021-11-11,296,191,186,0,5,296,186,0,5,105,1,True,True,match,0,0,0,
21,PRC_I2T1S0H9W1F5U1C1J0H2S1R1T0Y0T7,2113212,2021-11-11,296,194,192,0,2,296,192,0,2,102,1,True,True,match,0,0,0,
21,PRC_G2E1Z0X9K1X5C1P1K0H0N3X8U4L2W0,2113211,2021-11-11,296,194,194,0,0,296,194,0,0,102,1,True,True,match,0,0,0,
21,PRC_P2U1C0B9G2K8C1U9M3X6R3N4B7D3N1,2113210,2021-11-11,296,225,218,0,7,296,218,0,7,71,1,True,True,match,0,0,0,
21,PRC_O2X1Y0S9W1P5T1U0S3O6G3F2U5S7O5,2113209,2021-11-11,296,194,188,2,4,296,188,2,4,102,1,True,True,match,0,0,0,
21,PRC_W2W1H0O9P1U5A1D0V3X9C1C0K2Z3I2,2113208,2021-11-11,296,192,187,0,5,296,187,0,5,104,1,True,True,match,0,0,0,
21,PRC_Z2P1V0N9Z2T8N1V9H3R4Y5I5Q2Y4I2,2113207,2021-11-11,296,222,215,0,7,296,215,0,7,74,1,True,True,match,0,0,0,
21,PRC_X2M1Q0Y9R1X5L1T0L3E7G3H8K2B3L3,2113206,2021-11-11,296,195,191,0,4,296,191,0,4,101,1,True,True,match,0,0,0,
21,PRC_J2X1M0Q9Y1K5A1H0A3N4E0N5L2Z7Q3,2113205,2021-11-11,296,203,202,0,1,296,202,0,1,93,1,True,True,match,0,0,0,
21,PRC_J2S1V0R9L2Y8G1H9D3R3S3Q9Z4X8D1,2113204,2021-11-11,296,223,217,0,6,296,217,0,6,73,1,True,True,match,0,0,0,
21,PRC_W2O1W0A9B2F8U1Q9O3X2I0K1C8K1G1,2113202,2021-11-11,296,223,211,0,12,296,211,0,12,73,1,True,True,match,0,0,0,
21,PRC_D2Y1C0R5B2T0M0X9K5C9D1W0N2M9Z9,2111037,2021-11-11,296,207,205,0,2,296,205,0,2,89,1,True,True,match,0,0,0,
21,PRC_Y2H1S0L5O2K7S1G7A2L9A1S8P5N6O0,2110427,2021-11-11,296,203,203,0,0,296,203,0,0,93,1,True,True,match,0,0,0,
21,PRC_N2Y1S0F4W2J9C1C5H4G0F3S2Y0Y9K1,2110404,2021-11-11,296,206,201,0,5,296,201,0,5,90,1,True,True,match,0,0,0,
21,PRC_Y2N1Z0U5A1H2K1F5O2J6Y1U7E9O0Q3,2110318,2021-11-11,296,205,199,0,6,296,199,0,6,91,1,True,True,match,0,0,0,
21,ARC_B2E1L0K5O1V0U1Y5B3M3G2D5U9T4L5,2109998,2021-11-11,296,205,203,0,2,296,203,0,2,91,1,True,True,match,0,0,0,
21,PRC_Z2L1S0O3B2Y4E1T2X4W5N3Q2U9M0R4,2109670,2021-11-11,296,200,200,0,0,296,200,0,0,96,1,True,True,match,0,0,0,
21,PRC_N2N1M0V3G1O5J1Z7U2Q5C1F4Q8I9X5,2109511,2021-11-11,296,206,194,1,11,296,194,1,11,90,1,True,True,match,0,0,0,
21,PRC_L2W1E0C3O3E1B1Z7J1U4O4M3K9Y6V5,2109281,2021-11-11,296,205,195,2,8,296,195,2,8,91,1,True,True,match,0,0,0,
21,PRC_X2I1M0N3L2K2Q1Y5P4B4R2P9L4Q9Z6,2108994,2021-11-11,296,196,190,0,6,296,190,0,6,100,1,True,True,match,0,0,0,
21,PRC_Z2N1R0D2E0R8F1P4Y2V9L5F5J7G4F2,2108664,2021-11-11,296,198,197,0,1,296,197,0,1,98,1,True,True,match,0,0,0,
21,PRC_D2B1F0C3Z0R3K1C0I5R3O4M2R7W5K4,2108479,2021-11-11,296,195,193,0,2,296,193,0,2,101,1,True,True,match,0,0,0,
21,PRC_R2G1O0W3J0O2V1E5V4R0V2Y0A8J5B8,2108461,2021-11-11,296,196,195,0,1,296,195,0,1,100,1,True,True,match,0,0,0,
21,PRC_K2W1C0Z2J1B7S1O5F4R3W3B9B6W2Z8,2108175,2021-11-11,296,200,200,0,0,296,200,0,0,96,1,True,True,match,0,0,0,
21,PRC_L2N1S0J1L2E0S1N6T4P0R3U9K3T9L3,2107621,2021-11-11,296,201,199,0,2,296,199,0,2,95,1,True,True,match,0,0,0,
21,PRC_R2I1O0O1Q1G5Q1B6L1G6P1T2N0H8T2,2107427,2021-11-11,296,200,199,0,1,296,199,0,1,96,1,True,True,match,0,0,0,
21,PRC_S2Y1Y0G1Z1R5V1P4G3I4U2L3G5E6M3,2107417,2021-11-11,296,193,193,0,0,296,193,0,0,103,1,True,True,match,0,0,0,
21,PRC_H2O0P1M2X2T9K1R0T3T3W5K8P1D2N3,2107165,2021-11-11,296,193,192,0,1,296,192,0,1,103,1,True,True,match,0,0,0,
21,PRC_P2Z0U1S2A2S3P1H3N2G4M5L1V0O8T7,2107110,2021-11-11,296,195,192,0,3,296,192,0,3,101,1,True,True,match,0,0,0,
21,PRC_O2F0U1R2E1M5F1V7G3S6D4M0L2V2B6,2106661,2021-11-11,296,191,163,10,18,296,163,10,18,105,1,True,True,match,0,0,0,
21,PRC_R2H0M1L2D1Y5T1U5M2S3W4I7P2S2N8,2106651,2021-11-11,296,192,169,6,17,296,169,6,17,104,1,True,True,match,0,0,0,
21,PRC_O2P0J1D2D1H5U1V5M2U4F4E1U2J1J5,2106642,2021-11-11,296,194,172,6,16,296,172,6,16,102,1,True,True,match,0,0,0,
21,PRC_O2G0H1S2D1C6V1N3F4X3K1A1H0L4X3,2106522,2021-11-11,296,200,199,0,1,296,199,0,1,96,1,True,True,match,0,0,0,
21,PRC_B2L0E1B1F0G3F1H0I0K1U5T9H0L9G4,2104869,2021-11-11,296,201,191,0,10,296,191,0,10,95,1,True,True,match,0,0,0,
21,ARC_I2C0A1P1L0D2V2G0A2D7C5I7X2K9V9,2104858,2021-11-11,296,225,224,0,1,296,224,0,1,71,1,True,True,match,0,0,0,
21,PRC_Q2Y0G0P9L2U2K1D3C5G5P3D4W9F6F4,2104115,2021-11-11,296,226,223,0,3,296,223,0,3,70,1,True,True,match,0,0,0,
21,PRC_X2D0S0P9N0D7E1F1E3Y1O4P7T9J2F2,2103871,2021-11-11,296,204,186,4,14,296,186,4,14,92,1,True,True,match,0,0,0,
21,PRC_M2B0G0P6D2P9H1Y0Q3A3L4L2U4X5C1,2101113,2021-11-11,296,224,217,1,6,296,217,1,6,72,1,True,True,match,0,0,0,
21,PRC_Z2I0J0V6B1E2M1G7P1V8I1V4B2R7J5,2100437,2021-11-11,296,218,214,0,4,296,214,0,4,78,1,True,True,match,0,0,0,
21,PRC_C2P1D0N9H2W9D2H0H1J0W1M7H5K1X0,2112744,2021-09-29,297,211,192,4,15,297,192,4,15,86,1,True,True,match,0,0,0,
21,PRC_R2Q1M0U9P0H8H2N0F5Y3P2T1E1P7X4,2112671,2021-09-29,297,225,220,0,5,297,220,0,5,72,1,True,True,match,0,0,0,
21,PRC_K2N1E0N9W0S8D2B0J5E4C0P4C1W3B8,2112666,2021-09-29,297,231,227,0,4,297,227,0,4,66,1,True,True,match,0,0,0,
21,PRC_X2J1O0W6P2B1K1A0S0A6N3P8X9I5D5,2111213,2021-09-29,297,227,215,1,11,297,215,1,11,70,1,True,True,match,0,0,0,
21,PRC_K2M1F0U4D1L5K0C9E4S7I0F8Q9C9S3,2109590,2021-09-29,297,223,206,2,15,297,206,2,15,74,1,True,True,match,0,0,0,
21,PRC_I2H1D0L1Q2O5H1U1D0N4W3E9G6C2L3,2107804,2021-09-29,297,229,223,0,6,297,223,0,6,68,1,True,True,match,0,0,0,
21,PRC_F2H0R1F1K0Y4E1C4M0T8O0S5N4O8W2,2105669,2021-09-29,297,219,202,2,15,297,202,2,15,78,1,True,True,match,0,0,0,
21,PRC_M2T0P1R1H1L2P1B6V0Y0W3W0I7R7G8,2105268,2021-09-29,297,221,218,0,3,297,218,0,3,76,1,True,True,match,0,0,0,
21,PRC_A2T0D1Y1W1U0D1P6A2I0M1Y5G7Y6S7,2105170,2021-09-29,297,221,210,1,10,297,210,1,10,76,1,True,True,match,0,0,0,
21,PRC_N2W0I1D0F2M9Z1W0F3Q4C1J3X1S7O4,2104893,2021-09-29,297,232,218,1,13,297,218,1,13,65,1,True,True,match,0,0,0,
21,PRC_H2M0Y1H0E2X9Z1Z0F3Z4L4B7R5J5H4,2104892,2021-09-29,297,231,221,0,10,297,221,0,10,66,1,True,True,match,0,0,0,
21,PRC_J2G0U1Z0Y2U9M1T0W3E3Q3R6U9U8T5,2104891,2021-09-29,297,232,220,0,12,297,220,0,12,65,1,True,True,match,0,0,0,
21,PRC_O2W0O1V0H1S9L1P1Q4X2V4D8J9B3B3,2104562,2021-09-29,297,226,211,0,15,297,211,0,15,71,1,True,True,match,0,0,0,
21,PRC_M2R1N0I9O0F2W1P7T5P0I0G8N4H2V4,2112691,2021-09-28,297,199,189,1,9,297,189,1,9,98,1,True,True,match,0,0,0,
21,PRC_W2P1U0D9B0S2K1M7Q4L2Q3R0A2L8E4,2112690,2021-09-28,297,187,162,1,24,297,162,1,24,110,1,True,True,match,0,0,0,
21,PRC_O2V0V0K9W2D1G1V9O2P2K3G6F9N8W6,2112689,2021-09-28,297,193,172,4,17,297,172,4,17,104,1,True,True,match,0,0,0,
21,PRC_I2R1K0K9Q0T9B1A7X2K7Y3R5Q5F0C8,2112688,2021-09-28,297,194,174,0,20,297,174,0,20,103,1,True,True,match,0,0,0,
21,PRC_F2V1P0H9D0L2H1F7F5G4P4O5L2T0R9,2112687,2021-09-28,297,198,194,0,4,297,194,0,4,99,1,True,True,match,0,0,0,
21,PRC_I2Q1R0X9N0I2Z1M7S5K5T4T5Y5N5P6,2112686,2021-09-28,297,204,200,0,4,297,200,0,4,93,1,True,True,match,0,0,0,
21,PRC_O2Y0X0U9U2Y1E1P9Q2X5R2A2J6T2F8,2112685,2021-09-28,297,194,170,2,22,297,170,2,22,103,1,True,True,match,0,0,0,
21,PRC_Q2D1M0W9W0S2I1X7V5W1N5N8V4I8G1,2112684,2021-09-28,297,199,184,0,15,297,184,0,15,98,1,True,True,match,0,0,0,
21,PRC_J2K1S0X9P0K2L1S7X5V0N4U3N2Z7V9,2112683,2021-09-28,297,201,184,1,16,297,184,1,16,96,1,True,True,match,0,0,0,
21,PRC_G2G1C0O6X1V6Z0E9N4P6Z4Q9K7P4F1,2112682,2021-09-28,297,197,171,1,25,297,171,1,25,100,1,True,True,match,0,0,0,
21,PRC_U2Y1A0U9G0Y2L1Q7H5J2Q3E8Q1Y2J6,2112681,2021-09-28,297,203,193,1,9,297,193,1,9,94,1,True,True,match,0,0,0,
21,PRC_F2M1O0I9T0Y9D1V7H4U3G5D3M9U3E0,2112680,2021-09-28,297,201,185,3,13,297,185,3,13,96,1,True,True,match,0,0,0,
21,PRC_V2A1O0V9W1R4J0I9W5T6B3N2E3H3U7,2112679,2021-09-28,297,200,192,5,3,297,192,5,3,97,1,True,True,match,0,0,0,
21,PRC_W2Q1H0D9L1L4Z1X0H0P9N5W7P9B5J8,2112678,2021-09-28,297,199,198,0,1,297,198,0,1,98,1,True,True,match,0,0,0,
21,PRC_O2R1A0D4G2Q0L1W4I4E2H1Z1K2J6R7,2112677,2021-09-28,297,196,178,0,18,297,178,0,18,101,1,True,True,match,0,0,0,
21,PRC_Y2Y1W0I8F2L6E1S0Q3N4P2A7F1V5W4,2112676,2021-09-28,297,202,193,2,7,297,193,2,7,95,1,True,True,match,0,0,0,
21,PRC_R2R1X0M4R2D0K1F5H4E0C2V3U6T2D3,2112675,2021-09-28,297,195,194,0,1,297,194,0,1,102,1,True,True,match,0,0,0,
21,PRC_E2J1E0G4Z2M0L1I4C3N9H0W6M5S9M6,2112674,2021-09-28,297,196,188,0,8,297,188,0,8,101,1,True,True,match,0,0,0,
21,PRC_B2S1D0M9S1O5A1Z0G3D0W3Y4F4H0T6,2112673,2021-09-28,297,202,200,0,2,297,200,0,2,95,1,True,True,match,0,0,0,
21,PRC_Q2N1M0E9V1Y5Z1N0M3Z2C4X8B9H1E5,2112672,2021-09-28,297,201,180,2,19,297,180,2,19,96,1,True,True,match,0,0,0,
21,PRC_H2Z1R0N8Q2B7O1C1Z2L4A5X0C2N4S2,2112670,2021-09-28,297,185,167,10,8,297,167,10,8,112,1,True,True,match,0,0,0,
21,PRC_M2Y1O0I9O0Z9B1M8I5X4O0M3H2R5D0,2112669,2021-09-28,297,192,147,22,23,297,147,22,23,105,1,True,True,match,0,0,0,
21,PRC_R2Y1J0E9J2S3B2G0K4H2K5M0X4Q6J6,2112668,2021-09-28,297,190,189,0,1,297,189,0,1,107,1,True,True,match,0,0,0,
21,PRC_S2Q1R0F7B0N8F1M0B2H2V2V5U3W8U7,2112667,2021-09-28,297,202,201,1,0,297,201,1,0,95,1,True,True,match,0,0,0,
21,PRC_E2F1W0W7P2A6K0Q9L4K4F3C2L5A7J7,2111754,2021-09-28,297,203,195,3,5,297,195,3,5,94,1,True,True,match,0,0,0,
21,PRC_M2M1G0M6S2H9N1V0V3Q2Z4W9M4C9D0,2111239,2021-09-28,297,203,197,0,6,297,197,0,6,94,1,True,True,match,0,0,0,
21,PRC_K2O1R0G3J2F6G1W4H2Z9J5E7E4Z1W4,2109277,2021-09-28,297,198,197,0,1,297,197,0,1,99,1,True,True,match,0,0,0,
21,PRC_K2Q1D0M2I2J6I1H7V4J5U0P0I6H4Y0,2108417,2021-09-28,297,198,193,0,5,297,193,0,5,99,1,True,True,match,0,0,0,
21,PRC_L2S1J0Y1E2Z8T1B0E1R4I2Y8J5I1G3,2107707,2021-09-28,297,192,192,0,0,297,192,0,0,105,1,True,True,match,0,0,0,
21,PRC_J2O1K0K1X0L8V1T1U2B1Y2E4I8B7L3,2107247,2021-09-28,297,198,186,1,11,297,186,1,11,99,1,True,True,match,0,0,0,
21,PRC_G2K0J1F2B1F5S1C1J0I8C1P6C1N5G5,2106614,2021-09-28,297,199,185,2,12,297,185,2,12,98,1,True,True,match,0,0,0,
21,PRC_T2G0W1U2J1J5X1M0K5R7E0A3M6Y6E0,2106480,2021-09-28,297,194,181,4,9,297,181,4,9,103,1,True,True,match,0,0,0,
21,PRC_F2Q0X1K2M1C5N1X0I5L8R0J5X7S0P5,2106476,2021-09-28,297,192,178,6,8,297,178,6,8,105,1,True,True,match,0,0,0,
21,PRC_B2F0K1U2S1Y0B1F7J4H7Q0W3F4H9L4,2106362,2021-09-28,297,203,199,0,4,297,199,0,4,94,1,True,True,match,0,0,0,
21,PRC_Z2Q0W1S1L2Z5V1W0V4Y0B4T9Z8I1F4,2105705,2021-09-28,297,193,191,0,2,297,191,0,2,104,1,True,True,match,0,0,0,
21,PRC_G2Z0H1Z1W2M5C1N0V0I0G3J9P9I2T0,2105698,2021-09-28,297,192,188,0,4,297,188,0,4,105,1,True,True,match,0,0,0,
21,PRC_G2P0G1P1Z1Q9E1Q6Q3R7B2S4M2Q0Y9,2105562,2021-09-28,297,196,193,0,3,297,193,0,3,101,1,True,True,match,0,0,0,
21,PRC_M2A0W1O1S0Q6E1I5N5B2U5K8P6S2Q0,2105045,2021-09-28,297,197,197,0,0,297,197,0,0,100,1,True,True,match,0,0,0,
21,PRC_Q2F0U0E6E0O9P1Q4S4U5A1W7B5J7A3,2100295,2021-09-28,297,195,182,1,12,297,182,1,12,102,1,True,True,match,0,0,0,
21,PRC_I2S1R0F9K1T0H1I8F0M6P2R1T7H3O8,2112511,2021-09-16,297,157,157,0,0,297,157,0,0,140,1,True,True,match,0,0,0,
21,PRC_A2Y1L0V9Z1V0W1K1V0A0N1S0J3E2E0,2112509,2021-09-16,297,153,153,0,0,297,153,0,0,144,1,True,True,match,0,0,0,
21,PRC_U2Q1D0K6G1I1A1L1T4Q1D3V9F5D8H7,2112219,2021-08-31,299,187,129,52,6,299,129,52,6,112,1,True,True,match,0,0,0,
21,PRC_U2N1D0E8N1S8F2K0B3I4V4I7F8I4G1,2112217,2021-08-31,299,167,109,42,16,299,109,42,16,132,1,True,True,match,0,0,0,
21,PRC_W2W1T0U8C1W9T1Q1S1Q0O0E0I4X9L3,2112216,2021-08-31,299,219,169,30,20,299,169,30,20,80,1,True,True,match,0,0,0,
21,PRC_L2C1P0H8D2V4F1A4W0T2P5Y6N3U8O4,2112215,2021-08-31,299,227,135,63,29,299,135,63,29,72,1,True,True,match,0,0,0,
21,PRC_A2B1C0F8L3Z0R1I7K0A0Z2B3Q1P9F1,2112213,2021-08-31,299,197,68,128,1,299,68,128,1,102,1,True,True,match,0,0,0,
21,PRC_Z2Z1S0W8P1O8G2A3D1E0V2Q0X2X5J3,2112213,2021-08-31,299,195,127,67,1,299,127,67,1,104,1,True,True,match,0,0,0,
21,PRC_I2O1W0R8C1Y8L1N9V2X6D0Y3G2I7M8,2112212,2021-08-31,299,210,143,49,18,299,143,49,18,89,1,True,True,match,0,0,0,
21,PRC_T2X1E0J8G1F8E2D3H0W7O4U8D7T6U9,2112211,2021-08-31,299,193,126,65,2,299,126,65,2,106,1,True,True,match,0,0,0,
21,PRC_E2U1G0H8J3H0M1L7H0C2X5C6G1F9E2,2112211,2021-08-31,299,194,66,128,0,299,66,128,0,105,1,True,True,match,0,0,0,
21,PRC_L2C1S0A8Q1D8E2X3Y1T1H3U8M6P3M0,2112210,2021-08-31,299,188,140,25,23,299,140,25,23,111,1,True,True,match,0,0,0,
21,PRC_F2N1M0T8T1U8W1Z9X2E5I0G5W4C0O6,2112209,2021-08-31,299,208,179,0,29,299,179,0,29,91,1,True,True,match,0,0,0,
21,PRC_T2M1D0G8T1O8C1X9Y2T3X5A3E4F8E1,2112208,2021-08-31,299,215,192,5,18,299,192,5,18,84,1,True,True,match,0,0,0,
21,PRC_I2N1B0L8C2K3F1X2U1R1W0V7Z9I5X4,2112206,2021-08-31,299,183,135,24,24,299,135,24,24,116,1,True,True,match,0,0,0,
21,PRC_H2U1I0K8M3I0B1L6F5X3R5T1M6F8R0,2112205,2021-08-31,299,206,68,138,0,299,68,138,0,93,1,True,True,match,0,0,0,
21,PRC_L2I1C0P8H1T8T2N3K1I5A0Q2W9V3P1,2112205,2021-08-31,299,212,138,74,0,299,138,74,0,87,1,True,True,match,0,0,0,
21,PRC_H2I1K0M8J3R0P1P7I1Y2S2D4P3D5U1,2112204,2021-08-31,299,205,76,128,1,299,76,128,1,94,1,True,True,match,0,0,0,
21,PRC_K2H1S0Z8P1P8P1R9E3Y1X4Y9P2K3T7,2112204,2021-08-31,299,203,130,70,3,299,130,70,3,96,1,True,True,match,0,0,0,
21,PRC_E2Z1F0E7F2Y0Q1S1N3B4Y5U2A2K2P9,2112203,2021-08-31,299,188,180,0,8,299,180,0,8,111,1,True,True,match,0,0,0,
21,PRC_E2T1E0I8E1J8L1K4Y1K6W2J7M6X8G2,2112202,2021-08-31,299,235,197,22,16,299,197,22,16,64,1,True,True,match,0,0,0,
21,PRC_P2Y1S0F8E2G4D1X3Z5I9F1X7Q3T1U0,2112201,2021-08-31,299,229,111,72,46,299,111,72,46,70,1,True,True,match,0,0,0,
21,PRC_I2R1X0N4I1Y3T1K1S4Q0Y1I6L7T0P5,2109425,2021-08-31,299,160,133,11,16,299,133,11,16,139,1,True,True,match,0,0,0,
21,PRC_L2A1E0I4Q0P1E0R9B5V7K4B7R9J4N3,2109251,2021-08-31,299,206,197,1,8,299,197,1,8,93,1,True,True,match,0,0,0,
21,PRC_D2D1I0O2D2G3F1T7H5M6G2Q0I5W2E5,2108475,2021-08-31,299,164,137,7,20,299,137,7,20,135,1,True,True,match,0,0,0,
21,PRC_H2I1M0J1V2U6S1L4T3Q0E5Z5L1Y6A2,2107726,2021-08-31,299,187,163,5,19,299,163,5,19,112,1,True,True,match,0,0,0,
21,PRC_E2G0N1R2C1I8T1K1L0P0L4I3L4F5A5,2106700,2021-08-31,299,211,197,0,14,299,197,0,14,88,1,True,True,match,0,0,0,
21,PRC_M2B0Y0X9A2F1D1I1R0M7L5P7V7G3G1,2104073,2021-08-31,299,153,106,40,7,299,106,40,7,146,1,True,True,match,0,0,0,
21,PRC_K2N0D0J7M2S7F1I7H0M6A2N3B6B5Z8,2102408,2021-08-31,299,189,169,3,17,299,169,3,17,110,1,True,True,match,0,0,0,
21,PRC_H2H0M0X6Y0R1Q1O7A1S1Y2T2M8H0W1,2100043,2021-08-31,299,184,161,1,22,299,161,1,22,115,1,True,True,match,0,0,0,
21,PRC_P2S1O0V7X0N8U1R0X3B8W2D6V6K1C5,2111694,2021-07-24,300,228,226,0,2,300,226,0,2,72,1,True,True,match,0,0,0,
21,PRC_K2G1Z0X7E0I8A1X0V2E8H2G3X9Z0E0,2111692,2021-07-24,300,227,224,0,3,300,224,0,3,73,1,True,True,match,0,0,0,
21,PRC_G2P1A0Z7Q0Q8N1Y0B4H0P0L0F2N3D6,2111690,2021-07-24,300,226,218,0,8,300,218,0,8,74,1,True,True,match,0,0,0,
21,PRC_B2F1S0C7I0Y8F1P0Q4E1E3X2M6J3T8,2111688,2021-07-24,300,233,227,0,6,300,227,0,6,67,1,True,True,match,0,0,0,
21,PRC_S2B1K0J6E2N2A0C9H1M6R5K9S4V6Q3,2111687,2021-07-24,300,232,230,0,2,300,230,0,2,68,1,True,True,match,0,0,0,
21,PRC_B2G1F0P7S0I8R1K6L5O9L4U1S3U6C9,2111684,2021-07-24,300,234,229,0,5,300,229,0,5,66,1,True,True,match,0,0,0,
21,PRC_A2P1X0A7W0X8B1N0J2B6S0G5P8U0Y0,2111682,2021-07-24,300,227,224,0,3,300,224,0,3,73,1,True,True,match,0,0,0,
21,PRC_P2F1X0M7Q0O8W1W6E5O7D5W0Q6R8J4,2111681,2021-07-24,300,235,232,0,3,300,232,0,3,65,1,True,True,match,0,0,0,
21,PRC_I2C1G0F6K2A2M0I9N1Z5N5L1V0B4D7,2111680,2021-07-24,300,227,222,0,5,300,222,0,5,73,1,True,True,match,0,0,0,
21,PRC_L2E1V0Z6Z2T2U0F9D2V0I4X7P2Y5W4,2111677,2021-07-24,300,230,224,1,5,300,224,1,5,70,1,True,True,match,0,0,0,
21,PRC_P2H1N0N7G1Q2I1X7I5T3K5I4R7Y5H9,2111674,2021-07-24,300,229,222,1,6,300,222,1,6,71,1,True,True,match,0,0,0,
21,PRC_N2S1H0V7Y1F2N1T7D5V6B4M4G2E9Q7,2111673,2021-07-24,300,234,218,1,15,300,218,1,15,66,1,True,True,match,0,0,0,
21,PRC_K2R1H0F7F1N2A1P7P5J9Y5N3H0X4F9,2111671,2021-07-24,300,230,229,0,1,300,229,0,1,70,1,True,True,match,0,0,0,
21,PRC_D2F1N0M6L1L6W1Q7A3D6I2K5O2S2Z6,2111668,2021-07-24,300,225,210,0,15,300,210,0,15,75,1,True,True,match,0,0,0,
21,PRC_J2R1X0T7I1K6D1M8D2T1J0X0W8U3N0,2111585,2021-07-24,300,230,217,0,13,300,217,0,13,70,1,True,True,match,0,0,0,
21,PRC_O2Q1S0A7E0B2V0O9P5R4N3H6V7M7F1,2111299,2021-07-24,300,237,224,2,11,300,224,2,11,63,1,True,True,match,0,0,0,
21,PRC_G2Z1J0E7F0T2P0I9R5L3D4G2H9N3H0,2111297,2021-07-24,300,233,214,2,17,300,214,2,17,67,1,True,True,match,0,0,0,
21,PRC_G2T1G0O7N0H2O0O9Y5F3S0L5R1W3F1,2111296,2021-07-24,300,234,221,2,11,300,221,2,11,66,1,True,True,match,0,0,0,
21,PRC_W2L1L0S7P0I2D0I9Z5U2K3E8L1B2U8,2111294,2021-07-24,300,235,224,2,9,300,224,2,9,65,1,True,True,match,0,0,0,
21,PRC_N2S1Q0V7U0F2D0M9M5B2C0T9I7M6B5,2111293,2021-07-24,300,232,217,2,13,300,217,2,13,68,1,True,True,match,0,0,0,
21,PRC_E2C1Z0S7F0Y2Z0W9S5Q1H3Z1M8M8K8,2111292,2021-07-24,300,235,221,2,12,300,221,2,12,65,1,True,True,match,0,0,0,
21,PRC_U2S1W0G7J0K2R0G9O5J0O5R8Z8D5J4,2111291,2021-07-24,300,235,221,2,12,300,221,2,12,65,1,True,True,match,0,0,0,
21,PRC_S2I1K0U7S0A2T0Q9C5F0J3B5O3Q8Q9,2111290,2021-07-24,300,236,225,2,9,300,225,2,9,64,1,True,True,match,0,0,0,
21,PRC_V2G1X0E7A0W2D0K9Y5F0Z0H4M5W3Z9,2111289,2021-07-24,300,235,225,2,8,300,225,2,8,65,1,True,True,match,0,0,0,
21,PRC_Q2D1O0X7G0D2W0I9A4I9Z3T9G8H3V2,2111288,2021-07-24,300,232,223,2,7,300,223,2,7,68,1,True,True,match,0,0,0,
21,PRC_N2N1N0K7J0O2B0U9V4F8S1Z1X3H0T9,2111287,2021-07-24,300,234,225,2,7,300,225,2,7,66,1,True,True,match,0,0,0,
21,PRC_B2R1J0T7D0C2Y0B9Z4U7G4A7G5Z9I3,2111286,2021-07-24,300,234,224,2,8,300,224,2,8,66,1,True,True,match,0,0,0,
21,PRC_A2B1F0Z7J0E2C0C9Z4P7S1W3Y6O2K5,2111285,2021-07-24,300,231,224,2,5,300,224,2,5,69,1,True,True,match,0,0,0,
21,PRC_G2N1Q0R7J0M2Y0R9L4D6J1F1Q7W1M0,2111282,2021-07-24,300,237,208,17,12,300,208,17,12,63,1,True,True,match,0,0,0,
21,PRC_G2D1Z0I4E2T6X1F6X3C4L4G1Y1A8E5,2110119,2021-07-24,300,223,206,2,15,300,206,2,15,77,1,True,True,match,0,0,0,
21,PRC_Y2T1A0L4P2L7Q1Q6N4E0R4J6N5V7C6,2110042,2021-07-24,300,233,209,1,23,300,209,1,23,67,1,True,True,match,0,0,0,
21,PRC_M2U1O0V2B2J7P2P0V0U8F1O3W9U1B4,2109580,2021-07-24,300,233,233,0,0,300,233,0,0,67,1,True,True,match,0,0,0,
21,PRC_B2H1G0L3W0S8F1K1H0W9F0Q7K2Z8S9,2108975,2021-07-24,300,234,229,0,5,300,229,0,5,66,1,True,True,match,0,0,0,
21,PRC_X2X1G0V1X2F7F1S3N1K3R4X7D3Q3D3,2108460,2021-07-24,300,229,223,0,6,300,223,0,6,71,1,True,True,match,0,0,0,
21,PRC_H2G1R0X2A2W5X1R5A3F1F2C1H3Q0T5,2108317,2021-07-24,300,231,222,1,8,300,222,1,8,69,1,True,True,match,0,0,0,
21,PRC_O2B1G0Q2L0Z2U1Q5L5Z4C5Q5D6K1U0,2108235,2021-07-24,300,230,214,4,12,300,214,4,12,70,1,True,True,match,0,0,0,
21,PRC_V2E1P0X1L2D7Y1P7B2S3Z2Z7Y2D6F0,2107818,2021-07-24,300,222,216,0,6,300,216,0,6,78,1,True,True,match,0,0,0,
21,PRC_O2J1T0V1V1M5C1W4G0J1E4J0K3A7Y2,2107640,2021-07-24,300,221,219,0,2,300,219,0,2,79,1,True,True,match,0,0,0,
21,PRC_U2P0M1B1S2L4O1X3W0Y7T0C3M3E8E4,2107375,2021-07-24,300,234,204,8,22,300,204,8,22,66,1,True,True,match,0,0,0,
21,PRC_Y2P0V1Y2G3Z0T1Z6P2S1X5K5M9Y3I9,2107059,2021-07-24,300,232,208,4,20,300,208,4,20,68,1,True,True,match,0,0,0,
21,ARC_S2N0G1F2D2L8G1D7L4L2X5W4C2C6T8,2106961,2021-07-24,300,234,232,0,2,300,232,0,2,66,1,True,True,match,0,0,0,
21,PRC_P2R0J1B1Q2T7G1I4J5B1F2H8K1V4E3,2105827,2021-07-24,300,231,227,1,3,300,227,1,3,69,1,True,True,match,0,0,0,
21,PRC_H2D0D1T1C0Z5H1U4F5R1L5O6D0M5W4,2105690,2021-07-24,300,230,226,1,3,300,226,1,3,70,1,True,True,match,0,0,0,
21,PRC_Z2O1U0P6O2Z9E0Y6H3M5X2K6C0A3O4,2111696,2021-07-23,300,240,234,1,5,300,234,1,5,60,1,True,True,match,0,0,0,
21,PRC_K2P1Q0J6K2J3P0F9U3A2Y5B8R2I8P1,2111695,2021-07-23,300,236,221,0,15,300,221,0,15,64,1,True,True,match,0,0,0,
21,PRC_O2K1W0V7Z0H1S1Z5W2P5H4P3X1Q4V7,2111693,2021-07-23,300,249,246,1,2,300,246,1,2,51,1,True,True,match,0,0,0,
21,PRC_T2Y1O0I7W0H1V1U5L2R4M5R4H3N8M9,2111691,2021-07-23,300,245,238,1,6,300,238,1,6,55,1,True,True,match,0,0,0,
21,PRC_M2Q1O0U7D0K1E1T5Z2B6A3B5J1O2B9,2111689,2021-07-23,300,252,250,1,1,300,250,1,1,48,1,True,True,match,0,0,0,
21,PRC_B2T0V1H1K1Y8Q1K3R4Q2Q0L0K3R2A9,2111686,2021-07-23,300,240,238,0,2,300,238,0,2,60,1,True,True,match,0,0,0,
21,PRC_F2I1J0T6Q1R1B1F1E3Y8A1P6V2R7T3,2111685,2021-07-23,300,212,199,1,12,300,199,1,12,88,1,True,True,match,0,0,0,
21,PRC_G2A1D0K6K2D3B0U9X4P2K1X4T3G1W7,2111683,2021-07-23,300,237,218,3,16,300,218,3,16,63,1,True,True,match,0,0,0,
21,PRC_G2O1K0Y7H0R8I1N0I2J3D5X5V4A9W6,2111679,2021-07-23,300,216,200,1,15,300,200,1,15,84,1,True,True,match,0,0,0,
21,PRC_Q2U1R0B6G2L3Q0U9L5Z2Z3E4F5O3R5,2111678,2021-07-23,300,240,236,0,4,300,236,0,4,60,1,True,True,match,0,0,0,
21,PRC_L2J1M0A6N2L3A1M5H3R8L4R5I1J4L4,2111676,2021-07-23,300,245,239,2,4,300,239,2,4,55,1,True,True,match,0,0,0,
21,PRC_U2Z1E0F6D2L3H0U9J4U6R3V0A3Y9C0,2111675,2021-07-23,300,241,231,0,10,300,231,0,10,59,1,True,True,match,0,0,0,
21,PRC_V2N1K0H6U2T5I1V3V3H3K4U0L0Q8K5,2111672,2021-07-23,300,240,235,0,5,300,235,0,5,60,1,True,True,match,0,0,0,
21,PRC_H2K1W0U6H2A5Q1A3S3M7Z2T7J8L4Q7,2111670,2021-07-23,300,242,239,0,3,300,239,0,3,58,1,True,True,match,0,0,0,
21,PRC_O2A1C0B3Y1F7G1I7E4S4O5R3R5K0T2,2111669,2021-07-23,300,234,224,1,9,300,224,1,9,66,1,True,True,match,0,0,0,
21,PRC_L2D1N0M7J1P3S1H2S4E3M5Y4E6Y9Z3,2111667,2021-07-23,300,247,221,3,23,300,221,3,23,53,1,True,True,match,0,0,0,
21,PRC_B2G1M0X6K2W5I1M3G3Z8H4H3O3E3Q8,2111666,2021-07-23,300,242,241,0,1,300,241,0,1,58,1,True,True,match,0,0,0,
21,PRC_L2V1G0N6C2I5L1E3H5J8I4S6E8X5F4,2111665,2021-07-23,300,244,241,0,3,300,241,0,3,56,1,True,True,match,0,0,0,
21,PRC_V2X1G0E6I2E4O1H4I2J9V4P9H8E1B8,2111664,2021-07-23,300,252,244,1,7,300,244,1,7,48,1,True,True,match,0,0,0,
21,PRC_G2I1X0L6G2S5R1Z3P5A4D0E3K0D3A0,2111663,2021-07-23,300,244,242,0,2,300,242,0,2,56,1,True,True,match,0,0,0,
21,PRC_P2X1G0A6Q2I5H1P3C3S5F3C5F4V1M8,2111662,2021-07-23,300,241,235,1,5,300,235,1,5,59,1,True,True,match,0,0,0,
21,PRC_N2V1W0S7D2X2K1E2W0S9O4P8N7X0B8,2111661,2021-07-23,300,249,224,1,24,300,224,1,24,51,1,True,True,match,0,0,0,
21,PRC_N2W1F0B6A2H5E1O3T5H9T4R6F2D2I5,2111660,2021-07-23,300,246,239,0,7,300,239,0,7,54,1,True,True,match,0,0,0,
21,PRC_K2H1W0M6V2U5D1C3O3K6F2I2I4G2X6,2111659,2021-07-23,300,233,230,1,2,300,230,1,2,67,1,True,True,match,0,0,0,
21,PRC_O2V1F0P6B2I5K1R3G5C7A3R6I9I6P4,2111658,2021-07-23,300,246,240,0,6,300,240,0,6,54,1,True,True,match,0,0,0,
21,PRC_M2V1R0D7E0K1E1T5W2E2D3O5H1W8S8,2111657,2021-07-23,300,245,239,0,6,300,239,0,6,55,1,True,True,match,0,0,0,
21,PRC_R2T1Y0K7M0G1X1J5I2H3Y3X3X7Q5P1,2111656,2021-07-23,300,245,242,1,2,300,242,1,2,55,1,True,True,match,0,0,0,
21,PRC_U2R1B0A5F2Q4Y1V8F0E9O4Q4N2P1K6,2110347,2021-07-23,300,222,214,1,7,300,214,1,7,78,1,True,True,match,0,0,0,
21,PRC_H2W1L0N3N1Z8F1T1T2X3R5S9V9J0L5,2109513,2021-07-23,300,228,218,0,10,300,218,0,10,72,1,True,True,match,0,0,0,
21,PRC_L2W1V0A3L2Q9Q1H7R1P7Y4Q0S5K8M2,2109231,2021-07-23,300,235,221,0,14,300,221,0,14,65,1,True,True,match,0,0,0,
21,PRC_F2T1D0K3Q1P8C0A9G4T1G3F8L2W6R9,2109110,2021-07-23,300,250,240,0,10,300,240,0,10,50,1,True,True,match,0,0,0,
21,PRC_S2L1M0F3A0W2N1G9L1O7Y1L0X3N8D2,2108778,2021-07-23,300,239,237,0,2,300,237,0,2,61,1,True,True,match,0,0,0,
21,PRC_E2R1C0Q2P2W5A1O0D0I1Q5S6I8Z7M4,2108600,2021-07-23,300,247,241,0,6,300,241,0,6,53,1,True,True,match,0,0,0,
21,PRC_D2N1E0H3E0V2T1Z3V5R5Q5Z3E3Q2Z5,2108450,2021-07-23,300,240,232,1,7,300,232,1,7,60,1,True,True,match,0,0,0,
21,PRC_X2N1M0M2U2R4B1O8F1Z5D3X2L5Q4F8,2108375,2021-07-23,300,249,227,2,20,300,227,2,20,51,1,True,True,match,0,0,0,
21,PRC_F2R1H0C1S2A8W1L8Y0S0R1C3S8O4Q4,2108262,2021-07-23,300,238,217,3,18,300,217,3,18,62,1,True,True,match,0,0,0,
21,PRC_C2O1B0Z2S0D5P0P8B5R0X3B1U6O5X7,2108078,2021-07-23,300,243,238,0,5,300,238,0,5,57,1,True,True,match,0,0,0,
21,PRC_Y2J1R0J1J2O9Z1S4E3J4H1F7N6K3S6,2107772,2021-07-23,300,250,245,2,3,300,245,2,3,50,1,True,True,match,0,0,0,
21,PRC_S2V1G0O1C2Q7O1V5H2M0C1J6L6A4M1,2107681,2021-07-23,300,241,239,0,2,300,239,0,2,59,1,True,True,match,0,0,0,
21,PRC_Q2N1F0I1Z2R7K1R5T1P9T4G4L2J4X5,2107680,2021-07-23,300,243,242,0,1,300,242,0,1,57,1,True,True,match,0,0,0,
21,PRC_W2S1E0C1Y2Q7D1O5P1H9U2S6U2H7B7,2107679,2021-07-23,300,240,238,0,2,300,238,0,2,60,1,True,True,match,0,0,0,
21,PRC_N2U1U0X1E1B3M1I0V3U8Z4S8C9W0J0,2107671,2021-07-23,300,246,243,0,3,300,243,0,3,54,1,True,True,match,0,0,0,
21,PRC_D2P1X0X1R0C5Y1Y4N5K9K2I0P2F0N1,2107286,2021-07-23,300,248,234,2,12,300,234,2,12,52,1,True,True,match,0,0,0,
21,PRC_L2Z0M1K2G2L8X1K9T4C3A4X9A1V8G7,2107070,2021-07-23,300,211,201,2,8,300,201,2,8,89,1,True,True,match,0,0,0,
21,PRC_T2E0Z1K2L2K4V1F8V0F2Y1T9M8U6J4,2106932,2021-07-23,300,245,239,2,4,300,239,2,4,55,1,True,True,match,0,0,0,
21,PRC_H2F0C1F2K0Z7V1C6H3R8U5I6Y2F6O5,2106164,2021-07-23,300,247,235,7,5,300,235,7,5,53,1,True,True,match,0,0,0,
21,PRC_Y2M0D1O2Y0D7D1G6J1R7R1C6I5M5Z9,2106162,2021-07-23,300,244,236,3,5,300,236,3,5,56,1,True,True,match,0,0,0,
21,PRC_P2X0W1T1N2V7C1Q9C4U5M1B4F0E4X8,2105863,2021-07-23,300,228,221,0,7,300,221,0,7,72,1,True,True,match,0,0,0,
21,PRC_C2O0P1G0V2H6Z1J6Z5X9J5J7O3R4L1,2105400,2021-07-23,300,247,241,1,5,300,241,1,5,53,1,True,True,match,0,0,0,
21,PRC_B2T0Q1P1A0J3Y1Z5I5Q0D3M2X0A7S1,2104984,2021-07-23,300,243,234,1,8,300,234,1,8,57,1,True,True,match,0,0,0,
21,PRC_M2W0V1W1Q0D3O1Y1R0R8Q2G3P4C8O4,2104874,2021-07-23,300,246,223,5,18,300,223,5,18,54,1,True,True,match,0,0,0,
21,PRC_V2U0C1J0W2V9Y1J4K4N6P4K0N3N4C0,2104755,2021-07-23,300,217,206,2,9,300,206,2,9,83,1,True,True,match,0,0,0,
21,PRC_M2S0C0G9Y2M8B1Q7U1C8E3S9I4F0P8,2104317,2021-07-23,300,246,240,0,6,300,240,0,6,54,1,True,True,match,0,0,0,
21,PRC_D2U1I0C7H0K1P1R3X2V4Y2A1J0V8T7,2111242,2021-07-01,300,251,92,146,13,300,92,146,13,49,1,True,True,match,0,0,0,
21,PRC_U2L1A0T6H2Z8Y1L7Z0Z5I5P8U2V1P4,2111242,2021-07-01,300,248,158,84,6,300,158,84,6,52,1,True,True,match,0,0,0,
21,PRC_D2W1L0X6C0B8M1T7U3A6K1Y8R9R4Z6,2111241,2021-07-01,300,261,164,92,5,300,164,92,5,39,1,True,True,match,0,0,0,
21,PRC_Z2M1H0N6U3T0U1S4Z1E4L1G3P8L2E9,2111221,2021-07-01,300,250,248,0,2,300,248,0,2,50,1,True,True,match,0,0,0,
21,PRC_X2H1L0L6O2I9D1C3R4B1L2Y0K3J5U4,2111183,2021-06-29,300,225,222,0,3,300,222,0,3,75,1,True,True,match,0,0,0,
21,PRC_F2O1R0R6S2B9R0T8X3P1J3T5I4T1L9,2111177,2021-06-29,300,191,188,0,3,300,188,0,3,109,1,True,True,match,0,0,0,
21,PRC_X2W1Z0P6L1X1F1Q1R5H0C1O7X4Z7R2,2111167,2021-06-29,300,189,183,0,6,300,183,0,6,111,1,True,True,match,0,0,0,
21,PRC_C2F1O0N6P1C6F1F7O5D8D1K7S5E3E6,2111166,2021-06-29,300,194,189,0,5,300,189,0,5,106,1,True,True,match,0,0,0,
21,PRC_U2S1M0B6I1S6W1F7N5U1Q4V2F7O7C4,2111165,2021-06-29,300,189,178,2,9,300,178,2,9,111,1,True,True,match,0,0,0,
21,PRC_P2U1Q0C6T1J1F1R1O4O0A0E3Q3W0C5,2111164,2021-06-29,300,193,189,0,4,300,189,0,4,107,1,True,True,match,0,0,0,
21,PRC_N2E1X0Y6J1N6C1T7P5F5D5M7Q2F2N9,2111163,2021-06-29,300,197,195,0,2,300,195,0,2,103,1,True,True,match,0,0,0,
21,PRC_J2V1Z0P6F1W6U1W7B2W7D1Z8T1J7G4,2111162,2021-06-29,300,193,178,0,15,300,178,0,15,107,1,True,True,match,0,0,0,
21,PRC_C2C1E0G6Q1G6B1W7S4G9G5E3P0D7A7,2111161,2021-06-29,300,187,177,0,10,300,177,0,10,113,1,True,True,match,0,0,0,
21,PRC_B2P1S0H6I1Z6M1G7B5P2H5W3N5R0C7,2111160,2021-06-29,300,187,157,6,24,300,157,6,24,113,1,True,True,match,0,0,0,
21,PRC_W2F1V0B6L1J6M1V8J1S7J2O1M8H6N3,2111159,2021-06-29,300,195,188,0,7,300,188,0,7,105,1,True,True,match,0,0,0,
21,PRC_E2A1N0O6D1F6E1M7C3K8Q3X4G0C9S0,2111158,2021-06-29,300,193,168,6,19,300,168,6,19,107,1,True,True,match,0,0,0,
21,PRC_F2S1S0C6F1N1K1V1A4F3C2X3F5R8E5,2111157,2021-06-29,300,189,185,0,4,300,185,0,4,111,1,True,True,match,0,0,0,
21,PRC_S2P1J0B6N1F6Q1V7O5O4O5H4F9U1G1,2111156,2021-06-29,300,194,175,3,16,300,175,3,16,106,1,True,True,match,0,0,0,
21,PRC_R2M1Z0V6F1H6B1N7T5P0S4T2V5A1Y7,2111155,2021-06-29,300,190,154,13,23,300,154,13,23,110,1,True,True,match,0,0,0,
21,PRC_P2E1N0J6P1E1V1D1O4B7W4N5F9F7Q0,2111154,2021-06-29,300,190,178,0,12,300,178,0,12,110,1,True,True,match,0,0,0,
21,PRC_T2K1I0F6X1Y1B1B1E5M1P4Y4F2P3Q6,2111153,2021-06-29,300,187,186,0,1,300,186,0,1,113,1,True,True,match,0,0,0,
21,PRC_S2L1Z0O6V1M1T1F2C0B3J3G0W2N9O0,2111152,2021-06-29,300,199,196,0,3,300,196,0,3,101,1,True,True,match,0,0,0,
21,PRC_E2Q1O0M6W1X1R1T2V0J5X2J2F7R4V6,2111151,2021-06-29,300,198,198,0,0,300,198,0,0,102,1,True,True,match,0,0,0,
21,PRC_N2N1C0T6G1L1R1K1C3Z5R1N0V1S2T6,2111150,2021-06-29,300,188,183,0,5,300,183,0,5,112,1,True,True,match,0,0,0,
21,PRC_W2I1K0A6G1U1B1N1P1M5O4K8Q7F4D6,2111149,2021-06-29,300,191,186,0,5,300,186,0,5,109,1,True,True,match,0,0,0,
21,PRC_P2H1U0N4E2H2A2M0M3B1L0H8Z6Z6M4,2111148,2021-06-29,300,191,180,0,11,300,180,0,11,109,1,True,True,match,0,0,0,
21,PRC_O2S1G0Q5A1F2N1R8S3J8M4K9F8D4L3,2111147,2021-06-29,300,189,181,0,8,300,181,0,8,111,1,True,True,match,0,0,0,
21,PRC_H2M1X0Q3K2O3C1Q7J4N7S5N1A9S0H5,2111146,2021-06-29,300,194,190,0,4,300,190,0,4,106,1,True,True,match,0,0,0,
21,PRC_G2O1L0V4S1W4L1Z4O0E2S1A6F9M8D7,2111145,2021-06-29,300,208,206,0,2,300,206,0,2,92,1,True,True,match,0,0,0,
21,PRC_E2B1H0B4X2X7O0Z9E2G6V5W1M1F6F2,2111132,2021-06-29,300,236,233,0,3,300,233,0,3,64,1,True,True,match,0,0,0,
21,PRC_F2V1D0B6D1W6F0N9D4O4H3P7J5H0C9,2111129,2021-06-29,300,230,224,0,6,300,224,0,6,70,1,True,True,match,0,0,0,
21,PRC_B2Z1D0T6Q1X6U0T9P4G6I0F4F2S4Q4,2111127,2021-06-29,300,237,233,0,4,300,233,0,4,63,1,True,True,match,0,0,0,
21,PRC_C2X1E0J6C1H6X0D9J4W3A4G6K3N2Y5,2111126,2021-06-29,300,234,225,0,9,300,225,0,9,66,1,True,True,match,0,0,0,
21,PRC_A2H1R0K6V1U6R0A9C4W1E4T7J0Y5V9,2111124,2021-06-29,300,234,233,0,1,300,233,0,1,66,1,True,True,match,0,0,0,
21,PRC_K2J1I0W6O2A2G1D1X1E2N3S2O5P2F1,2111123,2021-06-29,300,206,153,17,36,300,153,17,36,94,1,True,True,match,0,0,0,
21,PRC_O2Z1R0Q6E1I7J1Z2C3N7Z2C4N7T7L9,2111122,2021-06-29,300,214,147,24,43,300,147,24,43,86,1,True,True,match,0,0,0,
21,PRC_R2T1D0E4E2Z7L0F9P2W5Z3E7G7M0Y6,2111118,2021-06-29,300,240,238,0,2,300,238,0,2,60,1,True,True,match,0,0,0,
21,PRC_B2M1F0B6T2U4T1M5L0P4H5I0K0J0S1,2111114,2021-06-29,300,245,243,0,2,300,243,0,2,55,1,True,True,match,0,0,0,
21,PRC_Y2R1Y0L6W2P4Y1G5R0T2L0V4Y4S1Z0,2111113,2021-06-29,300,246,244,1,1,300,244,1,1,54,1,True,True,match,0,0,0,
21,PRC_A2R1N0U4P2F8F1R0G1I6J0S8U6A6W4,2109766,2021-06-29,300,191,183,2,6,300,183,2,6,109,1,True,True,match,0,0,0,
21,PRC_T2W1E0I4W2D8K1Y0P0O5I2G4R6G5B9,2109763,2021-06-29,300,186,182,1,3,300,182,1,3,114,1,True,True,match,0,0,0,
21,PRC_O2L1H0R3O1W5J1D8T0W6L4Y0I9A4U3,2109233,2021-06-29,300,190,190,0,0,300,190,0,0,110,1,True,True,match,0,0,0,
21,PRC_H2I1C0U3H2Z2J1A8K1B2X4H0G1B9W8,2109132,2021-06-29,300,192,192,0,0,300,192,0,0,108,1,True,True,match,0,0,0,
21,PRC_Y2I1B0C2P2U4I1B6K1G8P0G8G0G0G2,2108275,2021-06-29,300,185,163,7,15,300,163,7,15,115,1,True,True,match,0,0,0,
21,PRC_G2H1D0L2K2B4L1L5M5C4M0Z5D3Q5L5,2108273,2021-06-29,300,192,167,7,18,300,167,7,18,108,1,True,True,match,0,0,0,
21,PRC_P2G1S0S2G2D2A1K2X4R2V5D2Z8C9U6,2108251,2021-06-29,300,186,164,3,19,300,164,3,19,114,1,True,True,match,0,0,0,
21,PRC_U2K1O0Z2I2G3H2U0Z4I2Y3S4B6U2I4,2108248,2021-06-29,300,178,159,2,17,300,159,2,17,122,1,True,True,match,0,0,0,
21,PRC_V2A1W0D2W2M1O1E8E5H8B2T1J8I5S5,2108226,2021-06-29,300,187,163,8,16,300,163,8,16,113,1,True,True,match,0,0,0,
21,PRC_M2V1R0U2E1C9K1T4T2S5H2Z3Z5G4M9,2108207,2021-06-29,300,188,186,0,2,300,186,0,2,112,1,True,True,match,0,0,0,
21,PRC_L2R1A0U2D0V9C1E6Y4H9N4T4W4L1Z4,2108052,2021-06-29,300,193,186,0,7,300,186,0,7,107,1,True,True,match,0,0,0,
21,PRC_B2S1F0J1I1G9Z1R1S3Z7B1G7E5P4I5,2107863,2021-06-29,300,192,192,0,0,300,192,0,0,108,1,True,True,match,0,0,0,
21,ARC_Z2A1V0V1Y2D2Y1J6I5U4M4V3E8B1P9,2107592,2021-06-29,300,209,135,65,9,300,135,65,9,91,1,True,True,match,0,0,0,
21,PRC_Z2F1Z0H1P1M2Y1P3J4E6R2K8F9U4R0,2107577,2021-06-29,300,187,182,0,5,300,182,0,5,113,1,True,True,match,0,0,0,
21,PRC_A2A1G0E1J1G2Z1S3Y4K0P4D3H2I9C7,2107576,2021-06-29,300,184,182,0,2,300,182,0,2,116,1,True,True,match,0,0,0,
21,PRC_J2V1C0H1E1T1T1A0J0O7H0N1D4V5R9,2107518,2021-06-29,300,188,186,0,2,300,186,0,2,112,1,True,True,match,0,0,0,
21,PRC_J2Y0M1B2A2O9R1C0Y0R2H0G8N9F6T7,2107029,2021-06-29,300,190,180,0,10,300,180,0,10,110,1,True,True,match,0,0,0,
21,PRC_V2M0D1K2T0X2J1Y1Y3C2R5K9A2O7L5,2106875,2021-06-29,300,195,169,9,17,300,169,9,17,105,1,True,True,match,0,0,0,
21,PRC_D2Z0W1V2T1E5F1Q7X4E2V0J7B9W2B5,2106664,2021-06-29,300,189,150,17,22,300,150,17,22,111,1,True,True,match,0,0,0,
21,PRC_I2O0J1I2J1G5G1R7U3B7H1I8G1G9H5,2106663,2021-06-29,300,180,141,17,22,300,141,17,22,120,1,True,True,match,0,0,0,
21,PRC_V2N0Q1X2F1A5Q1X5D2T3W0L2O7G6E4,2106653,2021-06-29,300,190,166,7,17,300,166,7,17,110,1,True,True,match,0,0,0,
21,PRC_N2L0L1H2L1R5A1P5X2W6D1I5L2Y7U9,2106652,2021-06-29,300,182,159,8,15,300,159,8,15,118,1,True,True,match,0,0,0,
21,PRC_K2D0S1A2F1P5F1S5J2L1P5N3V3L2G6,2106640,2021-06-29,300,188,171,5,12,300,171,5,12,112,1,True,True,match,0,0,0,
21,PRC_V2D0V1U2E1U5E1R4T4E5C0Q9Y2B8J3,2106605,2021-06-29,300,190,178,3,9,300,178,3,9,110,1,True,True,match,0,0,0,
21,PRC_X2N0B1P2N1C0O1T5K0I5Z3X5V8J5K2,2106343,2021-06-29,300,194,178,4,12,300,178,4,12,106,1,True,True,match,0,0,0,
21,PRC_A2B0X1N1I2B7Z1E4Y3S0S3L5R1T0N2,2106324,2021-06-29,300,198,197,0,1,300,197,0,1,102,1,True,True,match,0,0,0,
21,PRC_E2W0K1E1E2B7P1N4F3U1I3W2K9B0D8,2106319,2021-06-29,300,194,187,0,7,300,187,0,7,106,1,True,True,match,0,0,0,
21,PRC_K2T0O1Y1J1T7Z1G4I1M3M5V8T7X0C4,2106117,2021-06-29,300,192,187,0,5,300,187,0,5,108,1,True,True,match,0,0,0,
21,PRC_M2H0S1J2Y0G1N1N7H2F8D2P8Z7U2N8,2106008,2021-06-29,300,184,180,0,4,300,180,0,4,116,1,True,True,match,0,0,0,
21,ARC_Y2M0I1I1Z2H7Q1Q1T0C1I0U1X6R4E3,2105799,2021-06-29,300,185,182,0,3,300,182,0,3,115,1,True,True,match,0,0,0,
21,PRC_A2R0N1E1S1L7Z0X9G5Q0W5M9R4B5H4,2105392,2021-06-29,300,201,201,0,0,300,201,0,0,99,1,True,True,match,0,0,0,
21,PRC_L2Q0G1D1C0V9A1P1S1R2J1Q9F6Z7N8,2105347,2021-06-29,300,186,180,0,6,300,180,0,6,114,1,True,True,match,0,0,0,
21,PRC_H2B0B1L1R1A1M1C9W5K5W3O6I4B1L9,2105229,2021-06-29,300,189,178,0,11,300,178,0,11,111,1,True,True,match,0,0,0,
21,PRC_X2H0O1R1Y1V1W1Z5P4V8J1Y0O5I9G7,2105218,2021-06-29,300,192,190,0,2,300,190,0,2,108,1,True,True,match,0,0,0,
21,PRC_J2A0F1N1R0F6P0M9V3Z4Q1Y6E5J3E1,2105020,2021-06-29,300,245,241,1,3,300,241,1,3,55,1,True,True,match,0,0,0,
21,PRC_O2R0Z1Q1J0Q5X1G7P4X0G5Y9W1Y3G2,2105005,2021-06-29,300,188,184,0,4,300,184,0,4,112,1,True,True,match,0,0,0,
21,PRC_C2I0D1V0J2M9V1S7B5M9V5E7X8D2Q4,2104959,2021-06-29,300,207,199,0,8,300,199,0,8,93,1,True,True,match,0,0,0,
21,PRC_Y2A0H0U9X2M5N1M7U3S0H1J5S1V4D3,2104263,2021-06-29,300,248,247,0,1,300,247,0,1,52,1,True,True,match,0,0,0,
21,ARC_O2M0P0C9T2D5X1W3K5A6X0J6J3W6R2,2104249,2021-06-29,300,188,182,0,6,300,182,0,6,112,1,True,True,match,0,0,0,
21,PRC_B2Q0T0F9Z0S8J1V5K3W5N2K0F9I3B2,2103608,2021-06-29,300,175,155,2,18,300,155,2,18,125,1,True,True,match,0,0,0,
21,PRC_E2Q0F0D8M2M5L1P4H4F5A4G2U5R4Z5,2103246,2021-06-29,300,191,188,0,3,300,188,0,3,109,1,True,True,match,0,0,0,
21,PRC_V2O0C0A8X2R1T1M5J5O0Y0P2C4E9B9,2103147,2021-06-29,300,191,184,2,5,300,184,2,5,109,1,True,True,match,0,0,0,
21,ARC_D2Z0L0R8J0B7U1M4C0M1R3H3S1E5P1,2102798,2021-06-29,300,200,195,0,5,300,195,0,5,100,1,True,True,match,0,0,0,
21,PRC_A2Z0H0B7P2T8E1U5F5G9H0G9S9Q3U7,2102449,2021-06-29,300,231,226,1,4,300,226,1,4,69,1,True,True,match,0,0,0,
21,PRC_W2S0T0F7J1J5N1O8B1S2Z5Z5O2R9C8,2102008,2021-06-29,300,193,175,1,17,300,175,1,17,107,1,True,True,match,0,0,0,
21,PRC_M2D0M0X7Q0P6L1K7R4B3M1I0D9V6B4,2101528,2021-06-29,300,191,187,1,3,300,187,1,3,109,1,True,True,match,0,0,0,
21,PRC_F2M0C0I6Q3C0U1O0H5K5A3T3C4J6G2,2101177,2021-06-29,300,189,186,0,3,300,186,0,3,111,1,True,True,match,0,0,0,
21,PRC_P2C0B0L6J1V2L1F4D4E1O0T4C1G9A8,2100423,2021-06-29,300,207,194,9,4,300,194,9,4,93,1,True,True,match,0,0,0,
21,PRC_A2H1K0K4I1G4X1Z7Q4W4S4N7E1W1F7,2110283,2021-05-21,300,203,202,0,1,300,202,0,1,97,1,True,True,match,0,0,0,
21,PRC_P2K1R0I4I2G2H2B0F2D8K4S4O1L8J8,2110282,2021-05-21,300,215,215,0,0,300,215,0,0,85,1,True,True,match,0,0,0,
21,PRC_X2F1C0C4L1C4U1N7W4A2P1W4D8P6F1,2110281,2021-05-21,300,204,203,0,1,300,203,0,1,96,1,True,True,match,0,0,0,
21,PRC_C2W1O0I4A2E8M1Z6S4Z6L3Q8X4C2V8,2110280,2021-05-21,300,191,185,1,5,300,185,1,5,109,1,True,True,match,0,0,0,
21,PRC_Q2W1S0F4C1N4S1O7W4Q1E0H2B1Z2K4,2110279,2021-05-21,300,198,197,0,1,300,197,0,1,102,1,True,True,match,0,0,0,
21,PRC_M2U1D0B4O1T4A1U7H3H9O5J4G5A2U8,2110278,2021-05-21,300,192,190,0,2,300,190,0,2,108,1,True,True,match,0,0,0,
21,PRC_V2G1K0D4D1T4G1C7A3P8N3F5Z8O2A6,2110277,2021-05-21,300,197,195,0,2,300,195,0,2,103,1,True,True,match,0,0,0,
21,PRC_K2W1T0J4C2I3P1S7V3C6C3R9Q6Z5R9,2110276,2021-05-21,300,223,220,0,3,300,220,0,3,77,1,True,True,match,0,0,0,
21,PRC_S2Z1U0H4C1Q4H1U7Y3P7M1A3Z8S2A5,2110275,2021-05-21,300,200,197,0,3,300,197,0,3,100,1,True,True,match,0,0,0,
21,PRC_A2F1H0X4P1W4F1X7B3Z6W0Z8Y9K3A9,2110274,2021-05-21,300,199,199,0,0,300,199,0,0,101,1,True,True,match,0,0,0,
21,PRC_C2P1P0H4S2L2T1T1D0N8S5O4N6J3V8,2110273,2021-05-21,300,237,233,1,3,300,233,1,3,63,1,True,True,match,0,0,0,
21,PRC_D2U1I0I5O1A2B1I8I3G7N4H2T8O1P5,2110272,2021-05-21,300,212,211,0,1,300,211,0,1,88,1,True,True,match,0,0,0,
21,PRC_F2R1P0P4H2Q6D1R5N4K9S3D7I9E3D2,2110271,2021-05-21,300,226,219,4,3,300,219,4,3,74,1,True,True,match,0,0,0,
21,PRC_K2C1A0C4Z1U4A1G3J4Q9I3H7S5Q2Y5,2110270,2021-05-21,300,215,214,0,1,300,214,0,1,85,1,True,True,match,0,0,0,
21,PRC_S2E1H0E4J2K2C1V1O0M8U0U8M1A8R5,2110269,2021-05-21,300,234,230,1,3,300,230,1,3,66,1,True,True,match,0,0,0,
21,PRC_Y2G1R0W4Z2M2M2W0V2Y7B3X0I2C7M9,2110268,2021-05-21,300,215,213,0,2,300,213,0,2,85,1,True,True,match,0,0,0,
21,PRC_B2F1I0E4O2D2E1A1K1X0B3D3J1W7O7,2110267,2021-05-21,300,237,234,0,3,300,234,0,3,63,1,True,True,match,0,0,0,
21,PRC_U2M1J0Y5N1V1B1Y4T4F9P1E5G7A7U6,2110266,2021-05-21,300,215,201,0,14,300,201,0,14,85,1,True,True,match,0,0,0,
21,PRC_T2I1E0B4U2G3Z1L0Q5L9P2T5K5W3X9,2110265,2021-05-21,300,210,208,0,2,300,208,0,2,90,1,True,True,match,0,0,0,
21,PRC_L2H1C0W4G2G8S1Z6C4R1V2V3N6K3T8,2110264,2021-05-21,300,195,195,0,0,300,195,0,0,105,1,True,True,match,0,0,0,
21,PRC_A2R1C0M4N2H3R1P7D3S6U0Z2W3O2U9,2110263,2021-05-21,300,223,221,0,2,300,221,0,2,77,1,True,True,match,0,0,0,
21,PRC_R2O1Y0B4L2I2Z2U0H2O7T0W1V9P6O6,2110262,2021-05-21,300,214,213,0,1,300,213,0,1,86,1,True,True,match,0,0,0,
21,PRC_A2G1P0C4I1D4B1M3H5C1J1V1Q4J1E3,2110261,2021-05-21,300,213,212,1,0,300,212,1,0,87,1,True,True,match,0,0,0,
21,PRC_R2Y1P0R4U2J3Q1X0D5P6T4E4H5Z4S2,2110260,2021-05-21,300,211,204,0,7,300,204,0,7,89,1,True,True,match,0,0,0,
21,PRC_F2T1X0P4V2Y2N2L0S2H6K3G1B5P8K2,2110259,2021-05-21,300,211,207,0,4,300,207,0,4,89,1,True,True,match,0,0,0,
21,PRC_O2C1J0Z4K2D2S1W1V1M1N2D0M8G5R1,2110258,2021-05-21,300,231,228,0,3,300,228,0,3,69,1,True,True,match,0,0,0,
21,PRC_V2U1H0X4M2G6S1S9R3F3E5H9T0K4Q2,2110257,2021-05-21,300,237,225,1,11,300,225,1,11,63,1,True,True,match,0,0,0,
21,PRC_N2V1X0S4G1S9C1K6R5M6R3X6D6I2Q6,2110256,2021-05-21,300,237,231,0,6,300,231,0,6,63,1,True,True,match,0,0,0,
21,PRC_E2U1O0P3K2W3J2E3H0V5T0I5H9Z3N1,2110255,2021-05-21,300,240,236,1,3,300,236,1,3,60,1,True,True,match,0,0,0,
21,PRC_F2R1Y0X3G2Q3D2Q3Z0D2V5Z7L9W4W3,2110254,2021-05-21,300,246,242,2,2,300,242,2,2,54,1,True,True,match,0,0,0,
21,PRC_J2Q1N0P4Z1W9Q1L6F5K5U2Z3Y2C6S8,2110253,2021-05-21,300,235,233,0,2,300,233,0,2,65,1,True,True,match,0,0,0,
21,PRC_W2G1I0K3V2K3J2R3V0V4M1N0F1A0Z9,2110252,2021-05-21,300,249,248,0,1,300,248,0,1,51,1,True,True,match,0,0,0,
21,PRC_R2X1I0Z4V2Z2V1S5P4W5I3O8X2L9R7,2110251,2021-05-21,300,214,174,21,19,300,174,21,19,86,1,True,True,match,0,0,0,
21,PRC_X2X1P0Y4Y2K2N1N5O4R4X5R1K2P8N5,2110250,2021-05-21,300,217,207,2,8,300,207,2,8,83,1,True,True,match,0,0,0,
21,PRC_I2Q1I0E4J2X0U1K4G4V5A1M4Z3B9Z7,2110249,2021-05-21,300,235,214,8,13,300,214,8,13,65,1,True,True,match,0,0,0,
21,PRC_U2U1A0G4O2A0U1C5N5L3I5M6G8R8E9,2110248,2021-05-21,300,237,233,0,4,300,233,0,4,63,1,True,True,match,0,0,0,
21,PRC_Q2X1H0Y2U0B2N1Y3M4U2P4X2X0W1O5,2108095,2021-05-21,300,215,209,0,6,300,209,0,6,85,1,True,True,match,0,0,0,
21,PRC_O2U0Z1W2K2Z4A1S5O5A2H4R6J0U4D5,2107887,2021-05-21,300,230,202,11,17,300,202,11,17,70,1,True,True,match,0,0,0,
21,PRC_B2L1A0W2N0V2H1K0L5R1D1N5Q5T3F6,2107844,2021-05-21,300,210,209,0,1,300,209,0,1,90,1,True,True,match,0,0,0,
21,PRC_W2J1C0Z1S2I8L1Y0Q1Z5O4T1G9Y6K2,2107708,2021-05-21,300,237,230,1,6,300,230,1,6,63,1,True,True,match,0,0,0,
21,PRC_G2M1H0U1O1O2Q1X3H3Y8B0R4E8T8Y2,2107631,2021-05-21,300,199,198,0,1,300,198,0,1,101,1,True,True,match,0,0,0,
21,PRC_B2E1U0D1C1G2H1B3U4O1B5G2V3C9C6,2107574,2021-05-21,300,197,193,0,4,300,193,0,4,103,1,True,True,match,0,0,0,
21,PRC_Y2O1V0G1M0S5T1V5G5I0F0V2N0S1B0,2107358,2021-05-21,300,214,208,0,6,300,208,0,6,86,1,True,True,match,0,0,0,
21,PRC_M2W1V0P1F0M7I1V7J1S1U1Y9Y2G3W1,2107354,2021-05-21,300,206,203,1,2,300,203,1,2,94,1,True,True,match,0,0,0,
21,PRC_B2G0R1F2O1H7B1Q4L4L5H1C3W0B3L2,2107198,2021-05-21,300,226,218,4,4,300,218,4,4,74,1,True,True,match,0,0,0,
21,ARC_X2P0D1B2A3T1J1B0P4O2X3F8B2L6V9,2107082,2021-05-21,300,213,208,0,5,300,208,0,5,87,1,True,True,match,0,0,0,
21,ARC_Y2A0I1Q2V3D1D1Z0K3P5I1A8D1Y8D4,2107080,2021-05-21,300,216,215,0,1,300,215,0,1,84,1,True,True,match,0,0,0,
21,PRC_I2L0X1V2L3I1T0F9T3G7O5A5F6R6G4,2107075,2021-05-21,300,209,208,0,1,300,208,0,1,91,1,True,True,match,0,0,0,
21,PRC_M2K0P1W2E2X2K1R8J2V0W3Z5Y0P3F6,2106987,2021-05-21,300,209,207,0,2,300,207,0,2,91,1,True,True,match,0,0,0,
21,PRC_N2O0K1M2D2A1T0A9Q3R2R3L8B2Y7P5,2106959,2021-05-21,300,196,195,0,1,300,195,0,1,104,1,True,True,match,0,0,0,
21,PRC_G2Z0X1B2L2V1T0G9O3K1M1H4E9P5O8,2106956,2021-05-21,300,203,202,0,1,300,202,0,1,97,1,True,True,match,0,0,0,
21,ARC_R2B0C1M2Y2X4X1B7N0H7J0I4U9R7O0,2106928,2021-05-21,300,243,241,0,2,300,241,0,2,57,1,True,True,match,0,0,0,
21,PRC_A2E0S1H2K2X3L1Y7Z2R7O3Q8G2P7M9,2106895,2021-05-21,300,209,207,0,2,300,207,0,2,91,1,True,True,match,0,0,0,
21,PRC_Z2D0W1O2C2Z1S1U3P5M4E0B0Y3S3C2,2106771,2021-05-21,300,242,239,1,2,300,239,1,2,58,1,True,True,match,0,0,0,
21,ARC_Z2C0C1O2X1T8K1J8P5Y5D4D2Z1D1O1,2106749,2021-05-21,300,242,240,1,1,300,240,1,1,58,1,True,True,match,0,0,0,
21,ARC_M2M0O1M2F1S8C1Q8N4K8N3Y5F2B8Q5,2106748,2021-05-21,300,242,240,1,1,300,240,1,1,58,1,True,True,match,0,0,0,
21,ARC_H2A0T1C2C1X8R1Y8E4Q3L2R0N7S5F7,2106747,2021-05-21,300,242,240,1,1,300,240,1,1,58,1,True,True,match,0,0,0,
21,ARC_H2K0Y1Z2Z1P8C1C8L4O2H0I9K3V5E1,2106746,2021-05-21,300,242,240,1,1,300,240,1,1,58,1,True,True,match,0,0,0,
21,PRC_K2G0L1Z2Z1N5F1L3A2H9Z2L6E7I6S0,2106457,2021-05-21,300,236,234,0,2,300,234,0,2,64,1,True,True,match,0,0,0,
21,PRC_Y2L0L1Q2J0I7T1Z3A1Y9E5B8W6J3T1,2106272,2021-05-21,300,211,209,0,2,300,209,0,2,89,1,True,True,match,0,0,0,
21,PRC_N2F0N1W2C0L3U1N6V4F5J3A0E3S7O9,2106109,2021-05-21,300,211,211,0,0,300,211,0,0,89,1,True,True,match,0,0,0,
21,PRC_W2U0G1H1L2M3N1L0B3F9T5H5X8X5S6,2105870,2021-05-21,300,212,208,2,2,300,208,2,2,88,1,True,True,match,0,0,0,
21,PRC_F2B0E1G1O2E3U1Z0X4T0E4C1I7Q6P7,2105869,2021-05-21,300,214,211,0,3,300,211,0,3,86,1,True,True,match,0,0,0,
21,PRC_K2A0D1R1S3W0T0U9Z5M1W0R0C9S3G6,2105868,2021-05-21,300,213,212,0,1,300,212,0,1,87,1,True,True,match,0,0,0,
21,ARC_T2Q0V1J1G2E7L1Q5H4J2X3I7C0I5J6,2105831,2021-05-21,300,226,224,0,2,300,224,0,2,74,1,True,True,match,0,0,0,
21,PRC_G2A0A1V1W2H7U1A4Q3Z6Z1X9T1G9B5,2105825,2021-05-21,300,198,198,0,0,300,198,0,0,102,1,True,True,match,0,0,0,
21,ARC_K2V0S1D1U2E7G1G3H5S7G0Z3B0V3K9,2105814,2021-05-21,300,225,222,0,3,300,222,0,3,75,1,True,True,match,0,0,0,
21,ARC_F2C0W1I1B2K7J1Y3N3P7Q4G4G1P3E2,2105812,2021-05-21,300,208,206,0,2,300,206,0,2,92,1,True,True,match,0,0,0,
21,ARC_I2M0I1O1Y2J7T1U1G1H5N0M6K1O6V0,2105806,2021-05-21,300,210,207,0,3,300,207,0,3,90,1,True,True,match,0,0,0,
21,ARC_M2B0A1E1E2D6L1I6J1X5H0G6V0P8G4,2105779,2021-05-21,300,226,223,0,3,300,223,0,3,74,1,True,True,match,0,0,0,
21,PRC_R2H0V1X1D2G5B1L4J2G6T0I4C7N8Q0,2105726,2021-05-21,300,235,233,1,1,300,233,1,1,65,1,True,True,match,0,0,0,
21,PRC_X2R0S1P1S2E0C1E1F0R8K4G0K8J4N9,2105700,2021-05-21,300,212,209,0,3,300,209,0,3,88,1,True,True,match,0,0,0,
21,PRC_B2P0Q1B1L1C9Z1G0B3S9J1D2K0V6W0,2105518,2021-05-21,300,210,208,0,2,300,208,0,2,90,1,True,True,match,0,0,0,
21,PRC_Q2C0O1Q0U3I0J1K2Q4S5M4W5R9H1W6,2105456,2021-05-21,300,211,197,5,9,300,197,5,9,89,1,True,True,match,0,0,0,
21,PRC_Q2F0C1C1X1M3N1Q5N4E0S2T5X2F7U0,2105328,2021-05-21,300,206,202,0,4,300,202,0,4,94,1,True,True,match,0,0,0,
21,PRC_X2U0X1O1B0Y9B1Y0I2Y1C5N9Q1N7B3,2105210,2021-05-21,300,210,210,0,0,300,210,0,0,90,1,True,True,match,0,0,0,
21,PRC_U2P0P1T1A0D5R1Q6T3T4G2M2X9P7X0,2105182,2021-05-21,300,191,184,2,5,300,184,2,5,109,1,True,True,match,0,0,0,
21,PRC_J2T0X1E0F0T5U2O1K2V4O4C2K3T9A3,2104911,2021-05-21,300,212,205,3,4,300,205,3,4,88,1,True,True,match,0,0,0,
21,PRC_U2B0T1Y0W1D4N1S7I4T3B3W2B8G9H4,2104894,2021-05-21,300,238,232,1,5,300,232,1,5,62,1,True,True,match,0,0,0,
21,PRC_M2J0K1P1N0H2H1S5P1F9K4B9Y0Z6C1,2104825,2021-05-21,300,207,196,1,10,300,196,1,10,93,1,True,True,match,0,0,0,
21,PRC_N2H0S1M0V2H7A1Y5N2P1S4D8H4F2A1,2104686,2021-05-21,300,197,188,0,9,300,188,0,9,103,1,True,True,match,0,0,0,
21,ARC_F2W0O1L0Q1S6Z0K9E5Q6V4L1W1A0N1,2104542,2021-05-21,300,244,241,0,3,300,241,0,3,56,1,True,True,match,0,0,0,
21,PRC_Q2Z0M1Y0D1K4D1O7T2J6U0S1F5Y5F1,2104520,2021-05-21,300,199,195,0,4,300,195,0,4,101,1,True,True,match,0,0,0,
21,PRC_W2H0D1Y0I1T3O0J9P1I8G5Q0S1A6M5,2104486,2021-05-21,300,231,219,4,8,300,219,4,8,69,1,True,True,match,0,0,0,
21,PRC_R2P0Y0C9X1L5T1N0N3V5R0G5K2D0M9,2103885,2021-05-21,300,209,207,0,2,300,207,0,2,91,1,True,True,match,0,0,0,
21,PRC_N2O0D0D9Q1O1N1I7P0H3B0Q4U0D8M8,2103797,2021-05-21,300,194,193,0,1,300,193,0,1,106,1,True,True,match,0,0,0,
21,PRC_Q2E0K0C9F0D9M1N5Z3C9A0W9H4Z1A3,2103670,2021-05-21,300,204,201,0,3,300,201,0,3,96,1,True,True,match,0,0,0,
21,PRC_S2B0H0D9V0J9O1D4W2J7K3F5L5H6J1,2103657,2021-05-21,300,213,211,0,2,300,211,0,2,87,1,True,True,match,0,0,0,
21,PRC_J2O0E0H9S0Q9E1D1B3F6L1L6Y4O8S5,2103640,2021-05-21,300,239,236,0,3,300,236,0,3,61,1,True,True,match,0,0,0,
21,PRC_T2M0I0S9C0L2Q1B4Y4P0U2B6H1R8V9,2103439,2021-05-21,300,223,217,0,6,300,217,0,6,77,1,True,True,match,0,0,0,
21,PRC_U2Z0E0E8C2E1L1Q0P4L8S5C4I4I5U9,2103130,2021-05-21,300,208,206,0,2,300,206,0,2,92,1,True,True,match,0,0,0,
21,PRC_V2Z0I0H8X1D9P1Z4W4T6W2W6X2U3D6,2103061,2021-05-21,300,210,197,4,9,300,197,4,9,90,1,True,True,match,0,0,0,
21,PRC_Y2F0Z0Y8P1Q2V1C6Q0H6F4L0F7V2X4,2102911,2021-05-21,300,211,209,0,2,300,209,0,2,89,1,True,True,match,0,0,0,
21,PRC_T2N0E0X7G0Y8C1N4L1T4G3K9Z0B6U4,2101634,2021-05-21,300,210,207,0,3,300,207,0,3,90,1,True,True,match,0,0,0,
21,PRC_L2H0V0U6V2R5M1L5J4U2D2H6C0A1V6,2101001,2021-05-21,300,224,224,0,0,300,224,0,0,76,1,True,True,match,0,0,0,
21,PRC_F2Y0V0G6J2S5F1Z4Z5D5X1Y3I6K3X3,2100994,2021-05-21,300,231,213,7,11,300,213,7,11,69,1,True,True,match,0,0,0,
21,PRC_Q2E0N0R6X1Z5U1O5S1D2K5K9B1D5N7,2100477,2021-05-21,300,228,217,4,7,300,217,4,7,72,1,True,True,match,0,0,0,
21,PRC_S2Q0J0T6W0J3C1H8W1Q2S2V7O2I1X5,2100117,2021-05-21,300,211,210,0,1,300,210,0,1,89,1,True,True,match,0,0,0,
21,PRC_T2K1W0Z4H2E0V1Q0J2U9N4E7S4C7R5,2109818,2021-04-29,300,251,240,2,9,300,240,2,9,49,1,True,True,match,0,0,0,
21,PRC_D2Z1S0Z3D2U3B2W3M0V2Q1N5C5S7Y6,2109817,2021-04-29,300,253,243,0,10,300,243,0,10,47,1,True,True,match,0,0,0,
21,PRC_D2X1K0W3D2M3I2O2C5T9X5J2A0T0K4,2109816,2021-04-29,300,251,237,3,11,300,237,3,11,49,1,True,True,match,0,0,0,
21,PRC_K2R1C0G4F2C2O1I0Q1W2C0Q4D4Q4Z7,2109815,2021-04-29,300,252,248,0,4,300,248,0,4,48,1,True,True,match,0,0,0,
21,PRC_A2O1D0W3R2G3Y1R7J4I6A0N5K4N5Q9,2109814,2021-04-29,300,249,239,0,10,300,239,0,10,51,1,True,True,match,0,0,0,
21,PRC_X2S1I0O3Q2E3G1I4G3E4Z1Y3N6P8D3,2109813,2021-04-29,300,247,245,0,2,300,245,0,2,53,1,True,True,match,0,0,0,
21,PRC_V2L1A0C3T2Z3Z1R7D5O0C0D5P4W6B6,2109812,2021-04-29,300,246,231,1,14,300,231,1,14,54,1,True,True,match,0,0,0,
21,PRC_A2M1U0Y3A2V3Q1J4N3O6T2G7Z4M4H3,2109811,2021-04-29,300,241,233,0,8,300,233,0,8,59,1,True,True,match,0,0,0,
21,PRC_C2V1V0Q3Y2C3O1F7N5N1D0U7P2V1E7,2109810,2021-04-29,300,250,238,1,11,300,238,1,11,50,1,True,True,match,0,0,0,
21,PRC_S2M1O0V3W2M3X1S4Z3N5T0R2M8Q0I6,2109809,2021-04-29,300,239,232,1,6,300,232,1,6,61,1,True,True,match,0,0,0,
21,PRC_Q2K1E0K3B2L3H1Q7E5H2U3N8M2L4W9,2109808,2021-04-29,300,251,232,2,17,300,232,2,17,49,1,True,True,match,0,0,0,
21,PRC_D2Z1W0C3P2O3C1D7Z4X3J4N8X1T8P1,2109807,2021-04-29,300,244,222,4,18,300,222,4,18,56,1,True,True,match,0,0,0,
21,PRC_D2M1I0H3T2K3G1Y7T4K2D0Z7W8P3W9,2109806,2021-04-29,300,249,227,5,17,300,227,5,17,51,1,True,True,match,0,0,0,
21,PRC_G2O1Z0G3G2X4C1G1D0N8F1T5J2L2N7,2109805,2021-04-29,300,249,246,1,2,300,246,1,2,51,1,True,True,match,0,0,0,
21,PRC_L2S1X0H3W1Q1W1Q8P1O8K0M7R4A8K6,2109804,2021-04-29,300,244,233,0,11,300,233,0,11,56,1,True,True,match,0,0,0,
21,PRC_L2Y1Q0J3A1A8E1Y8G2N5R0U3G1R5F0,2109803,2021-04-29,300,241,237,0,4,300,237,0,4,59,1,True,True,match,0,0,0,
21,PRC_I2S0U0N9X2H2P1N5K4Q8G2E7F4H7R3,2109802,2021-04-29,300,245,238,0,7,300,238,0,7,55,1,True,True,match,0,0,0,
21,PRC_U2Q1S0E2T0N2I1S3N4Z9V2M7M5W1W9,2107857,2021-04-29,300,254,250,0,4,300,250,0,4,46,1,True,True,match,0,0,0,
21,PRC_G2Q1S0C1T0C8O1R7P1B6X2J1U7S8D9,2107269,2021-04-29,300,238,227,0,11,300,227,0,11,62,1,True,True,match,0,0,0,
21,PRC_E2T1C0K1N0W8V1Z7N1A0U4T2Y3F9S9,2107268,2021-04-29,300,239,230,0,9,300,230,0,9,61,1,True,True,match,0,0,0,
21,PRC_N2L1G0A1T0K8C1Z7A0B2E2F8Y4W6H3,2107267,2021-04-29,300,241,231,0,10,300,231,0,10,59,1,True,True,match,0,0,0,
21,PRC_P2P1O0H1E0F8I1A6M5H9V1M4P3A2P5,2107266,2021-04-29,300,245,238,0,7,300,238,0,7,55,1,True,True,match,0,0,0,
21,PRC_N2H0R1V2U2G2S1I1D2X9P5C5R0M6K8,2106818,2021-04-29,300,243,227,1,15,300,227,1,15,57,1,True,True,match,0,0,0,
21,PRC_F2Q0Q1T2O2C2B1J1E2Z6M4I0L4S4V9,2106817,2021-04-29,300,244,226,1,17,300,226,1,17,56,1,True,True,match,0,0,0,
21,PRC_S2M0O1F2P2E2X1Z1R0Y8T1H0K7U8S6,2106813,2021-04-29,300,242,209,13,20,300,209,13,20,58,1,True,True,match,0,0,0,
21,PRC_A2G0O1T2B0E4T1E0I5G0M4C7J2L1Z6,2106697,2021-04-29,300,243,242,0,1,300,242,0,1,57,1,True,True,match,0,0,0,
21,PRC_N2V0D1Z2Q1N5B1B5B0L2T1O0E2S9X6,2106669,2021-04-29,300,243,233,0,10,300,233,0,10,57,1,True,True,match,0,0,0,
21,PRC_K2D0Q1A2X1Z5E1A7X4D0Q3L2Z0B2G6,2106667,2021-04-29,300,239,193,20,26,300,193,20,26,61,1,True,True,match,0,0,0,
21,PRC_W2P0D1S2O0Q1S1E7S4D4F0V6R8M1M0,2106394,2021-04-29,300,247,241,0,6,300,241,0,6,53,1,True,True,match,0,0,0,
21,ARC_P2S0Y1V1J2Y6V1D4I0Q0D0I3V1B3L0,2105768,2021-04-29,300,243,230,1,12,300,230,1,12,57,1,True,True,match,0,0,0,
21,PRC_K2S0M1W1N2H5J1G5B3C4P4Z3Q9R4A7,2105734,2021-04-29,300,248,246,0,2,300,246,0,2,52,1,True,True,match,0,0,0,
21,PRC_S2A0G1M1T2J0G1X7N1D6C0A5R1B6J0,2105603,2021-04-29,300,246,234,1,11,300,234,1,11,54,1,True,True,match,0,0,0,
21,PRC_P2Z0E1M1D2O0Q1A3A5P9H3T4W3Y5V3,2105581,2021-04-29,300,244,239,0,5,300,239,0,5,56,1,True,True,match,0,0,0,
21,PRC_R2S0T1F1G1A6B1Z0W5L3B5P5U8U7H1,2105563,2021-04-29,300,243,237,0,6,300,237,0,6,57,1,True,True,match,0,0,0,
21,PRC_I2O0V1V1S1T6H1N0F5U3E1B1M3M4H0,2105551,2021-04-29,300,243,229,0,14,300,229,0,14,57,1,True,True,match,0,0,0,
21,PRC_Q2F0N1T0D3J0H1R2K5J1S1O7B8Y4T7,2105463,2021-04-29,300,248,229,2,17,300,229,2,17,52,1,True,True,match,0,0,0,
21,PRC_R2L0Z1H0F3K0G1L2H4V7Z2E0R5F9Y3,2105462,2021-04-29,300,243,226,0,17,300,226,0,17,57,1,True,True,match,0,0,0,
21,PRC_Z2A0J1W1J1W7B1D4V2Q6F2J5I8B3N5,2105414,2021-04-29,300,239,220,6,13,300,220,6,13,61,1,True,True,match,0,0,0,
21,PRC_U2S0Q1I1C0X6U1Z4A1W9U4K2C0K0R8,2105307,2021-04-29,300,249,238,0,11,300,238,0,11,51,1,True,True,match,0,0,0,
21,PRC_S2Y0E1F0G2N8P1W1X1K8S4O0M0N0M7,2104718,2021-04-29,300,245,236,0,9,300,236,0,9,55,1,True,True,match,0,0,0,
21,PRC_G2K0O1J0N0U8M1F3C5O7N3S4U4F9L1,2104577,2021-04-29,300,244,221,3,20,300,221,3,20,56,1,True,True,match,0,0,0,
21,PRC_S2P0D1V0J0D6W1S6P5X2O3B1U9R1A0,2104419,2021-04-29,300,244,232,0,12,300,232,0,12,56,1,True,True,match,0,0,0,
21,PRC_N2W0Z0U9M0Q8T1C7V3E5X2S5P9L6C6,2103624,2021-04-29,300,243,222,0,21,300,222,0,21,57,1,True,True,match,0,0,0,
21,PRC_V2Y0J0U9E0U1Q1Y5R1P1U3V6U3G4F1,2103396,2021-04-29,300,242,217,3,22,300,217,3,22,58,1,True,True,match,0,0,0,
21,PRC_P2L0W0U7J2S9Y1Y3K5K1E2J7I4W3U9,2102477,2021-04-29,300,243,197,20,26,300,197,20,26,57,1,True,True,match,0,0,0,
21,PRC_F2R0C0E7K2M7O1G4S2F6E4J2E4N0A1,2102397,2021-04-29,300,244,227,2,15,300,227,2,15,56,1,True,True,match,0,0,0,
21,ARC_E2S0C0U7O1Z6K1A6B4J6V3X9B5O9U0,2102061,2021-04-29,300,244,239,0,5,300,239,0,5,56,1,True,True,match,0,0,0,
21,ARC_W2P0I0L7O0Q3O1P1J1I0G2D7I6X6L3,2101382,2021-04-29,300,237,214,7,16,300,214,7,16,63,1,True,True,match,0,0,0,
21,PRC_R2S1C0Q3J0W4K0F9R1G8N5C4K0H0Y0,2108505,2021-03-25,299,257,247,3,7,299,247,3,7,42,1,True,True,match,0,0,0,
21,PRC_B2M1X0T3J0K4L0W9V1O8K2U8P0O9Z1,2108504,2021-03-25,299,256,246,3,7,299,246,3,7,43,1,True,True,match,0,0,0,
21,PRC_X2Q1S0U3G0R4P0N9K1T8Y0I4V9X4X0,2108503,2021-03-25,299,254,234,4,16,299,234,4,16,45,1,True,True,match,0,0,0,
21,PRC_R2S1L0U3S0E4M0Q9W1M7M3F8O6L3M1,2108502,2021-03-25,299,256,245,3,8,299,245,3,8,43,1,True,True,match,0,0,0,
21,PRC_Z2N1S0I3U0Y4B0Q9A1Q7U1P1Q4L0A5,2108501,2021-03-25,299,257,248,3,6,299,248,3,6,42,1,True,True,match,0,0,0,
21,PRC_X2M1F0S3B0R4R0R9J1M6P2N8J2C9L2,2108500,2021-03-25,299,258,242,3,13,299,242,3,13,41,1,True,True,match,0,0,0,
21,PRC_V2B1V0O3N0D4J0V9E1O5K4Z5H7O6B5,2108499,2021-03-25,299,256,248,2,6,299,248,2,6,43,1,True,True,match,0,0,0,
21,PRC_K2U1M0P3R0R4D0W9W1E5G1C4P7Y2M8,2108498,2021-03-25,299,258,245,3,10,299,245,3,10,41,1,True,True,match,0,0,0,
21,PRC_Y2L1R0N3D0U4E0C9E1U4J2L2R3E3I5,2108497,2021-03-25,299,259,242,6,11,299,242,6,11,40,1,True,True,match,0,0,0,
21,PRC_J2F1B0L3O1S7R1W7B5N7D5M2I9F9J1,2109080,2021-03-24,300,209,205,1,3,300,205,1,3,91,1,True,True,match,0,0,0,
21,PRC_B2E1V0S3T1I7W1H8X0H0B0N6U9C3X9,2109078,2021-03-24,300,216,213,0,3,300,213,0,3,84,1,True,True,match,0,0,0,
21,PRC_V2L1A0W3K2Z3K1U7H1Z0G0U8D9O1H5,2109075,2021-03-24,300,239,236,0,3,300,236,0,3,61,1,True,True,match,0,0,0,
21,PRC_N2E1S0T3P1W7E1C6O0E9X4Y5S9A6S9,2109074,2021-03-24,300,220,217,0,3,300,217,0,3,80,1,True,True,match,0,0,0,
21,PRC_R2N1V0F3L1R1F1A8U1U3W5N5N8A0K3,2109070,2021-03-24,300,224,210,3,11,300,210,3,11,76,1,True,True,match,0,0,0,
21,PRC_M2L1Y0E3Z1I6L1R0W1G5D4H6G9X3X9,2109069,2021-03-24,300,211,207,0,4,300,207,0,4,89,1,True,True,match,0,0,0,
21,PRC_H2J1K0H3U1D6B1U0K1J4W4V1V3R8L0,2109068,2021-03-24,300,214,210,0,4,300,210,0,4,86,1,True,True,match,0,0,0,
21,PRC_O2B1U0S3X1R6J1Q0Q1A7Z5Z9F3P7F7,2109067,2021-03-24,300,213,210,0,3,300,210,0,3,87,1,True,True,match,0,0,0,
21,PRC_G2J1W0U3M1X7H1D7U4T2Z5O6S4L2B2,2109066,2021-03-24,300,213,210,0,3,300,210,0,3,87,1,True,True,match,0,0,0,
21,PRC_L2Q1X0I3M1N7W1U7A4E5E4D1F0J4V8,2109065,2021-03-24,300,207,194,1,12,300,194,1,12,93,1,True,True,match,0,0,0,
21,PRC_Z2Z1P0C3W1H5B1K4A2H7E2J3E1T0B1,2109064,2021-03-24,300,222,207,3,12,300,207,3,12,78,1,True,True,match,0,0,0,
21,PRC_G2V1D0U3C1W5L1R4B2N6Y0C7L3O7P2,2109063,2021-03-24,300,221,214,0,7,300,214,0,7,79,1,True,True,match,0,0,0,
21,PRC_W2O1E0C3Z1Y5C1N4X2T3Y3U8P8V8X7,2109062,2021-03-24,300,218,214,1,3,300,214,1,3,82,1,True,True,match,0,0,0,
21,PRC_B2C1S0V3O1A1C1J8L2K1C0V2Q3T9A5,2109061,2021-03-24,300,216,195,4,17,300,195,4,17,84,1,True,True,match,0,0,0,
21,PRC_D2F1C0M3A1A1S1I8Y1G9V3A6K7L5N7,2109060,2021-03-24,300,221,192,7,22,300,192,7,22,79,1,True,True,match,0,0,0,
21,PRC_L2O1P0H3Q1O1V1N8O2Q4O3B2E3Y3I6,2109059,2021-03-24,300,226,223,1,2,300,223,1,2,74,1,True,True,match,0,0,0,
21,PRC_U2B1G0G2F1Q8V1F7I5U0N0L2Q7Y6K7,2109058,2021-03-24,300,220,206,0,14,300,206,0,14,80,1,True,True,match,0,0,0,
21,PRC_L2O1N0I3Y1J1Y1U8U1F1N4T9U9E6L8,2109057,2021-03-24,300,215,197,1,17,300,197,1,17,85,1,True,True,match,0,0,0,
21,PRC_O2M1X0A3U1B1V1J8I2G2S2C5D2I5C8,2109056,2021-03-24,300,224,220,0,4,300,220,0,4,76,1,True,True,match,0,0,0,
21,PRC_Z2K1H0Z3B1Z8E1F8I2P1I4X1X9M8T4,2109055,2021-03-24,300,213,208,0,5,300,208,0,5,87,1,True,True,match,0,0,0,
21,PRC_D2Q1R0E3O1S8J1T8H2A3B3K5X0P3L5,2109054,2021-03-24,300,212,205,0,7,300,205,0,7,88,1,True,True,match,0,0,0,
21,PRC_M2Q1N0T2K2I4B1Q5N1X8G0F9I0B9C1,2109022,2021-03-24,300,240,233,0,7,300,233,0,7,60,1,True,True,match,0,0,0,
21,PRC_E2P1E0D2W2W4B1M5N2K2H3E0R3O8Y0,2109021,2021-03-24,300,224,221,0,3,300,221,0,3,76,1,True,True,match,0,0,0,
21,PRC_L2Z1W0R2S2S4W1F9K1M3A3K0D8K0J4,2109019,2021-03-24,300,239,227,1,11,300,227,1,11,61,1,True,True,match,0,0,0,
21,PRC_C2B1Q0I2L2B4E1D9G1H4Y3J4Z7C4C5,2109017,2021-03-24,300,241,227,1,13,300,227,1,13,59,1,True,True,match,0,0,0,
21,PRC_J2J1W0Y2J2C4K1O5B2E3K3O6V0D0J6,2109016,2021-03-24,300,226,223,0,3,300,223,0,3,74,1,True,True,match,0,0,0,
21,PRC_E2R1S0H2P2T4K1Q5G1B9F3D9F6B8Y3,2109015,2021-03-24,300,231,227,0,4,300,227,0,4,69,1,True,True,match,0,0,0,
21,PRC_O2A1J0T2Z2B4J1C5N5U0X2B7K5B4D1,2109014,2021-03-24,300,223,220,0,3,300,220,0,3,77,1,True,True,match,0,0,0,
21,PRC_U2A1R0P2Y2L4K1S5G2F4T3Z2I0K6D3,2109013,2021-03-24,300,228,220,0,8,300,220,0,8,72,1,True,True,match,0,0,0,
21,PRC_I2Y1G0B2I2F4X1V5O2R5I2M1B4O2S3,2109012,2021-03-24,300,225,223,0,2,300,223,0,2,75,1,True,True,match,0,0,0,
21,PRC_C2Z1I0T2N2H4N1G5P4A9U0T8T5T4R5,2109011,2021-03-24,300,221,213,0,8,300,213,0,8,79,1,True,True,match,0,0,0,
21,PRC_Q2V1D0Z2C2U3U1Z4N2T7C0H8I3L0L3,2109001,2021-03-24,300,223,221,0,2,300,221,0,2,77,1,True,True,match,0,0,0,
21,PRC_D2H1L0S2A2Q3F1U4O2Y4P4P6D5P7Y0,2108997,2021-03-24,300,214,204,0,10,300,204,0,10,86,1,True,True,match,0,0,0,
21,PRC_K2I1I0C2F2R3H1H4X2G6F0D0W7R6G6,2108995,2021-03-24,300,222,213,2,7,300,213,2,7,78,1,True,True,match,0,0,0,
21,PRC_W2Y1O0H2U2W3P1X4K3U2W2D6W4K1K5,2108993,2021-03-24,300,217,215,0,2,300,215,0,2,83,1,True,True,match,0,0,0,
21,PRC_J2M1K0C2R2I3A1G4T2U0E5Z0H7I3B3,2108989,2021-03-24,300,218,197,1,20,300,197,1,20,82,1,True,True,match,0,0,0,
21,PRC_A2G1M0V2N2K2G1D8L5E3Y3M3V0Q2R0,2108987,2021-03-24,300,219,209,0,10,300,209,0,10,81,1,True,True,match,0,0,0,
21,PRC_L2B0H1L1P1W9N1Y5H4G2D0K1F2H9K3,2108984,2021-03-24,300,226,223,0,3,300,223,0,3,74,1,True,True,match,0,0,0,
21,PRC_Q2K1I0M3U0J8M1V7E1Z3U0C2C0R6U7,2108960,2021-03-24,300,211,210,0,1,300,210,0,1,89,1,True,True,match,0,0,0,
21,PRC_O2B1H0G2T1A9I1S5Q4R7D5D5R4B0E1,2108959,2021-03-24,300,203,199,0,4,300,199,0,4,97,1,True,True,match,0,0,0,
21,PRC_M2H1L0Z2D1B9N1N5H4F9D0W1F3A1L1,2108958,2021-03-24,300,216,210,1,5,300,210,1,5,84,1,True,True,match,0,0,0,
21,PRC_X2L1C0L3V0P8T1W7J1C3R4Y2T7P6G9,2108950,2021-03-24,300,215,213,0,2,300,213,0,2,85,1,True,True,match,0,0,0,
21,PRC_O2G1Z0L3S0J8W1S7R1R4C2A5D5X3W9,2108949,2021-03-24,300,217,215,0,2,300,215,0,2,83,1,True,True,match,0,0,0,
21,PRC_X2P1K0Z2B2K5F1P5B0P5I3J7S5I1T9,2108903,2021-03-24,300,212,211,0,1,300,211,0,1,88,1,True,True,match,0,0,0,
21,PRC_R2Q1T0T2L2M5V1L5U0D4V3T7Z0T7W2,2108902,2021-03-24,300,208,206,0,2,300,206,0,2,92,1,True,True,match,0,0,0,
21,PRC_D2U1M0M2S2D3S1U9C5J4Q3E9W5L5J6,2108900,2021-03-24,300,205,204,1,0,300,204,1,0,95,1,True,True,match,0,0,0,
21,PRC_F2O1Q0Q2M2T3Z1Z9W5F8R2B7V0P7H3,2108899,2021-03-24,300,209,208,0,1,300,208,0,1,91,1,True,True,match,0,0,0,
21,PRC_W2U1Z0Z2B2R3C1G9M5B7S4L1M2U5V9,2108898,2021-03-24,300,210,205,1,4,300,205,1,4,90,1,True,True,match,0,0,0,
21,PRC_M2D1U0D2V2R3D2C0U0M1C0B9L9H2L0,2108896,2021-03-24,300,210,195,0,15,300,195,0,15,90,1,True,True,match,0,0,0,
21,PRC_A2J1N0B2Z2B3M1O9E5Y5Z3C0M7T8B8,2108895,2021-03-24,300,208,166,17,25,300,166,17,25,92,1,True,True,match,0,0,0,
21,PRC_D2B1M0U2W2D3W2Z0F0C2J0U7W6J6R2,2108893,2021-03-24,300,209,200,1,8,300,200,1,8,91,1,True,True,match,0,0,0,
21,PRC_K2D1Z0M2X2L3U2A0U0W4Q2Q0E2V0C4,2108891,2021-03-24,300,216,204,0,12,300,204,0,12,84,1,True,True,match,0,0,0,
21,PRC_X2S1P0R2Z2D3L1C9H5D9L1F1T3N0E3,2108890,2021-03-24,300,201,193,1,7,300,193,1,7,99,1,True,True,match,0,0,0,
21,PRC_G2W1P0F2D2P4U1S0R3W7W5F6D2J0P0,2108889,2021-03-24,300,207,203,0,4,300,203,0,4,93,1,True,True,match,0,0,0,
21,PRC_I2B1J0R2C2N3Z2U0J0J8E4G0V2S6Q2,2108888,2021-03-24,300,212,212,0,0,300,212,0,0,88,1,True,True,match,0,0,0,
21,PRC_J2A1O0W2A2Y3H2H0K1M0W4L9U2D6I2,2108887,2021-03-24,300,209,200,0,9,300,200,0,9,91,1,True,True,match,0,0,0,
21,PRC_U2B1U0Y2S2Z3B2O0A1K2T1Q1B4O0N4,2108885,2021-03-24,300,209,194,0,15,300,194,0,15,91,1,True,True,match,0,0,0,
21,PRC_Q2G1I0F2M2B3R1T9S5Z3G4Z3N4G5D0,2108883,2021-03-24,300,204,202,0,2,300,202,0,2,96,1,True,True,match,0,0,0,
21,PRC_D2J1B0A2J2V3Z2O0X1S3U3Z5W7W7X9,2108882,2021-03-24,300,218,207,3,8,300,207,3,8,82,1,True,True,match,0,0,0,
21,PRC_W2W1K0Y2I2A3F2V0U0C0Q1P3A9Z9H5,2108880,2021-03-24,300,201,196,0,5,300,196,0,5,99,1,True,True,match,0,0,0,
21,PRC_H2A1W0T2P2T3X1H6K3I2Q3P1I6U0V0,2108875,2021-03-24,300,223,217,0,6,300,217,0,6,77,1,True,True,match,0,0,0,
21,PRC_K2E1J0Y2Y1Y9M1O5J5P0L1H3I1S6J9,2108862,2021-03-24,300,202,193,0,9,300,193,0,9,98,1,True,True,match,0,0,0,
21,PRC_M2C1O0V2B1E9B1G5O5D2G0I8N0N3A6,2108861,2021-03-24,300,218,210,0,8,300,210,0,8,82,1,True,True,match,0,0,0,
21,PRC_G2O1Z0U2U2F2C2G0Z5P5E1E0J4K1F5,2108860,2021-03-24,300,211,204,0,7,300,204,0,7,89,1,True,True,match,0,0,0,
21,PRC_F2S1K0F2V2T2I2G0A5A1A1Z3L1U7N0,2108859,2021-03-24,300,208,190,1,17,300,190,1,17,92,1,True,True,match,0,0,0,
21,PRC_K2B1H0G2D2E2F2D0J5S4H1Y3E3H2B4,2108858,2021-03-24,300,214,205,0,9,300,205,0,9,86,1,True,True,match,0,0,0,
21,PRC_S2P1U0K2G2N2W1W3O5F6D1Y1B3W8G0,2108845,2021-03-24,300,217,217,0,0,300,217,0,0,83,1,True,True,match,0,0,0,
21,PRC_M2W1U0Q3O0N8U1Q5C1D9G4K3R0P9Y6,2108669,2021-03-24,300,216,214,0,2,300,214,0,2,84,1,True,True,match,0,0,0,
21,PRC_C2H1D0P1Y2P8S1C7F3A1H1U2K3P8U3,2107815,2021-03-24,300,223,221,0,2,300,221,0,2,77,1,True,True,match,0,0,0,
21,PRC_D2G1X0J1R2M8D1W3L4Y6X3U4H0N1S3,2107727,2021-03-24,300,220,218,0,2,300,218,0,2,80,1,True,True,match,0,0,0,
21,PRC_J2B1J0Z1F1J9E1P4T5P2L1J0O4F3Q5,2107489,2021-03-24,300,209,205,0,4,300,205,0,4,91,1,True,True,match,0,0,0,
21,PRC_R2H1C0K1X1U2Q1J7F1H6W1C9K4T4D6,2107378,2021-03-24,300,241,218,7,16,300,218,7,16,59,1,True,True,match,0,0,0,
21,PRC_V2Q1L0I1H1A4J1D0D1E4X0P3E5P9T9,2107362,2021-03-24,300,226,223,0,3,300,223,0,3,74,1,True,True,match,0,0,0,
21,PRC_P2N0G1W2R0M9D1W7E2S7M2A0W9J8E6,2107257,2021-03-24,300,199,191,0,8,300,191,0,8,101,1,True,True,match,0,0,0,
21,PRC_D2D1F0W1A0P5T1K1L2B3J3A2L0M3D1,2107191,2021-03-24,300,226,208,5,13,300,208,5,13,74,1,True,True,match,0,0,0,
21,PRC_P2Y0K1J2O3O1S1M5G4E9E2Y8V9B3V9,2107112,2021-03-24,300,223,222,0,1,300,222,0,1,77,1,True,True,match,0,0,0,
21,PRC_U2I0P1T2M3I1T1L1M4P5S0H0Q7V3B4,2107085,2021-03-24,300,226,218,0,8,300,218,0,8,74,1,True,True,match,0,0,0,
21,PRC_E2C0S1H2Y2I9R1H1W4K3N4Q2X9C2J4,2106985,2021-03-24,300,216,208,1,7,300,208,1,7,84,1,True,True,match,0,0,0,
21,ARC_R2J0R1T2E2K4Y1B8Y2F0I5A1R6B5H2,2106936,2021-03-24,300,193,189,0,4,300,189,0,4,107,1,True,True,match,0,0,0,
21,PRC_U2A0J1K2V1P5U1T0U2A5J3K8P5F8B3,2106912,2021-03-24,300,212,203,0,9,300,203,0,9,88,1,True,True,match,0,0,0,
21,PRC_O2U0Z1C2U2I3B1Q1O1D4S4M0Y9F2H7,2106859,2021-03-24,300,200,170,15,15,300,170,15,15,100,1,True,True,match,0,0,0,
21,PRC_R2X0X1L2K1W8E1T7K4V6V0G2A5K8C2,2106729,2021-03-24,300,225,222,0,3,300,222,0,3,75,1,True,True,match,0,0,0,
21,PRC_W2N0C1O2M1Z7Y1Y8I0Q8I2L5T0N5M9,2106689,2021-03-24,300,225,223,0,2,300,223,0,2,75,1,True,True,match,0,0,0,
21,PRC_C2S0I1J2S1V6B1Z7C3X7T2W5R0R3I4,2106624,2021-03-24,300,208,186,4,18,300,186,4,18,92,1,True,True,match,0,0,0,
21,PRC_F2V0T1U2Z1F5J0Z9M3T2L4T1X6V3V2,2106611,2021-03-24,300,209,191,2,16,300,191,2,16,91,1,True,True,match,0,0,0,
21,PRC_Y2T0K1N2C1V5Q0C9Q3V5V3T4S4Z5T1,2106607,2021-03-24,300,213,204,0,9,300,204,0,9,87,1,True,True,match,0,0,0,
21,PRC_I2Q0M1M2A1A5W1S4P0W7S5K4S7W2D7,2106599,2021-03-24,300,218,204,2,12,300,204,2,12,82,1,True,True,match,0,0,0,
21,PRC_C2E0E1S2N1U5B1Y5K0S5D5B3D1P2F4,2106583,2021-03-24,300,190,172,4,14,300,172,4,14,110,1,True,True,match,0,0,0,
21,PRC_E2V0O1L2S1I5N1Z7K4K9C4S3H2U2D9,2106490,2021-03-24,300,214,213,0,1,300,213,0,1,86,1,True,True,match,0,0,0,
21,PRC_I2L0Z1X2A1O4N1B5C5Z3Z1P4U4V2I4,2106485,2021-03-24,300,212,210,1,1,300,210,1,1,88,1,True,True,match,0,0,0,
21,PRC_E2P0O1F2H1Z5R1D7Y0B6U2R3R1E6T2,2106482,2021-03-24,300,215,192,7,16,300,192,7,16,85,1,True,True,match,0,0,0,
21,PRC_D2V0F1L2G1F4I1Z7S0D8J3Z8E4W7M3,2106435,2021-03-24,300,214,208,0,6,300,208,0,6,86,1,True,True,match,0,0,0,
21,PRC_B2A0H1O2M1L4D1Z7Q0P6X5V6S1I7K2,2106434,2021-03-24,300,210,202,0,8,300,202,0,8,90,1,True,True,match,0,0,0,
21,PRC_X2D0R1K2E1K4U1B7Z0Y4J0Y1F3U2M1,2106432,2021-03-24,300,214,208,0,6,300,208,0,6,86,1,True,True,match,0,0,0,
21,PRC_V2X0B1U2Y1G4M1D7W0S3D2Z0B5F4H3,2106431,2021-03-24,300,208,198,0,10,300,198,0,10,92,1,True,True,match,0,0,0,
21,PRC_B2L0R1M2C1D4N1Z7V0Q2U1V8B5P9R7,2106430,2021-03-24,300,203,196,0,7,300,196,0,7,97,1,True,True,match,0,0,0,
21,PRC_D2S0L1B1F3K0T1B4T2D6M5Z5J1Y0N7,2106206,2021-03-24,300,225,223,0,2,300,223,0,2,75,1,True,True,match,0,0,0,
21,PRC_Z2C0E1X1R2E7T1J6S0Y8C2W7D5M0G7,2106058,2021-03-24,300,220,206,8,6,300,206,8,6,80,1,True,True,match,0,0,0,
21,PRC_Q2W0Y1U1I2N4H1Q3R0D4L5F6W8W5T4,2106045,2021-03-24,300,214,179,6,29,300,179,6,29,86,1,True,True,match,0,0,0,
21,PRC_S2N0V1J1O3I0G1X5D1L8W5K6D9W7L2,2105902,2021-03-24,300,220,200,4,16,300,200,4,16,80,1,True,True,match,0,0,0,
21,ARC_S2Q0D1M1E2A6Z1L3K5A5W3S5N7X5R9,2105769,2021-03-24,300,204,200,0,4,300,200,0,4,96,1,True,True,match,0,0,0,
21,PRC_L2U0E1K1N2P5N1S5O1O9D2L7R2O7B9,2105731,2021-03-24,300,225,223,0,2,300,223,0,2,75,1,True,True,match,0,0,0,
21,PRC_S2Q0H1W1Y2I5H1C1J0L6X1Q9W5K7T4,2105718,2021-03-24,300,223,212,0,11,300,212,0,11,77,1,True,True,match,0,0,0,
21,PRC_E2I0M1L1E2Y5Z1Q0D4K8V5B7S7P5K8,2105713,2021-03-24,300,223,215,1,7,300,215,1,7,77,1,True,True,match,0,0,0,
21,PRC_M2W0X1X1X2G5A1K0Z4Z8E2R4T9B7U2,2105712,2021-03-24,300,225,214,0,11,300,214,0,11,75,1,True,True,match,0,0,0,
21,PRC_I2G0R1J1L2K5D1J0J4X3U2I6S6U2B5,2105708,2021-03-24,300,224,222,0,2,300,222,0,2,76,1,True,True,match,0,0,0,
21,PRC_C2E0O1V1U1F9D1N4R5V2E4X5Y1V4J5,2105548,2021-03-24,300,215,204,2,9,300,204,2,9,85,1,True,True,match,0,0,0,
21,PRC_V2J0E1G1B1S3D1V5K5Y2T1N9M3F5M7,2105536,2021-03-24,300,218,209,0,9,300,209,0,9,82,1,True,True,match,0,0,0,
21,PRC_L2O0S1B1L1N3T1X0X3B2N1O4U3M3I1,2105305,2021-03-24,300,205,193,2,10,300,193,2,10,95,1,True,True,match,0,0,0,
21,PRC_Z2V0O1G1P1B3R1V0C3P1V4D0F8L0J7,2105304,2021-03-24,300,239,223,4,12,300,223,4,12,61,1,True,True,match,0,0,0,
21,PRC_K2V0F1L1P1Y3D1Y0M3J1C2A5N3S6U2,2105303,2021-03-24,300,241,226,4,11,300,226,4,11,59,1,True,True,match,0,0,0,
21,PRC_J2Y0C1O1K1C3X1S0Z3F1M2M1W0Y9Z4,2105302,2021-03-24,300,237,222,5,10,300,222,5,10,63,1,True,True,match,0,0,0,
21,PRC_X2W0I1N1N1C2J1A6M1B1F5J4Y6B7Z1,2105276,2021-03-24,300,237,224,4,9,300,224,4,9,63,1,True,True,match,0,0,0,
21,PRC_Y2Y0R1B1O1J2J1X6B1J0N5W7R0D7R0,2105275,2021-03-24,300,237,227,4,6,300,227,4,6,63,1,True,True,match,0,0,0,
21,PRC_C2B0A1B1N1C2F1H6U0O9A4W7H9I4T7,2105274,2021-03-24,300,237,226,3,8,300,226,3,8,63,1,True,True,match,0,0,0,
21,PRC_H2X0I1T1R1L2Z1O6G0Q8O2T9M9L2J1,2105273,2021-03-24,300,240,228,4,8,300,228,4,8,60,1,True,True,match,0,0,0,
21,PRC_C2L0B1Y1O1E2D1A0F2Z4Y2M7N6T7D8,2105234,2021-03-24,300,242,228,4,10,300,228,4,10,58,1,True,True,match,0,0,0,
21,PRC_U2M0Z1H1K1I1T1A4E0A9R3E5V7M0S2,2105211,2021-03-24,300,243,231,4,8,300,231,4,8,57,1,True,True,match,0,0,0,
21,PRC_A2Q0C1W1O1Y1F1E3L3K8U2X6G0W2D5,2105206,2021-03-24,300,243,229,4,10,300,229,4,10,57,1,True,True,match,0,0,0,
21,PRC_L2D0T1U1J1Z1W1Y3Q3R4W5B5Y3S8I5,2105205,2021-03-24,300,243,228,4,11,300,228,4,11,57,1,True,True,match,0,0,0,
21,PRC_P2X0W1A1N1V0G1R1C3D3F5J8Y2T4N2,2105150,2021-03-24,300,241,227,8,6,300,227,8,6,59,1,True,True,match,0,0,0,
21,PRC_C2B0E1Q1P1Q0V1B1J3N3T4B1R9K4R0,2105149,2021-03-24,300,245,232,5,8,300,232,5,8,55,1,True,True,match,0,0,0,
21,PRC_C2W0R1E1J1E0R1N1V3J3P2D3E1N7G9,2105148,2021-03-24,300,243,229,4,10,300,229,4,10,57,1,True,True,match,0,0,0,
21,PRC_G2H0D1U1G1T0D1H1O3Q3Z0Q6V7U2T6,2105147,2021-03-24,300,245,233,7,5,300,233,7,5,55,1,True,True,match,0,0,0,
21,PRC_V2Y0D1G1C1N0C1H1O2O7N3U4E7D4L0,2105145,2021-03-24,300,236,226,4,6,300,226,4,6,64,1,True,True,match,0,0,0,
21,PRC_B2V0M1N1A1E0T1W1A2L7I1M2F5J6H2,2105144,2021-03-24,300,205,196,2,7,300,196,2,7,95,1,True,True,match,0,0,0,
21,PRC_H2T0Y1A1Y1C0D1I1O2E5Y3B5J7C8S1,2105143,2021-03-24,300,220,211,2,7,300,211,2,7,80,1,True,True,match,0,0,0,
21,PRC_D2O0M1G1K0M3T1E8S0I7S3V0M0F7V4,2105130,2021-03-24,300,231,225,0,6,300,225,0,6,69,1,True,True,match,0,0,0,
21,PRC_E2F0D1T1H0S2J1L6F4J2J4J5M7M8P0,2104836,2021-03-24,300,215,208,0,7,300,208,0,7,85,1,True,True,match,0,0,0,
21,PRC_W2Q0E1Y0Y2F9O1O5U5Q2T5Q2H6C4N6,2104763,2021-03-24,300,198,193,0,5,300,193,0,5,102,1,True,True,match,0,0,0,
21,PRC_F2L0D1P0M2C8Z1N0K5F7O3Q0E3I0L6,2104717,2021-03-24,300,243,224,5,14,300,224,5,14,57,1,True,True,match,0,0,0,
21,PRC_F2R0M1L0K2R7J1X7Y3V2X2C4A2G1K4,2104700,2021-03-24,300,207,203,0,4,300,203,0,4,93,1,True,True,match,0,0,0,
21,PRC_V2K0Z1E0Z1A2N1E0A1H9H3K2U3Z2K8,2104624,2021-03-24,300,212,207,0,5,300,207,0,5,88,1,True,True,match,0,0,0,
21,PRC_K2J0M1N0N1O2G1H0Q2N0C5I3X4K1D7,2104623,2021-03-24,300,215,206,0,9,300,206,0,9,85,1,True,True,match,0,0,0,
21,PRC_B2X0R1B0U1T2P1Z5O5S3R2O2G2F6H7,2104615,2021-03-24,300,211,183,7,21,300,183,7,21,89,1,True,True,match,0,0,0,
21,PRC_P2R0S1N0V1H6Y1Y7O2G7C0R1E1D2U8,2104555,2021-03-24,300,206,203,1,2,300,203,1,2,94,1,True,True,match,0,0,0,
21,PRC_V2K0E1E0I1I5H1P8J0J5T3O1M1N8I9,2104538,2021-03-24,300,219,149,62,8,300,149,62,8,81,1,True,True,match,0,0,0,
21,PRC_W2C0N1P0V1Y3D1R0C2Z7U1N7F0Y8Y8,2104488,2021-03-24,300,214,206,0,8,300,206,0,8,86,1,True,True,match,0,0,0,
21,PRC_C2N0L1B0M0O5S1P8T0O6I1O8S4J8O7,2104398,2021-03-24,300,212,211,0,1,300,211,0,1,88,1,True,True,match,0,0,0,
21,PRC_G2L0C0D9B2M9X1C1P2V9K2O8E5T6I2,2104328,2021-03-24,300,215,204,4,7,300,204,4,7,85,1,True,True,match,0,0,0,
21,PRC_U2Q0N0S9X0X9Q1K6F5L4P5X8R7H2Q4,2104132,2021-03-24,300,212,205,0,7,300,205,0,7,88,1,True,True,match,0,0,0,
21,PRC_Y2R0K0E9B1Q5F1U5I2S8M4G5Y0T2B7,2103908,2021-03-24,300,212,202,4,6,300,202,4,6,88,1,True,True,match,0,0,0,
21,PRC_G2J0I0R9V1K1L1Q4D0Q6C3D8Q6R4S6,2103767,2021-03-24,300,205,196,1,8,300,196,1,8,95,1,True,True,match,0,0,0,
21,PRC_F2G0A0I9D1M1Y1E1Y1T7E5T3F9O3F2,2103759,2021-03-24,300,197,193,0,4,300,193,0,4,103,1,True,True,match,0,0,0,
21,ARC_U2S0U0E9U0A9F1S7V5S0W1A3L0H3N1,2103701,2021-03-24,300,224,209,4,11,300,209,4,11,76,1,True,True,match,0,0,0,
21,PRC_I2M0E0P9P0T9T1C6R4E4H5R1H1W6S8,2103686,2021-03-24,300,219,216,0,3,300,216,0,3,81,1,True,True,match,0,0,0,
21,PRC_V2S0K0P9D0X8Z1Y5R3I8S5X9T5F0C0,2103610,2021-03-24,300,218,209,0,9,300,209,0,9,82,1,True,True,match,0,0,0,
21,ARC_M2B0E0S9F0T3Y1S6C1S9U1P4A5U1M0,2103503,2021-03-24,300,222,218,0,4,300,218,0,4,78,1,True,True,match,0,0,0,
21,PRC_C2T0D0I9D0H3Z1G4F2O9H4I8G9M5S3,2103495,2021-03-24,300,201,199,0,2,300,199,0,2,99,1,True,True,match,0,0,0,
21,PRC_Y2D0N0X9C0J1R1V6I4D9U4J5T9C1T6,2103414,2021-03-24,300,201,194,0,7,300,194,0,7,99,1,True,True,match,0,0,0,
21,PRC_H2A0D0Q9Z0V1F1J6O1F1H2V3D2E9M3,2103406,2021-03-24,300,204,191,0,13,300,191,0,13,96,1,True,True,match,0,0,0,
21,PRC_K2C0Z0W8C3T1F1T1A5Z0H4E0I2P9U8,2103313,2021-03-24,300,227,215,0,12,300,215,0,12,73,1,True,True,match,0,0,0,
21,PRC_V2F0Q0D8J1S1G1A6R2G6V2C7W2D0D8,2102885,2021-03-24,300,224,221,0,3,300,221,0,3,76,1,True,True,match,0,0,0,
21,PRC_S2A0S0X8E1W0M1I0E1X9E3O1Z4J7V1,2102835,2021-03-24,300,214,206,1,7,300,206,1,7,86,1,True,True,match,0,0,0,
21,ARC_V2X0L0Z8T0U7S1L3U4L8O2E8B0L7J5,2102789,2021-03-24,300,247,244,0,3,300,244,0,3,53,1,True,True,match,0,0,0,
21,PRC_R2K0Y0S8P0T4K1O0L0R0I3X8M1S6A5,2102657,2021-03-24,300,225,221,0,4,300,221,0,4,75,1,True,True,match,0,0,0,
21,PRC_Q2N0T0S7C2M3Y1Z6I0O0E2C2T0N0M5,2102324,2021-03-24,300,215,200,0,15,300,200,0,15,85,1,True,True,match,0,0,0,
21,PRC_M2J0N0A7Y2O0W1I5L2S7C3G1Q2R5R9,2102197,2021-03-24,300,212,200,1,11,300,200,1,11,88,1,True,True,match,0,0,0,
21,PRC_X2Z0S0L7E1T5H1X2T0V9R4B0O2L2N6,2101971,2021-03-24,300,209,186,0,23,300,186,0,23,91,1,True,True,match,0,0,0,
21,PRC_X2L0R0O7G1W5P1F0G2S6H4G3B4C8D1,2101959,2021-03-24,300,223,219,0,4,300,219,0,4,77,1,True,True,match,0,0,0,
21,ARC_B2X0C0D7D1U0H1W4Z1W1X2Q8B5D4B3,2101773,2021-03-24,300,240,235,0,5,300,235,0,5,60,1,True,True,match,0,0,0,
21,PRC_V2O0O0L7B0C1T1P3T5S7Q3A9U7V0H5,2101259,2021-03-24,300,214,205,0,9,300,205,0,9,86,1,True,True,match,0,0,0,
21,PRC_M2Q0T0E6G2Z5N1X6G1B7Q0Y8N9W7D4,2101009,2021-03-24,300,224,223,0,1,300,223,0,1,76,1,True,True,match,0,0,0,
21,PRC_X2A0P0C6Z1N6P1F8G1Q3G5Z6F3R2A7,2100570,2021-03-24,300,191,190,0,1,300,190,0,1,109,1,True,True,match,0,0,0,
21,PRC_F2D0R0F6Y1H2R1Y4L2C9J1K0X4V4L5,2100422,2021-03-24,300,215,181,18,16,300,181,18,16,85,1,True,True,match,0,0,0,
21,PRC_V2N1P0J2O1T7O1O6V4I8Y1S0M7H2X2,2108400,2021-02-26,300,240,236,0,4,300,236,0,4,60,1,True,True,match,0,0,0,
21,PRC_P2K1W0B2E1H7I1D6I4K9U2Z5W6A2T6,2108399,2021-02-26,300,238,234,0,4,300,234,0,4,62,1,True,True,match,0,0,0,
21,PRC_X2T1R0T2T1V7E1F6Z5V0C1D2I5Y7X9,2108398,2021-02-26,300,240,236,0,4,300,236,0,4,60,1,True,True,match,0,0,0,
21,PRC_I2A1R0Y2B1X9W1A5K4T1J4B3N4W5T7,2108397,2021-02-26,300,239,233,2,4,300,233,2,4,61,1,True,True,match,0,0,0,
21,PRC_G2Y1Q0I2O1J9E1A3X1H0T0A0Q5J1L6,2108396,2021-02-26,300,238,228,1,9,300,228,1,9,62,1,True,True,match,0,0,0,
21,PRC_A2X1P0W2O2R3Q1B9Z1D1R2Z3L7D7W5,2108395,2021-02-26,300,247,219,6,22,300,219,6,22,53,1,True,True,match,0,0,0,
21,PRC_F2G1L0O2S1A9B1B1S3B8M5A7P0L1R7,2108394,2021-02-26,300,239,236,1,2,300,236,1,2,61,1,True,True,match,0,0,0,
21,PRC_R2K1P0Q2J1Q9L1I5Q4L5R5V1P3H8O0,2108393,2021-02-26,300,242,239,0,3,300,239,0,3,58,1,True,True,match,0,0,0,
21,PRC_I2F1J0F2E1B8S2B0D4Y9W2E1N5P1S6,2108392,2021-02-26,300,239,235,0,4,300,235,0,4,61,1,True,True,match,0,0,0,
21,PRC_U2J1N0Z2W1R8D2K0D5Y5K2R7P3Q9U0,2108389,2021-02-26,300,244,242,0,2,300,242,0,2,56,1,True,True,match,0,0,0,
21,PRC_K2V1G0H2R1F8W1R7B4R5T4G4E3N0C9,2108350,2021-02-26,300,231,220,2,9,300,220,2,9,69,1,True,True,match,0,0,0,
21,PRC_F2Z1X0G2V1O8J1K7J4L2I4Y9I1C1S6,2108349,2021-02-26,300,227,218,0,9,300,218,0,9,73,1,True,True,match,0,0,0,
21,PRC_O2N1A0H2M1D8K1A7F4Z7R0J8L2K7R3,2108348,2021-02-26,300,230,219,1,10,300,219,1,10,70,1,True,True,match,0,0,0,
21,PRC_X2V1U0F2V1E8B1G7Y4S8Z4O1L1J5Y2,2108347,2021-02-26,300,246,238,1,7,300,238,1,7,54,1,True,True,match,0,0,0,
21,PRC_L2V1D0Y2E1Y9Q2Z0P0X1T3B9M8C5H3,2108346,2021-02-26,300,229,181,33,15,300,181,33,15,71,1,True,True,match,0,0,0,
21,PRC_V2N1S0T2P1Z8H1T7R3E0L5Z0P5R9S7,2108345,2021-02-26,300,251,247,1,3,300,247,1,3,49,1,True,True,match,0,0,0,
21,PRC_X2O1L0R2G1F8K1K7D3C8H0O6H1A9W4,2108344,2021-02-26,300,250,217,4,29,300,217,4,29,50,1,True,True,match,0,0,0,
21,PRC_L2V1U0X2F1H8I1W6W3K1E5H9Y2T5Z3,2108343,2021-02-26,300,252,236,0,16,300,236,0,16,48,1,True,True,match,0,0,0,
21,PRC_V2C1S0G2F1L8F1A4O3E9L0J1N7W4C7,2108342,2021-02-26,300,250,208,16,26,300,208,16,26,50,1,True,True,match,0,0,0,
21,PRC_C2V1E0B2B1T8T1R5I4G6V3Y2N1C3T3,2108341,2021-02-26,300,247,206,12,29,300,206,12,29,53,1,True,True,match,0,0,0,
21,PRC_O2X1Q0S2K1O8G1N6K4A6H3F5X8Y4Q5,2108340,2021-02-26,300,252,236,1,15,300,236,1,15,48,1,True,True,match,0,0,0,
21,PRC_T2Z1S0M2X1Q9H1O1B4O1T3P1B6L3V0,2108339,2021-02-26,300,256,248,0,8,300,248,0,8,44,1,True,True,match,0,0,0,
21,PRC_N2A1F0F2E2F5S1S5I4X7O5A3K3B1F4,2108338,2021-02-26,300,257,257,0,0,300,257,0,0,43,1,True,True,match,0,0,0,
21,PRC_K2R1T0V2A1C5V1Q6B5J9S2Z2F7H4E4,2108337,2021-02-26,300,229,199,5,25,300,199,5,25,71,1,True,True,match,0,0,0,
21,PRC_C2Y1S0V2N2Z5C1Q0C5X5T1F2O1M7Y1,2108336,2021-02-26,300,252,246,0,6,300,246,0,6,48,1,True,True,match,0,0,0,
21,PRC_Y2P1L0X2X2R5T1H0H5P8M2Z9V5N8Z0,2108335,2021-02-26,300,254,252,1,1,300,252,1,1,46,1,True,True,match,0,0,0,
21,ARC_S2E1S0G1B2Z8J1R1X1F1F2V3F6A6G2,2107715,2021-02-26,300,253,240,0,13,300,240,0,13,47,1,True,True,match,0,0,0,
21,ARC_Y2F1O0E1E2U8R1S0Y5W7O4K4V1J8D1,2107713,2021-02-26,300,253,240,0,13,300,240,0,13,47,1,True,True,match,0,0,0,
21,PRC_F2Z1M0I1O2G2F1H5T5K3F2N1K2G5Q5,2107586,2021-02-26,300,240,230,0,10,300,230,0,10,60,1,True,True,match,0,0,0,
21,PRC_W2Q1U0Y1K1G2E1G3Z4T4F2Q4U2A3A0,2107578,2021-02-26,300,237,227,0,10,300,227,0,10,63,1,True,True,match,0,0,0,
21,PRC_G2X1T0U1L1A2T1X6G1L3K2R0Z3W8P2,2107327,2021-02-26,300,227,223,0,4,300,223,0,4,73,1,True,True,match,0,0,0,
21,PRC_Q2R0P1C2D3Y0F0F9I1V6E1T7Y4M6W6,2107137,2021-02-26,300,241,218,5,18,300,218,5,18,59,1,True,True,match,0,0,0,
21,PRC_Z2G0S1B2W1P4R1U6B3D9Y3T0R5M6L8,2106428,2021-02-26,300,254,252,0,2,300,252,0,2,46,1,True,True,match,0,0,0,
21,PRC_C2W0M1V1Z2G4C1S5S2D0L5Y3W3I8L0,2106322,2021-02-26,300,250,241,1,8,300,241,1,8,50,1,True,True,match,0,0,0,
21,PRC_G2T0A1J2L0O4T1K3P3O7A3F8D8X4G0,2106126,2021-02-26,300,245,202,4,39,300,202,4,39,55,1,True,True,match,0,0,0,
21,PRC_U2A0H1N2W0A4B1E3G2L9N4W1M2Z8I9,2106124,2021-02-26,300,247,210,1,36,300,210,1,36,53,1,True,True,match,0,0,0,
21,PRC_H2R0B1J2Y0X4W1R3B2G5D3I3F4H2K0,2106123,2021-02-26,300,250,211,4,35,300,211,4,35,50,1,True,True,match,0,0,0,
21,PRC_X2L0X1M2Q0C4Q1H3E1G9M4P5J1D1H2,2106122,2021-02-26,300,248,204,2,42,300,204,2,42,52,1,True,True,match,0,0,0,
21,ARC_G2B0J1X1W2U7A1U4K0E3I4E3V1P3U9,2105815,2021-02-26,300,245,243,1,1,300,243,1,1,55,1,True,True,match,0,0,0,
21,ARC_O2X0U1I1G2L7J1Y1Z1O4P3N9U3E9Z4,2105805,2021-02-26,300,240,226,2,12,300,226,2,12,60,1,True,True,match,0,0,0,
21,PRC_M2H0E1O1H2D6I1I1B5X2V5X5X7R2Q8,2105762,2021-02-26,300,253,209,13,31,300,209,13,31,47,1,True,True,match,0,0,0,
21,PRC_T2J0X1N1Q2C6A1M1W2T9A4T7Y8F5Q6,2105760,2021-02-26,300,250,211,9,30,300,211,9,30,50,1,True,True,match,0,0,0,
21,PRC_U2K0K1F1E2B6M1F1V0Q3M1Y3L5C8U2,2105758,2021-02-26,300,249,202,11,36,300,202,11,36,51,1,True,True,match,0,0,0,
21,PRC_P2D0Y1D1N2G6G1W0R4G4U4W9N9G7F6,2105755,2021-02-26,300,247,209,8,30,300,209,8,30,53,1,True,True,match,0,0,0,
21,PRC_F2N0Z1Y1Q2B6C1Q0R2O7K5B8A8T9Z6,2105754,2021-02-26,300,250,212,8,30,300,212,8,30,50,1,True,True,match,0,0,0,
21,PRC_T2Z0V1F1O2H6V1T0H1K0P3I2W2Q9M7,2105752,2021-02-26,300,246,211,5,30,300,211,5,30,54,1,True,True,match,0,0,0,
21,PRC_I2D0C1V1K2G6S1J0A0B8W5H1T9N8H0,2105751,2021-02-26,300,242,214,5,23,300,214,5,23,58,1,True,True,match,0,0,0,
21,PRC_L2N0Z1U1X2W6K1H0E4V0C1V2U9T3E7,2105750,2021-02-26,300,245,224,3,18,300,224,3,18,55,1,True,True,match,0,0,0,
21,PRC_L2Z0Z1F0K2N8D0T9O1B0O4Y6G7E1I3,2105344,2021-02-26,300,245,240,0,5,300,240,0,5,55,1,True,True,match,0,0,0,
21,PRC_V2F0B1J0G2Y2I1J6E0U8A0J3Y6H5W4,2105216,2021-02-26,300,219,184,12,23,300,184,12,23,81,1,True,True,match,0,0,0,
21,PRC_T2M0Y1B1G0D5M1B7F4F8H4G0L6T6Q4,2105007,2021-02-26,300,249,240,2,7,300,240,2,7,51,1,True,True,match,0,0,0,
21,PRC_B2T0H1D0X2Q9K1I5Q2V7N1G2U1E5K1,2104760,2021-02-26,300,225,200,9,16,300,200,9,16,75,1,True,True,match,0,0,0,
21,PRC_Y2S0I0K9E2V5A1X5F1X9G2W8L1I1U6,2104255,2021-02-26,300,228,216,0,12,300,216,0,12,72,1,True,True,match,0,0,0,
21,PRC_V2H0V0R9U1G8J1T7N3J0S3L3C4W5U6,2104049,2021-02-26,300,228,202,4,22,300,202,4,22,72,1,True,True,match,0,0,0,
21,PRC_S2Q0B0K9Y0V1Y1E3B1S5V4P9S9U9Y3,2103387,2021-02-26,300,246,239,2,5,300,239,2,5,54,1,True,True,match,0,0,0,
21,PRC_I2A0X0G8Q3L1S2X0Q4S1O5E8R7Q8J2,2103364,2021-02-26,300,224,211,7,6,300,211,7,6,76,1,True,True,match,0,0,0,
21,PRC_O2S0K0M8E1H9I1G7M2I3A2H2L8Q3Z0,2103070,2021-02-26,300,221,204,5,12,300,204,5,12,79,1,True,True,match,0,0,0,
21,PRC_T2Q0A0E8F1R3O1E6Q1E7X5G1J1E9T0,2102954,2021-02-26,300,240,167,66,7,300,167,66,7,60,1,True,True,match,0,0,0,
21,PRC_U2C0F0Z7N2M4G1F1H0G4G1A6K8A4T5,2102349,2021-02-26,300,228,215,3,10,300,215,3,10,72,1,True,True,match,0,0,0,
21,ARC_T2Y0I0Z7P1P6K1G0F5Z1K0M0Y6Y0C9,2102021,2021-02-26,300,228,225,0,3,300,225,0,3,72,1,True,True,match,0,0,0,
21,PRC_S2B0M0R7G1O4V1S0I1R7B3C6V3C5P4,2101883,2021-02-26,300,248,201,16,31,300,201,16,31,52,1,True,True,match,0,0,0,
21,PRC_S2E0Q0S7S1F4K1H0X1P7P1M0U2Z7W0,2101882,2021-02-26,300,248,201,16,31,300,201,16,31,52,1,True,True,match,0,0,0,
21,PRC_N2F0J0A7L1L4W1E0P1E6A4X4P4T9E0,2101881,2021-02-26,300,248,242,0,6,300,242,0,6,52,1,True,True,match,0,0,0,
21,PRC_B2P0X0Z7X1D3V1T4U1B9G2W6N5I7U8,2101844,2021-02-26,300,248,214,12,22,300,214,12,22,52,1,True,True,match,0,0,0,
21,PRC_G2R0Z0W7Y0V8D1A7N5P0Z3B4L9D1P3,2101672,2021-02-26,300,249,233,3,13,300,233,3,13,51,1,True,True,match,0,0,0,
21,ARC_T2V0T0M7D0Z8Y1Q4N0Y7P5N6C0Y7Y7,2101632,2021-02-26,300,256,252,1,3,300,252,1,3,44,1,True,True,match,0,0,0,
21,PRC_B2O0N0C6T2M6S0O9N5I5Y4S0C7Q4F8,2101030,2021-02-26,300,247,213,11,23,300,213,11,23,53,1,True,True,match,0,0,0,
21,PRC_X2Z0A1I2J0N1O1W5Z5P2O5W2L8G5V8,2107252,2021-01-08,300,241,241,0,0,300,241,0,0,59,1,True,True,match,0,0,0,
21,PRC_N2Y1C0M1M0Y8N1B1U3Z9F2E6D2P3M8,2107251,2021-01-08,300,266,264,0,2,300,264,0,2,34,1,True,True,match,0,0,0,
21,PRC_J2I1O0F1B0O8E1N1D3X6Y4X4R8W5G7,2107250,2021-01-08,300,264,255,0,9,300,255,0,9,36,1,True,True,match,0,0,0,
21,PRC_A2K1J0U1T0Q8A1P1J2L8T1Q4A7N3Y1,2107249,2021-01-08,300,266,164,44,58,300,164,44,58,34,1,True,True,match,0,0,0,
21,PRC_N2W0O1M0L1O6A1O7L2X9L4U4H3H0T9,2104557,2021-01-08,300,244,211,7,26,300,211,7,26,56,1,True,True,match,0,0,0,
21,PRC_O2I0V1H0S0G8Q1N9F1I8T1Y4V2O0N3,2104473,2021-01-08,300,239,221,3,15,300,221,3,15,61,1,True,True,match,0,0,0,
21,PRC_O2U0Z0J9E2U4W1O6D4Q2N5G6B4J5U6,2104203,2021-01-08,300,253,250,1,2,300,250,1,2,47,1,True,True,match,0,0,0,
21,PRC_F2T0J0L9Z1H1M1N8X2M6R1T7T0O6U1,2103820,2021-01-08,300,253,249,0,4,300,249,0,4,47,1,True,True,match,0,0,0,
21,PRC_B2A0M0J9A1R1W1S7N4R0U2N0Y3R9Z3,2103805,2021-01-08,300,253,251,0,2,300,251,0,2,47,1,True,True,match,0,0,0,
21,PRC_O2T0A0Q9L1Q0T1M3K5X7H1O4Y4Z2S9,2103714,2021-01-08,300,238,236,0,2,300,236,0,2,62,1,True,True,match,0,0,0,
21,ARC_J2I0R0X9R0V8P1L7C3O1C2V2C6M9Q7,2103623,2021-01-08,300,247,240,0,7,300,240,0,7,53,1,True,True,match,0,0,0,
21,PRC_A2F0T0G8K2M1X1O1Z0Y7M3X1L2X4L6,2103134,2021-01-08,300,239,238,0,1,300,238,0,1,61,1,True,True,match,0,0,0,
21,ARC_H2J0M0S7W1I0R1C0M0G9K2X9X8T3X5,2101748,2021-01-08,300,254,251,0,3,300,251,0,3,46,1,True,True,match,0,0,0,
21,PRC_I2C0Z0L6O2A9X1F0R3C4I5T0A8H4Q7,2101114,2021-01-08,300,253,249,0,4,300,249,0,4,47,1,True,True,match,0,0,0,
21,PRC_M2H0X1G2U0B2K0N7P1Z2X3P7H1V1C2,2106216,2020-12-14,300,187,187,0,0,300,187,0,0,113,1,True,True,match,0,0,0,
21,PRC_U2Y0F1B1Q3V0B1X5B4E4V3T7T7X0K8,2106221,2020-12-13,300,187,187,0,0,300,187,0,0,113,1,True,True,match,0,0,0,
21,PRC_A2D0L1O2E0O8Q1Y1B2U5J5D9C6H2T0,2106228,2020-12-10,300,287,187,99,1,300,187,99,1,13,1,True,True,match,0,0,0,
21,PRC_F2B0V1C2L0D9K2R3F4A9L1P5Q6F1T6,2106228,2020-12-10,300,288,101,187,0,300,101,187,0,12,1,True,True,match,0,0,0,
21,PRC_I2L0N1Y0T2R6M1K5Y4U4P2Q4Y9C9F7,2104662,2020-12-10,300,188,188,0,0,300,188,0,0,112,1,True,True,match,0,0,0,
21,PRC_H2T0O1C0B2R6E1E5H3E9J0J0S4U6T4,2104661,2020-12-10,300,184,182,2,0,300,182,2,0,116,1,True,True,match,0,0,0,
21,PRC_L2B0W1H0I2P6X1P5J3P8E1Z1D3N6T0,2104660,2020-12-10,300,190,188,2,0,300,188,2,0,110,1,True,True,match,0,0,0,
21,PRC_F2J0S1M0X2V6K1H5J3A7M3F6S1F2M0,2104659,2020-12-10,300,189,187,2,0,300,187,2,0,111,1,True,True,match,0,0,0,
21,PRC_O2V0N1V0J2G6P1A5A3V5K3Y2B7A0U2,2104658,2020-12-10,300,192,188,4,0,300,188,4,0,108,1,True,True,match,0,0,0,
21,PRC_N2W0R1T0B2K6X1K4K4W9M1H6G1E2M9,2104655,2020-12-10,300,190,188,2,0,300,188,2,0,110,1,True,True,match,0,0,0,
21,PRC_N2Q0T1X0W2H6X1D4H4J8Y4T9W1T1U5,2104654,2020-12-10,300,186,186,0,0,300,186,0,0,114,1,True,True,match,0,0,0,
21,PRC_R2G0J1F0O2C6Y1B4O4U7H1X9X1G9X2,2104653,2020-12-10,300,188,188,0,0,300,188,0,0,112,1,True,True,match,0,0,0,
21,PRC_L2Y0Q1V0W2T6A1K4M2P5L2A2P6U9Y8,2104652,2020-12-10,300,187,187,0,0,300,187,0,0,113,1,True,True,match,0,0,0,
21,PRC_N2Q0D1E0O2O6D1C4W2B3X3O8X6I9W0,2104651,2020-12-10,300,191,188,3,0,300,188,3,0,109,1,True,True,match,0,0,0,
21,PRC_A2X0G1N0T2P6L1M4L0B1Q5L7S8Y8F8,2104650,2020-12-10,300,189,187,2,0,300,187,2,0,111,1,True,True,match,0,0,0,
21,PRC_J2Z0T1T0S2Q6J1F3B5I9W0V3A5X1Y2,2104649,2020-12-10,300,193,187,6,0,300,187,6,0,107,1,True,True,match,0,0,0,
21,PRC_G2V0W0B9X2Z3W1C6J5O9H0N8Y3P7I5,2104150,2020-12-10,300,272,189,80,3,300,189,80,3,28,1,True,True,match,0,0,0,
21,PRC_E2A0J1P2K0L9T0M9O2E1R3R2L7F5B6,2106300,2020-12-09,300,257,142,71,44,300,142,71,44,43,1,True,True,match,0,0,0,
21,PRC_K2H0X1H2Z0M8A2N3L1I3R2S1C3P3Y1,2106297,2020-12-09,300,269,181,68,20,300,181,68,20,31,1,True,True,match,0,0,0,
21,PRC_P2Y0G1C2Y0Z8T2T2F0O8E3W0Q5C5O2,2106296,2020-12-09,300,240,176,10,54,300,176,10,54,60,1,True,True,match,0,0,0,
21,PRC_D2R0T1O2B0P4B0Z9X3P9V2S7F6M1W1,2106295,2020-12-09,300,256,244,1,11,300,244,1,11,44,1,True,True,match,0,0,0,
21,PRC_Z2G0D1C2Z0K4W0Q9R3D4R5S9Y1E1Y2,2106294,2020-12-09,300,255,246,0,9,300,246,0,9,45,1,True,True,match,0,0,0,
21,PRC_N2M0K1K2E0Z4T1Y2Y0Z2Q2D9C9I9H8,2106291,2020-12-09,300,262,255,0,7,300,255,0,7,38,1,True,True,match,0,0,0,
21,PRC_Z2V0B1B1T3U0W1D0T1X0M4E8R3Q5W8,2106290,2020-12-09,300,253,244,4,5,300,244,4,5,47,1,True,True,match,0,0,0,
21,PRC_E2R0E1Z2Y0Q8Q1T0J5M9Q5Q5U9V5I7,2106289,2020-12-09,300,237,234,1,2,300,234,1,2,63,1,True,True,match,0,0,0,
21,PRC_Z2G0G1Q2K0X9K0M0N4L9E3L9W8D0P0,2106288,2020-12-09,300,251,158,71,22,300,158,71,22,49,1,True,True,match,0,0,0,
21,PRC_C2F0R1W2R0A8L1A0I5E4P3M7G1G4X5,2106287,2020-12-09,300,238,220,3,15,300,220,3,15,62,1,True,True,match,0,0,0,
21,PRC_P2I0K1P2N0K8Q1G0G5F0H1K7S6M0V9,2106286,2020-12-09,300,246,239,5,2,300,239,5,2,54,1,True,True,match,0,0,0,
21,PRC_P2N0W1H2I0E8D1V0N4V9R3C7G7R0F4,2106285,2020-12-09,300,237,226,1,10,300,226,1,10,63,1,True,True,match,0,0,0,
21,PRC_V2K0A1O2Q0V8N2M3D0C3P4H4A9H4U0,2106284,2020-12-09,300,249,190,20,39,300,190,20,39,51,1,True,True,match,0,0,0,
21,PRC_Z2T0Z1X2X0R4X1U2Z1G2Z0V9K7D1S0,2106283,2020-12-09,300,263,229,15,19,300,229,15,19,37,1,True,True,match,0,0,0,
21,PRC_L2U0Z1B2Z0L9C0J2K1G3S3H9N1D9J4,2106282,2020-12-09,300,249,180,61,8,300,180,61,8,51,1,True,True,match,0,0,0,
21,PRC_V2U0I1Y2R0C8D1N4J3U3M5R5P8W3P9,2106281,2020-12-09,300,252,236,1,15,300,236,1,15,48,1,True,True,match,0,0,0,
21,PRC_R2W0P1E2A0Q7H2S1T0U5W0F4U3D6N0,2106280,2020-12-09,300,253,239,4,10,300,239,4,10,47,1,True,True,match,0,0,0,
21,PRC_J2T0K1E2D0J8O1U6S0O0J2K3V1E4D5,2106279,2020-12-09,300,249,232,3,14,300,232,3,14,51,1,True,True,match,0,0,0,
21,PRC_E2Z0C1X2K0E2C1B8K4T2H5P1L8K2V5,2106267,2020-12-09,300,267,218,24,25,300,218,24,25,33,1,True,True,match,0,0,0,
21,PRC_F2M0R1U1W2L6L1H0F0H5A5T1C2A2J1,2106266,2020-12-09,300,272,255,0,17,300,255,0,17,28,1,True,True,match,0,0,0,
21,PRC_K2P0I1W2X0L2J1B9N2Z5I3B9K9J6E0,2106265,2020-12-09,300,276,218,25,33,300,218,25,33,24,1,True,True,match,0,0,0,
21,PRC_F2Q0M1J1O2T6Y1M0Q0S7X2D4D8T8L2,2106264,2020-12-09,300,273,194,42,37,300,194,42,37,27,1,True,True,match,0,0,0,
21,PRC_V2R0Q1L1R3O0F1C6N0S1M1M6H1M0Y1,2106263,2020-12-09,300,265,173,72,20,300,173,72,20,35,1,True,True,match,0,0,0,
21,PRC_W2Y0V1Z1Z3S0S1H6Z0H2U1C1P6O9C1,2106262,2020-12-09,300,269,227,9,33,300,227,9,33,31,1,True,True,match,0,0,0,
21,PRC_F2R0T1M1J3W0Y1H5F5D7L5B2L4Q4K2,2106261,2020-12-09,300,263,173,78,12,300,173,78,12,37,1,True,True,match,0,0,0,
21,PRC_D2P0N1J2N0J2H1B8Q4W3T2S4C8T5X4,2106260,2020-12-09,300,270,205,33,32,300,205,33,32,30,1,True,True,match,0,0,0,
21,PRC_V2T0Q1O2E0U2Z1V8F4N4W1B1N4T1L2,2106259,2020-12-09,300,266,175,55,36,300,175,55,36,34,1,True,True,match,0,0,0,
21,PRC_V2E0I1R2H0D2K1Q8M3Y8E3M2D4S8W3,2106258,2020-12-09,300,272,238,7,27,300,238,7,27,28,1,True,True,match,0,0,0,
21,PRC_U2B0Y1P2G0N2J2B0I0I0S3H4H5R8D0,2106257,2020-12-09,300,272,263,0,9,300,263,0,9,28,1,True,True,match,0,0,0,
21,PRC_Z2N0K1X2U0O2N2M0X0C2Q1H6D8Q6E8,2106256,2020-12-09,300,263,245,0,18,300,245,0,18,37,1,True,True,match,0,0,0,
21,PRC_W2O0W1M2X0G2J1O8S4V6P4U6N2J4U7,2106255,2020-12-09,300,278,263,3,12,300,263,3,12,22,1,True,True,match,0,0,0,
21,PRC_C2F0U1Q2L0P2B2A0U0X2T5Z7W5X5A1,2106254,2020-12-09,300,260,242,3,15,300,242,3,15,40,1,True,True,match,0,0,0,
21,PRC_L2A0U0S9R1N8Q1V9V0J7R0B9C3D1C9,2106253,2020-12-09,300,263,234,7,22,300,234,7,22,37,1,True,True,match,0,0,0,
21,PRC_Q2G0Q1U2D0Q1I1L5J5L7I1U8Q8U9Y3,2106252,2020-12-09,300,256,246,0,10,300,246,0,10,44,1,True,True,match,0,0,0,
21,PRC_M2X0V1F2U0Y2W2F0M4T6O2R9X5O0Y2,2106251,2020-12-09,300,257,231,7,19,300,231,7,19,43,1,True,True,match,0,0,0,
21,PRC_A2H0M1I2I0K1Z2S2P1Z7N3P8J9R7Q3,2106250,2020-12-09,300,247,238,0,9,300,238,0,9,53,1,True,True,match,0,0,0,
21,PRC_U2G0I1X2M0T1U2A2N1P3W1T1O1Y7P0,2106249,2020-12-09,300,248,240,0,8,300,240,0,8,52,1,True,True,match,0,0,0,
21,PRC_N2C0B1A2K0V1L1U5U5B8D4M0W1C9X1,2106248,2020-12-09,300,254,244,1,9,300,244,1,9,46,1,True,True,match,0,0,0,
21,PRC_S2D0G1M2F0K1G2Q2E1O7T0L9X3K2U3,2106247,2020-12-09,300,245,229,2,14,300,229,2,14,55,1,True,True,match,0,0,0,
21,PRC_A2U0I1Y2J0C1O2Z2W3R8H0I8I6H9O6,2106246,2020-12-09,300,249,235,3,11,300,235,3,11,51,1,True,True,match,0,0,0,
21,PRC_E2R0I1D2K0K1X2W2S4H2T3T9K7Q2S4,2106245,2020-12-09,300,265,260,0,5,300,260,0,5,35,1,True,True,match,0,0,0,
21,PRC_U2N0B1B2T0J1F2S2F1Y4G3Y1C8T6S1,2106244,2020-12-09,300,238,222,3,13,300,222,3,13,62,1,True,True,match,0,0,0,
21,PRC_F2H0K1M2Z0V1N2L2E3U8U3V3N6G9O2,2106243,2020-12-09,300,244,241,0,3,300,241,0,3,56,1,True,True,match,0,0,0,
21,PRC_R2Q0P1Q2L0P1T2S2I1I3M5I6M4E2W3,2106242,2020-12-09,300,244,220,8,16,300,220,8,16,56,1,True,True,match,0,0,0,
21,PRC_T2R0A1W2Y0W1A1A5L5L3Z2F7R3A8P7,2106241,2020-12-09,300,268,254,2,12,300,254,2,12,32,1,True,True,match,0,0,0,
21,PRC_R2P0X1O2I0G1N1I5W5K2D0P5D1G3F8,2106240,2020-12-09,300,263,220,10,33,300,220,10,33,37,1,True,True,match,0,0,0,
21,PRC_H2J0N1S2J0H1S1T5H5I9L0O4O7J2M0,2106239,2020-12-09,300,236,227,0,9,300,227,0,9,64,1,True,True,match,0,0,0,
21,PRC_R2F0S1N2N0C2I1S6Z4W6V2N4B8J7G5,2106238,2020-12-09,300,222,212,0,10,300,212,0,10,78,1,True,True,match,0,0,0,
21,PRC_F2J0D1D2X0R2Q1C6G0T0L3R9X4J7V0,2106237,2020-12-09,300,262,246,2,14,300,246,2,14,38,1,True,True,match,0,0,0,
21,PRC_X2O0O1E2I0H2B1O6E0X2R0L2Y9J8D1,2106236,2020-12-09,300,265,236,5,24,300,236,5,24,35,1,True,True,match,0,0,0,
21,PRC_R2J0I1J2G0L1C2M2S1R5O0G5E0L4J2,2106235,2020-12-09,300,258,241,0,17,300,241,0,17,42,1,True,True,match,0,0,0,
21,PRC_Q2M0R1K2M0Y2J1B7U1A2Q4Q5R2U6D4,2106234,2020-12-09,300,268,243,6,19,300,243,6,19,32,1,True,True,match,0,0,0,
21,PRC_X2A0T1R2I0C1M1B5H5A8S1R1D4Q9R4,2106233,2020-12-09,300,244,239,0,5,300,239,0,5,56,1,True,True,match,0,0,0,
21,PRC_W2W0Z1P2V0K2S1U5Q4M6X5D8W5Z0N5,2106232,2020-12-09,300,261,230,7,24,300,230,7,24,39,1,True,True,match,0,0,0,
21,PRC_C2F0W1K2N0O2V1X5M5D4D5Z5Q1Y9G8,2106231,2020-12-09,300,254,229,6,19,300,229,6,19,46,1,True,True,match,0,0,0,
21,PRC_Q2N0L1A2B0C2V1E5C5A7C3K1U1R4D5,2106230,2020-12-09,300,261,249,1,11,300,249,1,11,39,1,True,True,match,0,0,0,
21,PRC_U2O0Y1W2J0N2K1V5D5O6A3Q2K8S2G3,2106229,2020-12-09,300,258,229,3,26,300,229,3,26,42,1,True,True,match,0,0,0,
21,PRC_C2L0L1A1F1P8N1Q3K4C3M0A6S9P0A7,2106227,2020-12-09,300,260,234,4,22,300,234,4,22,40,1,True,True,match,0,0,0,
21,PRC_H2L0I1A1N3B0Z2B2L0Q5F5P4U1W5L4,2106226,2020-12-09,300,270,260,1,9,300,260,1,9,30,1,True,True,match,0,0,0,
21,PRC_H2U0G1S1L3L0Q1G4V5G6K3X7I4G1H6,2106225,2020-12-09,300,273,245,4,24,300,245,4,24,27,1,True,True,match,0,0,0,
21,PRC_M2X0N1I2A0S8E1X2D2X5L5J6Q5K6P6,2106224,2020-12-09,300,280,250,4,26,300,250,4,26,20,1,True,True,match,0,0,0,
21,PRC_I2Z0I1A2F0I8S1M6U2A6Z3L8W9Q9I3,2106223,2020-12-09,300,275,153,86,36,300,153,86,36,25,1,True,True,match,0,0,0,
21,PRC_M2I0B1R1U3A0E1W4Y5B7X4M4R4G6T1,2106222,2020-12-09,300,276,262,1,13,300,262,1,13,24,1,True,True,match,0,0,0,
21,PRC_W2B0E1N2V0Q2S0D7I1H4S2D1B2A4Q0,2106220,2020-12-09,300,279,256,8,15,300,256,8,15,21,1,True,True,match,0,0,0,
21,PRC_Q2I0J1Q2C0G2J1S2S1T5Z1X6X0A4X9,2106219,2020-12-09,300,279,236,10,33,300,236,10,33,21,1,True,True,match,0,0,0,
21,PRC_E2H0G1B2G0A1R1Q4K0D4U3K6R9L7M2,2106218,2020-12-09,300,256,249,0,7,300,249,0,7,44,1,True,True,match,0,0,0,
21,PRC_P2Y0C1E2K0S2L1V1D5Y4S1R2H8Z6I0,2106217,2020-12-09,300,275,262,0,13,300,262,0,13,25,1,True,True,match,0,0,0,
21,PRC_H2P0K1O2P0A1Q1J4M0K0O5U1Q4Z6I5,2106215,2020-12-09,300,258,254,1,3,300,254,1,3,42,1,True,True,match,0,0,0,
21,PRC_G2Y0I1D2C0N2Q0N7U1I5Q1E2Q3T4Q0,2106214,2020-12-09,300,279,205,49,25,300,205,49,25,21,1,True,True,match,0,0,0,
21,PRC_S2T0I1R2H0U2F1Q2O1A8H3E4Y9V4B0,2106085,2020-12-09,300,261,248,0,13,300,248,0,13,39,1,True,True,match,0,0,0,
21,PRC_B2I0Q1O1L0N4S1P8U1K9U5Z4G5O3U7,2104958,2020-12-09,300,264,259,0,5,300,259,0,5,36,1,True,True,match,0,0,0,
21,PRC_F2D0T1J1K0X4Q1Z8K1U7Z4A2U7J1J7,2104957,2020-12-09,300,255,249,0,6,300,249,0,6,45,1,True,True,match,0,0,0,
21,PRC_N2Y0R1X1C0P4L1R7S5S2T5X5Q4C3C6,2104954,2020-12-09,300,258,251,0,7,300,251,0,7,42,1,True,True,match,0,0,0,
21,PRC_X2W0M1L0V2T7E1G7Q5V7H3W1N5V4I1,2104710,2020-12-09,300,231,198,6,27,300,198,6,27,69,1,True,True,match,0,0,0,
21,PRC_G2G0I1O0K2A7K1A6V5J4U3F2A3H3F5,2104696,2020-12-09,300,225,175,31,19,300,175,31,19,75,1,True,True,match,0,0,0,
21,PRC_K2R0K1L0F2V1C1I5B2G8Z4Z3Y9P4P2,2104590,2020-12-09,300,258,236,4,18,300,236,4,18,42,1,True,True,match,0,0,0,
21,PRC_S2O0C1C0N2I1A1L5R2F8J1O4R9K7W6,2104589,2020-12-09,300,262,241,4,17,300,241,4,17,38,1,True,True,match,0,0,0,
21,PRC_O2I0Y1C0D0V5E1D6R3Q9P5M2H1L3K8,2104395,2020-12-09,300,254,215,6,33,300,215,6,33,46,1,True,True,match,0,0,0,
21,PRC_I2M0V0X9R2N8O1Z5Y3K8S4V6U6N2P3,2104303,2020-12-09,300,264,256,1,7,300,256,1,7,36,1,True,True,match,0,0,0,
21,ARC_C2G0S0J9C2M5C1Z0C4X0B2Y2C6M3G2,2104234,2020-12-09,300,252,238,1,13,300,238,1,13,48,1,True,True,match,0,0,0,
21,PRC_A2K0O0O9A1D8F0W9Q3F8C1I5A4E0X7,2104015,2020-12-09,300,264,248,2,14,300,248,2,14,36,1,True,True,match,0,0,0,
21,PRC_D2U0D0T9K1W5T1I7J0O1H5G9J1P1C5,2103920,2020-12-09,300,261,247,3,11,300,247,3,11,39,1,True,True,match,0,0,0,
21,PRC_R2X0M0R9U1R1Q1M8A0S3A4F3E3X2J8,2103816,2020-12-09,300,272,264,0,8,300,264,0,8,28,1,True,True,match,0,0,0,
21,PRC_W2Z0T0V9N1X1Z1V5P3Q2O2H5W7C1G3,2103782,2020-12-09,300,217,203,1,13,300,203,1,13,83,1,True,True,match,0,0,0,
21,ARC_U2Z0N0L9A0H9O1L3H1S9W5H6S6I9O0,2103645,2020-12-09,300,257,248,0,9,300,248,0,9,43,1,True,True,match,0,0,0,
21,PRC_X2Z0R0W9N0J8D1G4E5G2I0N1O6I0X4,2103602,2020-12-09,300,265,258,0,7,300,258,0,7,35,1,True,True,match,0,0,0,
21,PRC_R2F0S0N9O0I7H1I8Q0H0U1P2G6D2E5,2103576,2020-12-09,300,209,186,4,19,300,186,4,19,91,1,True,True,match,0,0,0,
21,PRC_R2P0K0S9I0U7J1G6U1C8F2W0I1L6Y9,2103561,2020-12-09,300,266,236,5,25,300,236,5,25,34,1,True,True,match,0,0,0,
21,PRC_S2K0G0G9B0I2T0Z9L4C8R1N5B3A7U0,2103428,2020-12-09,300,250,231,3,16,300,231,3,16,50,1,True,True,match,0,0,0,
21,PRC_N2I0G0N8C1F4Q1W7C1O7Y3A3N1Z2H3,2102994,2020-12-09,300,259,218,4,37,300,218,4,37,41,1,True,True,match,0,0,0,
21,ARC_B2A0A0B8H0J7P1P3P5V3A3K1C2A4S1,2102792,2020-12-09,300,274,246,3,25,300,246,3,25,26,1,True,True,match,0,0,0,
21,PRC_J2K0A0O8N0O5W1L4O2X6U3F7R6U0T7,2102712,2020-12-09,300,259,233,6,20,300,233,6,20,41,1,True,True,match,0,0,0,
21,PRC_L2Q0W0B7Y2B1D1F5U0S2L5L3L5R0H1,2102238,2020-12-09,300,262,226,10,26,300,226,10,26,38,1,True,True,match,0,0,0,
21,PRC_I2R0D0U7K1P7W0T9H4Z6L3D4W6I0L8,2102074,2020-12-09,300,257,189,31,37,300,189,31,37,43,1,True,True,match,0,0,0,
21,PRC_O2R0W0R7Y1D6X1B6V5D7A3S1Y3C1C2,2102062,2020-12-09,300,218,205,1,12,300,205,1,12,82,1,True,True,match,0,0,0,
21,PRC_V2P0N0D7X1K5Z1A8P4U2C5X3E3I5A5,2102016,2020-12-09,300,242,205,10,27,300,205,10,27,58,1,True,True,match,0,0,0,
21,PRC_E2S0C0X7A1N5Y1U4T2R4T5I1T5P9R8,2101983,2020-12-09,300,265,260,0,5,300,260,0,5,35,1,True,True,match,0,0,0,
21,PRC_A2W0T0W7W0K6H1T5C4Q9W5T3J8G1R0,2101496,2020-12-09,300,273,243,7,23,300,243,7,23,27,1,True,True,match,0,0,0,
21,PRC_K2W0P0V7Y0B3N1P0S5P7T1T3J7V6V9,2101380,2020-12-09,300,262,257,0,5,300,257,0,5,38,1,True,True,match,0,0,0,
21,PRC_C2F0F0X7T0M3W1X0I5A6W2J3H6P3M6,2101379,2020-12-09,300,257,255,0,2,300,255,0,2,43,1,True,True,match,0,0,0,
21,PRC_H2W0Z0G7K0B3M1N0J5I5Q1Q7D2Q4G4,2101378,2020-12-09,300,253,251,0,2,300,251,0,2,47,1,True,True,match,0,0,0,
21,PRC_S2M0U0Y7M0R3S1B0G5C4F2M7F3D7M8,2101376,2020-12-09,300,257,256,0,1,300,256,0,1,43,1,True,True,match,0,0,0,
21,PRC_G2R0N0Z7F0X3M1W0Q5U2S4G0S2Q7C3,2101375,2020-12-09,300,242,239,0,3,300,239,0,3,58,1,True,True,match,0,0,0,
21,PRC_R2E0O0B7K0L3X1H0F5B1X2K1N2A2V0,2101374,2020-12-09,300,244,243,0,1,300,243,0,1,56,1,True,True,match,0,0,0,
21,PRC_M2M0R0X7Y0N3G1O0H5H0Z2F8F8I2F2,2101373,2020-12-09,300,241,239,0,2,300,239,0,2,59,1,True,True,match,0,0,0,
21,PRC_B2V0G0Q7U0E3X1S0B4I9V3V7D6I1E4,2101372,2020-12-09,300,235,234,0,1,300,234,0,1,65,1,True,True,match,0,0,0,
21,ARC_T2E0L0O6B3G0W1D1O1N2C3F4W4Y0Q8,2101183,2020-12-09,300,251,180,70,1,300,180,70,1,49,1,True,True,match,0,0,0,
21,PRC_K2V0S0W6L2C6I1S6F3A4H1U4C4S9H7,2101081,2020-12-09,300,264,236,2,26,300,236,2,26,36,1,True,True,match,0,0,0,
21,ARC_B2P0W0I6X2S6J1R6H2Q1W4Q4Y9F4M5,2101077,2020-12-09,300,263,242,0,21,300,242,0,21,37,1,True,True,match,0,0,0,
21,PRC_R2G0N0V6V2I3X1Z4W3G6I0A1D1O8J4,2100888,2020-12-09,300,265,260,0,5,300,260,0,5,35,1,True,True,match,0,0,0,
21,PRC_A2I0X0Y6M1Z9S1E7M5R4F4V5Z1V8Y0,2100777,2020-12-09,300,257,226,1,30,300,226,1,30,43,1,True,True,match,0,0,0,
21,PRC_I2F0P0G6I1K6U1I7U1S5N4O9F8O4S0,2100552,2020-12-09,300,260,235,5,20,300,235,5,20,40,1,True,True,match,0,0,0,
21,PRC_N2G0H0D6E1R2N1F7G4U7J5X6H3M6X5,2100445,2020-12-09,300,265,251,0,14,300,251,0,14,35,1,True,True,match,0,0,0,
21,PRC_K2W0R0H6K0O5U1Y1V5E7M4X0W9F4C3,2100187,2020-12-09,300,242,212,9,21,300,212,9,21,58,1,True,True,match,0,0,0,
21,PRC_H2R0F1X1H2N6U1S5U1J2W5I9V2S6P4,2106083,2020-12-02,300,267,247,5,15,300,247,5,15,33,1,True,True,match,0,0,0,
21,PRC_S2Z0S1K1R2J6Y1A5Q0W8M2Y1D9X7I1,2106082,2020-12-02,300,272,269,0,3,300,269,0,3,28,1,True,True,match,0,0,0,
21,PRC_A2N0Q1Y1X2R5W1F1V0H8W1M2U5U4Q6,2106081,2020-12-02,300,270,260,3,7,300,260,3,7,30,1,True,True,match,0,0,0,
21,PRC_D2U0H1J1E2E5I1H8C1Q4F1U0A4K2W0,2106080,2020-12-02,300,260,253,1,6,300,253,1,6,40,1,True,True,match,0,0,0,
21,PRC_U2M0S1E1G2C5L1P1H1I7S1U4G1D0O7,2106079,2020-12-02,300,269,244,8,17,300,244,8,17,31,1,True,True,match,0,0,0,
21,PRC_J2K0F1Y1Z2T5I1V1B0I3V5I8W9J4X6,2106078,2020-12-02,300,267,254,2,11,300,254,2,11,33,1,True,True,match,0,0,0,
21,PRC_S2E0F1O1Q2L5R2H1U1L1T5C0K6E3K5,2106077,2020-12-02,300,268,251,2,15,300,251,2,15,32,1,True,True,match,0,0,0,
21,PRC_W2M0V1X1Y2F5M1X1N1T5H1T9U0M2M4,2106076,2020-12-02,300,268,252,4,12,300,252,4,12,32,1,True,True,match,0,0,0,
21,PRC_N2S0E1Z1Z2I6R1I5I0G7Q1C1I3T0V3,2106075,2020-12-02,300,268,262,1,5,300,262,1,5,32,1,True,True,match,0,0,0,
21,PRC_Z2K0Z1U1Q2S6B1R5A1J0Z2W2M3G6Z4,2106074,2020-12-02,300,273,262,4,7,300,262,4,7,27,1,True,True,match,0,0,0,
21,PRC_W2Y0N1J1K2V5S1M3G4G4I1E7T1Z6T1,2106073,2020-12-02,300,260,238,9,13,300,238,9,13,40,1,True,True,match,0,0,0,
21,PRC_N2N0C1O1G2J6G1A5I1M1I1R8U8Z7G7,2106072,2020-12-02,300,268,220,20,28,300,220,20,28,32,1,True,True,match,0,0,0,
21,PRC_W2L0P1M2K0R1U1G4O0M3S0F2P1A4E0,2106071,2020-12-02,300,264,259,0,5,300,259,0,5,36,1,True,True,match,0,0,0,
21,PRC_Y2S0N1D1O2I5E1W0I3J6W1S5A9V3G2,2106070,2020-12-02,300,267,265,0,2,300,265,0,2,33,1,True,True,match,0,0,0,
21,PRC_R2I0P1D1I2Y5K1J1V0S6E4C4C4F6T9,2106069,2020-12-02,300,266,248,4,14,300,248,4,14,34,1,True,True,match,0,0,0,
21,PRC_V2Q0Q1J1U2M5J1C3I1K7Z4E5P9Z9N8,2106068,2020-12-02,300,267,262,2,3,300,262,2,3,33,1,True,True,match,0,0,0,
21,PRC_X2G0F1V1D2V5J1B1U0N1T0I7J3E6V4,2106067,2020-12-02,300,265,247,1,17,300,247,1,17,35,1,True,True,match,0,0,0,
21,PRC_Z2X0H1E1O2Q5Q1U1W0O8N5J4Y4A7C4,2106066,2020-12-02,300,267,247,4,16,300,247,4,16,33,1,True,True,match,0,0,0,
21,PRC_R2V0H1Z1S2W5A1V1A1X6L3G2F9L5W8,2106065,2020-12-02,300,267,247,7,13,300,247,7,13,33,1,True,True,match,0,0,0,
21,PRC_O2L0S1V1O2V5V1O1D1P0R0D4T2V0U5,2106064,2020-12-02,300,262,257,0,5,300,257,0,5,38,1,True,True,match,0,0,0,
21,PRC_R2H0R1C1V2E5S1H1I1F1M5J8A8Z3Q0,2106063,2020-12-02,300,260,253,0,7,300,253,0,7,40,1,True,True,match,0,0,0,
21,PRC_O2T0A1E1C2G6M1K2V3E4C4U1E1W8M9,2106062,2020-12-02,300,264,236,4,24,300,236,4,24,36,1,True,True,match,0,0,0,
21,PRC_N2H0Z1O1N2M5J1P0B3B6D1A0Z2C8G4,2106057,2020-12-02,300,272,262,3,7,300,262,3,7,28,1,True,True,match,0,0,0,
21,PRC_Q2C0P1Y1D2M5T1K0V3Z4N1Z1T2K6K4,2106056,2020-12-02,300,278,268,1,9,300,268,1,9,22,1,True,True,match,0,0,0,
21,PRC_E2T0O1K1V2L5K1G1Q1B5M5Q6K7F3B7,2106054,2020-12-02,300,281,245,12,24,300,245,12,24,19,1,True,True,match,0,0,0,
21,PRC_P2D0X1U1U2K5M1L0O4A9T3S9D0S0S3,2106053,2020-12-02,300,277,268,3,6,300,268,3,6,23,1,True,True,match,0,0,0,
21,PRC_Z2P0B1D1P2Z5N1M0P5K2V3N1G0T9A2,2106050,2020-12-02,300,278,232,12,34,300,232,12,34,22,1,True,True,match,0,0,0,
21,PRC_H2D0F1T1R2O5N1Q0Z5Z0L5F5S8V5C6,2106049,2020-12-02,300,279,275,2,2,300,275,2,2,21,1,True,True,match,0,0,0,
21,PRC_X2N0Q1M1B2P5P1V0M3D1C3F2B5W9I7,2106048,2020-12-02,300,274,266,2,6,300,266,2,6,26,1,True,True,match,0,0,0,
21,PRC_M2B0Y1N1F2O5B1B0Z2W5X3B2K7V2J2,2106047,2020-12-02,300,270,261,2,7,300,261,2,7,30,1,True,True,match,0,0,0,
21,PRC_N2Q0B1B1M2I5T1L0S5J4O0D2M1H2X3,2106043,2020-12-02,300,275,266,1,8,300,266,1,8,25,1,True,True,match,0,0,0,
21,PRC_D2T0L1P1R2P5O1Y5H2C6H3I0U3N2N4,2106040,2020-12-02,300,274,251,3,20,300,251,3,20,26,1,True,True,match,0,0,0,
21,PRC_X2X0E1J1F2P5Q1Q5Z2Z5W4H7F6M9L7,2106039,2020-12-02,300,273,265,1,7,300,265,1,7,27,1,True,True,match,0,0,0,
21,PRC_D2H0I1N1V2Y5Z1N5Y2A8A2R6F0P4B5,2106037,2020-12-02,300,276,245,11,20,300,245,11,20,24,1,True,True,match,0,0,0,
21,PRC_W2Q0M1U2Q0Z1N0J0K1H0S4F8B9N7I0,2105953,2020-12-02,300,271,261,1,9,300,261,1,9,29,1,True,True,match,0,0,0,
21,PRC_C2L0U1R2K0C1A0G0J1W0C1G3N3H5M4,2105952,2020-12-02,300,270,256,2,12,300,256,2,12,30,1,True,True,match,0,0,0,
21,PRC_I2O0B1W2L0K1I0B0A0B9Q2Q9F9L3N5,2105951,2020-12-02,300,266,258,0,8,300,258,0,8,34,1,True,True,match,0,0,0,
21,PRC_G2T0T1R2N0J1C0R0R0E8Y5F0Q9F9Y4,2105950,2020-12-02,300,271,265,0,6,300,265,0,6,29,1,True,True,match,0,0,0,
21,PRC_A2X0R1J2A0Y1Z0W0L0G6P4E2L4A2Q1,2105949,2020-12-02,300,282,274,2,6,300,274,2,6,18,1,True,True,match,0,0,0,
21,PRC_B2I0U1V2M0C1P0W0K0W5R0N7B2B2K7,2105948,2020-12-02,300,275,272,0,3,300,272,0,3,25,1,True,True,match,0,0,0,
21,PRC_P2C0Q1C2G0N1R0J0Y0D4D2K2A7H3G7,2105947,2020-12-02,300,281,270,0,11,300,270,0,11,19,1,True,True,match,0,0,0,
21,PRC_D2S0L1D2B0X1Z0G0G0G3G2C0I2U7Y6,2105946,2020-12-02,300,273,270,1,2,300,270,1,2,27,1,True,True,match,0,0,0,
21,PRC_I2A0S1X2K0A1G0V8X5I6O2T4C3S4G2,2105945,2020-12-02,300,270,245,2,23,300,245,2,23,30,1,True,True,match,0,0,0,
21,PRC_E2L0Z1Y2I0L1U0I0V0T1Z0X7V7X5J1,2105944,2020-12-02,300,274,236,24,14,300,236,24,14,26,1,True,True,match,0,0,0,
21,PRC_G2I0A1H1F0E2I1K7S3Z2I1D6T2Y4Q4,2104925,2020-12-02,300,274,228,28,18,300,228,28,18,26,1,True,True,match,0,0,0,
21,PRC_R2C0Q1H0K3M0D0F9B2T6V4X7R8G4M0,2104803,2020-12-02,300,273,250,3,20,300,250,3,20,27,1,True,True,match,0,0,0,
21,PRC_Q2M0R1Q0N0Y7J1Z5S2V1P5V8X1N7T1,2104437,2020-12-02,300,271,227,27,17,300,227,27,17,29,1,True,True,match,0,0,0,
21,ARC_H2C0H1U0Z0J6O1K0C3M7K5N8J1R0N6,2104404,2020-12-02,300,281,279,0,2,300,279,0,2,19,1,True,True,match,0,0,0,
21,PRC_H2J0Q0A9C1O8M1B4K0K0U5U4E6M6U4,2104378,2020-12-02,300,269,228,17,24,300,228,17,24,31,1,True,True,match,0,0,0,
21,PRC_O2O0E0L9R1E7Q1J6G5R3J0M2W9Q3R4,2104372,2020-12-02,300,260,254,1,5,300,254,1,5,40,1,True,True,match,0,0,0,
21,PRC_X2N0I0E9U1N7E1U6E5M1C2J1K0J6J2,2104364,2020-12-02,300,271,262,2,7,300,262,2,7,29,1,True,True,match,0,0,0,
21,PRC_G2X0T0Z9Z2A5W1A7O3T0Y3G2O0N0Z1,2104264,2020-12-02,300,260,239,8,13,300,239,8,13,40,1,True,True,match,0,0,0,
21,PRC_V2D0Z0F9G1B8B0A9G1R7W0M6N5L4E0,2104253,2020-12-02,300,259,253,0,6,300,253,0,6,41,1,True,True,match,0,0,0,
21,PRC_A2C0V0L9C1U8H0H9Z1P4W5Q1V5H9X8,2104239,2020-12-02,300,276,268,1,7,300,268,1,7,24,1,True,True,match,0,0,0,
21,PRC_X2U0W0L9D0Q8I1T0B2K3M2Z6B7Y3T7,2103949,2020-12-02,300,276,230,20,26,300,230,20,26,24,1,True,True,match,0,0,0,
21,PRC_I2B0Y0Z9Y1N4D0N9W5T1T1P1T2I8Y4,2103827,2020-12-02,300,269,257,3,9,300,257,3,9,31,1,True,True,match,0,0,0,
21,PRC_M2R0H0L9E0M7W1B4O5E5S3X3U9E2Z5,2103813,2020-12-02,300,264,252,0,12,300,252,0,12,36,1,True,True,match,0,0,0,
21,PRC_B2D0P0W9J0K7Y1S4T5Z7V5S4F5Z4B7,2103812,2020-12-02,300,266,248,2,16,300,248,2,16,34,1,True,True,match,0,0,0,
21,ARC_B2O0E0H9U0M8Q1A3T3U0B1L4I3T2G5,2103592,2020-12-02,300,273,264,1,8,300,264,1,8,27,1,True,True,match,0,0,0,
21,PRC_L2J0F0T9H0O7T1D7N5H0T1C2Q9Q8W5,2103572,2020-12-02,300,280,254,4,22,300,254,4,22,20,1,True,True,match,0,0,0,
21,PRC_O2T0M0U8U2Z6T1D7Z4W0J1Z4I2S8J8,2103543,2020-12-02,300,273,230,10,33,300,230,10,33,27,1,True,True,match,0,0,0,
21,PRC_S2U0K0N8E2C6C1T7I3B9F3Y1Z8O4B3,2103542,2020-12-02,300,272,233,17,22,300,233,17,22,28,1,True,True,match,0,0,0,
21,PRC_P2Y0J0S9N0P7X1C0D5O2E5V8X2D6H2,2103533,2020-12-02,300,272,253,2,17,300,253,2,17,28,1,True,True,match,0,0,0,
21,PRC_X2R0W0F9L0C3Z1D3T1O8W4N8B6I1W3,2103492,2020-12-02,300,277,259,2,16,300,259,2,16,23,1,True,True,match,0,0,0,
21,PRC_A2M0T0R9I0X3N1Z0W0T5D1U1W0B5O0,2103479,2020-12-02,300,280,246,12,22,300,246,12,22,20,1,True,True,match,0,0,0,
21,PRC_W2R0C0H9Q0L3Z1Z0M0K4H3B9Y5M5O0,2103478,2020-12-02,300,283,257,6,20,300,257,6,20,17,1,True,True,match,0,0,0,
21,PRC_W2R0Z0N9P0J3F1P0G0H4M1Q0R3O6W7,2103477,2020-12-02,300,278,243,11,24,300,243,11,24,22,1,True,True,match,0,0,0,
21,PRC_X2S0S0T9D0B3V0Y9W1Q8O1K3Q3A1E3,2103475,2020-12-02,300,278,240,12,26,300,240,12,26,22,1,True,True,match,0,0,0,
21,PRC_O2V0M1Z2S0P2D1L9Z3M3D4A5N0A8Y5,2103474,2020-12-02,300,280,245,18,17,300,245,18,17,20,1,True,True,match,0,0,0,
21,PRC_K2C0I1M2S0S2Z1K9A3N3D0G3C2Z2Z1,2103473,2020-12-02,300,287,249,26,12,300,249,26,12,13,1,True,True,match,0,0,0,
21,ARC_V2I0I0D9C0D2E1X7I0K7E1J4Y4O8A1,2103451,2020-12-02,300,244,236,1,7,300,236,1,7,56,1,True,True,match,0,0,0,
21,ARC_P2B0L0N8Y3W1K1H5T5J1I3S1Y9N4W1,2103341,2020-12-02,300,279,270,2,7,300,270,2,7,21,1,True,True,match,0,0,0,
21,ARC_E2M0V0N8K3J1F1V4A2L1M4O1S8X4O7,2103333,2020-12-02,300,273,252,3,18,300,252,3,18,27,1,True,True,match,0,0,0,
21,ARC_G2A0G0F8N3W1U1W4D0E9C1D4M3E6D7,2103331,2020-12-02,300,281,273,0,8,300,273,0,8,19,1,True,True,match,0,0,0,
21,ARC_M2G0X0U8J3H1Q1I3U3Q9B5D3X7H3S7,2103325,2020-12-02,300,278,246,14,18,300,246,14,18,22,1,True,True,match,0,0,0,
21,PRC_W2H0U0G8S2O6C1Y3R5H2U5L6Q3C6R4,2103285,2020-12-02,300,274,226,14,34,300,226,14,34,26,1,True,True,match,0,0,0,
21,PRC_L2A0C0Y8Z2T4Y1J5C5E8U1O8Q2P9G8,2103205,2020-12-02,300,271,243,9,19,300,243,9,19,29,1,True,True,match,0,0,0,
21,PRC_G2C0C0Y8U2Q0V2T1J1N0S2S5E1J8K1,2103125,2020-12-02,300,264,239,5,20,300,239,5,20,36,1,True,True,match,0,0,0,
21,PRC_F2D0Z0L8K2H0T2E0T4P8W2K2X3R5E1,2103124,2020-12-02,300,275,235,11,29,300,235,11,29,25,1,True,True,match,0,0,0,
21,PRC_A2W0Y0I8R2H0V1K9M1U6L3W1R7Y5X4,2103122,2020-12-02,300,274,243,9,22,300,243,9,22,26,1,True,True,match,0,0,0,
21,PRC_R2L0F0Y8K2N0A1S5I1G2B0M4T9H7F6,2103097,2020-12-02,300,275,235,16,24,300,235,16,24,25,1,True,True,match,0,0,0,
21,PRC_C2G0T0M8L2M0W1S5J0B9P3S3Q5J2O9,2103095,2020-12-02,300,264,233,8,23,300,233,8,23,36,1,True,True,match,0,0,0,
21,PRC_K2C0E0D8B2V0C1P5A0H4J5G4Q8T5C7,2103093,2020-12-02,300,255,216,13,26,300,216,13,26,45,1,True,True,match,0,0,0,
21,PRC_P2P0O0R8D2N0B1K4O5F8D1Z3W2T4D0,2103092,2020-12-02,300,268,228,14,26,300,228,14,26,32,1,True,True,match,0,0,0,
21,PRC_H2Y0U0P8U1J9A1Y3Z3H1X0A9L0J7K0,2103050,2020-12-02,300,265,253,0,12,300,253,0,12,35,1,True,True,match,0,0,0,
21,PRC_F2T0A0L8F1L8O1V7Q2J8A4R5Z3Z7T2,2103040,2020-12-02,300,268,230,22,16,300,230,22,16,32,1,True,True,match,0,0,0,
21,PRC_L2T0X0D8D1N3A1N1O1A2V4V3O4J9P7,2102939,2020-12-02,300,272,254,4,14,300,254,4,14,28,1,True,True,match,0,0,0,
21,PRC_M2Q0X0B8R1Q3C1K0Q3B7G4B8M9S3O7,2102931,2020-12-02,300,276,265,0,11,300,265,0,11,24,1,True,True,match,0,0,0,
21,PRC_D2Y0N0H8N1U2R1O4V0C1P4T9X4U1J2,2102906,2020-12-02,300,278,267,1,10,300,267,1,10,22,1,True,True,match,0,0,0,
21,ARC_A2C0A0I8L0Z7C1H4D0O3B0Z7X9O3H2,2102797,2020-12-02,300,272,259,3,10,300,259,3,10,28,1,True,True,match,0,0,0,
21,PRC_X2S0N0D7A2L9E1D0K2X2K4A8V4U2A5,2102466,2020-12-02,300,281,258,2,21,300,258,2,21,19,1,True,True,match,0,0,0,
21,PRC_M2Y0K0M7J2W8E1J6F1E0A3G0S8E7F8,2102451,2020-12-02,300,265,250,5,10,300,250,5,10,35,1,True,True,match,0,0,0,
21,PRC_A2V0G0A7T1L7R1R0Y0P9X3B3L0B1F7,2102078,2020-12-02,300,277,252,8,17,300,252,8,17,23,1,True,True,match,0,0,0,
21,ARC_R2C0D0J7H1R0Q1F3F5V7B5V8T3Z4K4,2101770,2020-12-02,300,264,256,0,8,300,256,0,8,36,1,True,True,match,0,0,0,
21,ARC_M2V0E0P7P1Y0M1L3A3W4G4B5A0E9Z2,2101764,2020-12-02,300,272,248,8,16,300,248,8,16,28,1,True,True,match,0,0,0,
21,ARC_G2R0U0P7F1I0C1N0G4M6D1P7F0O1C4,2101750,2020-12-02,300,280,264,4,12,300,264,4,12,20,1,True,True,match,0,0,0,
21,PRC_N2H0T0F7M0W8W1B7L4P1L1Z3R6D2W3,2101669,2020-12-02,300,270,257,3,10,300,257,3,10,30,1,True,True,match,0,0,0,
21,PRC_K2T0M0D7L0Y8Q1C5X5B2D3T4X2L2M7,2101649,2020-12-02,300,268,250,4,14,300,250,4,14,32,1,True,True,match,0,0,0,
21,PRC_N2T0R0F7C0X8G1J0V3P3C3O3V2Z3A9,2101608,2020-12-02,300,260,251,0,9,300,251,0,9,40,1,True,True,match,0,0,0,
21,PRC_V2S0Y0Q6Z2Z6Z1M0D0M4Q2V4V2E0G9,2101032,2020-12-02,300,271,207,37,27,300,207,37,27,29,1,True,True,match,0,0,0,
21,PRC_W2P0S0J6K2N5G1N6G2S2S3O7W1V8S7,2101011,2020-12-02,300,264,254,1,9,300,254,1,9,36,1,True,True,match,0,0,0,
21,PRC_A2C0R0N6B1S8N1U5Y5Q2T1V0P7J0H6,2100668,2020-12-02,300,275,244,7,24,300,244,7,24,25,1,True,True,match,0,0,0,
21,PRC_C2W0B0O6Y1N8S1J4L4H9V1C8W7S5L1,2100662,2020-12-02,300,273,240,12,21,300,240,12,21,27,1,True,True,match,0,0,0,
21,PRC_D2P0C0P6R0Y3T1I7Y2Y4A5R6V1V5K3,2100101,2020-12-02,300,271,249,3,19,300,249,3,19,29,1,True,True,match,0,0,0,
21,PRC_Y2F0A1N1T1M9Y1E5K3C2H5G0F3Q4J9,2105943,2020-12-01,300,265,248,1,16,300,248,1,16,35,1,True,True,match,0,0,0,
21,PRC_G2S0G1H1K1Y9J1K5E3Y6S5Q9V6Y4T3,2105942,2020-12-01,300,267,263,0,4,300,263,0,4,33,1,True,True,match,0,0,0,
21,PRC_C2E0Q1F1T1T9F1X5Q3I7Q5Y8B2O4D3,2105941,2020-12-01,300,268,250,5,13,300,250,5,13,32,1,True,True,match,0,0,0,
21,PRC_V2V0O1T1K1S8F1W7M1O0T3O3E5Q2F9,2105940,2020-12-01,300,267,253,0,14,300,253,0,14,33,1,True,True,match,0,0,0,
21,PRC_S2O0R1Y1M1V7L1M8W4F1V0H7V3B2Z7,2105939,2020-12-01,300,261,257,0,4,300,257,0,4,39,1,True,True,match,0,0,0,
21,PRC_S2M0G1O1V1H7P1L8M2L7K2F1R2C1K4,2105938,2020-12-01,300,266,227,15,24,300,227,15,24,34,1,True,True,match,0,0,0,
21,PRC_T2T0N1U1X1A7Q1V8Z2C9H1W0F1Y8S2,2105937,2020-12-01,300,264,226,14,24,300,226,14,24,36,1,True,True,match,0,0,0,
21,PRC_C2Z0J1T1A1A7O1R8H3N0A2Z1E6I4S1,2105936,2020-12-01,300,261,220,4,37,300,220,4,37,39,1,True,True,match,0,0,0,
21,PRC_M2L0O1T1J1X7D1K8R3S9G1L0L3I5C2,2105935,2020-12-01,300,268,250,4,14,300,250,4,14,32,1,True,True,match,0,0,0,
21,PRC_M2U0H1F1O1N7H1S8C3D1F4M5I1S5T4,2105934,2020-12-01,300,264,254,0,10,300,254,0,10,36,1,True,True,match,0,0,0,
21,PRC_W2E0P1F1V1Y9W1Y5H3E9M5G8V6M9M4,2105933,2020-12-01,300,270,263,1,6,300,263,1,6,30,1,True,True,match,0,0,0,
21,PRC_X2Q0H1A1K1P9U1R5J4X1S1O8B7C4F3,2105932,2020-12-01,300,269,260,2,7,300,260,2,7,31,1,True,True,match,0,0,0,
21,PRC_Q2P0J1B1K1S9E1L5O3K8K5Y2S5X4I3,2105931,2020-12-01,300,271,258,4,9,300,258,4,9,29,1,True,True,match,0,0,0,
21,PRC_I2M0L1C1D2U0H1F2G0D2N3M4N7X7M5,2105930,2020-12-01,300,272,271,0,1,300,271,0,1,28,1,True,True,match,0,0,0,
21,PRC_O2N0W1B1U2O0A1C1K0D3B1D7W3Z0K8,2105929,2020-12-01,300,262,258,0,4,300,258,0,4,38,1,True,True,match,0,0,0,
21,PRC_L2G0Y1N1R1F8H1Z7H2U3U2P9X7G1B3,2105928,2020-12-01,300,267,249,0,18,300,249,0,18,33,1,True,True,match,0,0,0,
21,PRC_D2P0E1C1K2G0J1J2V1D1F5I7L5S0D6,2105922,2020-12-01,300,268,252,3,13,300,252,3,13,32,1,True,True,match,0,0,0,
21,PRC_T2B0O1R1I2C0D1P1O1A3O5Y7J2R1F2,2105921,2020-12-01,300,262,255,0,7,300,255,0,7,38,1,True,True,match,0,0,0,
21,PRC_E2H0I1P1A0P5H1P0N2P7G0R9L5S4X5,2105288,2020-12-01,300,272,261,4,7,300,261,4,7,28,1,True,True,match,0,0,0,
21,PRC_Z2C0C1T0E1L2C1E4N5K2B4I7T4F6G4,2104482,2020-12-01,300,268,244,12,12,300,244,12,12,32,1,True,True,match,0,0,0,
21,PRC_X2I0P1J0J1O2W1P4O5A2T2Z5K3H6J6,2104481,2020-12-01,300,273,255,9,9,300,255,9,9,27,1,True,True,match,0,0,0,
21,PRC_V2T0R0W9V2V8Z1Q5E2A3S0J1S4X9F0,2104299,2020-12-01,300,270,269,0,1,300,269,0,1,30,1,True,True,match,0,0,0,
21,PRC_H2D0C0E9W2G8D1A5Y1P2R4T5J8T7P4,2104297,2020-12-01,300,267,265,0,2,300,265,0,2,33,1,True,True,match,0,0,0,
21,PRC_I2E0A0R9V1T1U1S8Z3J7Q3D9P5N3W8,2103822,2020-12-01,300,246,242,0,4,300,242,0,4,54,1,True,True,match,0,0,0,
21,PRC_Y2U0O0O9W1T1Z1I8P3Z2W1T0W6T6G8,2103821,2020-12-01,300,236,233,0,3,300,233,0,3,64,1,True,True,match,0,0,0,
21,PRC_U2K0Q0W9P1O1R1P8L1P4N3W4O2W6G1,2103818,2020-12-01,300,251,247,0,4,300,247,0,4,49,1,True,True,match,0,0,0,
21,ARC_A2D0J0M9J0K3S1O5B5C4T5A1F5C2J1,2103502,2020-12-01,300,263,251,3,9,300,251,3,9,37,1,True,True,match,0,0,0,
21,PRC_T2I0A0U8T3H1T1Q7J4Y9Y4S0D3P0T2,2103345,2020-12-01,300,267,236,5,26,300,236,5,26,33,1,True,True,match,0,0,0,
21,PRC_Z2M0P0V8P2U6Z1H5W4X3Q0J9E9V2K7,2103296,2020-12-01,300,264,217,18,29,300,217,18,29,36,1,True,True,match,0,0,0,
21,PRC_R2K0Z0M8S2T6I1R5Y3Y0Y5C2H9S8B2,2103295,2020-12-01,300,269,239,6,24,300,239,6,24,31,1,True,True,match,0,0,0,
21,PRC_W2K0K0I8K2T1F1B0K5W2H2U1M1Z9R4,2103131,2020-12-01,300,263,218,10,35,300,218,10,35,37,1,True,True,match,0,0,0,
21,PRC_Z2D0C0W8W2G1N1X0G3K6R4V6O2N6N3,2103129,2020-12-01,300,263,215,15,33,300,215,15,33,37,1,True,True,match,0,0,0,
21,PRC_I2Y0X0Q8C2K1G1B0Y2C6Y4J2S7K3J5,2103128,2020-12-01,300,262,214,15,33,300,214,15,33,38,1,True,True,match,0,0,0,
21,PRC_K2O0S0Y8D1J3Q1B0C1W0D0Y7V4Y2S3,2102916,2020-12-01,300,264,248,3,13,300,248,3,13,36,1,True,True,match,0,0,0,
21,ARC_T2A0I0L8R0G7V1R4D0M1W1T7T3V2P9,2102799,2020-12-01,300,272,253,1,18,300,253,1,18,28,1,True,True,match,0,0,0,
21,PRC_E2O0P0S8X0O4E1X7Z4K5H5W7U9H1M5,2102691,2020-12-01,300,263,249,1,13,300,249,1,13,37,1,True,True,match,0,0,0,
21,PRC_M2S0Q0U8Q0S4T1G1F4G7K0W9L7V0L7,2102664,2020-12-01,300,268,247,3,18,300,247,3,18,32,1,True,True,match,0,0,0,
21,PRC_E2X0C0B7F2I4I1B7J0F1J4B6A9O3T7,2102368,2020-12-01,300,261,236,5,20,300,236,5,20,39,1,True,True,match,0,0,0,
21,PRC_M2Y0B0W7F2K0Y1I3E0S8C5O5T6Q6J4,2102177,2020-12-01,300,268,247,2,19,300,247,2,19,32,1,True,True,match,0,0,0,
21,PRC_X2L0X0R7D1F7E1W4E5S3H5U7A2U4L1,2102111,2020-12-01,300,261,249,0,12,300,249,0,12,39,1,True,True,match,0,0,0,
21,PRC_D2S0C0F7I1C7V1H1S4T2M2B2G8W6R3,2102097,2020-12-01,300,266,256,1,9,300,256,1,9,34,1,True,True,match,0,0,0,
21,ARC_Q2V0J0S7V1E6Y1V6Y4B0I5A4V0C0S9,2102058,2020-12-01,300,269,256,0,13,300,256,0,13,31,1,True,True,match,0,0,0,
21,ARC_R2N0Y0B7M1I5N1E4Z3S4R1J1W1D5L9,2101985,2020-12-01,300,267,262,1,4,300,262,1,4,33,1,True,True,match,0,0,0,
21,ARC_J2W0B0D7W1Y0Y1R3R1E8J4F3L3Q3C5,2101759,2020-12-01,300,273,263,2,8,300,263,2,8,27,1,True,True,match,0,0,0,
21,PRC_J2S0L0Q7N0Q6J1Z5D5U5W2V0P2N1Z1,2101498,2020-12-01,300,262,257,0,5,300,257,0,5,38,1,True,True,match,0,0,0,
21,ARC_O2G0O0S7K0H3S1E7A3Q4Q1A4U8T3R7,2101434,2020-12-01,300,272,261,0,11,300,261,0,11,28,1,True,True,match,0,0,0,
21,ARC_T2E0K0E7O0X2F1G6V0W9W4Z4C0X0S2,2101340,2020-12-01,300,274,263,0,11,300,263,0,11,26,1,True,True,match,0,0,0,
21,PRC_C2E0Z0E6E2M6M1K7G1G5P1M6G8S7V5,2101087,2020-12-01,300,264,243,4,17,300,243,4,17,36,1,True,True,match,0,0,0,
21,PRC_E2N0E0X6M2E5A0M9J4C0P1O0K1V9D6,2100967,2020-12-01,300,266,259,1,6,300,259,1,6,34,1,True,True,match,0,0,0,
21,PRC_E2L0K0L6O2K3I0H9Y4Q0W2M3L0A3S0,2100856,2020-12-01,300,263,260,0,3,300,260,0,3,37,1,True,True,match,0,0,0,
21,PRC_N2J0L0E6C1B7D1K6N5B1L1V7Z1E2S3,2100615,2020-12-01,300,266,235,6,25,300,235,6,25,34,1,True,True,match,0,0,0,
21,PRC_Z2R0Q0I6Z1D2T1G5Q3J8I4X9Y8Z0X3,2100428,2020-12-01,300,266,262,0,4,300,262,0,4,34,1,True,True,match,0,0,0,
21,PRC_P2N0S0W6C1E0U1S7M4K6G0O6T2R3M8,2100342,2020-12-01,300,254,250,0,4,300,250,0,4,46,1,True,True,match,0,0,0,
21,PRC_E2E0R0K9J2P4B1J0W1R2A5B6Q3O8S0,2105507,2020-11-19,300,275,260,4,11,300,260,4,11,25,1,True,True,match,0,0,0,
21,PRC_I2R0B0G9I2S4H1Q0H1D1Q3L8N5R4B1,2105506,2020-11-19,300,273,248,3,22,300,248,3,22,27,1,True,True,match,0,0,0,
21,PRC_F2Y0C0R9A2G2T1Q5K1F9G5U2H6I4X6,2105505,2020-11-19,300,253,240,3,10,300,240,3,10,47,1,True,True,match,0,0,0,
21,PRC_F2Z0R0M9I2Q2N1G5L4J7S3U9M4I2M6,2105504,2020-11-19,300,254,241,1,12,300,241,1,12,46,1,True,True,match,0,0,0,
21,PRC_G2P0G0S9V2K3D1E4I3R9A0E0W2O9Q7,2105503,2020-11-19,300,260,256,0,4,300,256,0,4,40,1,True,True,match,0,0,0,
21,PRC_D2P0D0J9D2U3V1B4B4G5E3T9K0L4Y0,2105502,2020-11-19,300,256,238,3,15,300,238,3,15,44,1,True,True,match,0,0,0,
21,PRC_T2M0Q0A9A2H3G1F4G4F0Z0Q4B4L1L8,2105501,2020-11-19,300,255,238,4,13,300,238,4,13,45,1,True,True,match,0,0,0,
21,PRC_Q2U0Y0L9B2U3B1O4E4A1X5I5K4J9Q1,2105500,2020-11-19,300,257,223,10,24,300,223,10,24,43,1,True,True,match,0,0,0,
21,PRC_B2F0V0Y9Z2H3E1A4S4Y6G3P1E5Y9M0,2105499,2020-11-19,300,257,252,1,4,300,252,1,4,43,1,True,True,match,0,0,0,
21,PRC_N2Y0G0V9W2Q4V1N0S0R9R5M2H7L7Y4,2105498,2020-11-19,300,267,249,1,17,300,249,1,17,33,1,True,True,match,0,0,0,
21,PRC_H2U0F0B9A2E3D1P4B4L4G0K9B0B3V2,2105497,2020-11-19,300,252,240,1,11,300,240,1,11,48,1,True,True,match,0,0,0,
21,PRC_S2O0E1K1Y1B7F2H3G0U6T4G9Y3Q1H2,2105496,2020-11-19,300,277,273,0,4,300,273,0,4,23,1,True,True,match,0,0,0,
21,PRC_N2E0Z0R9T2M3Q1A4O4B3I1G7S4H1U4,2105495,2020-11-19,300,250,227,5,18,300,227,5,18,50,1,True,True,match,0,0,0,
21,PRC_G2R0S1C1P1X7J2F3P0W7R5I2C2J2G1,2105494,2020-11-19,300,275,272,0,3,300,272,0,3,25,1,True,True,match,0,0,0,
21,PRC_G2A0F0Y9R2I3E1E8L3I4V5Z6J0D0P0,2105493,2020-11-19,300,242,238,0,4,300,238,0,4,58,1,True,True,match,0,0,0,
21,PRC_G2Y0O0O9Q2W3J1I8K3I7A1F9P6P4N9,2105492,2020-11-19,300,252,241,0,11,300,241,0,11,48,1,True,True,match,0,0,0,
21,PRC_F2G0S0C9X2N3Y1Q8Z3T8K0X0H3J5N1,2105491,2020-11-19,300,249,224,7,18,300,224,7,18,51,1,True,True,match,0,0,0,
21,PRC_V2D0F0N9E2G3T1W8H3A9L1W5G2Y3D4,2105490,2020-11-19,300,254,252,0,2,300,252,0,2,46,1,True,True,match,0,0,0,
21,PRC_O2I0U0O9O2P3Q1L8O3M6A2D7Z7T3W4,2105489,2020-11-19,300,242,220,4,18,300,220,4,18,58,1,True,True,match,0,0,0,
21,PRC_Z2P0P1B1J1O7N2D3E0L8X4Z5R2X1J8,2105488,2020-11-19,300,282,273,2,7,300,273,2,7,18,1,True,True,match,0,0,0,
21,PRC_F2E0B0M9J2G1G0P9J0K1X3K3H2M0Q2,2105487,2020-11-19,300,264,203,46,15,300,203,46,15,36,1,True,True,match,0,0,0,
21,PRC_S2J0C0M9G2C4J1I0W5T1S5U8E2N2I0,2105486,2020-11-19,300,245,242,0,3,300,242,0,3,55,1,True,True,match,0,0,0,
21,PRC_E2G0C0B9T2G4D1K0K5C4C0B7V8V0V8,2105485,2020-11-19,300,245,229,4,12,300,229,4,12,55,1,True,True,match,0,0,0,
21,PRC_O2K0L0F9L2I4Z1X0Z5J6C2R4M6X7P8,2105484,2020-11-19,300,243,206,4,33,300,206,4,33,57,1,True,True,match,0,0,0,
21,PRC_A2Z0G0Y9F2J4K1R0U5P7O4Y4R9K1X4,2105483,2020-11-19,300,244,202,18,24,300,202,18,24,56,1,True,True,match,0,0,0,
21,PRC_T2H0T1N1B1K1G1I2X4Q1X4L5Q7G8P7,2105317,2020-11-19,300,274,269,2,3,300,269,2,3,26,1,True,True,match,0,0,0,
21,PRC_J2F0O0Y9Y1R1L1A8Z1B2D4P7V3K0N2,2103817,2020-11-19,300,253,248,0,5,300,248,0,5,47,1,True,True,match,0,0,0,
21,PRC_M2M0I0J9I0P2C1V5D2Z6L2O8I1X3H4,2103445,2020-11-19,300,253,240,0,13,300,240,0,13,47,1,True,True,match,0,0,0,
21,PRC_M2Q0Y0E8B3L1B1E4D5R6W0A7U8V4F0,2103337,2020-11-19,300,242,229,2,11,300,229,2,11,58,1,True,True,match,0,0,0,
21,PRC_Q2T0W0Q8D2J5H1B6K2Y2W2R0G3N8E1,2103270,2020-11-19,300,242,229,2,11,300,229,2,11,58,1,True,True,match,0,0,0,
21,PRC_J2X0T0N8Q2O5R1K5Z5R4M3X6W9M3S7,2103260,2020-11-19,300,248,236,3,9,300,236,3,9,52,1,True,True,match,0,0,0,
21,PRC_T2X0K0C8D1F8D1Y6T0O9X3V4N5Z9P7,2103028,2020-11-19,300,247,225,8,14,300,225,8,14,53,1,True,True,match,0,0,0,
21,PRC_F2T0B0Z8J1Z3W1B1U0U7P3O1X8F6B2,2102938,2020-11-19,300,249,225,7,17,300,225,7,17,51,1,True,True,match,0,0,0,
21,PRC_A2Y0J0N8J1J3X1I0D2M7W0M2W6N8F2,2102927,2020-11-19,300,256,231,7,18,300,231,7,18,44,1,True,True,match,0,0,0,
21,ARC_I2D0I0I8G0W7T1U4T0F3T1Q9D7H5F5,2102795,2020-11-19,300,254,227,9,18,300,227,9,18,46,1,True,True,match,0,0,0,
21,PRC_N2U0P0C8C0S7X1O4Y0V1D1Y2M6T6N5,2102794,2020-11-19,300,267,251,2,14,300,251,2,14,33,1,True,True,match,0,0,0,
21,ARC_Q2I0S0G8U0J7L1L3C5N1X0D9F9M4M8,2102791,2020-11-19,300,265,237,8,20,300,237,8,20,35,1,True,True,match,0,0,0,
21,ARC_Z2T0P0J8L0O7P1S3E3V5S0G5P6D6W4,2102787,2020-11-19,300,263,235,8,20,300,235,8,20,37,1,True,True,match,0,0,0,
21,PRC_O2W0V0M8G0Y6H1U8W0F0I0R1M0F3A7,2102774,2020-11-19,300,268,265,0,3,300,265,0,3,32,1,True,True,match,0,0,0,
21,PRC_E2D0W0Z8Q0E4U1Z7J3X5S3Q2V7O1R4,2102686,2020-11-19,300,266,252,5,9,300,252,5,9,34,1,True,True,match,0,0,0,
21,PRC_W2I0X0U7Z3G0A0Y9B5Y0J1K9W4O9J9,2102502,2020-11-19,300,261,254,1,6,300,254,1,6,39,1,True,True,match,0,0,0,
21,PRC_A2J0W0Y7I2P7R1H4W5Y1N2S3N7O5J6,2102401,2020-11-19,300,251,229,8,14,300,229,8,14,49,1,True,True,match,0,0,0,
21,PRC_P2B0Z0Z7Z2V4Z1T7P4E1Y5N9R1Y4L6,2102375,2020-11-19,300,274,265,1,8,300,265,1,8,26,1,True,True,match,0,0,0,
21,PRC_J2W0R0X7M2W2H1J5Q2K3U0W1V4S5I3,2102283,2020-11-19,300,253,249,0,4,300,249,0,4,47,1,True,True,match,0,0,0,
21,PRC_X2B0Z0M7T2S1P1V4T5E5L2G4U5Y5N8,2102236,2020-11-19,300,268,254,4,10,300,254,4,10,32,1,True,True,match,0,0,0,
21,PRC_X2A0C0B7F1D7P1V5G1L1I2R8A7N6C0,2102116,2020-11-19,300,247,234,1,12,300,234,1,12,53,1,True,True,match,0,0,0,
21,ARC_B2N0J0O7S1P7F1D4M4C3B3H6H9L7F7,2102108,2020-11-19,300,253,227,4,22,300,227,4,22,47,1,True,True,match,0,0,0,
21,PRC_H2X0E0L7B1Z6T1I3B5Y6J3Q5B6Z0K3,2102030,2020-11-19,300,252,227,7,18,300,227,7,18,48,1,True,True,match,0,0,0,
21,PRC_Z2Q0W0U7F1O4G1I8L1C6J5U2V9D0M5,2101949,2020-11-19,300,259,258,0,1,300,258,0,1,41,1,True,True,match,0,0,0,
21,PRC_T2Q0O0C7U1T4N1A4Q2A6E0P1A4R8F7,2101914,2020-11-19,300,248,246,1,1,300,246,1,1,52,1,True,True,match,0,0,0,
21,ARC_B2T0K0I7D1B3B0B9O1H0S3F2Z5J2Q2,2101815,2020-11-19,300,246,224,3,19,300,224,3,19,54,1,True,True,match,0,0,0,
21,PRC_C2M0U0V7N0L9T1V8X5B3W0J5B3V5E9,2101741,2020-11-19,300,277,264,1,12,300,264,1,12,23,1,True,True,match,0,0,0,
21,PRC_S2W0F0W7V0O8Z1W1X3E4L3S5V2A5X2,2101624,2020-11-19,300,263,246,7,10,300,246,7,10,37,1,True,True,match,0,0,0,
21,PRC_Z2R0U0V7J0C8B1M1L1U1Y4Q9N7H4G8,2101618,2020-11-19,300,266,219,21,26,300,219,21,26,34,1,True,True,match,0,0,0,
21,PRC_H2X0X0S7P0W6W0K9S2B6A3P2C6C1D3,2101457,2020-11-19,300,263,262,0,1,300,262,0,1,37,1,True,True,match,0,0,0,
21,PRC_Q2A0W0H7N0P3A1R0B0Y8G5E4H1M1C3,2101367,2020-11-19,300,266,265,0,1,300,265,0,1,34,1,True,True,match,0,0,0,
21,PRC_G2Y0Z0C7K0U1J1H0W5B6W1L3J0S1K2,2101249,2020-11-19,300,249,234,0,15,300,234,0,15,51,1,True,True,match,0,0,0,
21,PRC_A2N0N0H6G2B6B1F8L2O8T0X8Q2J8N1,2101101,2020-11-19,300,279,250,10,19,300,250,10,19,21,1,True,True,match,0,0,0,
21,PRC_J2N0H0L6V2M6Z1C6X4N6K5O1H3B2Q8,2101082,2020-11-19,300,259,252,1,6,300,252,1,6,41,1,True,True,match,0,0,0,
21,ARC_I2W0A0Q6L2L6R1D6C1S5N1Z6O1E5K5,2101074,2020-11-19,300,252,212,23,17,300,212,23,17,48,1,True,True,match,0,0,0,
21,PRC_T2L0A0B6T2J6H1C6Y1B1K2Y6G6K7S4,2101070,2020-11-19,300,248,223,5,20,300,223,5,20,52,1,True,True,match,0,0,0,
21,PRC_L2O0M0K6M2X6U1A5P4V5N2Q3G1X2J6,2101057,2020-11-19,300,250,235,2,13,300,235,2,13,50,1,True,True,match,0,0,0,
21,PRC_N2D0W0J6Q2W6F1I4Z3F7B1E3Y7C6M0,2101052,2020-11-19,300,261,251,1,9,300,251,1,9,39,1,True,True,match,0,0,0,
21,PRC_Z2L0I0T6Z2B6K1X3X5O8C3L7K6U9Y4,2101047,2020-11-19,300,255,205,22,28,300,205,22,28,45,1,True,True,match,0,0,0,
21,ARC_G2N0T0K6C2A5B1J5K5T8H0X7V3N6S5,2101005,2020-11-19,300,259,245,2,12,300,245,2,12,41,1,True,True,match,0,0,0,
21,PRC_L2O0G0P6P2Y4O1L3L0Z1P3S7I5B0V8,2100934,2020-11-19,300,244,244,0,0,300,244,0,0,56,1,True,True,match,0,0,0,
21,PRC_Q2H0W0C6U2E3O1H1P2C1C1B1F6R9J2,2100875,2020-11-19,300,253,228,6,19,300,228,6,19,47,1,True,True,match,0,0,0,
21,PRC_C2G0A0C6M2O2R1V4C0Q5O1M5T7H5C5,2100826,2020-11-19,300,262,244,4,14,300,244,4,14,38,1,True,True,match,0,0,0,
21,PRC_F2D0Z0U6D2L2A1B4D0C3S5J4Y8E0L1,2100825,2020-11-19,300,256,247,0,9,300,247,0,9,44,1,True,True,match,0,0,0,
21,PRC_O2Y0Y0C6J1B9H1U6E3L9F1E8V7O3A8,2100749,2020-11-19,300,240,225,2,13,300,225,2,13,60,1,True,True,match,0,0,0,
21,PRC_Y2J0L0C6X1L9U1C5Z4C9H1U8R6L4X0,2100735,2020-11-19,300,248,211,13,24,300,211,13,24,52,1,True,True,match,0,0,0,
21,PRC_V2Y0A0H6D1V8F1G3S5Q3N4R4L3S0D5,2100655,2020-11-19,300,253,228,7,18,300,228,7,18,47,1,True,True,match,0,0,0,
21,PRC_Q2G0H0T6B1F7W1O8J1C6Q2F2K8C4G0,2100625,2020-11-19,300,278,274,0,4,300,274,0,4,22,1,True,True,match,0,0,0,
21,PRC_B2D0A0W6B1R7A1Z7U2A6Q0L6K1H7S0,2100619,2020-11-19,300,245,239,2,4,300,239,2,4,55,1,True,True,match,0,0,0,
21,PRC_C2B0T0S6I1X7A1G6E3U0Q4Q2B3H4F1,2100614,2020-11-19,300,250,248,0,2,300,248,0,2,50,1,True,True,match,0,0,0,
21,PRC_N2Y0T0G6F1U6I0L9M5A9V5Y4C8V2Y5,2100501,2020-11-19,300,265,253,0,12,300,253,0,12,35,1,True,True,match,0,0,0,
21,PRC_T2O0S0F6M1U1Z0E9L4V9J4T9E2I1T4,2100352,2020-11-19,300,254,239,1,14,300,239,1,14,46,1,True,True,match,0,0,0,
21,PRC_O2O0R0N6P0M8M1N6I2R1A2U4Y2S9K1,2100273,2020-11-19,300,254,217,11,26,300,217,11,26,46,1,True,True,match,0,0,0,
21,PRC_Q2D0F0N6N0H8V1Z5K2S2G5N0Y8X0Y1,2100267,2020-11-19,300,252,223,11,18,300,223,11,18,48,1,True,True,match,0,0,0,
21,PRC_H2Z0T0X6L0E8W1K5F2P1N3M6Q9P8D5,2100266,2020-11-19,300,251,223,9,19,300,223,9,19,49,1,True,True,match,0,0,0,
21,PRC_P2R0N0G6Q0W5N0F9X3I0U3Q6M4A5R7,2100178,2020-11-19,300,253,246,1,6,300,246,1,6,47,1,True,True,match,0,0,0,
21,PRC_O2P0Z0U6G0L1I1P4A3K8M2P3T7H7H8,2100028,2020-11-19,300,267,261,0,6,300,261,0,6,33,1,True,True,match,0,0,0,
21,PRC_G2Y0B0S6Y0D1R1C4U1L6C5P4T4Q6Q7,2100027,2020-11-19,300,266,262,0,4,300,262,0,4,34,1,True,True,match,0,0,0,
21,PRC_Z2T0J0C9Y2I1Z1N4F2P3D5Z2R8M2G0,2104184,2020-09-24,300,260,230,14,16,300,230,14,16,40,1,True,True,match,0,0,0,
21,PRC_L2K0F0K9D1G0C1C9D1T8U4F4K4F5X6,2104183,2020-09-24,300,269,263,0,6,300,263,0,6,31,1,True,True,match,0,0,0,
21,PRC_F2M0T0G9J1S0I1A9U2S7T3Z6Z6C8H7,2104182,2020-09-24,300,266,258,0,8,300,258,0,8,34,1,True,True,match,0,0,0,
21,PRC_Q2L0N0M9D1J8Q1V8Z1C8H5D7X8V8U6,2104181,2020-09-24,300,265,259,1,5,300,259,1,5,35,1,True,True,match,0,0,0,
21,PRC_S2T0R0N9O1L8M1F9I0S1V3D8F3Y3Q7,2104180,2020-09-24,300,260,256,1,3,300,256,1,3,40,1,True,True,match,0,0,0,
21,PRC_G2Q0R0L9I1E0Q1Z9R2C6P1I7L7L5G3,2104179,2020-09-24,300,263,263,0,0,300,263,0,0,37,1,True,True,match,0,0,0,
21,PRC_F2X0S0D9Z1E8V1Z9X1C0J4U5D8H1C0,2104178,2020-09-24,300,263,259,0,4,300,259,0,4,37,1,True,True,match,0,0,0,
21,PRC_U2S0X0V9N1T8V1I8G5K4T3K0R8Y0S6,2104177,2020-09-24,300,268,263,0,5,300,263,0,5,32,1,True,True,match,0,0,0,
21,PRC_D2J0P0S9A1B0Z1K9T3K3V1Z3V2U0T0,2104176,2020-09-24,300,270,252,1,17,300,252,1,17,30,1,True,True,match,0,0,0,
21,PRC_V2A0G0T9I1O0D1V9L2D1U0B3W6X7B4,2104175,2020-09-24,300,269,267,0,2,300,267,0,2,31,1,True,True,match,0,0,0,
21,PRC_D2Q0B0T9H1R0Q1N9Z2N4I2E8D3O0O7,2104174,2020-09-24,300,268,259,0,9,300,259,0,9,32,1,True,True,match,0,0,0,
21,PRC_N2D0H0W9P2S3Z1Q2X0L8W4B1G8E3F4,2104173,2020-09-24,300,267,256,1,10,300,256,1,10,33,1,True,True,match,0,0,0,
21,PRC_Y2K0E0O9G2L3U1D2H5J6Q5X8Y4O0R5,2104172,2020-09-24,300,251,249,1,1,300,249,1,1,49,1,True,True,match,0,0,0,
21,PRC_C2H0P0H9L1I6P1J9Z2Z8G4S7J9N3F8,2104171,2020-09-24,300,267,253,1,13,300,253,1,13,33,1,True,True,match,0,0,0,
21,PRC_N2Y0U0P9N1D7J1D5T3A1N1Q7X2I5S9,2104170,2020-09-24,300,265,251,3,11,300,251,3,11,35,1,True,True,match,0,0,0,
21,PRC_I2R0V0S9U1P7A1Y5H2J9D4P6E0Q4U7,2104169,2020-09-24,300,261,259,0,2,300,259,0,2,39,1,True,True,match,0,0,0,
21,PRC_M2F0B0H9P1Z7X1W5Q2C2R1D4N3C1K6,2104167,2020-09-24,300,253,252,0,1,300,252,0,1,47,1,True,True,match,0,0,0,
21,PRC_P2L0E0I9I1Q5E1C7B5I8J1T5X9J5L4,2104166,2020-09-24,300,263,229,7,27,300,229,7,27,37,1,True,True,match,0,0,0,
21,PRC_U2K0J0N9X2Y3U1F2A5M2T2V0H4K1E7,2104165,2020-09-24,300,251,246,1,4,300,246,1,4,49,1,True,True,match,0,0,0,
21,PRC_F2B0Q0W9B1Y5A1E7N5P6Z1V2Q6F0A4,2104164,2020-09-24,300,270,225,14,31,300,225,14,31,30,1,True,True,match,0,0,0,
21,PRC_N2W0H0A9A2K3U1M2L5E4C2Z8G3Y3T6,2104163,2020-09-24,300,258,256,0,2,300,256,0,2,42,1,True,True,match,0,0,0,
21,PRC_H2Y0X0E9R2F3X1U2I4F6V1H3V0X1Z9,2104162,2020-09-24,300,239,227,4,8,300,227,4,8,61,1,True,True,match,0,0,0,
21,PRC_N2W0O0P9T1F5S1D7K5S6Y4K6F3P2X4,2104161,2020-09-24,300,269,262,2,5,300,262,2,5,31,1,True,True,match,0,0,0,
21,PRC_T2I0P0H9A2P3A1K2A5U5F2T8Z7Z1X9,2104160,2020-09-24,300,259,256,0,3,300,256,0,3,41,1,True,True,match,0,0,0,
21,PRC_X2X0X0T9D1O5N1E7I5U7B4A7G7R9O4,2104159,2020-09-24,300,266,227,7,32,300,227,7,32,34,1,True,True,match,0,0,0,
21,PRC_I2J0T0B9B2X3Y1X2I4L9Q1T5L2V3K9,2104158,2020-09-24,300,252,224,8,20,300,224,8,20,48,1,True,True,match,0,0,0,
21,PRC_W2E0Q0O9N2C1G1F8S3A2G4P9U0M8K6,2104133,2020-09-24,300,258,255,0,3,300,255,0,3,42,1,True,True,match,0,0,0,
21,PRC_N2Y0B0H8B0V4Y1D7O4A2Y2F9B8C5J3,2102688,2020-09-24,300,260,253,0,7,300,253,0,7,40,1,True,True,match,0,0,0,
21,PRC_J2I0O0O7U3Y1S0F9Q4J2I3F8B2U1R5,2102541,2020-09-24,300,246,239,0,7,300,239,0,7,54,1,True,True,match,0,0,0,
21,PRC_M2F0D0X7I2M1A1G7I4F8C3E4N5G5K7,2102262,2020-09-24,300,262,257,0,5,300,257,0,5,38,1,True,True,match,0,0,0,
21,PRC_T2P0E0N7M1Z5Q1T8N3U9U3R3D6G4H4,2102014,2020-09-24,300,265,247,4,14,300,247,4,14,35,1,True,True,match,0,0,0,
21,PRC_M2E0O0G7Z1Z3A1I4R4Q3V5O8Y7L1K8,2101848,2020-09-24,300,272,266,1,5,300,266,1,5,28,1,True,True,match,0,0,0,
21,ARC_N2O0E0Q7A1S0Y1S1O1Q4I5K0K6S0M0,2101755,2020-09-24,300,221,213,1,7,300,213,1,7,79,1,True,True,match,0,0,0,
21,PRC_A2I0Z0Z7Y0C9Q1C6P3L1R2B9R8S5C1,2101704,2020-09-24,300,259,247,0,12,300,247,0,12,41,1,True,True,match,0,0,0,
21,PRC_W2E0X0J7G0N9B1M5T0R0T0G4Z9H8M7,2101696,2020-09-24,300,267,260,1,6,300,260,1,6,33,1,True,True,match,0,0,0,
21,PRC_M2E0R0H7S0Y9O1K4N0R4G0H4L5Z5N1,2101689,2020-09-24,300,257,230,12,15,300,230,12,15,43,1,True,True,match,0,0,0,
21,PRC_W2C0Y0N7O0V8W1R4F4D4Q1H7I7F5R4,2101641,2020-09-24,300,253,248,0,5,300,248,0,5,47,1,True,True,match,0,0,0,
21,PRC_N2T0W0V7P0B8P1G4F4R2Z0Z6V4G0Z3,2101640,2020-09-24,300,269,237,10,22,300,237,10,22,31,1,True,True,match,0,0,0,
21,PRC_Y2U0H0V7H0W8F1A1S2U5Y0N7C6S9Z6,2101620,2020-09-24,300,225,221,0,4,300,221,0,4,75,1,True,True,match,0,0,0,
21,ARC_E2N0G0F7I0C7Z1K6B1L2D3U4Y4B3Q8,2101580,2020-09-24,300,266,247,2,17,300,247,2,17,34,1,True,True,match,0,0,0,
21,PRC_Y2A0D0L7G0U6W1T4Y5E5A3G3E8L0F2,2101489,2020-09-24,300,267,228,10,29,300,228,10,29,33,1,True,True,match,0,0,0,
21,PRC_W2N0U0J7N0Z6T1L4K2O9D3P7I4L1W9,2101482,2020-09-24,300,258,257,0,1,300,257,0,1,42,1,True,True,match,0,0,0,
21,PRC_H2Z0T0J7N0M6H1E4C1B6U4J7R4O6E8,2101476,2020-09-24,300,269,230,9,30,300,230,9,30,31,1,True,True,match,0,0,0,
21,ARC_U2X0J0S7G0S3V2A0E0V0J4D2S4P1U0,2101452,2020-09-24,300,263,244,1,18,300,244,1,18,37,1,True,True,match,0,0,0,
21,PRC_M2G0J0J7O0F3D1K6G2M1J2Q2R3T3A6,2101418,2020-09-24,300,270,223,10,37,300,223,10,37,30,1,True,True,match,0,0,0,
21,PRC_A2M0O0R7O0M3D1C6D1V8U0T7R5I6V4,2101417,2020-09-24,300,264,223,10,31,300,223,10,31,36,1,True,True,match,0,0,0,
21,ARC_D2I0M0D7J0C3A1R6B0P3U0D2S8U9S9,2101414,2020-09-24,300,255,251,1,3,300,251,1,3,45,1,True,True,match,0,0,0,
21,PRC_I2M0M0J7W0O3V1X5Y3T4Y3P0O5Y4V5,2101409,2020-09-24,300,267,261,0,6,300,261,0,6,33,1,True,True,match,0,0,0,
21,ARC_U2G0C0W7A0U3O1P1I1V0A1T6C6P9T8,2101384,2020-09-24,300,258,257,0,1,300,257,0,1,42,1,True,True,match,0,0,0,
21,PRC_A2Z0Z0R7D0H2M2D0O5L5R0G5U7L0Y4,2101361,2020-09-24,300,270,264,2,4,300,264,2,4,30,1,True,True,match,0,0,0,
21,PRC_S2K0N0D7T0W2L1S7D1B3N3I7C5J2A4,2101344,2020-09-24,300,269,239,2,28,300,239,2,28,31,1,True,True,match,0,0,0,
21,PRC_N2Y0C0G7H0P1X1T6T5A2V1T2N4E0P7,2101278,2020-09-24,300,260,243,3,14,300,243,3,14,40,1,True,True,match,0,0,0,
21,PRC_S2L0O0S6G3Z0Q1Q6Z2X0F4J5I3S1P8,2101215,2020-09-24,300,262,261,0,1,300,261,0,1,38,1,True,True,match,0,0,0,
21,ARC_W2B0C0P6U3W0Q1K5Q1H7C4A3J1C8P5,2101208,2020-09-24,300,250,242,2,6,300,242,2,6,50,1,True,True,match,0,0,0,
21,PRC_W2R0W0W6L3J0J0T9Z3S6R4L5G2N2A2,2101159,2020-09-24,300,262,258,1,3,300,258,1,3,38,1,True,True,match,0,0,0,
21,PRC_J2N0H0C6K2Q9T1P3E4Q7U1M2D6P0L9,2101123,2020-09-24,300,270,264,0,6,300,264,0,6,30,1,True,True,match,0,0,0,
21,PRC_Q2M0O0L6L2P9E1M0P1U9Z0N6U2T7L9,2101110,2020-09-24,300,267,224,11,32,300,224,11,32,33,1,True,True,match,0,0,0,
21,PRC_M2E0X0Z6K2G6W1P5M5A6G0S7H2I0L1,2101061,2020-09-24,300,265,242,5,18,300,242,5,18,35,1,True,True,match,0,0,0,
21,ARC_U2I0E0S6E2A6A1D3S4V4K5B7D4N8T4,2101045,2020-09-24,300,268,259,2,7,300,259,2,7,32,1,True,True,match,0,0,0,
21,PRC_O2Q0E0J6H2I6V1M3J3F9F5U2X3F3I4,2101044,2020-09-24,300,263,232,13,18,300,232,13,18,37,1,True,True,match,0,0,0,
21,PRC_X2G0Z0X6C2X6T1C0I5Y8Q5V5W5C4V0,2101038,2020-09-24,300,265,246,3,16,300,246,3,16,35,1,True,True,match,0,0,0,
21,PRC_Y2P0A0A6J2M6V0I9S5E8O0C0B7I4R3,2101031,2020-09-24,300,266,244,3,19,300,244,3,19,34,1,True,True,match,0,0,0,
21,PRC_L2P0N0W6H2V5R1U6A3G3Q3C0A3S9P7,2101013,2020-09-24,300,265,230,10,25,300,230,10,25,35,1,True,True,match,0,0,0,
21,PRC_F2A0L0L6W2N5M1B6B1C2E0Z5H0K3M9,2101006,2020-09-24,300,265,265,0,0,300,265,0,0,35,1,True,True,match,0,0,0,
21,PRC_W2N0I0K6U2I5V1J4J1M9U2J4D5Z0P6,2100988,2020-09-24,300,267,263,0,4,300,263,0,4,33,1,True,True,match,0,0,0,
21,PRC_X2O0Z0W6J2G4U1I7U4F4F3G3Q2M4Q5,2100952,2020-09-24,300,266,240,6,20,300,240,6,20,34,1,True,True,match,0,0,0,
21,PRC_J2P0D0O6D1R9C1F5G4A6W0T9Q3K4C6,2100730,2020-09-24,300,267,258,1,8,300,258,1,8,33,1,True,True,match,0,0,0,
21,PRC_X2K0V0B6D1E5E1P1U3A6U0O6Q9Z5E5,2100464,2020-09-24,300,248,240,1,7,300,240,1,7,52,1,True,True,match,0,0,0,
21,PRC_E2Y0P0V6N1D2V1L7G5A5V3G9S9N1J3,2100446,2020-09-24,300,258,213,23,22,300,213,23,22,42,1,True,True,match,0,0,0,
21,PRC_M2C0V0K6C1C0E1K7N0Z7G1Q4A3P2W5,2100338,2020-09-24,300,264,264,0,0,300,264,0,0,36,1,True,True,match,0,0,0,
21,PRC_C2J0X0R6W1T0D1A0U2K9U1T8Q6D8Z1,2100311,2020-09-24,300,265,242,8,15,300,242,8,15,35,1,True,True,match,0,0,0,
21,PRC_C2N0U0T6V0Q5E1Z7A2Y7C5Y1I9I7V6,2100225,2020-09-24,300,262,254,2,6,300,254,2,6,38,1,True,True,match,0,0,0,
21,PRC_I2W0H0K9K1W1N0K9V1A1Y5J2E7J6E3,2103754,2020-09-22,300,286,279,1,6,300,279,1,6,14,1,True,True,match,0,0,0,
21,PRC_Z2W0U0X9M1R1G0K9I1T1V1P5L9W5N4,2103753,2020-09-22,300,283,281,1,1,300,281,1,1,17,1,True,True,match,0,0,0,
21,PRC_Q2W0Q0N9D1Q1K0J9M1Z0P3O4I0A2L0,2103752,2020-09-22,300,283,280,1,2,300,280,1,2,17,1,True,True,match,0,0,0,
21,PRC_R2B0R0Q9Y1M1T0G9A0Z9S5D3U2O7S3,2103751,2020-09-22,300,282,279,1,2,300,279,1,2,18,1,True,True,match,0,0,0,
21,PRC_Y2T0Z0B9Q1A1P0D9A0E8V4T7G0J2Y8,2103750,2020-09-22,300,284,282,1,1,300,282,1,1,16,1,True,True,match,0,0,0,
21,PRC_Q2X0R0C9S1A1G0H9B0K8T1S1P4Q1X2,2103749,2020-09-22,300,283,281,1,1,300,281,1,1,17,1,True,True,match,0,0,0,
21,PRC_U2P0J0C9Q1X1E0J8S5O9Q3S0J8N2K7,2103748,2020-09-22,300,282,272,1,9,300,272,1,9,18,1,True,True,match,0,0,0,
21,PRC_K2B0G0K6P0E1C1Y5S1L3J4L1S6D8Q9,2100031,2020-09-22,300,283,256,15,12,300,256,15,12,17,1,True,True,match,0,0,0,
21,PRC_B2K0T0U6X0E1U1U5H1Z0Z5J1F3S5Q9,2100029,2020-09-22,300,280,253,13,14,300,253,13,14,20,1,True,True,match,0,0,0,
21,PRC_D2N0R0Y9R0Y7Y0L8Y5K1J5Z7P8C4C0,2103519,2020-09-07,300,269,267,0,2,300,267,0,2,31,1,True,True,match,0,0,0,
21,PRC_V2Z0H0D9H0E1G1K1U2W2G1B2S8E6I2,2103379,2020-09-01,300,287,287,0,0,300,287,0,0,13,1,True,True,match,0,0,0,
21,PRC_V2S0V0H7W2Z9M1H8P2I3M2V3D2C9G0,2102651,2020-08-04,300,274,271,0,3,300,271,0,3,26,1,True,True,match,0,0,0,
21,PRC_T2B0R0O7N2L8V1M7B0S9C5R6E9H3N0,2102650,2020-08-04,300,184,183,1,0,300,183,1,0,116,1,True,True,match,0,0,0,
21,PRC_J2F0O0X7M2P8U1N6V5J9S2S8Z8F8T3,2102649,2020-08-04,300,184,182,1,1,300,182,1,1,116,1,True,True,match,0,0,0,
21,PRC_Y2H0K0W7E3C0S1N1C0C8O2Q3T7I7S5,2102648,2020-08-04,300,278,276,0,2,300,276,0,2,22,1,True,True,match,0,0,0,
21,PRC_P2V0M0L7A1A4E1G6X0E3W3Z6E5B5T6,2101922,2020-08-04,300,190,186,1,3,300,186,1,3,110,1,True,True,match,0,0,0,
21,PRC_F2H0D0F7W1R3Y1K4U3T5V5H9K3N7U8,2101846,2020-08-04,300,185,184,0,1,300,184,0,1,115,1,True,True,match,0,0,0,
21,PRC_W2Z0O0R7Z1U0Z1A8A2E0O2D5Z3O4L5,2101814,2020-08-04,300,184,183,1,0,300,183,1,0,116,1,True,True,match,0,0,0,
21,PRC_C2Y0W0T7A1U0P1T8V1V7R1F0H7D8R4,2101813,2020-08-04,300,187,185,0,2,300,185,0,2,113,1,True,True,match,0,0,0,
21,PRC_I2Q0V0N7M1I0A1M7D2U3G1E7I3Y5M7,2101804,2020-08-04,300,188,186,1,1,300,186,1,1,112,1,True,True,match,0,0,0,
21,PRC_O2W0N0X7Z1T0X1D7F1A6U0A9R6X0K9,2101803,2020-08-04,300,188,186,1,1,300,186,1,1,112,1,True,True,match,0,0,0,
21,PRC_I2H0P0T7C1I0B1L7I1Y3M2Y9G1Z3P7,2101802,2020-08-04,300,190,188,1,1,300,188,1,1,110,1,True,True,match,0,0,0,
21,PRC_S2H0H0R7I0J6D1R8J1A1U0H6F1X9L7,2101538,2020-08-04,300,188,186,0,2,300,186,0,2,112,1,True,True,match,0,0,0,
21,PRC_W2Q0W0K6G3E0F1O8K0Z3R4T8Y0Y4L2,2101227,2020-08-04,300,189,186,0,3,300,186,0,3,111,1,True,True,match,0,0,0,
21,ARC_D2X0Y0W6O1K7Y1K7X5I3F4E5Z0E1C7,2100624,2020-08-04,300,282,275,2,5,300,275,2,5,18,1,True,True,match,0,0,0,
21,PRC_D2B0W0J6H1P1D1R4D3T3P4A9R1J6F2,2100376,2020-08-04,300,269,265,2,2,300,265,2,2,31,1,True,True,match,0,0,0,
21,PRC_A2D0Q0P6Z0D1G1U1P4G5G5Z7O1V1M9,2100016,2020-08-04,300,188,186,2,0,300,186,2,0,112,1,True,True,match,0,0,0,
21,PRC_X2W0H0M6E0E1J1B1E4S1A2R6R5V1M4,2100015,2020-08-04,300,190,187,2,1,300,187,2,1,110,1,True,True,match,0,0,0,
21,PRC_K2E0H0I6U0X1T1J1Y3J9R1K8R0L6P0,2100014,2020-08-04,300,188,185,3,0,300,185,3,0,112,1,True,True,match,0,0,0,
21,PRC_V2V0H0O7J2A9K1M0G5I7N0V6B8B2B1,2102500,2020-07-30,300,187,186,0,1,300,186,0,1,113,1,True,True,match,0,0,0,
21,ARC_S2P0M0D6C2R6W1X6P0Y8I5P5S8L5C7,2101068,2020-07-30,300,187,186,0,1,300,186,0,1,113,1,True,True,match,0,0,0,
21,PRC_I2L0E0A6G0S4W0T9W5O4K0R6H6X4O9,2100157,2020-07-03,300,186,180,0,6,300,180,0,6,114,1,True,True,match,0,0,0,
21,PRC_Y2X0P0O6P0W4L0I9B5M3P4S8N9G7O2,2100156,2020-07-03,300,185,178,0,7,300,178,0,7,115,1,True,True,match,0,0,0,
21,PRC_T2R0D0V6Q0A4U0A9R5P3K2P1P7K7B1,2100155,2020-07-03,300,186,179,0,7,300,179,0,7,114,1,True,True,match,0,0,0,
21,PRC_W2I0F0P6X0H4L0B9E5G2Q5Q7B6Q5H9,2100154,2020-07-03,300,186,180,0,6,300,180,0,6,114,1,True,True,match,0,0,0,
21,PRC_A2J0E0P6T0I4Z0M9P5L2I3P2Y1K1D6,2100153,2020-07-03,300,186,179,0,7,300,179,0,7,114,1,True,True,match,0,0,0,
21,PRC_D2B0M0D6H0J4Q0L9I5Q2B1R3A7C4F3,2100152,2020-07-03,300,186,180,0,6,300,180,0,6,114,1,True,True,match,0,0,0,
21,PRC_U2Y0W0L6T0A4S0R9Z5Q1G4F7B1L7R8,2100151,2020-07-03,300,187,180,0,7,300,180,0,7,113,1,True,True,match,0,0,0,
21,PRC_W2W0N0S6A0H4U0G9U5V1F2C1C4O1C2,2100150,2020-07-03,300,187,180,0,7,300,180,0,7,113,1,True,True,match,0,0,0,
21,PRC_R2X0E0C6E0A4Q0C9Q5G1S0M0I4A3Z4,2100149,2020-07-03,300,187,179,0,8,300,179,0,8,113,1,True,True,match,0,0,0,
21,PRC_P2E0D0H6T0M4W0N9E5K0S3W9U7H0E2,2100148,2020-07-03,300,186,180,0,6,300,180,0,6,114,1,True,True,match,0,0,0,
21,PRC_N2T0U0U6W0B4O0C9T5C0U2J1S3R1I6,2100147,2020-07-03,300,186,180,0,6,300,180,0,6,114,1,True,True,match,0,0,0,
21,PRC_A2Y0G0D6D0I4Y0A9Z4L9W5H8U0V3M8,2100146,2020-07-03,300,186,180,0,6,300,180,0,6,114,1,True,True,match,0,0,0,
21,PRC_K2V0K0V6D0O4Y0I9G4X9P3S8D3W3Z3,2100145,2020-07-03,300,187,180,0,7,300,180,0,7,113,1,True,True,match,0,0,0,
21,PRC_Z2T0W0U6W0Z4E0F9J4E9Q1Y5W4Z1G7,2100144,2020-07-03,300,187,179,0,8,300,179,0,8,113,1,True,True,match,0,0,0,
21,PRC_M2J0Q0J6B0N4R0A9C4H8M5Q4Y7U0E7,2100143,2020-07-03,300,187,179,0,8,300,179,0,8,113,1,True,True,match,0,0,0,
21,PRC_S2O0Y0V6S0W4L0T9V4S8Q2T7R1O2R3,2100142,2020-07-03,300,186,179,0,7,300,179,0,7,114,1,True,True,match,0,0,0,
21,PRC_G2B0T0L6W0W4B0R9K4A8J0M7E7F4N3,2100141,2020-07-03,300,185,179,0,6,300,179,0,6,115,1,True,True,match,0,0,0,
21,PRC_B2H0Q0X6N0P4W0F9E4U7I4F8H9F6H4,2100140,2020-07-03,300,186,180,0,6,300,180,0,6,114,1,True,True,match,0,0,0,
21,PRC_B2Q0S0H6E0R4G0R9J4K7L1T4T5M3I4,2100139,2020-07-03,300,186,180,0,6,300,180,0,6,114,1,True,True,match,0,0,0,
21,PRC_V2V0Y0T6A0J4N0S9D4J6P4Z7P9C4K3,2100138,2020-07-03,300,184,177,0,7,300,177,0,7,116,1,True,True,match,0,0,0,
21,PRC_E2D0I0P6O0X4E0H9E4V6C2C3X9G9L0,2100137,2020-07-03,300,185,178,0,7,300,178,0,7,115,1,True,True,match,0,0,0,
21,PRC_D2Q0E0Q6W0J4U0J9K4F6T0B5R1Z5W3,2100136,2020-07-03,300,186,179,0,7,300,179,0,7,114,1,True,True,match,0,0,0,
21,PRC_Q2G0J0H6G0E4S0F9T4G5J4F4E2H3N3,2100135,2020-07-03,300,183,177,0,6,300,177,0,6,117,1,True,True,match,0,0,0,
21,PRC_D2I0F0T6N0L4W0G9U4B5E2K1S9R3S7,2100134,2020-07-03,300,186,180,0,6,300,180,0,6,114,1,True,True,match,0,0,0,
21,PRC_S2Q0X0V6U0L4V0E9F4G5T0K2A4U6Q2,2100133,2020-07-03,300,185,178,0,7,300,178,0,7,115,1,True,True,match,0,0,0,
21,PRC_B2Q0E0Q6W0K4Z0A9E4E4T4H3H8R2U6,2100132,2020-07-03,300,186,180,0,6,300,180,0,6,114,1,True,True,match,0,0,0,
21,PRC_G2K0C0F6Q0V4S0I9J4I4H0X5S4W1D0,2100131,2020-07-03,300,184,178,0,6,300,178,0,6,116,1,True,True,match,0,0,0,
21,PRC_Q2U0W0O6H0L4C0H9C4B3X3L9E1R5M6,2100130,2020-07-03,300,184,178,0,6,300,178,0,6,116,1,True,True,match,0,0,0,
21,PRC_X2S0E0Z6T0Z4D0M9S4H3T0Y9U2L4R2,2100129,2020-07-03,300,186,180,0,6,300,180,0,6,114,1,True,True,match,0,0,0,
21,PRC_F2N0T0T6K0N4K0W9P4D2N4S8J1U0A7,2100128,2020-07-03,300,184,179,0,5,300,179,0,5,116,1,True,True,match,0,0,0,
21,PRC_E2J0E0H6B0H4K0V9W4Z2B1M5U1O6I0,2100127,2020-07-03,300,186,181,0,5,300,181,0,5,114,1,True,True,match,0,0,0,
21,PRC_K2C0J0Q6N0F4Y0Q9Q4O1K5U0D5Z3W2,2100126,2020-07-03,300,186,179,0,7,300,179,0,7,114,1,True,True,match,0,0,0,
21,PRC_O2F0U0G6U0Z4D0P9Z4N1T2J8J0T5R5,2100125,2020-07-03,300,185,179,0,6,300,179,0,6,115,1,True,True,match,0,0,0,
21,PRC_D2I0V0C6K0D4R0L9Q4E1K0J7O2X1A0,2100124,2020-07-03,300,185,179,0,6,300,179,0,6,115,1,True,True,match,0,0,0,
21,PRC_P2P0W0T6R0U4J0H9G4N0Y4I3V9X2G9,2100123,2020-07-03,300,184,178,0,6,300,178,0,6,116,1,True,True,match,0,0,0,
21,PRC_D2M0F0V6J0R4V0T9D4C0M2H1G0Y7K7,2100122,2020-07-03,300,185,179,0,6,300,179,0,6,115,1,True,True,match,0,0,0,
21,PRC_B2M0L0R6E0B4E0F9W3K9X4C0T7I7N6,2100121,2020-07-03,300,186,180,0,6,300,180,0,6,114,1,True,True,match,0,0,0,
21,PRC_S2B0A0B6W0W4N0N9Q0J7M2V5C8B5K5,2100120,2020-07-03,300,187,180,1,6,300,180,1,6,113,1,True,True,match,0,0,0,
21,PRC_K2Q0L0N6P0J9A1M8O2D3J1I7W6R0H2,2100322,2020-06-10,300,275,269,0,6,300,269,0,6,25,1,True,True,match,0,0,0,
21,PRC_C2X0O0R6R0N8P1B5U2A0W3Z8F2J8J1,2100265,2020-06-08,300,270,265,0,5,300,265,0,5,30,1,True,True,match,0,0,0,
22,PRC_A2V6V0E9S1C5Z2X0C3U3B3E0O5P0S4,2221432,2026-09-17,299,204,198,2,4,299,198,2,4,95,1,True,True,match,0,0,0,
22,PRC_U2C6W0N9Q1D5D2V0X3Q1G4J5V5P0H4,2221431,2026-09-17,299,204,154,49,1,299,154,49,1,95,1,True,True,match,0,0,0,
22,PRC_V2G6Z0Z9V1L5C2O0A3O0D5X6O9U2F3,2221430,2026-09-17,299,198,157,37,4,299,157,37,4,101,1,True,True,match,0,0,0,
22,PRC_K2I6A0X9N1O5Q1Y1N3R4K1M0U6E3T0,2221429,2026-09-17,299,189,152,34,3,299,152,34,3,110,1,True,True,match,0,0,0,
22,PRC_L2Y6R0U9B1Z7A1S2C1Y0M3Q7V6J9R5,2221428,2026-09-17,299,150,150,0,0,299,150,0,0,149,1,True,True,match,0,0,0,
22,PRC_P2S6K0P9O1A6K1U0I4F1C5A1E4I3B7,2221427,2026-09-17,299,204,155,49,0,299,155,49,0,95,1,True,True,match,0,0,0,
22,PRC_J2O6J0S9E1H6F1A8O3E4U5N4O4E7D6,2221413,2026-09-17,299,152,149,3,0,299,149,3,0,147,1,True,True,match,0,0,0,
22,PRC_N2F6G0B9S1I6N1N8Q3E3E0A3F8B5W4,2221412,2026-09-17,299,150,149,1,0,299,149,1,0,149,1,True,True,match,0,0,0,
22,PRC_Y2Z6F0J9P1V5A1S1T0T2F3Z3Z0M8P8,2221411,2026-09-17,299,169,151,18,0,299,151,18,0,130,1,True,True,match,0,0,0,
22,PRC_U2E6K0O9W1Q5W1X1G0R3C1Y8C2F8B6,2221410,2026-09-17,299,155,152,3,0,299,152,3,0,144,1,True,True,match,0,0,0,
22,PRC_L2L6K0K9J1J0H1Q6Q0O2P5O1O1M2N5,2221376,2026-09-17,299,152,151,1,0,299,151,1,0,147,1,True,True,match,0,0,0,
22,PRC_I2J6R0P9Q1O4O0N7O5J7K1I8H8H3F6,2221367,2026-09-17,299,200,153,47,0,299,153,47,0,99,1,True,True,match,0,0,0,
22,PRC_T2B6B0Z9B1Z1Z1X7Y4G1E3F5D3E4C2,2221359,2026-09-17,299,201,154,46,1,299,154,46,1,98,1,True,True,match,0,0,0,
22,PRC_L2L6H0F9G1E1F1D7E1M6K2L2J0K1I4,2221358,2026-09-17,299,151,151,0,0,299,151,0,0,148,1,True,True,match,0,0,0,
22,PRC_X2X6T0T9S1Q1R1P7Q1Y6Y0W4V6W9U7,2221357,2026-09-17,299,153,152,1,0,299,152,1,0,146,1,True,True,match,0,0,0,
22,PRC_F2E6F0D9D1L1K1K7I1J5I4I0Q0Q0P2,2221356,2026-09-17,299,157,156,1,0,299,156,1,0,142,1,True,True,match,0,0,0,
22,PRC_B2A6B0Z9Z1Y1Z1G4H2G2E0E1C4D4S4,2221347,2026-09-17,299,200,154,45,1,299,154,45,1,99,1,True,True,match,0,0,0,
22,PRC_M2M6K0L9T1R1S1Q4Q2P2Q2L5M4K2J1,2221346,2026-09-17,299,201,152,48,1,299,152,48,1,98,1,True,True,match,0,0,0,
22,PRC_C2J6W0R8C2U7C1T6U3O4U3O1C8Y3H5,2221287,2026-09-17,299,206,205,0,1,299,205,0,1,93,1,True,True,match,0,0,0,
22,PRC_L2Y6C0Q8S2M7D1F6E3D5Z1J4E6B9K5,2221286,2026-09-17,299,202,201,0,1,299,201,0,1,97,1,True,True,match,0,0,0,
22,PRC_M2F6X0U8X2M7G1Y6R4B0P3M4M2H4O2,2221285,2026-09-17,299,205,204,0,1,299,204,0,1,94,1,True,True,match,0,0,0,
22,PRC_C2K6Z0G8K2M7U1Q6W4Y1O2F1N1Y9S3,2221284,2026-09-17,299,204,202,1,1,299,202,1,1,95,1,True,True,match,0,0,0,
22,PRC_P2V6Z0B8J2U7M1D6K3J9F2V0Z4N3X0,2221283,2026-09-17,299,200,196,1,3,299,196,1,3,99,1,True,True,match,0,0,0,
22,PRC_C2R6Y0K8C2N7G1Z6I3J2H5Z7Q9G4R2,2221282,2026-09-17,299,201,197,0,4,299,197,0,4,98,1,True,True,match,0,0,0,
22,PRC_S2J6E0R8S2S7L1F6L3E8W3I2I5M5B5,2221281,2026-09-17,299,204,202,1,1,299,202,1,1,95,1,True,True,match,0,0,0,
22,PRC_D2S6Y0Z8L2S7X1G6M3C0F5E5X4F3U0,2221280,2026-09-17,299,203,198,2,3,299,198,2,3,96,1,True,True,match,0,0,0,
22,PRC_W2Y6Z0W8G2L7B1U6W3D1T5U0C6L3P7,2221279,2026-09-17,299,198,192,2,4,299,192,2,4,101,1,True,True,match,0,0,0,
22,PRC_Z2E6S0X9P0W2A1Z9T1A8J2T0C4A4O9,2221278,2026-09-17,299,176,174,0,2,299,174,0,2,123,1,True,True,match,0,0,0,
22,PRC_U2B6M0W9G0D2L1X9W2Z4E3N7I6J0X2,2221277,2026-09-17,299,193,193,0,0,299,193,0,0,106,1,True,True,match,0,0,0,
22,PRC_M2E6W0P9R0H2E1B9C2C6M0Y1T8U0T2,2221275,2026-09-17,299,201,195,1,5,299,195,1,5,98,1,True,True,match,0,0,0,
22,PRC_L2J6K0I9J0H8P1Q7O5O0N3O8M3U0U7,2221268,2026-09-17,299,205,156,49,0,299,156,49,0,94,1,True,True,match,0,0,0,
22,PRC_A2A6Z0G9H0F9G1E1F4D8E3M0K7K2J5,2221265,2026-09-17,299,239,162,77,0,299,162,77,0,60,1,True,True,match,0,0,0,
22,PRC_C2O6M0F9W1O7T1Z6E3H6R3X1W0T6B1,2221245,2026-09-17,299,163,151,11,1,299,151,11,1,136,1,True,True,match,0,0,0,
22,PRC_V2A6Y0F9S1P7A1G6I3K4Z0B3Z9B9O8,2221244,2026-09-17,299,167,150,15,2,299,150,15,2,132,1,True,True,match,0,0,0,
22,PRC_P2P6O0O9M0L8L1H9I1G5H4F2E1E9M2,2221243,2026-09-17,299,171,148,21,2,299,148,21,2,128,1,True,True,match,0,0,0,
22,PRC_R2Q6Q0Y9Z0X9W1W0U0V0D4E8C3C3A0,2221237,2026-09-17,299,230,157,72,1,299,157,72,1,69,1,True,True,match,0,0,0,
22,PRC_O2O6M0N9L0M8K1S9T1R4S4Q0R1P0P2,2221234,2026-09-17,299,203,154,49,0,299,154,49,0,96,1,True,True,match,0,0,0,
22,PRC_A2I6I0H9I0G8G1F9N1N3M2M1L4L3J0,2221233,2026-09-17,299,202,155,47,0,299,155,47,0,97,1,True,True,match,0,0,0,
22,PRC_V2W6U0V9D0D8B1A9B1Z3A0V2W9V2T9,2221232,2026-09-17,299,203,154,49,0,299,154,49,0,96,1,True,True,match,0,0,0,
22,PRC_U2U6S0U9S0S8O1N8N1L1M1K4L9T5T9,2221230,2026-09-17,299,192,155,34,3,299,155,34,3,107,1,True,True,match,0,0,0,
22,PRC_M2K6L0J9J0G8E1E8C4D6C0C6K4I6J5,2221228,2026-09-17,299,195,154,38,3,299,154,38,3,104,1,True,True,match,0,0,0,
22,PRC_U2T6T0B9Z0A8Z1Z9X1F3G5E6F9D9E0,2221226,2026-09-17,299,204,157,47,0,299,157,47,0,95,1,True,True,match,0,0,0,
22,PRC_A2I6H0H9F0G8E1F8A1B4Z4Y7Y2X4X2,2221225,2026-09-17,299,188,152,34,2,299,152,34,2,111,1,True,True,match,0,0,0,
22,PRC_J2K6I0H9H0P8P1O8P1N3N1M8U8U7S7,2221224,2026-09-17,299,190,153,36,1,299,153,36,1,109,1,True,True,match,0,0,0,
22,PRC_C2J6K0I9J0H8I1G7H2P7N4O2M4N9L5,2221216,2026-09-17,299,197,145,52,0,299,145,52,0,102,1,True,True,match,0,0,0,
22,PRC_A2B6I0H9I0G8G1F6G5N9O2M5L4L8J7,2221215,2026-09-17,299,232,161,71,0,299,161,71,0,67,1,True,True,match,0,0,0,
22,PRC_G2E6F0D9C0C8K1L7J0K0I0J8H1H7P8,2221214,2026-09-17,299,222,157,65,0,299,157,65,0,77,1,True,True,match,0,0,0,
22,PRC_D2D6B0C9B0Z8Z1H7I2G7H1F3D6E4A1,2221213,2026-09-17,299,232,137,82,13,299,137,82,13,67,1,True,True,match,0,0,0,
22,PRC_F2G6E0F9D0E8C1K6L5J8J4I0I9H5H5,2221212,2026-09-17,299,200,146,54,0,299,146,54,0,99,1,True,True,match,0,0,0,
22,PRC_T2T6S0Q9R0M8N1L7M1K0L1J0R9S9Q5,2221211,2026-09-17,299,199,146,52,1,299,146,52,1,100,1,True,True,match,0,0,0,
22,PRC_B2A6Y0Y9G0H8F1G7E0F3D3L3L5K9L3,2221210,2026-09-17,299,228,160,68,0,299,160,68,0,71,1,True,True,match,0,0,0,
22,PRC_I2Q6R0P9Q0O8P1N7N1V3U5U5T4T8P2,2221209,2026-09-17,299,218,154,64,0,299,154,64,0,81,1,True,True,match,0,0,0,
22,PRC_A2Y6Z0X9Y0W8E1F7D0D4C3C1B6J6J9,2221206,2026-09-17,299,227,159,68,0,299,159,68,0,72,1,True,True,match,0,0,0,
22,PRC_K2K6I0H9H0P8Q1O7P1N4M2M5U7V4T0,2221203,2026-09-17,299,228,158,69,1,299,158,69,1,71,1,True,True,match,0,0,0,
22,PRC_L2J6R0R9Q0R8P1P7O1W0W5U0W3U6U8,2221202,2026-09-17,299,228,158,70,0,299,158,70,0,71,1,True,True,match,0,0,0,
22,PRC_R2P6P0O9P0N8N1W7U1U4S3T0T1R3S0,2221199,2026-09-17,299,227,158,69,0,299,158,69,0,72,1,True,True,match,0,0,0,
22,PRC_Y2Z6G0H9G0E8E1D6D5T5U0S9R5R5Q4,2221198,2026-09-17,299,193,143,50,0,299,143,50,0,106,1,True,True,match,0,0,0,
22,PRC_U2S6S0A9Z0Z8X1Y7W1X5T2T3R3Q6R5,2221196,2026-09-17,299,220,157,63,0,299,157,63,0,79,1,True,True,match,0,0,0,
22,PRC_J2H6H0F9G0C8D1B6B5A4Y3Z3G4H3G6,2221191,2026-09-17,299,199,145,54,0,299,145,54,0,100,1,True,True,match,0,0,0,
22,PRC_P2W6X0V9U0U8S1T6B5C7A4A9Y5X4Y8,2221189,2026-09-17,299,177,147,30,0,299,147,30,0,122,1,True,True,match,0,0,0,
22,PRC_O2N6O0J8K2I4J0H9I3G2G5P6N5N6M4,2220727,2026-09-17,299,156,150,2,4,299,150,2,4,143,1,True,True,match,0,0,0,
22,PRC_L2K6F0G8E2F4D0C8C5K7L3J9K2I6I6,2220724,2026-09-17,299,219,156,63,0,299,156,63,0,80,1,True,True,match,0,0,0,
22,PRC_X2V6W0E8C1D1C1C0A2I9J4H0I9G2H4,2220544,2026-09-17,299,200,153,47,0,299,153,47,0,99,1,True,True,match,0,0,0,
22,PRC_S2B6B0Z2A1Y0X2X0M3N9L1L6K6L3J0,2217262,2026-09-17,299,200,197,0,3,299,197,0,3,99,1,True,True,match,0,0,0,
22,PRC_V2U6U0S2T1S0S2A0B4Z0X0Y1W5X8T6,2217259,2026-09-17,299,204,200,0,4,299,200,0,4,95,1,True,True,match,0,0,0,
22,PRC_M2M6L0L2J1K0S2T0R3R8Q2Q7P9K0L2,2217256,2026-09-17,299,200,196,0,4,299,196,0,4,99,1,True,True,match,0,0,0,
22,ARC_P2Q5C1V1D2V7W1K0C3K3N5I7T2R0J1,2214625,2026-09-17,299,209,209,0,0,299,209,0,0,90,1,True,True,match,0,0,0,
22,PRC_F2G5E1F1D0E5A1Y4Z3X8X2W8W4E6F4,2214558,2026-09-17,299,197,196,0,1,299,196,0,1,102,1,True,True,match,0,0,0,
22,PRC_E2M5N1L1M1K1I1J4Q3R6Q1Q6O8P6N8,2214497,2026-09-17,299,200,199,0,1,299,199,0,1,99,1,True,True,match,0,0,0,
22,PRC_D2C5B0J9H1I1H1F1N4M4L0L3O6N7U5,2213323,2026-09-17,299,200,197,1,2,299,197,1,2,99,1,True,True,match,0,0,0,
22,PRC_Z2L6E0Q8A2T7V1W6Z3X7N3B3Z5M7D7,2220987,2026-09-03,299,231,220,5,6,299,220,5,6,68,1,True,True,match,0,0,0,
22,PRC_K2I6A0O5Q2X0M1F1P0N3Q5S4M7K0H9,2220847,2026-09-03,299,267,267,0,0,299,267,0,0,32,1,True,True,match,0,0,0,
22,PRC_C2I6S0W5A2F0N1J1R0O3Z1T0M6I4I8,2220846,2026-09-03,299,262,251,1,10,299,251,1,10,37,1,True,True,match,0,0,0,
22,PRC_K2X6F0C5P2X0X1O1F0I4I4X3D6X8K0,2220845,2026-09-03,299,270,268,0,2,299,268,0,2,29,1,True,True,match,0,0,0,
22,PRC_V2C6D0M3B1F1R1S6P0A2F3S5T3R1M1,2220844,2026-09-03,299,272,268,1,3,299,268,1,3,27,1,True,True,match,0,0,0,
22,PRC_E2Q6E0S5G2L0Z1N1R0A6I3R6H5K7H5,2220843,2026-09-03,299,270,270,0,0,299,270,0,0,29,1,True,True,match,0,0,0,
22,PRC_K2Z6F0A5S1K1M1A7M4B9K2X4M4P0U5,2220284,2026-09-03,299,257,257,0,0,299,257,0,0,42,1,True,True,match,0,0,0,
22,PRC_L2K6K0G2E0F5D1E1C2D1L2L7J9K4I3,2217698,2026-09-03,299,268,268,0,0,299,268,0,0,31,1,True,True,match,0,0,0,
22,PRC_L2L6J0K2I2E6F1D0E1C4C1B4C4J0K2,2217540,2026-09-03,299,252,195,17,40,299,195,17,40,47,1,True,True,match,0,0,0,
22,PRC_S2Q6R0P1X2Y6W1W8V0W7U1U9C2D7B0,2217166,2026-09-03,299,267,265,1,1,299,265,1,1,32,1,True,True,match,0,0,0,
22,PRC_N2S6G0D2Y1Q2G0W8T0Q3B2B9Z2U8Q8,2216960,2026-09-03,299,270,268,0,2,299,268,0,2,29,1,True,True,match,0,0,0,
22,PRC_H2I6H0F1F3E0E1T7U1S2T1R3S1Q2Q5,2216686,2026-09-03,299,270,268,0,2,299,268,0,2,29,1,True,True,match,0,0,0,
22,PRC_E2C5D1B2B3J0K1I6H1H9G1G1C0D3B5,2216156,2026-09-03,299,265,248,13,4,299,248,13,4,34,1,True,True,match,0,0,0,
22,PRC_V2W5U1U2C1D9B1C8A2B9Z1V6V4U0V4,2216091,2026-09-03,299,265,265,0,0,299,265,0,0,34,1,True,True,match,0,0,0,
22,PRC_L2J6J0I1I1A3A0I9J4I4I1G6H7G1N5,2216035,2026-09-03,299,270,269,0,1,299,269,0,1,29,1,True,True,match,0,0,0,
22,PRC_C2K5L1J2J1I5J1H6H4P1Q5O5N8N4L1,2215502,2026-09-03,299,270,268,0,2,299,268,0,2,29,1,True,True,match,0,0,0,
22,PRC_U2U5T0T9S3Q0Q1G0H5F6G3E4D0D9L1,2214095,2026-09-03,299,271,271,0,0,299,271,0,0,28,1,True,True,match,0,0,0,
22,PRC_Q2R6S0E8Z1U2I0V7J4P0E1A4P0N7C9,2220802,2026-08-26,299,207,198,0,9,299,198,0,9,92,1,True,True,match,0,0,0,
22,PRC_U2P6W0L8K1A2D0P7V3I8C2K6Y7M1O9,2220801,2026-08-26,299,204,174,15,15,299,174,15,15,95,1,True,True,match,0,0,0,
22,PRC_B2D6O0E5M1U1T1A7W5E5C5V2V6G0G4,2220283,2026-08-26,299,215,213,0,2,299,213,0,2,84,1,True,True,match,0,0,0,
22,PRC_K2R6Z0M5C1M1F1H7S5Q6Z4P5F1U9F2,2220276,2026-08-26,299,215,215,0,0,299,215,0,0,84,1,True,True,match,0,0,0,
22,PRC_I2O6T0Y5U1U1L1W7H5S5J0Z8L8E8S1,2220275,2026-08-26,299,214,213,0,1,299,213,0,1,85,1,True,True,match,0,0,0,
22,PRC_N2N6Z0H5O1H1Q1Q7G5Q4L2E7Z8V4B6,2220274,2026-08-26,299,210,210,0,0,299,210,0,0,89,1,True,True,match,0,0,0,
22,PRC_I2C6Y0S5D1F1B1R7V5T3W0Y1A2K6J8,2220273,2026-08-26,299,225,225,0,0,299,225,0,0,74,1,True,True,match,0,0,0,
22,PRC_Q2N6D0O5Z1W1Y1K7S4Y8L1C4N8G8E4,2220272,2026-08-26,299,224,224,0,0,299,224,0,0,75,1,True,True,match,0,0,0,
22,PRC_U2V6R0C5L1F1C1P7J4W6G5Y1I2X9R2,2220271,2026-08-26,299,218,215,0,3,299,215,0,3,81,1,True,True,match,0,0,0,
22,PRC_H2N6V0L5W1L1G1X7P4T5U5C2Q8F6M1,2220270,2026-08-26,299,213,213,0,0,299,213,0,0,86,1,True,True,match,0,0,0,
22,PRC_L2Y6R0R4H2O9M1E8H2H4J3L5J9J5H0,2220269,2026-08-26,299,214,205,0,9,299,205,0,9,85,1,True,True,match,0,0,0,
22,PRC_N2A6J0R4M2M9C1I8I1A8B3X8X9A7E5,2220268,2026-08-26,299,219,218,0,1,299,218,0,1,80,1,True,True,match,0,0,0,
22,PRC_N2H6C0Q5S1G2O1P6Q2F2O0E3S4G7W1,2220267,2026-08-26,299,215,180,10,25,299,180,10,25,84,1,True,True,match,0,0,0,
22,PRC_U2W6H0M4B2M9F1I8R1A9J1J1X9H4F4,2220260,2026-08-26,299,211,208,0,3,299,208,0,3,88,1,True,True,match,0,0,0,
22,PRC_J2K6I0J7H2I8P1O1P2N9N2M5N4I0J2,2220237,2026-08-26,299,228,210,5,13,299,210,5,13,71,1,True,True,match,0,0,0,
22,PRC_L2U6S0S7Q2R8Q1Q1Y2Y8X1V4W2U5U4,2220236,2026-08-26,299,228,213,3,12,299,213,3,12,71,1,True,True,match,0,0,0,
22,PRC_Y2W6X0F4D1E3C1D7B4J2K5I2J4H0H8,2218420,2026-08-26,299,224,205,2,17,299,205,2,17,75,1,True,True,match,0,0,0,
22,PRC_S2Q6R0P1Q1Y2Y0W9X4W2U1V7C3D7B6,2216106,2026-08-26,299,222,222,0,0,299,222,0,0,77,1,True,True,match,0,0,0,
22,PRC_H2F5G1E2F1N8N1M4M5K9J4K5R6S8Q1,2215469,2026-08-26,299,215,204,2,9,299,204,2,9,84,1,True,True,match,0,0,0,
22,PRC_T2U5S1A2B1Z5A1Y6Z2X2Y5T8U8S1R1,2215445,2026-08-26,299,218,215,0,3,299,215,0,3,81,1,True,True,match,0,0,0,
22,PRC_U2S5S0A8Z0W5E1D5C0B3X3W9T2B3B9,2214536,2026-08-26,299,214,214,0,0,299,214,0,0,85,1,True,True,match,0,0,0,
22,PRC_B2C5A1A0Z1A0Y1Z0G2H2F2G6E9C4D1,2213549,2026-08-26,299,212,205,1,6,299,205,1,6,87,1,True,True,match,0,0,0,
22,PRC_W2S5K0R9Q1T6J1N3R3W9J1D8M2X4J5,2213011,2026-08-26,299,227,152,74,1,299,152,74,1,72,1,True,True,match,0,0,0,
22,PRC_R2R5P0Q8P2W9T1U6B1C3B3Z5Z4Y9Y2,2212770,2026-08-26,299,218,216,0,2,299,216,0,2,81,1,True,True,match,0,0,0,
22,PRC_Y2F5G0E4D2D4B1C5K1L3J4J0I3G8H1,2211340,2026-08-26,299,215,213,0,2,299,213,0,2,84,1,True,True,match,0,0,0,
22,PRC_D2D5C0D4K2L3K1I6I0G0H0P6Q6O2M0,2210272,2026-08-26,299,213,212,0,1,299,212,0,1,86,1,True,True,match,0,0,0,
22,PRC_V2W5U0U4T1R8S1Z1A1Z0Z2X2W1W2E0,2210004,2026-08-26,299,215,215,0,0,299,215,0,0,84,1,True,True,match,0,0,0,
22,PRC_W2U5V0D4B0C4A1B0Z1A5I3I3G2H8F1,2209800,2026-08-26,299,215,215,0,0,299,215,0,0,84,1,True,True,match,0,0,0,
22,PRC_M2N4L1L2K0S5Q1R3P5Q2O5P9K8J5J5,2206742,2026-08-26,299,220,217,0,3,299,217,0,3,79,1,True,True,match,0,0,0,
22,PRC_C2E4C1C2A1Z1A1V0W4U6V4T3U1S7A7,2206599,2026-08-26,299,218,218,0,0,299,218,0,0,81,1,True,True,match,0,0,0,
22,PRC_V2W4U1U1T2R7S1A5A5Y4Z5X0Y9X8E2,2206342,2026-08-26,299,223,223,0,0,299,223,0,0,76,1,True,True,match,0,0,0,
22,PRC_K2I4I1H1I2G6O1O5N5N2M3M8K2T8T1,2206140,2026-08-26,299,222,221,0,1,299,221,0,1,77,1,True,True,match,0,0,0,
22,PRC_T2S4T0A7B0Z3Y1Y0X0X0T4T6S3Q4R4,2202433,2026-08-26,299,225,225,0,0,299,225,0,0,74,1,True,True,match,0,0,0,
22,ARC_J2F4J0M7X2Z3R1G4H1B0L2C1H8Q8P8,2202145,2026-08-26,299,228,216,2,10,299,216,2,10,71,1,True,True,match,0,0,0,
22,PRC_X2X6Z0Z4O2P8N2L0U2E2Q0U4J0A4V6,2220282,2026-08-20,299,187,172,4,11,299,172,4,11,112,1,True,True,match,0,0,0,
22,PRC_V2E6C0R4E2I8C1C8Y1M7J5P3G9G0W9,2220280,2026-08-20,299,188,188,0,0,299,188,0,0,111,1,True,True,match,0,0,0,
22,PRC_Y2V6E0B4T2E8K1V7I3W2G1I6W5I8C7,2220279,2026-08-20,299,189,186,0,3,299,186,0,3,110,1,True,True,match,0,0,0,
22,PRC_V2M6Z0O4Q2Y8V1I8P1R9G1Y5H1E7Z0,2220278,2026-08-20,299,186,184,0,2,299,184,0,2,113,1,True,True,match,0,0,0,
22,PRC_E2Y6P0Z4D2I8D1E7O2O6Z0G4L2U3I7,2220277,2026-08-20,299,191,165,13,13,299,165,13,13,108,1,True,True,match,0,0,0,
22,PRC_F2S6G0G5S1D3I1F7U5R6F3M3T7R1M0,2220266,2026-08-20,299,175,162,5,8,299,162,5,8,124,1,True,True,match,0,0,0,
22,PRC_Q2B6O0L5P1D3A1N7V2E7W5N7F7B9K7,2220265,2026-08-20,299,180,164,7,9,299,164,7,9,119,1,True,True,match,0,0,0,
22,PRC_D2G6M0T5R1Y3O1V7M5V8E4I9Y7Y4K5,2220264,2026-08-20,299,173,164,3,6,299,164,3,6,126,1,True,True,match,0,0,0,
22,PRC_K2H6R0A5H1M8W0J9V5Z0J3Z4M0Q7N8,2220263,2026-08-20,299,172,162,7,3,299,162,7,3,127,1,True,True,match,0,0,0,
22,PRC_H2L6I0K5H1D3Z1Y7Q5J2N1J5T9V7Z7,2220262,2026-08-20,299,186,174,5,7,299,174,5,7,113,1,True,True,match,0,0,0,
22,PRC_V2F6Q0J5P1G3B1I7P2G5S1T6X8L3K5,2220261,2026-08-20,299,187,173,5,9,299,173,5,9,112,1,True,True,match,0,0,0,
22,PRC_G2L6B0Q7M2B8D1S7N0Y7T1Y2B9L7C7,2220259,2026-08-20,299,234,152,82,0,299,152,82,0,65,1,True,True,match,0,0,0,
22,PRC_H2W6L0O5F1K9W1D8Y1J4N4F0C1O2Y7,2220256,2026-08-20,299,201,198,0,3,299,198,0,3,98,1,True,True,match,0,0,0,
22,PRC_L2V6J0C5Y1E9X1A8K1R6R1D6F8M8V7,2220255,2026-08-20,299,203,203,0,0,299,203,0,0,96,1,True,True,match,0,0,0,
22,PRC_F2N6X0C5F1E9F1S5W1B9K3B3P8H5C8,2220254,2026-08-20,299,205,205,0,0,299,205,0,0,94,1,True,True,match,0,0,0,
22,PRC_F2S6P0T5O1Y9C1R5Y3D1S0K6I5X2Z5,2220253,2026-08-20,299,205,204,0,1,299,204,0,1,94,1,True,True,match,0,0,0,
22,PRC_Q2H6N0C5H1Q3F1V7C5H6S0L3N0B5I9,2220252,2026-08-20,299,235,235,0,0,299,235,0,0,64,1,True,True,match,0,0,0,
22,PRC_B2V6Z0J5V1C3M1O7N5P7Z3R9W8T0A1,2220251,2026-08-20,299,232,232,0,0,299,232,0,0,67,1,True,True,match,0,0,0,
22,PRC_I2U6G0B5F1E3G1M8G0F0H1E3U3N8C2,2220250,2026-08-20,299,227,226,0,1,299,226,0,1,72,1,True,True,match,0,0,0,
22,PRC_K2E6W0T5Y1G3Y1H8S0I0L4H8I8E8W3,2220249,2026-08-20,299,234,228,0,6,299,228,0,6,65,1,True,True,match,0,0,0,
22,PRC_N2F6O0U5V1A3B1E7R5V9C0C2G3Y2L0,2220248,2026-08-20,299,234,233,0,1,299,233,0,1,65,1,True,True,match,0,0,0,
22,PRC_V2X6R0E5I1T3Z1P7I5O7R0R2Q2R5T1,2220247,2026-08-20,299,234,234,0,0,299,234,0,0,65,1,True,True,match,0,0,0,
22,PRC_V2Z6M0D5U1C4Y0K9G4W4B0I1J6T4D9,2220246,2026-08-20,299,233,217,9,7,299,217,9,7,66,1,True,True,match,0,0,0,
22,PRC_U2N6D0P5W0B6D1Y3D3X2M0I7K8C5H5,2220245,2026-08-20,299,207,206,0,1,299,206,0,1,92,1,True,True,match,0,0,0,
22,PRC_U2I6R0O5H0W6E1E3W3F1D1C5R7C9G4,2220244,2026-08-20,299,208,207,0,1,299,207,0,1,91,1,True,True,match,0,0,0,
22,PRC_G2C6R0R5Q0J6O1W4U5H2T3E9F6Q6B9,2220243,2026-08-20,299,205,201,0,4,299,201,0,4,94,1,True,True,match,0,0,0,
22,PRC_G2G6R0O5Q0C6T1P3N3V0A2H9T2F6F7,2220242,2026-08-20,299,211,209,0,2,299,209,0,2,88,1,True,True,match,0,0,0,
22,PRC_K2W6X0A5R0U6L1A3B2R7J1J6G6B7R8,2220241,2026-08-20,299,212,209,0,3,299,209,0,3,87,1,True,True,match,0,0,0,
22,PRC_M2U6F0R5R0T6P1O3L2E9C3Y3U4P9L3,2220240,2026-08-20,299,214,212,0,2,299,212,0,2,85,1,True,True,match,0,0,0,
22,PRC_B2B6K0K5T0X6A1G3J2R8G3O6F8O9D3,2220239,2026-08-20,299,209,206,0,3,299,206,0,3,90,1,True,True,match,0,0,0,
22,PRC_O2J6X0X4V3C0Z1R2S5X9C5F3D2L4O8,2218868,2026-08-20,299,171,164,3,4,299,164,3,4,128,1,True,True,match,0,0,0,
22,PRC_A2R6U0Y4H1O5I1J3W5W4J4V5N3M8L4,2218867,2026-08-20,299,186,184,0,2,299,184,0,2,113,1,True,True,match,0,0,0,
22,PRC_T2I6I0Z4O3M0Q1S5X5U2N3J6U5X2I7,2218865,2026-08-20,299,171,118,53,0,299,118,53,0,128,1,True,True,match,0,0,0,
22,PRC_F2S6U0F4V3M0W1N2P5L8P4G4K3C6W1,2218862,2026-08-20,299,176,151,18,7,299,151,18,7,123,1,True,True,match,0,0,0,
22,PRC_I2V6Y0I4K3A0G1Y5G5Y6C1O7R6Y1U4,2218861,2026-08-20,299,181,180,0,1,299,180,0,1,118,1,True,True,match,0,0,0,
22,PRC_S2X6X0C8K2F0I1U4R0J7K4X0L8J1M6,2218858,2026-08-20,299,177,167,5,5,299,167,5,5,122,1,True,True,match,0,0,0,
22,PRC_P2Q6W0D4C3V0P1S2P5Y6H0Y9Z2G0L4,2218857,2026-08-20,299,180,179,1,0,299,179,1,0,119,1,True,True,match,0,0,0,
22,PRC_D2A6R0A3H2L5P2C2J4N3X1H3C5A4R1,2218552,2026-08-20,299,181,144,25,12,299,144,25,12,118,1,True,True,match,0,0,0,
22,PRC_C2X6E0Q4T2N1Q2N0F5C6X4I1S4G0G1,2218536,2026-08-20,299,232,216,1,15,299,216,1,15,67,1,True,True,match,0,0,0,
22,PRC_G2P6O0N4X0D2X0U7K4K5I1T6S1X0L3,2218517,2026-08-20,299,232,232,0,0,299,232,0,0,67,1,True,True,match,0,0,0,
22,PRC_M2A6V0Z4T0Q2G0S7K4K5T5E6C2E1X8,2218516,2026-08-20,299,231,231,0,0,299,231,0,0,68,1,True,True,match,0,0,0,
22,PRC_O2W6T0P4E0B2I0P7I4D6P2B5A2R2M8,2218513,2026-08-20,299,228,227,0,1,299,227,0,1,71,1,True,True,match,0,0,0,
22,PRC_V2C6I0F4Y0K2N0Z7G4B1Y4Y8C7S1C6,2218512,2026-08-20,299,228,227,0,1,299,227,0,1,71,1,True,True,match,0,0,0,
22,PRC_K2X6P0O4G0R2C0C7W4O4D4P2I3O3Z9,2218511,2026-08-20,299,227,220,0,7,299,220,0,7,72,1,True,True,match,0,0,0,
22,PRC_F2C6S0V4D0D2T0A7U4P3P4T4I9P2C3,2218510,2026-08-20,299,231,229,0,2,299,229,0,2,68,1,True,True,match,0,0,0,
22,PRC_C2B6I0X3Z2P3S1L8Q2Q2U2C5U1U0N7,2217883,2026-08-20,299,215,139,60,16,299,139,60,16,84,1,True,True,match,0,0,0,
22,PRC_Y2Y6G0H2F2D3E1C1D3K6M5K7K8I5J4,2217013,2026-08-20,299,197,196,0,1,299,196,0,1,102,1,True,True,match,0,0,0,
22,PRC_X2Y6F0E1F2D1D0B9C3K3L5J8J5I4G1,2216700,2026-08-20,299,185,178,0,7,299,178,0,7,114,1,True,True,match,0,0,0,
22,PRC_Z2A6Y0Y1X2X1W1E1E4C1D5C5C1A5B4,2216343,2026-08-20,299,198,198,0,0,299,198,0,0,101,1,True,True,match,0,0,0,
22,PRC_A2Y6Z0X1Y2W0W1E3D5D4C5C0A4B6J5,2216194,2026-08-20,299,181,161,14,6,299,161,14,6,118,1,True,True,match,0,0,0,
22,PRC_D2B5C1A2B2J3J1H4I5H0F1F8N4O6M5,2215614,2026-08-20,299,171,155,5,11,299,155,5,11,128,1,True,True,match,0,0,0,
22,PRC_V2W5U1V2C1D1B1C4A3B1Z3H3I0G5H4,2215378,2026-08-20,299,184,177,0,7,299,177,0,7,115,1,True,True,match,0,0,0,
22,PRC_O2P5N1V2W1U0U1T6U3S2S4O8N0N5L3,2215311,2026-08-20,299,185,184,1,0,299,184,1,0,114,1,True,True,match,0,0,0,
22,PRC_N2V5W1U1U0T4R1S0Z5A1Z2Z2Y0W0W6,2215301,2026-08-20,299,184,182,0,2,299,182,0,2,115,1,True,True,match,0,0,0,
22,PRC_S2R5S1Q1Q0Y6Z1X0Y2W8X4V6R3R1Q1,2215246,2026-08-20,299,201,200,0,1,299,200,0,1,98,1,True,True,match,0,0,0,
22,PRC_O2P5X0X8W2W9V0V8U5B3C5B4B2Z7A8,2214815,2026-08-20,299,188,187,0,1,299,187,0,1,111,1,True,True,match,0,0,0,
22,PRC_K2C5W1K1T1C8P1B1I1X2M2I9K8X6G6,2214611,2026-08-20,299,187,181,0,6,299,181,0,6,112,1,True,True,match,0,0,0,
22,PRC_E2B5G1Z1F1V9G1I0T5W2V0N6E0O3S8,2214609,2026-08-20,299,178,95,34,49,299,95,34,49,121,1,True,True,match,0,0,0,
22,PRC_H2C5D1C0C1A3B2Z1H0I7G4H4F8G4E5,2214525,2026-08-20,299,186,182,0,4,299,182,0,4,113,1,True,True,match,0,0,0,
22,PRC_I2O5N0M9L0H4G1F7E2K4J3I1R0Q4N5,2212717,2026-08-20,299,181,125,54,2,299,125,54,2,118,1,True,True,match,0,0,0,
22,PRC_X2E5F0D7E1C8D1B1C5J0I5J8H7H7G4,2211908,2026-08-20,299,182,182,0,0,299,182,0,0,117,1,True,True,match,0,0,0,
22,PRC_W2U5V0T6T1P9O1O4M1N8M2M3U1U7T6,2211608,2026-08-20,299,212,208,0,4,299,208,0,4,87,1,True,True,match,0,0,0,
22,PRC_C2D5B0B6A2Y6Z1H4H2F9G4F2D1E3L1,2211258,2026-08-20,299,182,174,2,6,299,174,2,6,117,1,True,True,match,0,0,0,
22,PRC_T2R5R0H3F1F0D1F1D2D4L5M7K9I5J4,2211070,2026-08-20,299,214,213,0,1,299,213,0,1,85,1,True,True,match,0,0,0,
22,PRC_O2M4N1L1K2L7S1T3R5Q1Q5O5P1X1Y5,2205984,2026-08-20,299,185,165,8,12,299,165,8,12,114,1,True,True,match,0,0,0,
22,PRC_T2S4T0A9B2Z3Y1Y5W1X2T3U5S4S8R5,2205629,2026-08-20,299,197,197,0,0,299,197,0,0,102,1,True,True,match,0,0,0,
22,PRC_Z2Z4X0W9W2V3W1D5E1C3B1B9Z0A7I4,2205628,2026-08-20,299,198,197,0,1,299,197,0,1,101,1,True,True,match,0,0,0,
22,PRC_N2L4M0H9G2H3F1F5E1E4M0N0L1K4K6,2205627,2026-08-20,299,196,196,0,0,299,196,0,0,103,1,True,True,match,0,0,0,
22,PRC_T2T4S0S9Q1R1Z1Z6Y0W5X4V2V1L6L4,2204144,2026-08-20,299,199,199,0,0,299,199,0,0,100,1,True,True,match,0,0,0,
22,PRC_A2Y4Z0X8Y0G7E1F1D0D5B0D9K2L4J5,2203490,2026-08-20,299,222,201,6,15,299,201,6,15,77,1,True,True,match,0,0,0,
22,PRC_N2W6S0L7W2J9D1I8A1B1I5I1G6H8F5,2220257,2026-07-31,299,178,175,2,1,299,175,2,1,121,1,True,True,match,0,0,0,
22,PRC_E2H6U0E7R3Y0C1C4R4P6N1N6O0O4B1,2220309,2026-07-30,299,228,226,2,0,299,226,2,0,71,1,True,True,match,0,0,0,
22,PRC_U2Y6S0D7E3X0F1V4G3W1D0R2R2W1V5,2220308,2026-07-30,299,225,225,0,0,299,225,0,0,74,1,True,True,match,0,0,0,
22,PRC_G2L6O0B7A2B8D1S7O0I3R3X8O8I9R7,2220306,2026-07-30,299,229,142,87,0,299,142,87,0,70,1,True,True,match,0,0,0,
22,PRC_W2J6X0K7H2P4Y1C9V4V5N5M1P0E2H3,2220258,2026-07-30,299,223,218,0,5,299,218,0,5,76,1,True,True,match,0,0,0,
22,PRC_S2O6P0O4W3B0O1I5F4G4M5Q3T5R9D5,2218864,2026-07-23,299,187,181,0,6,299,181,0,6,112,1,True,True,match,0,0,0,
22,PRC_I2T6G0S4Z1A0S1A0B4B2H5R1Y0J8U8,2218833,2026-07-23,299,190,190,0,0,299,190,0,0,109,1,True,True,match,0,0,0,
22,PRC_C2Z6C0G3O2M5N2E2P4F5M3G9F8U6Y7,2218548,2026-07-23,299,186,186,0,0,299,186,0,0,113,1,True,True,match,0,0,0,
22,PRC_B2Z6N0G3I1V0R1J7F4L0O1R0M4L1O8,2218530,2026-07-23,299,197,197,0,0,299,197,0,0,102,1,True,True,match,0,0,0,
22,PRC_T2Q6C0N3P1N0H1G7Q3J7T3Q6X9E0Q2,2218527,2026-07-23,299,195,188,1,6,299,188,1,6,104,1,True,True,match,0,0,0,
22,PRC_M2K5C1G2U1F6A1T6A3G3T2C2V2M9P8,2216777,2026-07-23,299,182,173,4,5,299,173,4,5,117,1,True,True,match,0,0,0,
22,PRC_K2L5J1K2I3J0E1F5D5C4C3A6B1J5K1,2215907,2026-07-23,299,211,210,1,0,299,210,1,0,88,1,True,True,match,0,0,0,
22,PRC_I2J5I1I2G3H0W1Z5X5Y2F0G2F8D5D0,2215902,2026-07-23,299,213,212,0,1,299,212,0,1,86,1,True,True,match,0,0,0,
22,PRC_C2D5B1A2A1Y6Z1H4H0G2H0F0F9E7E8,2215796,2026-07-23,299,184,178,1,5,299,178,1,5,115,1,True,True,match,0,0,0,
22,PRC_A2W5X1V2W1U5U1T1B4B2A5A2Z8Z5X1,2215486,2026-07-23,299,194,184,2,8,299,184,2,8,105,1,True,True,match,0,0,0,
22,PRC_V2W5U1U1S2T7B0C9A4A0Z5Z5Y6G1G8,2214663,2026-07-23,299,181,171,3,7,299,171,3,7,118,1,True,True,match,0,0,0,
22,PRC_X2V5W0U7V2D9D1B1C3A4B0Z2H9I6G9,2214631,2026-07-23,299,196,193,1,2,299,193,1,2,103,1,True,True,match,0,0,0,
22,PRC_Q2M5M0K9M0K1K0I9R5R6P3Q2O5P3O9,2213768,2026-07-23,299,210,210,0,0,299,210,0,0,89,1,True,True,match,0,0,0,
22,PRC_S2Q5R1P0Q0O1P1L8J1J1H3J5H8H2P8,2213593,2026-07-23,299,186,183,1,2,299,183,1,2,113,1,True,True,match,0,0,0,
22,PRC_D2K5L0J7J1I4G1H7P2P8N2O0N0N5L8,2212014,2026-07-23,299,185,178,2,5,299,178,2,5,114,1,True,True,match,0,0,0,
22,PRC_Y2Z5H0H7F0G3F1F6D1M7M4K1L9J4K2,2211794,2026-07-23,299,186,166,9,11,299,166,9,11,113,1,True,True,match,0,0,0,
22,PRC_S2T5R0S5Q1R2P1X7X0W5X3V6V1T9Q6,2210556,2026-07-23,299,187,182,2,3,299,182,2,3,112,1,True,True,match,0,0,0,
22,PRC_Y2Y5W0X4V1U0U1C5C0B5C5A3A9Z3Z7,2209858,2026-07-23,299,194,188,1,5,299,188,1,5,105,1,True,True,match,0,0,0,
22,PRC_X2V5W0U4V1C0D1B5A0A4Z5Z0V2W3U9,2209850,2026-07-23,299,193,188,1,4,299,188,1,4,106,1,True,True,match,0,0,0,
22,PRC_Z2I5I0H4G1E0F1N5M0L6J5R4Q9R6P3,2209847,2026-07-23,299,191,185,1,5,299,185,1,5,108,1,True,True,match,0,0,0,
22,PRC_V2W5E0F4D1D0C1A5B0J3J3I9I6G8H4,2209846,2026-07-23,299,195,187,1,7,299,187,1,7,104,1,True,True,match,0,0,0,
22,PRC_T2B5A0A3Z2Y1U1T0R4S5Q0Y9X9Z6A7,2209297,2026-07-23,299,197,195,0,2,299,195,0,2,102,1,True,True,match,0,0,0,
22,PRC_X2W4U0T7B1C9A1Z3Y1G4H0G1E2D0L7,2205800,2026-07-23,299,187,183,1,3,299,183,1,3,112,1,True,True,match,0,0,0,
22,PRC_N2D6L0L7D1Q5A1O4O2U1Z5P6T0E9S0,2219995,2026-07-21,299,173,173,0,0,299,173,0,0,126,1,True,True,match,0,0,0,
22,PRC_E2Z6Q0O6A1B8M1L3P2D6Q1E2T6B1H8,2219328,2026-06-18,300,251,250,1,0,300,250,1,0,49,1,True,True,match,0,0,0,
22,PRC_Z2W6T0T4W0R1G1T5Z2C9D2P4Q6G2I4,2218854,2026-06-18,300,250,248,0,2,300,248,0,2,50,1,True,True,match,0,0,0,
22,PRC_V2E6S0J4P0L1S1G4U3T0H4X8P5K0N6,2218850,2026-06-18,300,243,234,0,9,300,234,0,9,57,1,True,True,match,0,0,0,
22,PRC_P2D6O0C4P2V0N1E0F4Z4B0C9O7R3X8,2218843,2026-06-18,300,251,247,0,4,300,247,0,4,49,1,True,True,match,0,0,0,
22,PRC_O2T6W0O4P1J0G1R0M4Q5A1X0Q2L4O3,2218834,2026-06-18,300,250,248,0,2,300,248,0,2,50,1,True,True,match,0,0,0,
22,PRC_C2L6B0L3E2U5S2W2B5B1P0N0S4S0F8,2218558,2026-06-18,300,252,252,0,0,300,252,0,0,48,1,True,True,match,0,0,0,
22,PRC_Y2R6L0K3P2B5U2U2T4W5Z0K8D7H8E2,2218557,2026-06-18,300,253,252,0,1,300,252,0,1,47,1,True,True,match,0,0,0,
22,PRC_J2M6E0F4Y0K2Y1Y1H3W8E3F7Y5J1V5,2218545,2026-06-18,300,252,251,0,1,300,251,0,1,48,1,True,True,match,0,0,0,
22,PRC_K2F6Y0J4Q0I2N1X1K2T7Z0A9O8W5Z7,2218540,2026-06-18,300,245,238,0,7,300,238,0,7,55,1,True,True,match,0,0,0,
22,PRC_I2Z6I0F3S1K0B1F1B0B8X0N8O8C4M0,2217916,2026-06-18,300,247,225,10,12,300,225,10,12,53,1,True,True,match,0,0,0,
22,PRC_E2O6Z0T3I1K0Q1E1E0K9N0D9B3V7F3,2217908,2026-06-18,300,250,249,0,1,300,249,0,1,50,1,True,True,match,0,0,0,
22,PRC_D2F6J0C2V0E5Y1T3R4S1O1C6T7J4B2,2216793,2026-06-18,300,251,238,1,12,300,238,1,12,49,1,True,True,match,0,0,0,
22,PRC_O2N6N0V1V2U0V1T4T4S0A5A4Z4Z9Y9,2216322,2026-06-18,300,250,229,7,14,300,229,7,14,50,1,True,True,match,0,0,0,
22,PRC_S2T6B0B1Z2A1Y1Z5X2Y3G5G0E5D2E2,2216258,2026-06-18,300,253,251,0,2,300,251,0,2,47,1,True,True,match,0,0,0,
22,ARC_P2L5Q1C2W2X4W1G2R4Q8S2Z6J4U7I8,2215593,2026-06-18,300,251,250,0,1,300,250,0,1,49,1,True,True,match,0,0,0,
22,PRC_W2V5V1U0U1C9D2B0B2A6Y0Z1U6V9T5,2215088,2026-06-18,300,251,249,0,2,300,249,0,2,49,1,True,True,match,0,0,0,
22,PRC_X2V5W1U2V0C3D1B0A3B1Z0Z5L3N4L9,2214835,2026-06-18,300,252,252,0,0,300,252,0,0,48,1,True,True,match,0,0,0,
22,PRC_S2Q5R1P1Q0O4P2X0X3W2U3V9T1T9C2,2214493,2026-06-18,300,251,251,0,0,300,251,0,0,49,1,True,True,match,0,0,0,
22,PRC_O2M5V0U8T1R9Z0Y9Z2Y3H5F7E0C8Z4,2213004,2026-06-18,300,249,226,9,14,300,226,9,14,51,1,True,True,match,0,0,0,
22,PRC_H2F5F0E7M2M3K0L9K1K5I3J7R8P5Q0,2211920,2026-06-18,300,244,239,0,5,300,239,0,5,56,1,True,True,match,0,0,0,
22,PRC_U2S5T0R7P0Q4Y1Y7X0Y6W0W0U7Q2U9,2211688,2026-06-18,300,253,253,0,0,300,253,0,0,47,1,True,True,match,0,0,0,
22,PRC_F2D5E0C5A2B6Q1Q2P3Q9O5M0N6V3V9,2210772,2026-06-18,300,249,239,1,9,300,239,1,9,51,1,True,True,match,0,0,0,
22,PRC_Z2H5I0G5G1E3F1E0E2A3A0Z0Z3X0W4,2210708,2026-06-18,300,247,246,0,1,300,246,0,1,53,1,True,True,match,0,0,0,
22,PRC_H2G5E0D3E1M8K1J6I3J5F0D9B9B4B5,2209885,2026-06-18,300,254,253,0,1,300,253,0,1,46,1,True,True,match,0,0,0,
22,PRC_R2Z5X0W3X2V0R0Q9P3Q6O5V2D9C0A5,2209217,2026-06-18,300,246,239,0,7,300,239,0,7,54,1,True,True,match,0,0,0,
22,PRC_S2S4A1Y2Z2X6Y1W6X2E6D2E8C2C0B4,2208831,2026-06-18,300,252,247,0,5,300,247,0,5,48,1,True,True,match,0,0,0,
22,PRC_U2B4C1B2Z2Z4Y1Y0G2H8F2G0E2C4D3,2207000,2026-06-18,300,250,241,0,9,300,241,0,9,50,1,True,True,match,0,0,0,
22,PRC_X2Y4W1E2F1D6D1C7D0B0B4K9I4I9G3,2206755,2026-06-18,300,255,255,0,0,300,255,0,0,45,1,True,True,match,0,0,0,
22,PRC_F2E4E1C1D2C6C1K4I1J4I5I2G1O5P0,2206089,2026-06-18,300,252,247,0,5,300,247,0,5,48,1,True,True,match,0,0,0,
22,PRC_G2D4D1Z0Y2V2E1D1G0F5C4L3J2J8P5,2205839,2026-06-18,300,252,249,1,2,300,249,1,2,48,1,True,True,match,0,0,0,
22,PRC_B2B4Z1A1P1O4O1M6N5M0M4U3T0T3R3,2205821,2026-06-18,300,248,245,0,3,300,245,0,3,52,1,True,True,match,0,0,0,
22,PRC_T2F6O0M6X1Y1S0K9R0E0Q1M7C7Y5L3,2219176,2026-06-11,300,232,232,0,0,300,232,0,0,68,1,True,True,match,0,0,0,
22,PRC_D2C6E0J4J1T5I1J3C5N6V1R1M3C8W2,2218872,2026-05-07,286,163,160,0,3,286,160,0,3,123,1,True,True,match,0,0,0,
22,PRC_U2K6K0Q4V1Q5I1U3J5M5A3L5H2O4E4,2218871,2026-05-07,286,166,165,0,1,286,165,0,1,120,1,True,True,match,0,0,0,
22,PRC_H2L6X0P4N1K5I1P3R5C7P4N4L6B1O5,2218870,2026-05-07,286,171,171,0,0,286,171,0,0,115,1,True,True,match,0,0,0,
22,PRC_O2B6O0J4D2D9J1M8L3I2K1K5V4I2X2,2218869,2026-05-07,286,158,155,0,3,286,155,0,3,128,1,True,True,match,0,0,0,
22,PRC_C2B6I0F4N2A9U1F8F2D5S3L3O9R7H3,2218866,2026-05-07,286,169,169,0,0,286,169,0,0,117,1,True,True,match,0,0,0,
22,PRC_M2M6F0D4E1Q5V1Q4I0H0Z1Y6K5R3D4,2218860,2026-05-07,286,163,163,0,0,286,163,0,0,123,1,True,True,match,0,0,0,
22,PRC_I2U6A0X4S1Y7O1F4H4M9U5H3H6A5E6,2218859,2026-05-07,286,166,165,0,1,286,165,0,1,120,1,True,True,match,0,0,0,
22,PRC_B2Q6J0E4V2K9I1A8P2C3D5F3G9L4P1,2218856,2026-05-07,286,168,167,0,1,286,167,0,1,118,1,True,True,match,0,0,0,
22,PRC_K2C6Y0I4S0K1R1S1J5C0D5S0T1O7E0,2218853,2026-05-07,286,177,177,0,0,286,177,0,0,109,1,True,True,match,0,0,0,
22,PRC_P2T6N0F4H1G5P1N3N5H9R1T8L8O0B5,2218852,2026-05-07,286,166,164,0,2,286,164,0,2,120,1,True,True,match,0,0,0,
22,PRC_S2C6L0Q4U0T1E1D4P2B5E1Z3Z4L5Z4,2218851,2026-05-07,286,175,172,0,3,286,172,0,3,111,1,True,True,match,0,0,0,
22,PRC_Q2E6P0A4E0D1E1A4H2A5W4U4C0R4K2,2218849,2026-05-07,286,173,171,0,2,286,171,0,2,113,1,True,True,match,0,0,0,
22,PRC_H2R6G0R4O0W1J1H7T0Q4J4N1K5A8V5,2218848,2026-05-07,286,174,171,0,3,286,171,0,3,112,1,True,True,match,0,0,0,
22,PRC_C2V5D1L1X2H8L2I2T1N2W4M8V3S7U0,2218847,2026-05-07,286,164,164,0,0,286,164,0,0,122,1,True,True,match,0,0,0,
22,PRC_X2Q6H0O4Z2U0Y1H0Q4Y5H1L8Q3B5M4,2218846,2026-05-07,286,166,165,0,1,286,165,0,1,120,1,True,True,match,0,0,0,
22,PRC_R2G6C0X3I1N2L2B0R4G0J4E5E7J7G2,2218845,2026-05-07,286,161,161,0,0,286,161,0,0,125,1,True,True,match,0,0,0,
22,PRC_M2O6B0U4S2E0C1A0H4X0E1H8F9C7M6,2218844,2026-05-07,286,167,167,0,0,286,167,0,0,119,1,True,True,match,0,0,0,
22,PRC_Y2N6U0X4T1U7U1L4J4C6S2G8Y3H4G2,2218842,2026-05-07,286,166,163,1,2,286,163,1,2,120,1,True,True,match,0,0,0,
22,PRC_W2U6S0O4B2V0K1C0K4F2T4D8H4J7K6,2218841,2026-05-07,286,165,164,0,1,286,164,0,1,121,1,True,True,match,0,0,0,
22,PRC_K2P6C0V4M1B0T1O7C3R8W2I4W2C0Y4,2218840,2026-05-07,286,218,218,0,0,286,218,0,0,68,1,True,True,match,0,0,0,
22,PRC_F2S6A0P4F1S7I1U4A5G2J2T6S3N9A9,2218839,2026-05-07,286,167,167,0,0,286,167,0,0,119,1,True,True,match,0,0,0,
22,PRC_D2M6Z0U4E2N9F0L9Y5D9E2H5P3S6T9,2218838,2026-05-07,286,166,166,0,0,286,166,0,0,120,1,True,True,match,0,0,0,
22,PRC_S2Y6Z0J4F1P7F1P4G3R7A1U0X9I1V8,2218837,2026-05-07,286,164,157,0,7,286,157,0,7,122,1,True,True,match,0,0,0,
22,PRC_Z2Z6D0E4X0F8L1F3V5Y2B3P6B4H0W9,2218836,2026-05-07,286,201,176,7,18,286,176,7,18,85,1,True,True,match,0,0,0,
22,PRC_M2S5A0V2Q1W9X1H9D0O4L2M0Q7O7Q5,2218835,2026-05-07,286,205,204,0,1,286,204,0,1,81,1,True,True,match,0,0,0,
22,PRC_D2W6E0E4I2O9Y2C0O1M9K3W4U6Z4K0,2218832,2026-05-07,286,207,207,0,0,286,207,0,0,79,1,True,True,match,0,0,0,
22,PRC_V2T6H0L4Q1P0C1G0U4P7R1B1P5E8T8,2218831,2026-05-07,286,203,201,0,2,286,201,0,2,83,1,True,True,match,0,0,0,
22,PRC_P2S6N0I3W1A7B1Z3M3Z3S4R2X7A1V1,2218830,2026-05-07,286,200,197,0,3,286,197,0,3,86,1,True,True,match,0,0,0,
22,PRC_L2D6G0F4Y2T9V2X0U1K8B1P0N3B6A3,2218829,2026-05-07,286,213,212,0,1,286,212,0,1,73,1,True,True,match,0,0,0,
22,PRC_F2Y6R0G5W0P6L0G8K3X6D1F0D9D5V2,2218822,2026-05-07,286,188,187,0,1,286,187,0,1,98,1,True,True,match,0,0,0,
22,PRC_B2W6Y0L5Z0Z5L1A8X5V5C4J1S6V1I0,2218818,2026-05-07,286,205,201,1,3,286,201,1,3,81,1,True,True,match,0,0,0,
22,PRC_K2P6F0V4G0L3Y1L8N2W4Q4S1S4I5J3,2218562,2026-05-07,286,201,199,0,2,286,199,0,2,85,1,True,True,match,0,0,0,
22,PRC_I2F6K0X3S2Y5D2V2C4W6O2L6X1Z7L9,2218561,2026-05-07,286,197,186,3,8,286,186,3,8,89,1,True,True,match,0,0,0,
22,PRC_A2F6L0L3Y2R5S2Z2W4V1D4R0C2R4I7,2218560,2026-05-07,286,189,188,1,0,286,188,1,0,97,1,True,True,match,0,0,0,
22,PRC_O2Z6G0Y3Z2P5Q2A2N4M4M2V3P9G9R3,2218559,2026-05-07,286,197,197,0,0,286,197,0,0,89,1,True,True,match,0,0,0,
22,PRC_C2Q6S0V3Q2H5G2T2V5I0Q0T7N2H5V4,2218555,2026-05-07,286,193,193,0,0,286,193,0,0,93,1,True,True,match,0,0,0,
22,PRC_E2L6A0P3E2L5P2V2B4S9Z3O0V7U6Y3,2218554,2026-05-07,286,187,186,0,1,286,186,0,1,99,1,True,True,match,0,0,0,
22,PRC_G2O6R0W4F0J3A1V8E2A5U3F3P8X8N2,2218553,2026-05-07,286,200,200,0,0,286,200,0,0,86,1,True,True,match,0,0,0,
22,PRC_M2Y6P0U3V2I5W2A2D4N8K2R5E3G4H1,2218551,2026-05-07,286,192,192,0,0,286,192,0,0,94,1,True,True,match,0,0,0,
22,PRC_E2Y6R0O3J2T5F2A2J3Z9O4M3M1X7B0,2218549,2026-05-07,286,185,183,1,1,286,183,1,1,101,1,True,True,match,0,0,0,
22,PRC_U2T6K0M4S0H2R1X0V5P5Y1A6R0N6I3,2218547,2026-05-07,286,167,167,0,0,286,167,0,0,119,1,True,True,match,0,0,0,
22,PRC_N2Q6Z0H4H0L2E1Z1A2L1W3F6J9D5L2,2218546,2026-05-07,286,165,160,0,5,286,160,0,5,121,1,True,True,match,0,0,0,
22,PRC_C2G6Z0A4W0U2O1J5N1U5H4N7A2L2S3,2218544,2026-05-07,286,168,165,2,1,286,165,2,1,118,1,True,True,match,0,0,0,
22,PRC_T2P6R0Q4S0K2D1J5L1G9D2Y7N0U6Q6,2218542,2026-05-07,286,169,169,0,0,286,169,0,0,117,1,True,True,match,0,0,0,
22,PRC_Z2A6S0N4X0I2C1X1B0A0M4B4A2A1I7,2218539,2026-05-07,286,167,162,1,4,286,162,1,4,119,1,True,True,match,0,0,0,
22,PRC_N2J6L0B3Q2Y6T1T3D3K1A2E6T4D6F9,2218535,2026-05-07,286,181,178,0,3,286,178,0,3,105,1,True,True,match,0,0,0,
22,PRC_X2Y6X0E3H2A6V1N3T3I0B2T0G5I5N9,2218534,2026-05-07,286,177,177,0,0,286,177,0,0,109,1,True,True,match,0,0,0,
22,PRC_T2X6R0B3A2O6T1D3I3M5W0Y9C5N0D9,2218533,2026-05-07,286,173,172,0,1,286,172,0,1,113,1,True,True,match,0,0,0,
22,PRC_C2L6X0E3V1K9F1Z7O4U1F5R5B4S6W9,2218529,2026-05-07,286,198,196,0,2,286,196,0,2,88,1,True,True,match,0,0,0,
22,PRC_E2Q6F0Y3V1K0Q1U7W3P8J4Z3K5T0W1,2218528,2026-05-07,286,213,213,0,0,286,213,0,0,73,1,True,True,match,0,0,0,
22,PRC_Y2F6K0P3B2C3O1R8E3K3J0N1W8W8Q3,2218525,2026-05-07,286,221,214,0,7,286,214,0,7,65,1,True,True,match,0,0,0,
22,PRC_L2V6W0F3X2K3O1I8H3G2I1F8I1J3J4,2218523,2026-05-07,286,214,214,0,0,286,214,0,0,72,1,True,True,match,0,0,0,
22,PRC_R2C6L0B3W2I3C1I8A2M9Y3M9E8O6J0,2218522,2026-05-07,286,218,218,0,0,286,218,0,0,68,1,True,True,match,0,0,0,
22,PRC_N2B6W0Z3M2W3Q1F9Z2P4U0O7T2Q2R3,2218521,2026-05-07,286,206,206,0,0,286,206,0,0,80,1,True,True,match,0,0,0,
22,PRC_Y2M6E0K3D2Z3N1J9Q2V6K5C7N0V8I2,2218508,2026-05-07,286,207,207,0,0,286,207,0,0,79,1,True,True,match,0,0,0,
22,PRC_W2J6S0M3S2U3J1B9B2V8A2R3J6W0J8,2218507,2026-05-07,286,201,197,0,4,286,197,0,4,85,1,True,True,match,0,0,0,
22,PRC_N2K6S0G3M2U3M1A9C2M5S2X7R6Z3U3,2218506,2026-05-07,286,204,201,0,3,286,201,0,3,82,1,True,True,match,0,0,0,
22,PRC_W2U6R0A3I2C3U1O9O3A4O2O1N8V6G7,2218505,2026-05-07,286,200,199,0,1,286,199,0,1,86,1,True,True,match,0,0,0,
22,PRC_W2Y6W0K3A2L3T1A9R3F0B1L0Z9Q9Q2,2218504,2026-05-07,286,199,198,0,1,286,198,0,1,87,1,True,True,match,0,0,0,
22,PRC_C2X6R0H3H1K2L2K0H4H3T0T6T2Y0Z9,2217926,2026-05-07,286,163,163,0,0,286,163,0,0,123,1,True,True,match,0,0,0,
22,PRC_Y2O6S0W3C1N2X2Z0M3G0H0Q0N2N2C4,2217922,2026-05-07,286,163,163,0,0,286,163,0,0,123,1,True,True,match,0,0,0,
22,PRC_L2U6I0P3Y1G0N1N1Z0J1T2R6Y9Y0C9,2217913,2026-05-07,286,170,168,0,2,286,168,0,2,116,1,True,True,match,0,0,0,
22,PRC_N2W6X0B3U1M0M1U1I2M2Z2Z6J7E0A2,2217911,2026-05-07,286,164,164,0,0,286,164,0,0,122,1,True,True,match,0,0,0,
22,PRC_W2I6T0L3J1E0D1C1O1I0F2K8M9K4O5,2217906,2026-05-07,286,174,173,0,1,286,173,0,1,112,1,True,True,match,0,0,0,
22,PRC_L2W6Z0S3B2C3H1J8I3F4F0D3L1Y1O4,2217896,2026-05-07,286,216,214,0,2,286,214,0,2,70,1,True,True,match,0,0,0,
22,PRC_P2V6C0W3S2X3L1B8D3R4J4R6W8Q0K3,2217891,2026-05-07,286,215,215,0,0,286,215,0,0,71,1,True,True,match,0,0,0,
22,PRC_A2R6J0I3V1E0I1Q0A5L6A0C1J4P5S3,2217890,2026-05-07,286,210,209,0,1,286,209,0,1,76,1,True,True,match,0,0,0,
22,PRC_G2K6P0V3E1Z0M1L0X5K0Q5D9T7A8V6,2217885,2026-05-07,286,217,214,0,3,286,214,0,3,69,1,True,True,match,0,0,0,
22,PRC_F2E6D0B3J2K6J1I7J0R1Q3O6N3J9I2,2217786,2026-05-07,286,165,162,1,2,286,162,1,2,121,1,True,True,match,0,0,0,
22,PRC_B2J6M0J2C2C5P1P0G2Y0O0N3A2L8C2,2217589,2026-05-07,286,181,178,0,3,286,178,0,3,105,1,True,True,match,0,0,0,
22,PRC_O2C5J0H9H1H0P1O0M1N9M3G4G6M5N6,2216993,2026-05-07,286,199,197,0,2,286,197,0,2,87,1,True,True,match,0,0,0,
22,PRC_L2J6R0Y2E0X5L1Z3P4B8E3Q5T6E7S8,2216963,2026-05-07,286,175,174,0,1,286,174,0,1,111,1,True,True,match,0,0,0,
22,PRC_N2W6J0P2F0X5I1V3O4S6G5K7N0O3L4,2216791,2026-05-07,286,174,174,0,0,286,174,0,0,112,1,True,True,match,0,0,0,
22,PRC_G2X5J1T2O0K1D1H8N4J7P2I1I5A2N1,2216775,2026-05-07,286,163,163,0,0,286,163,0,0,123,1,True,True,match,0,0,0,
22,ARC_H2L6S0L1I2B2S1Z4Y0R2G4K5M3S6C6,2216238,2026-05-07,286,175,175,0,0,286,175,0,0,111,1,True,True,match,0,0,0,
22,ARC_I2A6Y0J1U2F2V1B4K0G2V4X1N1W7B0,2216237,2026-05-07,286,213,211,0,2,286,211,0,2,73,1,True,True,match,0,0,0,
22,ARC_O2G6X0P1R2E2E1S4Y0G2B3Q5Q1F6N3,2216236,2026-05-07,286,217,210,4,3,286,210,4,3,69,1,True,True,match,0,0,0,
22,PRC_B2J6K0I1I1H3I1G6G0O0P3N8M8M9K6,2216089,2026-05-07,286,180,177,0,3,286,177,0,3,106,1,True,True,match,0,0,0,
22,PRC_Q2Q5P1P2X1Y9W1V5V3T2U3C2D7B4B9,2216050,2026-05-07,286,210,209,0,1,286,209,0,1,76,1,True,True,match,0,0,0,
22,PRC_S2B5B1Z2A2Y2Z1X5T5T1S0S5Q6R7P3,2215595,2026-05-07,286,167,164,0,3,286,164,0,3,119,1,True,True,match,0,0,0,
22,PRC_O2H5K1E2T0I9Y1J2Z5W9Z0S5Q9H4M3,2215405,2026-05-07,286,170,170,0,0,286,170,0,0,116,1,True,True,match,0,0,0,
22,PRC_O2M5N1V2T0U9S1T5R4R8A4A5Y9Z3X5,2215251,2026-05-07,286,165,163,0,2,286,163,0,2,121,1,True,True,match,0,0,0,
22,PRC_J2J5I1J2H0H9G1V5W4U8U0S6T2S3S4,2215250,2026-05-07,286,165,165,0,0,286,165,0,0,121,1,True,True,match,0,0,0,
22,PRC_X2F5G1E2E0D8B0C6X4Y3W1X3V2W7U2,2215017,2026-05-07,286,210,210,0,0,286,210,0,0,76,1,True,True,match,0,0,0,
22,PRC_W2R5E1S1H2W4I1M6A4Q5B4E2R4R2V6,2214853,2026-05-07,286,192,185,1,6,286,185,1,6,94,1,True,True,match,0,0,0,
22,PRC_L2M5K0L9T1T8R1Q4R1P6P3L8M4K6L9,2214530,2026-05-07,286,176,176,0,0,286,176,0,0,110,1,True,True,match,0,0,0,
22,PRC_R2R5P1Q1P1P4L1L4K2K5J1H6I2P2Q3,2214335,2026-05-07,286,189,189,0,0,286,189,0,0,97,1,True,True,match,0,0,0,
22,PRC_R2P5Q1P0P3N0O1W5U2V3T0U5S8T2A1,2213840,2026-05-07,286,165,165,0,0,286,165,0,0,121,1,True,True,match,0,0,0,
22,PRC_D2D5C1A0B2Z4A1H3I5H2H2F1G5E5M6,2213715,2026-05-07,286,213,211,0,2,286,211,0,2,73,1,True,True,match,0,0,0,
22,PRC_K2K5S1R0R1P0Q1P4P1X3X0W7U2V2T1,2213682,2026-05-07,286,169,169,0,0,286,169,0,0,117,1,True,True,match,0,0,0,
22,PRC_Q2D5C0Y9X1W2V1D6B5A3B3A4I9G3H4,2213603,2026-05-07,286,178,176,0,2,286,176,0,2,108,1,True,True,match,0,0,0,
22,PRC_M2M5G0F9E0D9L1I4H4P6O3N9M4V7U1,2213540,2026-05-07,286,166,165,0,1,286,165,0,1,120,1,True,True,match,0,0,0,
22,ARC_Y2H5E1W0D0C2T1D0K4S8S1W2L2Y1I2,2213457,2026-05-07,286,216,215,0,1,286,215,0,1,70,1,True,True,match,0,0,0,
22,PRC_R2S5Q0R9P2Q3X2W0X2V8V4U0V9Q7R0,2213398,2026-05-07,286,193,185,0,8,286,185,0,8,93,1,True,True,match,0,0,0,
22,PRC_M2I5I0G9H0G2G1F5M3N5M4M2K5J1J8,2213108,2026-05-07,286,167,167,0,0,286,167,0,0,119,1,True,True,match,0,0,0,
22,PRC_W2V5D0B9A1B5A1I1G5H0G1I0G5O3N1,2213043,2026-05-07,286,208,208,0,0,286,208,0,0,78,1,True,True,match,0,0,0,
22,ARC_A2S5K0C9H0P3Z1G5X3B4X0F2N7T1S6,2212663,2026-05-07,286,211,210,0,1,286,210,0,1,75,1,True,True,match,0,0,0,
22,PRC_D2C5Z0V8V0D6C2Z1I5G4C2B2K6J3G9,2212527,2026-05-07,286,167,167,0,0,286,167,0,0,119,1,True,True,match,0,0,0,
22,PRC_W2V5E0C8E0C6L2H2H0D3C5B8H4H5Q1,2212504,2026-05-07,286,166,166,0,0,286,166,0,0,120,1,True,True,match,0,0,0,
22,PRC_H2F5G0F6F0N9L1M6K2L5J5K2S6Q3R1,2210709,2026-05-07,286,185,182,0,3,286,182,0,3,101,1,True,True,match,0,0,0,
22,PRC_K2I5I0H4I1P4Q1O7N5N7L3M3U8V8T6,2210696,2026-05-07,286,199,194,1,4,286,194,1,4,87,1,True,True,match,0,0,0,
22,PRC_B2A5A0I4J1H4I1G6G2F7N0N5M3M9K8,2210089,2026-05-07,286,160,160,0,0,286,160,0,0,126,1,True,True,match,0,0,0,
22,ARC_O2N5Y0K3V1H9W2Z1F1C2K2U6Q8N7E8,2209143,2026-05-07,286,174,174,0,0,286,174,0,0,112,1,True,True,match,0,0,0,
22,PRC_A2Z5A0Y2Y2X7X1F7E3E1C2D1C8C7Y0,2209130,2026-05-07,286,164,163,0,1,286,163,0,1,122,1,True,True,match,0,0,0,
22,PRC_D2C5D0B3B0J6I0I9G1H6G5G2O4O3N2,2208779,2026-05-07,286,191,188,0,3,286,188,0,3,95,1,True,True,match,0,0,0,
22,PRC_Y2X5X0V2W1E9C0D9B1C6A3B1J7H1I1,2208605,2026-05-07,286,213,213,0,0,286,213,0,0,73,1,True,True,match,0,0,0,
22,PRC_T2S4Q1R1P0Q5X1Y0X5V7V5T1V8C3D2,2207329,2026-05-07,286,181,180,0,1,286,180,0,1,105,1,True,True,match,0,0,0,
22,ARC_O2E4I1X2E1G8S1Y6D1G7C1S8F9E5J0,2206661,2026-05-07,286,171,170,0,1,286,170,0,1,115,1,True,True,match,0,0,0,
22,PRC_B2A4Z1Z0Y1G1F1E7C5D6L4K0I5H7I7,2206640,2026-05-07,286,157,155,0,2,286,155,0,2,129,1,True,True,match,0,0,0,
22,ARC_J2U4Z1P1D0E8Z0F9R3S1S0X1H8R5L1,2205375,2026-05-07,286,214,211,0,3,286,211,0,3,72,1,True,True,match,0,0,0,
22,PRC_K2J4H1G0O1P7O1M3L0T0T5S1R8P8X5,2205167,2026-05-07,286,168,168,0,0,286,168,0,0,118,1,True,True,match,0,0,0,
22,PRC_N2S4T1S0H2G8E1D9L1K1L0K3I4Q8P3,2205121,2026-05-07,286,186,185,0,1,286,185,0,1,100,1,True,True,match,0,0,0,
22,ARC_N2J4U1G0C2S1P1X5I0R7D0L8W1L4Z0,2204800,2026-05-07,286,171,170,0,1,286,170,0,1,115,1,True,True,match,0,0,0,
22,ARC_E2P4M1F0K2Z1S1V5K0P7F0U1Z8G0A5,2204799,2026-05-07,286,168,168,0,0,286,168,0,0,118,1,True,True,match,0,0,0,
22,ARC_V2V4V1P0B2U1X1C5M0T6M4V0L6Z8A8,2204797,2026-05-07,286,168,167,0,1,286,167,0,1,118,1,True,True,match,0,0,0,
22,PRC_Z2X4Y0W9E1F1D0E9C2C7B2J5J5H1J4,2204617,2026-05-07,286,193,188,1,4,286,188,1,4,93,1,True,True,match,0,0,0,
22,PRC_Z2Y6K0Z4W2W7T1B7U5L9I4C7F6N8C3,2218663,2026-04-28,295,246,234,0,12,295,234,0,12,49,1,True,True,match,0,0,0,
22,PRC_B2E6O0W3D3J1I1K8V4Q0M5I0N2R4I0,2218563,2026-04-23,295,182,182,0,0,295,182,0,0,113,1,True,True,match,0,0,0,
22,PRC_S2N6V0W4V0L3Q1O8N2J6L1W7D7L9S6,2218556,2026-04-23,295,182,181,1,0,295,181,1,0,113,1,True,True,match,0,0,0,
22,PRC_Q2R6W0J3A2K5S2I2F4V6L5G6A0T3A4,2218550,2026-04-23,295,183,175,4,4,295,175,4,4,112,1,True,True,match,0,0,0,
22,PRC_X2J6U0Z4T0L2M1C0R5N4I2Z0T8C0G6,2218543,2026-04-23,295,177,176,0,1,295,176,0,1,118,1,True,True,match,0,0,0,
22,PRC_L2I6V0S4T0P2K1I0N5Y2R1X8C1P9P0,2218541,2026-04-23,295,177,177,0,0,295,177,0,0,118,1,True,True,match,0,0,0,
22,PRC_X2C6V0Q3W3Q1O1W8E3C9X3V9G6M7I3,2218538,2026-04-23,295,178,173,3,2,295,173,3,2,117,1,True,True,match,0,0,0,
22,PRC_W2M6C0D4B2E1B2P1X0X1W1E6G9S0R2,2218537,2026-04-23,295,213,212,0,1,295,212,0,1,82,1,True,True,match,0,0,0,
22,PRC_Q2I6A0P3E1H0S1B7R4L5Y5L8W0Q8J4,2218532,2026-04-23,295,187,187,0,0,295,187,0,0,108,1,True,True,match,0,0,0,
22,PRC_Y2R6W0O3B1D0B1F7B4G1E5T1F6G5K9,2218531,2026-04-23,295,184,178,0,6,295,178,0,6,111,1,True,True,match,0,0,0,
22,PRC_H2C6S0J4R1G5Z1J3N4Z9S1N9E3N1H7,2218526,2026-04-23,295,182,182,0,0,295,182,0,0,113,1,True,True,match,0,0,0,
22,PRC_A2L6G0E3U2A3E1V8H3R0N4K4N0S2I8,2218524,2026-04-23,295,193,192,0,1,295,192,0,1,102,1,True,True,match,0,0,0,
22,PRC_U2D6E0X4M1L4V1R1K0Q9L4L9G3M5E4,2218520,2026-04-23,295,193,190,2,1,295,190,2,1,102,1,True,True,match,0,0,0,
22,PRC_M2I6E0L4Z0P2F1F2K5X7D4Z7O6U5W6,2218519,2026-04-23,295,216,212,0,4,295,212,0,4,79,1,True,True,match,0,0,0,
22,PRC_I2J6P0F4L0Z2B0M7M3H3Q1P4Y9S4Y2,2218518,2026-04-23,295,211,210,0,1,295,210,0,1,84,1,True,True,match,0,0,0,
22,PRC_L2T6B0W4O0Q2A0L7U3F4I5V9G1S3P3,2218515,2026-04-23,295,218,214,2,2,295,214,2,2,77,1,True,True,match,0,0,0,
22,PRC_E2M6G0L4Y0F2M0Z7R3Y5X4F9H3T5K3,2218514,2026-04-23,295,213,213,0,0,295,213,0,0,82,1,True,True,match,0,0,0,
22,PRC_I2Z6W0M4T0Y2B0B7D3N9V1J1E5F4S4,2218509,2026-04-23,295,216,216,0,0,295,216,0,0,79,1,True,True,match,0,0,0,
22,PRC_K2S6O0M4V1Q3M1A1F4S0V0N3C8P7T6,2218500,2026-04-23,295,212,205,3,4,295,205,3,4,83,1,True,True,match,0,0,0,
22,PRC_W2V6T0T4S2T0A0B9A5Y5Y4X9X5F5E0,2218438,2026-04-23,295,164,153,0,11,295,153,0,11,131,1,True,True,match,0,0,0,
22,PRC_S2B6S0E3C1I2Q2F0T5D1N5D2W2Q0P5,2217935,2026-04-23,295,182,182,0,0,295,182,0,0,113,1,True,True,match,0,0,0,
22,PRC_R2U6A0T3Y1Q2P2E0L2U0T4Z1Y8A0B1,2217934,2026-04-23,295,180,177,0,3,295,177,0,3,115,1,True,True,match,0,0,0,
22,PRC_K2L6F0X3I1X2D2Q0S4V5T1V9O6Z1D2,2217933,2026-04-23,295,175,175,0,0,295,175,0,0,120,1,True,True,match,0,0,0,
22,PRC_E2S6X0U3P1P2H2C0R5L0T0X0J5V9A6,2217932,2026-04-23,295,182,182,0,0,295,182,0,0,113,1,True,True,match,0,0,0,
22,PRC_E2R6W0M3S1Q2A2J0T4N7S3W7O7K2L2,2217931,2026-04-23,295,179,178,1,0,295,178,1,0,116,1,True,True,match,0,0,0,
22,PRC_G2T6G0R3U1F2C2W0C5Z3E0Z2C8R4W5,2217930,2026-04-23,295,181,173,2,6,295,173,2,6,114,1,True,True,match,0,0,0,
22,PRC_D2I6Z0X3Z1M2V2T0Y5W4R5X3V1X3N0,2217929,2026-04-23,295,183,183,0,0,295,183,0,0,112,1,True,True,match,0,0,0,
22,PRC_A2G6N0A3M1X2X2W0Z2U2D3A3Y7Z3A0,2217928,2026-04-23,295,167,158,5,4,295,158,5,4,128,1,True,True,match,0,0,0,
22,PRC_S2G6C0H3W1V2W2M0T4L3Z5G2Q2H0W9,2217927,2026-04-23,295,181,181,0,0,295,181,0,0,114,1,True,True,match,0,0,0,
22,PRC_Y2Z6D0S3R1O2J2H0Q3V2Z1K4Z8T3B9,2217925,2026-04-23,295,176,175,0,1,295,175,0,1,119,1,True,True,match,0,0,0,
22,PRC_V2V6S0J3H1C3S1X2J3A8D2G0O7F4G2,2217924,2026-04-23,295,182,178,1,3,295,178,1,3,113,1,True,True,match,0,0,0,
22,PRC_P2U6F0K3O1K2S2Y0P3R7Z3H4O9W0W7,2217923,2026-04-23,295,177,175,1,1,295,175,1,1,118,1,True,True,match,0,0,0,
22,PRC_I2Y6V0Z3M1K2X2E0T3X5C2J7W0S5B8,2217921,2026-04-23,295,176,170,1,5,295,170,1,5,119,1,True,True,match,0,0,0,
22,PRC_A2B6N0T3A1W2N2F0Z2G7P1A3R1B0K5,2217920,2026-04-23,295,173,171,0,2,295,171,0,2,122,1,True,True,match,0,0,0,
22,PRC_D2B6K0A3G1H9P2Q1H4N2H3Y6O2P9Q1,2217919,2026-04-23,295,175,174,0,1,295,174,0,1,120,1,True,True,match,0,0,0,
22,PRC_X2F6D0E3F1J0T1W1J3G0K4C3A4H4O0,2217918,2026-04-23,295,171,138,11,22,295,138,11,22,124,1,True,True,match,0,0,0,
22,PRC_R2O6N0Z3E1R0L1W1P1Y1I4R8B9X5Z7,2217917,2026-04-23,295,179,177,1,1,295,177,1,1,116,1,True,True,match,0,0,0,
22,PRC_P2Z6O0Z3H1E0B1Y1U1B2D5L6I4T7U5,2217914,2026-04-23,295,175,175,0,0,295,175,0,0,120,1,True,True,match,0,0,0,
22,PRC_Y2C6L0T3Z1J9M2O1Y4Q3T4J2V0U7Y0,2217912,2026-04-23,295,175,173,0,2,295,173,0,2,120,1,True,True,match,0,0,0,
22,PRC_G2H6M0F3M1V0D1O1B1W8W5G0R6V0V6,2217910,2026-04-23,295,175,175,0,0,295,175,0,0,120,1,True,True,match,0,0,0,
22,PRC_A2D6O0E3Y1E0M1I1W2I0D5O1O2M1T4,2217909,2026-04-23,295,177,177,0,0,295,177,0,0,118,1,True,True,match,0,0,0,
22,PRC_A2W6E0L3N1I0V1P1S0Y3E1N2P2V8F2,2217907,2026-04-23,295,177,177,0,0,295,177,0,0,118,1,True,True,match,0,0,0,
22,PRC_Z2Y6D0Q3T1I1I1Z6E0G4Y1B4S0R5M8,2217904,2026-04-23,295,173,173,0,0,295,173,0,0,122,1,True,True,match,0,0,0,
22,PRC_R2R6Z0B3I1K0Q1O8V1C0T4M8D5O3K5,2217903,2026-04-23,295,172,168,1,3,295,168,1,3,123,1,True,True,match,0,0,0,
22,PRC_P2Q6F0K3H1I0T1J8S0P9Q5D4F1I3T9,2217902,2026-04-23,295,174,174,0,0,295,174,0,0,121,1,True,True,match,0,0,0,
22,PRC_H2L6V0Z3L1P0U1Y8S0O5P0V9E5F5G5,2217901,2026-04-23,295,173,170,1,2,295,170,1,2,122,1,True,True,match,0,0,0,
22,PRC_L2D6W0U3A1G0D1B4R1A2T1V1P8C7N2,2217898,2026-04-23,295,172,170,1,1,295,170,1,1,123,1,True,True,match,0,0,0,
22,PRC_V2M6Y0C3G1L0W1I1J0Z7H4B3L8X7N3,2217897,2026-04-23,295,197,196,0,1,295,196,0,1,98,1,True,True,match,0,0,0,
22,PRC_M2Y6P0F3F1T0F1B1S1T2J5X2W1W1I0,2217895,2026-04-23,295,198,197,0,1,295,197,0,1,97,1,True,True,match,0,0,0,
22,PRC_L2Y6M0J3E1Z0V1N0C3B6B4K1O9P2W8,2217894,2026-04-23,295,193,191,0,2,295,191,0,2,102,1,True,True,match,0,0,0,
22,PRC_D2R6O0Z3A1K0V1F0N1E4A2E1F2S8E0,2217893,2026-04-23,295,191,191,0,0,295,191,0,0,104,1,True,True,match,0,0,0,
22,PRC_I2W6W0O3Q1B0I1W1B0U2M1S0U8F6C0,2217889,2026-04-23,295,185,185,0,0,295,185,0,0,110,1,True,True,match,0,0,0,
22,PRC_A2U6M0R3S1I0B1W0H3K1Y2E7X6U5P8,2217887,2026-04-23,295,201,200,0,1,295,200,0,1,94,1,True,True,match,0,0,0,
22,PRC_S2O6X0W3M1F0P1J0P4S2O1Y4W5D8U2,2217882,2026-04-23,295,200,199,0,1,295,199,0,1,95,1,True,True,match,0,0,0,
22,PRC_M2H6Q0E3A2L3O1B8C3F1Q2C4C2Q5C2,2217881,2026-04-23,295,200,199,0,1,295,199,0,1,95,1,True,True,match,0,0,0,
22,PRC_Z2H6E0H3W2W0U1W5X2M3C0B1N6B4H9,2217875,2026-04-23,295,220,220,0,0,295,220,0,0,75,1,True,True,match,0,0,0,
22,PRC_A2X6M0C2A2K5S1P0I2L8B0N3W6F7Q3,2217404,2026-04-23,295,176,174,0,2,295,174,0,2,119,1,True,True,match,0,0,0,
22,PRC_C2T6N0J2N2B4Q1C3X5B0J3L6L0X8I3,2217396,2026-04-23,295,189,189,0,0,295,189,0,0,106,1,True,True,match,0,0,0,
22,PRC_T2Q6K0W2M2U4P1J5Y2R2K1A3S4B1W1,2217393,2026-04-23,295,189,188,1,0,295,188,1,0,106,1,True,True,match,0,0,0,
22,PRC_X2X6V0W2V1V1D2E0C1C0A2B7A0H0I0,2216910,2026-04-23,295,176,175,0,1,295,175,0,1,119,1,True,True,match,0,0,0,
22,PRC_R2R6Z0A1Y2Z8X1Y6W1W5E2D7D6B4C9,2216458,2026-04-23,295,173,166,3,4,295,166,3,4,122,1,True,True,match,0,0,0,
22,PRC_H2H6F0G1B2C6B0Z9Z0Y3Y2G9H8F1G7,2216371,2026-04-23,295,165,155,0,10,295,155,0,10,130,1,True,True,match,0,0,0,
22,PRC_O2N6C0C1B2B0Z1A0Y4Z9H5H8F5E7F0,2216255,2026-04-23,295,207,202,3,2,295,202,3,2,88,1,True,True,match,0,0,0,
22,PRC_P2Q6O0P1N1O5M1M8U3T7T4R6S2R4R2,2216207,2026-04-23,295,199,196,0,3,295,196,0,3,96,1,True,True,match,0,0,0,
22,PRC_V2W5U1V2T1T8B1C5A5B3Z0A1Y4Y0G2,2216013,2026-04-23,295,215,215,0,0,295,215,0,0,80,1,True,True,match,0,0,0,
22,PRC_B2C5A1A2Z2Z9X0Z9N2O4M1N0L2K0K6,2215900,2026-04-23,295,176,175,1,0,295,175,1,0,119,1,True,True,match,0,0,0,
22,PRC_S2R5R1Z2Z3Y0Z1X0X0W8W5E5E9D5B4,2215770,2026-04-23,295,176,172,2,2,295,172,2,2,119,1,True,True,match,0,0,0,
22,PRC_V2U5C1C2A2B4Z1A2Z2Z2V2V0T1U3T4,2215741,2026-04-23,295,174,174,0,0,295,174,0,0,121,1,True,True,match,0,0,0,
22,PRC_U2T5R1S2Q2Q3Z1Z6X2Y8X0V4V7D5E2,2215601,2026-04-23,295,186,183,1,2,295,183,1,2,109,1,True,True,match,0,0,0,
22,PRC_W2E5F1D2C0C9J1H6I4G9H5F7G1C8C1,2215184,2026-04-23,295,186,186,0,0,295,186,0,0,109,1,True,True,match,0,0,0,
22,PRC_K2K5I1J2H0I4Q1Q3O1P8O1M5M3I3I9,2215037,2026-04-23,295,175,175,0,0,295,175,0,0,120,1,True,True,match,0,0,0,
22,PRC_E2C5D1B2B0J1I2I1G4H8F4G4N6P1N0,2214945,2026-04-23,295,184,183,0,1,295,183,0,1,111,1,True,True,match,0,0,0,
22,PRC_L2J5I1I2Q0Q3P1Q6O3O4N0V4V1U7U6,2214928,2026-04-23,295,174,173,0,1,295,173,0,1,121,1,True,True,match,0,0,0,
22,PRC_D2C5C0K9J0J2H1I6G1H9P5N9O2M9N5,2214653,2026-04-23,295,213,208,1,4,295,208,1,4,82,1,True,True,match,0,0,0,
22,PRC_S2R5P1Q1O0O6W1X5V4W5U4T3T4P0Q5,2214105,2026-04-23,295,178,178,0,0,295,178,0,0,117,1,True,True,match,0,0,0,
22,PRC_N2L5M1K1L0T5T1S1Q3R4P3Q4Y7Y1W5,2213976,2026-04-23,295,167,166,0,1,295,166,0,1,128,1,True,True,match,0,0,0,
22,PRC_D2C5A0B7W1X8V1V7U1V1T0T1B8A8A4,2213872,2026-04-23,295,187,183,3,1,295,183,3,1,108,1,True,True,match,0,0,0,
22,PRC_H2I5G0H7F1G8O1O7N0L9M4K4L3G2H9,2213870,2026-04-23,295,184,180,1,3,295,180,1,3,111,1,True,True,match,0,0,0,
22,PRC_H2F5E1F0M3N0M0M9K3L3K0F6G9E2E2,2213826,2026-04-23,295,175,175,0,0,295,175,0,0,120,1,True,True,match,0,0,0,
22,PRC_E2F5N1N0L1M5K1L6J3F6G5E4F4C2K7,2213720,2026-04-23,295,168,167,0,1,295,167,0,1,127,1,True,True,match,0,0,0,
22,PRC_C2B5B0Z9A2V9W2U0V5T5U4S2T0B7Z1,2213444,2026-04-23,295,174,173,0,1,295,173,0,1,121,1,True,True,match,0,0,0,
22,PRC_R2S5Q0R9M2N5L2M1K0L1J3J9S7Q2Q5,2213325,2026-04-23,295,169,169,0,0,295,169,0,0,126,1,True,True,match,0,0,0,
22,PRC_M2M5I0J9H2H4G1E4F2N8O0M8M5L0J8,2213318,2026-04-23,295,197,196,0,1,295,196,0,1,98,1,True,True,match,0,0,0,
22,PRC_W2X5W0U8D1K1I1H4G3C6B5B6A1Z6H9,2212760,2026-04-23,295,217,217,0,0,295,217,0,0,78,1,True,True,match,0,0,0,
22,PRC_M2M5U0V7T2S8S1Q5R2N2N4L9M4L4J3,2212493,2026-04-23,295,177,171,3,3,295,171,3,3,118,1,True,True,match,0,0,0,
22,PRC_L2I5R0Q8P0R8X1W2V5U0B5A9Z8P6Y7,2212254,2026-04-23,295,171,168,0,3,295,168,0,3,124,1,True,True,match,0,0,0,
22,PRC_J2K5I0J6H1H1G2O2O0M9N1M2M6K3L9,2211811,2026-04-23,295,195,194,0,1,295,194,0,1,100,1,True,True,match,0,0,0,
22,PRC_W2D5E0D7D2B1C0A8W4X8V2V1U8V4T0,2211707,2026-04-23,295,214,214,0,0,295,214,0,0,81,1,True,True,match,0,0,0,
22,PRC_M2U5V0T6S2S5Q1R0Z0A0Y5Y1W2V5W7,2211082,2026-04-23,295,185,180,0,5,295,180,0,5,110,1,True,True,match,0,0,0,
22,PRC_Z2X5W0X4E2F1D1E5C0D8B3J1K9I7I0,2210485,2026-04-23,295,188,186,0,2,295,186,0,2,107,1,True,True,match,0,0,0,
22,PRC_O2O5N0O4M1M8U0T9N0L6M5L6J1J2R2,2210409,2026-04-23,295,176,176,0,0,295,176,0,0,119,1,True,True,match,0,0,0,
22,PRC_L2T5T0S4Q2R5P1P7L2M7K4L8J4J6I9,2210372,2026-04-23,295,187,187,0,0,295,187,0,0,108,1,True,True,match,0,0,0,
22,PRC_F2F5D0E4C2C3B1J0K3I0I2G6H6G8G4,2210355,2026-04-23,295,193,193,0,0,295,193,0,0,102,1,True,True,match,0,0,0,
22,PRC_L2K5K0J4J2R9R1Q0O0P5N4O6W5W9U2,2210346,2026-04-23,295,163,162,0,1,295,162,0,1,132,1,True,True,match,0,0,0,
22,PRC_X2W5V0T3P1Q8P1O5M1V1T1U8T9R9Z2,2209565,2026-04-23,295,168,168,0,0,295,168,0,0,127,1,True,True,match,0,0,0,
22,PRC_Z2Y5W0X3V2D4C1B6C5D8K0J4I1H8I9,2209418,2026-04-23,295,211,210,0,1,295,210,0,1,84,1,True,True,match,0,0,0,
22,PRC_H2G5H0F3F1N2O1M4N2L6K5K9S3S2R3,2208906,2026-04-23,295,169,168,1,0,295,168,1,0,126,1,True,True,match,0,0,0,
22,PRC_A2B4J1J2I0I5H1F5F2C6C2B8Z6Z6X4,2208119,2026-04-23,295,156,153,1,2,295,153,1,2,139,1,True,True,match,0,0,0,
22,PRC_K2L4J1K2I2J4E1F4D3B9C0A6B1J8J3,2207235,2026-04-23,295,174,162,7,5,295,162,7,5,121,1,True,True,match,0,0,0,
22,PRC_O2D4D1C2C1B8B1A1H3I2H5H1F4G7E5,2206987,2026-04-23,295,175,172,1,2,295,172,1,2,120,1,True,True,match,0,0,0,
22,PRC_V2T4U1T1R2R1N1O0M2N5L4J3K5S8T2,2205762,2026-04-23,295,215,215,0,0,295,215,0,0,80,1,True,True,match,0,0,0,
22,PRC_B2A4Z1X0F0G1F1D2C5Y0Z0X3W2U2D4,2204607,2026-04-23,295,173,172,0,1,295,172,0,1,122,1,True,True,match,0,0,0,
22,PRC_V2V4T0U8C2D7B1B4A0A2Z4H9H5G0G4,2203595,2026-04-23,295,173,173,0,0,295,173,0,0,122,1,True,True,match,0,0,0,
22,PRC_Y2W4X0V8W0V1C1D6B4C1A1Z7Z0H1H1,2202963,2026-04-23,295,170,169,0,1,295,169,0,1,125,1,True,True,match,0,0,0,
22,PRC_E2E4D0J5F3E0D1C0K1H3G2O3O1M1L1,2200233,2026-04-23,295,179,179,0,0,295,179,0,0,116,1,True,True,match,0,0,0,
22,PRC_P2M6Y0Z4N1O7K2D0V0H3F4A6H3K4E6,2218430,2026-04-18,295,215,214,0,1,295,214,0,1,80,1,True,True,match,0,0,0,
22,PRC_K2S6L0G4V1G7J2S0P0M2U5G4P5D6D4,2218429,2026-04-18,295,213,184,4,25,295,184,4,25,82,1,True,True,match,0,0,0,
22,PRC_V2D6D0H4H1E7R1Z9K2W0S3F5I4G9P6,2218428,2026-04-18,295,214,212,0,2,295,212,0,2,81,1,True,True,match,0,0,0,
22,PRC_N2T5S0R3N1M4L1K3Q3P4P0X2U6T9C5,2209104,2026-04-18,295,213,198,1,14,295,198,1,14,82,1,True,True,match,0,0,0,
22,PRC_O2Q6I0Q3C3M1G1L9R5O7O5G2U3E7Y8,2217955,2026-04-10,295,233,221,5,7,295,221,5,7,62,1,True,True,match,0,0,0,
22,PRC_A2B6L0W3M3C1I1F9V5R7S1W9G8A5N0,2217954,2026-04-10,295,232,222,5,5,295,222,5,5,63,1,True,True,match,0,0,0,
22,PRC_B2T6J0X3S3J1Q1B9S5R6I4N1Y7H3D3,2217953,2026-04-10,295,228,216,5,7,295,216,5,7,67,1,True,True,match,0,0,0,
22,PRC_U2T6I0G3O3F1F1L9D5W6Y0T0O7A6H3,2217952,2026-04-10,295,233,217,7,9,295,217,7,9,62,1,True,True,match,0,0,0,
22,PRC_Z2U6A0S3H3E1N1V9V5L4N3O1W6L3L2,2217951,2026-04-10,295,230,219,6,5,295,219,6,5,65,1,True,True,match,0,0,0,
22,PRC_N2L6Z0Z3E3O1J1Z9K5B9V4L7Z8G1W0,2217950,2026-04-10,295,235,225,5,5,295,225,5,5,60,1,True,True,match,0,0,0,
22,PRC_W2R6V0F3A3Q1Q1Q9I5O8O3F8F2L3E7,2217949,2026-04-10,295,235,224,6,5,295,224,6,5,60,1,True,True,match,0,0,0,
22,PRC_U2J6M0P3I3U1S1O9Q5Y7U0E9K4Q9L8,2217948,2026-04-10,295,237,226,5,6,295,226,5,6,58,1,True,True,match,0,0,0,
22,PRC_S2C6R0U3J3O1T1B8J1C8E5Z8U0V5T5,2217947,2026-04-10,295,235,223,6,6,295,223,6,6,60,1,True,True,match,0,0,0,
22,PRC_V2G6F0F3Z3B1A1E9P5Z3E4A2Q0S2A5,2217946,2026-04-10,295,234,222,5,7,295,222,5,7,61,1,True,True,match,0,0,0,
22,PRC_X2P6H0M3Z3O1B1H8O1N6T2C8G0Z3J7,2217945,2026-04-10,295,234,222,5,7,295,222,5,7,61,1,True,True,match,0,0,0,
22,PRC_L2N6T0Z3Y3K1J1R9K5T8W3C0K2R4N4,2217944,2026-04-10,295,235,211,8,16,295,211,8,16,60,1,True,True,match,0,0,0,
22,PRC_M2T6N0I3M3Q1Q1F9M5O8E0T8J3L0X1,2217943,2026-04-10,295,234,214,10,10,295,214,10,10,61,1,True,True,match,0,0,0,
22,PRC_G2I6X0D3F3A1M1R9L5U7G4X2L0C2G6,2217942,2026-04-10,295,236,216,6,14,295,216,6,14,59,1,True,True,match,0,0,0,
22,PRC_F2V6U0V3P3D1N1S9X5L7T1Z8Q6H6L7,2217941,2026-04-10,295,237,218,7,12,295,218,7,12,58,1,True,True,match,0,0,0,
22,PRC_A2N6O0H3U3T1X1P9I5H6X5I3O0S1M3,2217940,2026-04-10,295,237,224,6,7,295,224,6,7,58,1,True,True,match,0,0,0,
22,PRC_Z2J6M0O3U3V1Y1D9R5O6I2I7W6H7P6,2217939,2026-04-10,295,235,220,5,10,295,220,5,10,60,1,True,True,match,0,0,0,
22,PRC_J2P6C0A3K3B1T1K9R5C4W5H4W0V6K1,2217938,2026-04-10,295,244,213,12,19,295,213,12,19,51,1,True,True,match,0,0,0,
22,PRC_W2P6F0D3T1X2C2T0K3T9B3L7K5E1G5,2217936,2026-03-31,295,177,175,0,2,295,175,0,2,118,1,True,True,match,0,0,0,
22,PRC_Y2Z6D0X3D1A0I1P1U0E0O0F2F8D0W5,2217915,2026-03-31,295,175,174,0,1,295,174,0,1,120,1,True,True,match,0,0,0,
22,PRC_B2W6S0D3P1C0D1W4G0P1G0A7Q1B1T4,2217905,2026-03-31,295,179,179,0,0,295,179,0,0,116,1,True,True,match,0,0,0,
22,PRC_K2O6C0M3N1L0M1C3S5C9E1L1I1B5D1,2217900,2026-03-31,295,177,175,0,2,295,175,0,2,118,1,True,True,match,0,0,0,
22,PRC_S2V6F0L3M1E0F1E4Y1Q1M2O2C7A9Z1,2217899,2026-03-31,295,179,171,5,3,295,171,5,3,116,1,True,True,match,0,0,0,
22,PRC_R2P6W0M3C1J7W1H9A3R6N4J9L7G8P8,2217892,2026-03-31,295,200,199,0,1,295,199,0,1,95,1,True,True,match,0,0,0,
22,PRC_X2Y6Q0Q3I3M0Y1V3B5A2X0B6M6H0S4,2217888,2026-03-31,295,213,213,0,0,295,213,0,0,82,1,True,True,match,0,0,0,
22,PRC_Z2J6P0Q3I1V0K1Q0E2Q3D5H1V2J9S7,2217886,2026-03-31,295,208,208,0,0,295,208,0,0,87,1,True,True,match,0,0,0,
22,PRC_D2B6C0X3E2I4L1U3P4H2K3N5Y5C7T3,2217884,2026-03-31,295,208,203,3,2,295,203,3,2,87,1,True,True,match,0,0,0,
22,PRC_V2B6X0K3Y1L7X1E9P3U8Q0N0U6N8O4,2217880,2026-03-31,295,197,193,0,4,295,193,0,4,98,1,True,True,match,0,0,0,
22,PRC_G2B6H0K3Q2J0V1X5E2B4O1E8S9W7V7,2217879,2026-03-31,295,174,174,0,0,295,174,0,0,121,1,True,True,match,0,0,0,
22,PRC_G2R6N0L3S2K0M1H5G2Q8I1C6M9V3U4,2217878,2026-03-31,295,176,176,0,0,295,176,0,0,119,1,True,True,match,0,0,0,
22,PRC_T2F6A0W3A2V0U1O5D3I0W4L3L0C3D5,2217877,2026-03-31,295,173,173,0,0,295,173,0,0,122,1,True,True,match,0,0,0,
22,PRC_L2T6K0E3O2V5M2I0I1M0J3P5R8Z4A7,2217876,2026-03-31,295,199,194,2,3,295,194,2,3,96,1,True,True,match,0,0,0,
22,PRC_X2W6P0A3C1Z7M1I6V0Y1E1R8O6G0U5,2217874,2026-03-31,295,209,207,1,1,295,207,1,1,86,1,True,True,match,0,0,0,
22,PRC_R2B6A0H2D2W5S1T7N2N1P3Y8B2O7E3,2217837,2026-03-31,295,154,133,12,9,295,133,12,9,141,1,True,True,match,0,0,0,
22,PRC_O2F6Y0I3L1G7D0X9S2B6T4P8W1C8A6,2217592,2026-03-31,295,210,206,2,2,295,206,2,2,85,1,True,True,match,0,0,0,
22,PRC_U2E6I0M3R1H7C1Z5B2W6S1M7H7M7L0,2217591,2026-03-31,295,211,209,1,1,295,209,1,1,84,1,True,True,match,0,0,0,
22,PRC_M2N6E0J2Q2P5D1Y6Q5R8C2P9J1M2F4,2217403,2026-03-31,295,191,191,0,0,295,191,0,0,104,1,True,True,match,0,0,0,
22,PRC_F2P6N0I2D2H5E1O6M5R7U1C3R3O7H0,2217402,2026-03-31,295,171,99,38,34,295,99,38,34,124,1,True,True,match,0,0,0,
22,PRC_I2Y6H0B2X2B5V1Q0S2J8X5L9T1W8U2,2217401,2026-03-31,295,177,176,0,1,295,176,0,1,118,1,True,True,match,0,0,0,
22,PRC_V2D6O0Q2W2Y5Z1T0X2V9K4P1S4Y2C1,2217400,2026-03-31,295,179,178,0,1,295,178,0,1,116,1,True,True,match,0,0,0,
22,PRC_C2G6Z0E2N2Y4M1I3M5O3N3I6H4S4Z4,2217398,2026-03-31,295,198,197,0,1,295,197,0,1,97,1,True,True,match,0,0,0,
22,PRC_I2G6X0U2K2F4E1T3X5Y1X3E2D3B4B3,2217397,2026-03-31,295,201,198,0,3,295,198,0,3,94,1,True,True,match,0,0,0,
22,PRC_F2E6Q0N2J2I4F1X3J4G5Q1G7U6I7G2,2217395,2026-03-31,295,201,201,0,0,295,201,0,0,94,1,True,True,match,0,0,0,
22,PRC_B2I6H0A2M2V4C1A3C4U4G1J1M1C7X9,2217394,2026-03-31,295,203,202,0,1,295,202,0,1,92,1,True,True,match,0,0,0,
22,PRC_J2D5V1A2M1J6I1L7T1Z4P1T4M2U0T3,2217392,2026-03-31,295,212,206,0,6,295,206,0,6,83,1,True,True,match,0,0,0,
22,PRC_Q2L5K1J2T1V6Y1P6A2Y4A1X7A0Y7A5,2216778,2026-03-31,295,179,179,0,0,295,179,0,0,116,1,True,True,match,0,0,0,
22,PRC_F2S5M1X2C1P6A1B6Z2S0G4A7Q1E2K4,2216771,2026-03-31,295,180,180,0,0,295,180,0,0,115,1,True,True,match,0,0,0,
22,PRC_K2N5W1N2M1T8L1D6P5Y3B4P5X7D1D8,2216763,2026-03-31,295,182,181,0,1,295,181,0,1,113,1,True,True,match,0,0,0,
22,PRC_L2V5P1X2F1O6D1J6G2C9V1X1A1M8X1,2216762,2026-03-31,295,174,174,0,0,295,174,0,0,121,1,True,True,match,0,0,0,
22,PRC_E2K5Q1E2L1B8F1T6B4R9H1T5K3E8K4,2216761,2026-03-31,295,187,181,0,6,295,181,0,6,108,1,True,True,match,0,0,0,
22,PRC_U2S6T0R1Z2A0Y1Y0X1X5V1W4E7F7D6,2216296,2026-03-31,295,207,202,1,4,295,202,1,4,88,1,True,True,match,0,0,0,
22,PRC_K2E5E1J1P1W9S1K3H0D1K2T6Z9B9B3,2215109,2026-03-31,295,179,179,0,0,295,179,0,0,116,1,True,True,match,0,0,0,
22,PRC_H2J5R1R2S0W8Z2Z1J1I4E1F6U7Y9W8,2215007,2026-03-31,295,173,173,0,0,295,173,0,0,122,1,True,True,match,0,0,0,
22,PRC_R2N5G1U1E2X4U1R6V3N8V5D4G2Z6U7,2214884,2026-03-31,295,197,188,3,6,295,188,3,6,98,1,True,True,match,0,0,0,
22,PRC_Z2G5E1M1T2G4Q1A6Z3H6M5U7P5F1G5,2214880,2026-03-31,295,199,197,1,1,295,197,1,1,96,1,True,True,match,0,0,0,
22,PRC_E2V5A1T1C2C4S1B6I3M6W1I1A2T4M2,2214855,2026-03-31,295,200,200,0,0,295,200,0,0,95,1,True,True,match,0,0,0,
22,PRC_K2I5J1R1P0Q7O1P4N1O8K0I3I7H0I5,2214811,2026-03-31,295,189,186,0,3,295,186,0,3,106,1,True,True,match,0,0,0,
22,ARC_Y2F5U1C1X2N4G1V4G5D7I0C7D2X4J2,2214506,2026-03-31,295,194,194,0,0,295,194,0,0,101,1,True,True,match,0,0,0,
22,PRC_W2U5V1T1P0P6N1P5N5N7L3U7U8S6T3,2214456,2026-03-31,295,210,209,0,1,295,209,0,1,85,1,True,True,match,0,0,0,
22,PRC_B2A5I0J9H1G1E1F9O2M0L5J5F3G7F3,2214296,2026-03-31,295,178,178,0,0,295,178,0,0,117,1,True,True,match,0,0,0,
22,PRC_K2J5J1I1I0Q4O1P8N3O2M2N9V9T6U8,2214009,2026-03-31,295,187,184,1,2,295,184,1,2,108,1,True,True,match,0,0,0,
22,PRC_C2K5L1J0J2I2G2H0P3P6N2O6M0N4L5,2213751,2026-03-31,295,210,210,0,0,295,210,0,0,85,1,True,True,match,0,0,0,
22,PRC_M2N5W0U8T2R1A1Y4Z3Y7W0S1R2S1Q2,2213066,2026-03-31,295,193,192,0,1,295,192,0,1,102,1,True,True,match,0,0,0,
22,PRC_X2X5W0W6U3V0D1E2C1C9A3B7Z1H0I1,2212691,2026-03-31,295,196,195,0,1,295,195,0,1,99,1,True,True,match,0,0,0,
22,PRC_Y2G5H0F4F2E4C1D3Y2Z8X1Y9W0X2V0,2212028,2026-03-31,295,181,181,0,0,295,181,0,0,114,1,True,True,match,0,0,0,
22,PRC_C2C5L0L6J2I3I1H6H2P8Q3O4P2N5L4,2211101,2026-03-31,295,192,191,1,0,295,191,1,0,103,1,True,True,match,0,0,0,
22,PRC_X2W5W0V4T2U4B1C5A5B5Z1A1Y7Y5U1,2210118,2026-03-31,295,190,189,0,1,295,189,0,1,105,1,True,True,match,0,0,0,
22,PRC_A2Y5Z0H2F1G2E1F6D5E1L1K3L7J1K3,2209337,2026-03-31,295,184,184,0,0,295,184,0,0,111,1,True,True,match,0,0,0,
22,PRC_U2T5S0O3N1M4S1R1Q1P8X4W4V6U4C1,2208967,2026-03-31,295,199,199,0,0,295,199,0,0,96,1,True,True,match,0,0,0,
22,PRC_T2R5Q0Q2Y1Z0X1Y4W5X3V5D1D8C1D5,2208212,2026-03-31,295,202,197,0,5,295,197,0,5,93,1,True,True,match,0,0,0,
22,PRC_I2G5H0F1G0E6F1N5N5L0K3K1J8K8R2,2208115,2026-03-31,295,200,198,0,2,295,198,0,2,95,1,True,True,match,0,0,0,
22,PRC_G2H5F0N2O0M5M1L1M5K9K3G0F4F4D5,2208001,2026-03-31,295,190,185,1,4,295,185,1,4,105,1,True,True,match,0,0,0,
22,PRC_J2K4I0G9H1F9G1O0O0N8N2M3K1L0S9,2207172,2026-03-31,295,200,200,0,0,295,200,0,0,95,1,True,True,match,0,0,0,
22,PRC_O2N4U1V2U1U1S1R0R4Z6A0Y4Z2X5W1,2206586,2026-03-31,295,183,181,0,2,295,181,0,2,112,1,True,True,match,0,0,0,
22,PRC_T2S4A1A2Z1Z1Y1W1X0F8F1E0E9C5D3,2206566,2026-03-31,295,210,210,0,0,295,210,0,0,85,1,True,True,match,0,0,0,
22,PRC_R2R4Z1A1Y2Z2X1Y0W0S1S1R0R9Q9R9,2206165,2026-03-31,295,177,171,0,6,295,171,0,6,118,1,True,True,match,0,0,0,
22,PRC_G2E4E1N1L1L3J1L4J3J9Y5X1X0V8W6,2205642,2026-03-31,295,203,203,0,0,295,203,0,0,92,1,True,True,match,0,0,0,
22,PRC_H2H4G1H1F1F2O1M7M4L5L1K3S6S2Q2,2205527,2026-03-31,295,207,203,0,4,295,203,0,4,88,1,True,True,match,0,0,0,
22,PRC_J2I4I0G9H0G4N0O8M2N5L2M1K7S4T5,2204854,2026-03-31,295,181,179,0,2,295,179,0,2,114,1,True,True,match,0,0,0,
22,PRC_N2M4U0T7Q1Z7X1X4W0E5B5Z9W8V7U3,2203093,2026-03-31,295,187,186,1,0,295,186,1,0,108,1,True,True,match,0,0,0,
22,PRC_J2V6R0L3V2K0Y1N3W4H9J5G6Z9H3P5,2217655,2026-03-22,295,176,176,0,0,295,176,0,0,119,1,True,True,match,0,0,0,
22,PRC_A2J6Y0K3R2B1M1C4T3U1U0I0M6N5X1,2217674,2026-03-21,295,168,168,0,0,295,168,0,0,127,1,True,True,match,0,0,0,
22,PRC_E2O6I0Q3W1N7J1E9W3M8D5N2U3W8V6,2217595,2026-03-21,295,167,166,1,0,295,166,1,0,128,1,True,True,match,0,0,0,
22,PRC_V2X6E0Z3G1E7L2P0N0A0B4W9O2W3V3,2217594,2026-03-20,295,165,164,1,0,295,164,1,0,130,1,True,True,match,0,0,0,
22,PRC_T2B6T0B3I0U6O1M0T5T1N2C3C2L7N1,2217405,2026-03-12,295,242,226,8,8,295,226,8,8,53,1,True,True,match,0,0,0,
22,PRC_U2E6N0T3M1B0K1P1S1F7R5Y1K9W1M9,2217399,2026-03-12,295,193,189,2,2,295,189,2,2,102,1,True,True,match,0,0,0,
22,PRC_S2M6V0Y2N0X5D2U0U1E4B4F2H1F6Z6,2216962,2026-03-12,295,181,177,1,3,295,177,1,3,114,1,True,True,match,0,0,0,
22,PRC_D2I6S0S2Y0I5A2F0U2U0H3X1L3T9K9,2216958,2026-03-12,295,179,177,1,1,295,177,1,1,116,1,True,True,match,0,0,0,
22,PRC_Y2M6G0C2G0G6K1Z4P3N9W1D0V0G6B9,2216955,2026-03-12,295,178,164,1,13,295,164,1,13,117,1,True,True,match,0,0,0,
22,PRC_F2X5T1W2J1D8M1O2K3J3N3I2P8C5V5,2216798,2026-03-12,295,168,166,0,2,295,166,0,2,127,1,True,True,match,0,0,0,
22,PRC_J2G6G0E2L0L5T1U3A5I0I0R4C2A5M8,2216792,2026-03-12,295,180,178,0,2,295,178,0,2,115,1,True,True,match,0,0,0,
22,PRC_A2Q6Q0W2C0A5V2D1R1K2C0I9O9G1Q8,2216788,2026-03-12,295,181,179,0,2,295,179,0,2,114,1,True,True,match,0,0,0,
22,PRC_L2C5L1N2M2W4L1N0V3P3B5V3X0L8J7,2216786,2026-03-12,295,171,167,0,4,295,167,0,4,124,1,True,True,match,0,0,0,
22,PRC_Y2Q6I0G2X0V4U1H8N0W3C4I4G7O8V7,2216785,2026-03-12,295,178,178,0,0,295,178,0,0,117,1,True,True,match,0,0,0,
22,PRC_H2T6X0O1J2B8V1W3S2Q0E0Y1E9P8Q9,2216784,2026-03-12,295,216,196,1,19,295,196,1,19,79,1,True,True,match,0,0,0,
22,PRC_S2I6K0O2S0Z4B1Q8Y0X7G0U7M7Y6X1,2216782,2026-03-12,295,175,175,0,0,295,175,0,0,120,1,True,True,match,0,0,0,
22,PRC_R2Q5P1A2G1C6M1M6G2B7O0A3N4Q9C7,2216780,2026-03-12,295,194,194,0,0,295,194,0,0,101,1,True,True,match,0,0,0,
22,PRC_J2M5S1Y2L1T6U1A6J2P2K5V8J6O5E4,2216779,2026-03-12,295,196,196,0,0,295,196,0,0,99,1,True,True,match,0,0,0,
22,PRC_U2R5B1F2W1O6A1P6B3W4L3L9D8H9H2,2216776,2026-03-12,295,184,175,0,9,295,175,0,9,111,1,True,True,match,0,0,0,
22,PRC_D2D5A1Z2B1Z6Q1F6G2C9P3N4L3E0E4,2216769,2026-03-12,295,194,194,0,0,295,194,0,0,101,1,True,True,match,0,0,0,
22,PRC_U2S5S1G2V1D6B1M7P1E2G5R8R0J9I3,2216766,2026-03-12,295,216,210,0,6,295,210,0,6,79,1,True,True,match,0,0,0,
22,PRC_D2F5T1D1S2K8V2I2H2S6R1D9I2I7E5,2215421,2026-03-12,295,196,195,0,1,295,195,0,1,99,1,True,True,match,0,0,0,
22,PRC_D2J5P1W1G2K8U2Q2X1K9C2U8C4N2E1,2215420,2026-03-12,295,197,197,0,0,295,197,0,0,98,1,True,True,match,0,0,0,
22,PRC_K2V5Y1F1D2F1T1B6O1G3O1J2S6M9N8,2215127,2026-03-12,295,179,179,0,0,295,179,0,0,116,1,True,True,match,0,0,0,
22,PRC_J2X5F1Y1S2J1Z1N7F2G0Y1S3H3W9E6,2214896,2026-03-12,295,202,201,0,1,295,201,0,1,93,1,True,True,match,0,0,0,
22,PRC_D2Y5V1V1C2R1L1C7Q1X2P2S3D8W6K1,2214864,2026-03-12,295,205,205,0,0,295,205,0,0,90,1,True,True,match,0,0,0,
22,PRC_N2O5O1W1T2N1R1G6E4N8D5V6V7Z7A2,2214861,2026-03-12,295,203,197,0,6,295,197,0,6,92,1,True,True,match,0,0,0,
22,PRC_U2P5O1N1H1E9W1K3Y0X5U3Y4Q3E6D5,2214613,2026-03-12,295,175,169,1,5,295,169,1,5,120,1,True,True,match,0,0,0,
22,PRC_C2B5B1A1Y1Y7G0H9F2G2E3D4D6Z9A9,2214392,2026-03-12,295,206,206,0,0,295,206,0,0,89,1,True,True,match,0,0,0,
22,ARC_X2K5C1R0X0K2T1Z0D4L2Y3X3D5U9B2,2213456,2026-03-12,295,200,200,0,0,295,200,0,0,95,1,True,True,match,0,0,0,
22,PRC_P2N5N0V9V1U7S1T4R2S3A0A3Z7Z8Y5,2213222,2026-03-12,295,202,185,5,12,295,185,5,12,93,1,True,True,match,0,0,0,
22,PRC_Z2Z5Y0E9D0C5B1J6I5H3G5O8N6M2L3,2212839,2026-03-12,295,180,180,0,0,295,180,0,0,115,1,True,True,match,0,0,0,
22,PRC_D2A5D0K7J3Q1P1O8U0T9S0R1P2V6V0,2212304,2026-03-12,295,182,181,0,1,295,181,0,1,113,1,True,True,match,0,0,0,
22,PRC_R2Q5P0P8V0U7T1Q3M3L6U5T5S5Y6X9,2212102,2026-03-12,295,202,195,1,6,295,195,1,6,93,1,True,True,match,0,0,0,
22,PRC_A2A5Y0Z7X2Y8G1H2F5F0D1E6C9D3L0,2212032,2026-03-12,295,209,209,0,0,295,209,0,0,86,1,True,True,match,0,0,0,
22,PRC_I2J5H0I6G2H7F1F7O4M1M5L4L2K5K9,2211406,2026-03-12,295,200,187,0,13,295,187,0,13,95,1,True,True,match,0,0,0,
22,PRC_L2J5K0I6J1H0P1Q7O0P6N0N9M8U8U7,2210864,2026-03-12,295,181,181,0,0,295,181,0,0,114,1,True,True,match,0,0,0,
22,PRC_C2A5B0Z6A1I0I1G0H2F7E5E4A5A2Y8,2210739,2026-03-12,295,214,210,1,3,295,210,1,3,81,1,True,True,match,0,0,0,
22,PRC_J2J5R0Q5Q0O7P0N9O1W0U5V7U8U3S4,2210400,2026-03-12,295,175,171,0,4,295,171,0,4,120,1,True,True,match,0,0,0,
22,PRC_T2S5R0Q3Y1X7W1V0E4C0C0A3J3H7E7,2210392,2026-03-12,295,187,186,0,1,295,186,0,1,108,1,True,True,match,0,0,0,
22,PRC_E2F5D0D4Z1Y0Y1W8X0V4W5E0E9D8D1,2210220,2026-03-12,295,177,175,0,2,295,175,0,2,118,1,True,True,match,0,0,0,
22,PRC_C2D5B0B4J0K2I1J5H2I5G1W9X0V6V1,2209788,2026-03-12,295,190,189,0,1,295,189,0,1,105,1,True,True,match,0,0,0,
22,PRC_F2E5E0D3B2K7I1J1I5G0C5B5C4A4N2,2209451,2026-03-12,295,176,169,1,6,295,169,1,6,119,1,True,True,match,0,0,0,
22,PRC_U2V5T0T3S0T5O1N4N3L1M4L5L7T3R1,2208919,2026-03-12,295,189,189,0,0,295,189,0,0,106,1,True,True,match,0,0,0,
22,PRC_O2P5X0X2W1U0V0T7U4P9Q3O8P2N5L8,2208084,2026-03-12,295,211,211,0,0,295,211,0,0,84,1,True,True,match,0,0,0,
22,PRC_O2P5L0L2J1I0J0H8H0Q8Q2O2P2O8M0,2208081,2026-03-12,295,210,210,0,0,295,210,0,0,85,1,True,True,match,0,0,0,
22,PRC_D2E4C1D1B1C3K1I4I4H8I3G4G6O1N3,2207515,2026-03-12,295,191,191,0,0,295,191,0,0,104,1,True,True,match,0,0,0,
22,PRC_W2U5V0T1T1C3A1A7Y4Z3Y3Y4G4F2F6,2207501,2026-03-12,295,185,176,6,3,295,176,6,3,110,1,True,True,match,0,0,0,
22,PRC_S2R4S1R0Z2X5W1V7W0E1D1B5Z1W7X3,2205752,2026-03-12,295,192,192,0,0,295,192,0,0,103,1,True,True,match,0,0,0,
22,PRC_X2W4E0D9A2I6H0G9F5N9M1M6K7E6D8,2205724,2026-03-12,295,189,188,0,1,295,188,0,1,106,1,True,True,match,0,0,0,
22,PRC_S2S4Q0R9Q0Q9O1P3L2J7J5I6J7H4H4,2205290,2026-03-12,295,198,198,0,0,295,198,0,0,97,1,True,True,match,0,0,0,
22,PRC_W2E4F0D9E0C9D0B9B2J3K5I5H0H8F9,2204480,2026-03-12,295,186,181,0,5,295,181,0,5,109,1,True,True,match,0,0,0,
22,PRC_N2O4M0N8L2L7K1S6S2R2S2Q4Q5P4X2,2203529,2026-03-12,295,172,169,1,2,295,169,1,2,123,1,True,True,match,0,0,0,
22,PRC_A2A4Z0Z7H3I1G1H3F4F5E4A5A5Y8Z8,2202724,2026-03-12,295,181,175,0,6,295,175,0,6,114,1,True,True,match,0,0,0,
22,ARC_S2E4D0V6K2H7F1N6J0D6Y1F1I8C8C0,2201057,2026-03-12,295,175,172,1,2,295,172,1,2,120,1,True,True,match,0,0,0,
22,PRC_A2C4Z0I6F2E0M1K5I3R2Q1M0L2R6R8,2200924,2026-03-12,295,183,181,0,2,295,181,0,2,112,1,True,True,match,0,0,0,
22,PRC_R2T4X0K6I0Y5A1T4H2G5F5O2I9V2R0,2200146,2026-03-12,295,186,186,0,0,295,186,0,0,109,1,True,True,match,0,0,0,
22,PRC_T2M6W0F2I1W2T1X7T4K2Q5A9J4P2M5,2216983,2026-03-01,296,173,165,2,6,296,165,2,6,123,1,True,True,match,0,0,0,
22,PRC_T2N6Q0C2A1L2A1U7V4Y1E4X3K6J7J9,2216981,2026-03-01,296,175,159,2,14,296,159,2,14,121,1,True,True,match,0,0,0,
22,PRC_I2I6S0A2X2B8Y2H0Q0V0T0C3V9Q6E2,2216968,2026-03-01,296,176,176,0,0,296,176,0,0,120,1,True,True,match,0,0,0,
22,PRC_Y2R6X0Y1R0L7O1W3Q1G8V0B1A1H3O4,2216768,2026-03-01,296,175,173,2,0,296,173,2,0,121,1,True,True,match,0,0,0,
22,PRC_H2W6O0K2D1T1Y2B0O5J2K5Q5A8Z0Y3,2216843,2026-02-28,296,247,173,73,1,296,173,73,1,49,1,True,True,match,0,0,0,
22,PRC_B2I6U0N2J1P1G1H3T4O6B1X7U3F7O6,2216845,2026-02-27,296,225,162,63,0,296,162,63,0,71,1,True,True,match,0,0,0,
22,PRC_L2C6H0G2N2C5D1Q6B1C6K2J5N0A4Y1,2214935,2026-02-26,296,170,163,3,4,296,163,3,4,126,1,True,True,match,0,0,0,
22,PRC_N2R6C0E2U2V0Z1M8N3K2V5H0N9L2L8,2216966,2026-02-25,296,176,175,0,1,296,175,0,1,120,1,True,True,match,0,0,0,
22,PRC_D2H6F0Q2K0E5Y1S4I1M9Z5Q3J3Y3E5,2216797,2026-02-12,296,157,152,1,4,296,152,1,4,139,1,True,True,match,0,0,0,
22,PRC_J2F6H0Y2M0L5K2S0T2F2A0Q6M5G5G1,2216796,2026-02-12,296,156,156,0,0,296,156,0,0,140,1,True,True,match,0,0,0,
22,PRC_U2H6G0O2P0N5A2F0P3B7U1S6O3V5L9,2216795,2026-02-12,296,155,155,0,0,296,155,0,0,141,1,True,True,match,0,0,0,
22,PRC_S2B6R0K2D0H5R2T0Z3G9Z0Y4N0O0P2,2216794,2026-02-12,296,156,156,0,0,296,156,0,0,140,1,True,True,match,0,0,0,
22,PRC_S2T6D0L2I0W5G2V0R3G3O5P0A9S2G2,2216790,2026-02-12,296,158,158,0,0,296,158,0,0,138,1,True,True,match,0,0,0,
22,PRC_Q2T6V0M2Q0K5T2K0O2Q8B1G9B8X5W8,2216789,2026-02-12,296,158,158,0,0,296,158,0,0,138,1,True,True,match,0,0,0,
22,PRC_V2U6W0V2S0T4U1X8J0F2L2N9I9C2M7,2216787,2026-02-12,296,155,155,0,0,296,155,0,0,141,1,True,True,match,0,0,0,
22,PRC_Q2D5E1A2Z1G5Y1P7G0P1M4F7I6V2K4,2216783,2026-02-12,296,156,155,0,1,296,155,0,1,140,1,True,True,match,0,0,0,
22,PRC_Q2Y5V1I2N1T6Z1J6E1I8P5D9Z9Y1T7,2216774,2026-02-12,296,159,157,0,2,296,157,0,2,137,1,True,True,match,0,0,0,
22,PRC_O2G5M1Z2H1D6R1T6J1I0B0S2T3V4J2,2216773,2026-02-12,296,158,156,0,2,296,156,0,2,138,1,True,True,match,0,0,0,
22,PRC_B2Z5A1D2M1R6P1J6H2K5Q2Z9N8R0P3,2216772,2026-02-12,296,158,158,0,0,296,158,0,0,138,1,True,True,match,0,0,0,
22,PRC_H2L5L1K2L1N6L1D6W1X7N2P6X7S2P9,2216770,2026-02-12,296,158,158,0,0,296,158,0,0,138,1,True,True,match,0,0,0,
22,PRC_R2D5B1V2U1M6M1N7V1A5M5S3V3S2U9,2216767,2026-02-12,296,158,158,0,0,296,158,0,0,138,1,True,True,match,0,0,0,
22,PRC_A2S5H1A2H1P6H1F7Q1T0L0F4E9E5Y3,2216765,2026-02-12,296,158,158,0,0,296,158,0,0,138,1,True,True,match,0,0,0,
22,PRC_R2K5N1V1I2J6F1M9X4M4T3N2M4G5K3,2216764,2026-02-12,296,157,156,0,1,296,156,0,1,139,1,True,True,match,0,0,0,
22,PRC_Y2J5M1E2A1L0X1N0U1Z5A4O6H3K9O2,2216760,2026-02-12,296,159,139,10,10,296,139,10,10,137,1,True,True,match,0,0,0,
22,PRC_T2Y6G0T1A2J0F1S3O5K6S3W2Y0G9D4,2216746,2026-02-12,296,155,155,0,0,296,155,0,0,141,1,True,True,match,0,0,0,
22,PRC_Q2T6N0U2U0X3U1E8O1C9U1Q4S7Z1P4,2216609,2026-02-12,296,158,158,0,0,296,158,0,0,138,1,True,True,match,0,0,0,
22,PRC_Y2V6X0K2Y0E3A1A8R2L3K5B7Q3U4A0,2216608,2026-02-12,296,158,158,0,0,296,158,0,0,138,1,True,True,match,0,0,0,
22,PRC_G2Y6R0Q2C0I3O1M8W2K1C5G5T2X4M3,2216606,2026-02-12,296,159,159,0,0,296,159,0,0,137,1,True,True,match,0,0,0,
22,PRC_I2N6M0Z2U0W3N1W8X1B5H1F9M5B9K9,2216604,2026-02-12,296,160,160,0,0,296,160,0,0,136,1,True,True,match,0,0,0,
22,PRC_B2S6B0Q2S0R3P1B8W3M0H2D5A5W5R5,2216598,2026-02-12,296,161,161,0,0,296,161,0,0,135,1,True,True,match,0,0,0,
22,PRC_R2T6M0T2M0U3X1Y8D3R1F3C8X0I8Q1,2216597,2026-02-12,296,160,160,0,0,296,160,0,0,136,1,True,True,match,0,0,0,
22,PRC_S2T6Q0I2W0C3N1D8E2P5M4F7E5R0J4,2216595,2026-02-12,296,161,161,0,0,296,161,0,0,135,1,True,True,match,0,0,0,
22,PRC_L2Y6Q0I2G0D3U1R8I2E7T4C7K1I5D0,2216590,2026-02-12,296,161,161,0,0,296,161,0,0,135,1,True,True,match,0,0,0,
22,PRC_U2P6G0F2E0K3V1E8X0L5L0L0M9J1P7,2216589,2026-02-12,296,157,157,0,0,296,157,0,0,139,1,True,True,match,0,0,0,
22,PRC_G2Y6D0K1T2A6G1T6Q0B4L0B0Q2J2X8,2216449,2026-02-12,296,155,155,0,0,296,155,0,0,141,1,True,True,match,0,0,0,
22,PRC_J2S5C1P2L0Z4I1N2O0H5U1X9F5X8N3,2215433,2026-02-12,296,157,157,0,0,296,157,0,0,139,1,True,True,match,0,0,0,
22,PRC_M2U5P1D1T2F8D2S2S2L7G5J5M4K8Y0,2215419,2026-02-12,296,158,158,0,0,296,158,0,0,138,1,True,True,match,0,0,0,
22,PRC_J2M5U1Q2N0U9Y1W3J0D3D1O4J6B9R2,2215415,2026-02-12,296,157,157,0,0,296,157,0,0,139,1,True,True,match,0,0,0,
22,PRC_S2C5L1C2Y0R9X1D3B0H2N4C5N8I4Z9,2215411,2026-02-12,296,155,149,3,3,296,149,3,3,141,1,True,True,match,0,0,0,
22,PRC_Y2Y5M1O2D0E9K1F5X0A2V2D1D0W1N1,2215409,2026-02-12,296,151,151,0,0,296,151,0,0,145,1,True,True,match,0,0,0,
22,PRC_J2W5O1O2Z0R9A1B2V5Y6K5D5G4V9B1,2215404,2026-02-12,296,156,156,0,0,296,156,0,0,140,1,True,True,match,0,0,0,
22,PRC_Y2O5X1F2P0F9D1E0O1R8M3C6A3K1B9,2215395,2026-02-12,296,159,159,0,0,296,159,0,0,137,1,True,True,match,0,0,0,
22,PRC_J2U5V1Z1L2F1T1Y5X4X5L3L5C0Y9R3,2215139,2026-02-12,296,157,157,0,0,296,157,0,0,139,1,True,True,match,0,0,0,
22,PRC_P2F5G1T1Y2Q1X1X7T1Y8Z3N7T6S4H6,2215138,2026-02-12,296,157,157,0,0,296,157,0,0,139,1,True,True,match,0,0,0,
22,PRC_Q2A5X1E1N2R1K1H5N5L0P0W5U9X3S4,2215137,2026-02-12,296,158,158,0,0,296,158,0,0,138,1,True,True,match,0,0,0,
22,PRC_Z2R5S1F1Y2I1G1W5Y5K1V5E7Y0Y3P4,2215131,2026-02-12,296,158,158,0,0,296,158,0,0,138,1,True,True,match,0,0,0,
22,PRC_Y2X5Q1D1N2M1I1A5P4C0I3Y2V2H2F5,2215129,2026-02-12,296,156,156,0,0,296,156,0,0,140,1,True,True,match,0,0,0,
22,PRC_K2B5Z0A9H2L3F1I8P3O1N1S5N5D5D6,2215121,2026-02-12,296,158,157,0,1,296,157,0,1,138,1,True,True,match,0,0,0,
22,PRC_Y2X5R1Y1B2A5Z1X2B0U4U0A0D3I5K4,2215117,2026-02-12,296,156,152,0,4,296,152,0,4,140,1,True,True,match,0,0,0,
22,PRC_T2M5T1W1C2E5S1J7G2I0Z4Z0F8J7F8,2215115,2026-02-12,296,159,159,0,0,296,159,0,0,137,1,True,True,match,0,0,0,
22,PRC_X2M5F1I1U2Y6R2R0I1W3H4Y8D0J7T6,2215107,2026-02-12,296,158,158,0,0,296,158,0,0,138,1,True,True,match,0,0,0,
22,PRC_B2J5K1D1Q2S6K2M0T1V5Z2F6U4Y3F6,2215106,2026-02-12,296,158,158,0,0,296,158,0,0,138,1,True,True,match,0,0,0,
22,PRC_U2G5N1Y1C2K6D2H0K2Y1F2Q2Q8Q2D3,2215105,2026-02-12,296,159,157,0,2,296,157,0,2,137,1,True,True,match,0,0,0,
22,PRC_N2S5E1K2O0K4N1N1Q5F4P0Q2Q0F6V7,2215098,2026-02-12,296,157,157,0,0,296,157,0,0,139,1,True,True,match,0,0,0,
22,PRC_W2D5M1F1S2A4F0Y8I3L1A4G4T5M6H2,2214860,2026-02-12,296,157,156,0,1,296,156,0,1,139,1,True,True,match,0,0,0,
22,PRC_C2B5J0I9H1F7O1M6N2M1K0G2F8G2E0,2213212,2026-02-12,296,157,157,0,0,296,157,0,0,139,1,True,True,match,0,0,0,
22,PRC_Y2G5F0D8C1Y9Z1X4W1V9D1E1C9B0F6,2212574,2026-02-12,296,155,155,0,0,296,155,0,0,141,1,True,True,match,0,0,0,
22,PRC_G2H5F0G7V2V8U1S4T2R0R5A3A2Y9Z6,2211818,2026-02-12,296,157,156,0,1,296,156,0,1,139,1,True,True,match,0,0,0,
22,PRC_B2B5A0V5W1U5V0T9U5S3T1B7Z3Z6Y5,2210637,2026-02-12,296,158,158,0,0,296,158,0,0,138,1,True,True,match,0,0,0,
22,ARC_L2H5D0B5P1N5Y1E0Y5U8U5B9E5W8O9,2210530,2026-02-12,296,156,155,1,0,296,155,1,0,140,1,True,True,match,0,0,0,
22,PRC_A2I5H0H4F3G0E0E8M5N9L0M0L0J3J3,2210492,2026-02-12,296,157,157,0,0,296,157,0,0,139,1,True,True,match,0,0,0,
22,PRC_B2Z5A0Z3X2N7M1N5L0Z2V0U7S9R7S8,2209746,2026-02-12,296,157,155,0,2,296,155,0,2,139,1,True,True,match,0,0,0,
22,PRC_P2X5X0E3D1C7B1H7H1G8C2B1K3H8Q4,2209202,2026-02-12,296,156,156,0,0,296,156,0,0,140,1,True,True,match,0,0,0,
22,PRC_G2O5O0N3L0M6K1K4T3T8R5S1Q5R9P1,2208712,2026-02-12,296,159,159,0,0,296,159,0,0,137,1,True,True,match,0,0,0,
22,PRC_D2L5K0K2I2J1I1I7U4V7U3S4S2Q2S7,2208397,2026-02-12,296,158,158,0,0,296,158,0,0,138,1,True,True,match,0,0,0,
22,PRC_F2D4C1D1K1L5K1K1J1H0H5Q3Q2O3P9,2208343,2026-02-12,296,158,157,0,1,296,157,0,1,138,1,True,True,match,0,0,0,
22,PRC_U2S4R1R1P2Q6Y0Z9X5V0W3U4V9D9D9,2208202,2026-02-12,296,159,159,0,0,296,159,0,0,137,1,True,True,match,0,0,0,
22,ARC_F2G4G1C2H1J2H1L4B4H3Y1E5X0W4H9,2206419,2026-02-12,296,156,156,0,0,296,156,0,0,140,1,True,True,match,0,0,0,
22,PRC_K2I4P1Q1P2P6N1O0N1I0J5H4I9G0H7,2205877,2026-02-12,296,160,160,0,0,296,160,0,0,136,1,True,True,match,0,0,0,
22,PRC_R2M4N1M1M1K3L1K4R2S0Q5R0P2Q5O4,2205723,2026-02-12,296,155,155,0,0,296,155,0,0,141,1,True,True,match,0,0,0,
22,PRC_E2F4D0E7M1M0K1J6K0I3I2R5R7P1O3,2202507,2026-02-12,296,156,155,0,1,296,155,0,1,140,1,True,True,match,0,0,0,
22,PRC_S2R4P0Q6Y2W1V1U5U1D4C3A4Z4Z8H1,2202154,2026-02-12,296,158,158,0,0,296,158,0,0,138,1,True,True,match,0,0,0,
22,PRC_L2L4T0T6S1T2R1R7Q5Q0Y3X8X9V8W0,2201018,2026-02-12,296,160,160,0,0,296,160,0,0,136,1,True,True,match,0,0,0,
22,PRC_I2R6N0V2Y0J9X1R3I1H5T5K8Z8Y3M2,2216662,2026-02-09,296,164,160,3,1,296,160,3,1,132,1,True,True,match,0,0,0,
22,PRC_L2J5K1J2H2H3P1P2O1P5N1N5M1U5U1,2215553,2026-01-29,296,239,166,46,27,296,166,46,27,57,1,True,True,match,0,0,0,
22,PRC_T2D5M1Z2Z1D0Q1N0M0H7A0O9F5N8E5,2215440,2026-01-29,296,225,225,0,0,296,225,0,0,71,1,True,True,match,0,0,0,
22,PRC_S2R5O1J2M0J4Y1Q0Y5J2G4A9K4X0B8,2215432,2026-01-29,296,242,241,1,0,296,241,1,0,54,1,True,True,match,0,0,0,
22,PRC_R2T5B1O2S0Z1K1R9S1D7P2P0N9M5C1,2215423,2026-01-29,296,204,203,0,1,296,203,0,1,92,1,True,True,match,0,0,0,
22,PRC_Q2E5N1P1F2M8T2T1N5E8P5P7V8S4O5,2215417,2026-01-29,296,204,203,0,1,296,203,0,1,92,1,True,True,match,0,0,0,
22,PRC_A2Q5I1R2E0P9I1N3O0Z2P1F2G8G3B0,2215412,2026-01-29,296,197,197,0,0,296,197,0,0,99,1,True,True,match,0,0,0,
22,PRC_N2T5N1U2Y0G9B1Y3T0F1M2U6E7Y6W5,2215410,2026-01-29,296,194,194,0,0,296,194,0,0,102,1,True,True,match,0,0,0,
22,PRC_O2F5V1L2L0C9L1C3G0H0I5L5E2D0U0,2215408,2026-01-29,296,201,199,0,2,296,199,0,2,95,1,True,True,match,0,0,0,
22,PRC_L2J5Y1R2O0O9F1C2D5G8Y3W2O8B2V0,2215407,2026-01-29,296,198,197,0,1,296,197,0,1,98,1,True,True,match,0,0,0,
22,PRC_G2T5F1J2L0R9L1J2P5M9D4V6T6C2S7,2215403,2026-01-29,296,199,199,0,0,296,199,0,0,97,1,True,True,match,0,0,0,
22,PRC_J2Z5N1G1P2Q0X1Y5U4Z1K0A9N4V9K4,2215402,2026-01-29,296,205,205,0,0,296,205,0,0,91,1,True,True,match,0,0,0,
22,PRC_H2S5U1Q2Z0P9O1V0D2S0N5I6X7B0T2,2215396,2026-01-29,296,230,230,0,0,296,230,0,0,66,1,True,True,match,0,0,0,
22,PRC_V2M5O1V2S1M5X1D4F0R4E2G2Z0B0Z0,2215394,2026-01-29,296,205,204,0,1,296,204,0,1,91,1,True,True,match,0,0,0,
22,PRC_O2Q5Z1O2I1X7Q1N7K2O8Y1G0B6F6X6,2215392,2026-01-29,296,234,201,9,24,296,201,9,24,62,1,True,True,match,0,0,0,
22,PRC_T2C5S1N2G1I5T1A4Q0N2M0L6M7E0R9,2215389,2026-01-29,296,201,198,0,3,296,198,0,3,95,1,True,True,match,0,0,0,
22,PRC_H2A5D1Z1P2K1S1G6X0P8N1A6D3T7E3,2215136,2026-01-29,296,193,191,0,2,296,191,0,2,103,1,True,True,match,0,0,0,
22,PRC_A2V5D1D1C2J1T1I6O0C9G4V4E9C9E8,2215134,2026-01-29,296,198,196,0,2,296,196,0,2,98,1,True,True,match,0,0,0,
22,PRC_A2G5E1A1Y2K1Q1B6B2S3O1E1G6O7Z0,2215133,2026-01-29,296,196,190,2,4,296,190,2,4,100,1,True,True,match,0,0,0,
22,PRC_J2B5O1U1J2K1I1P5I4L8M3S4T3R7Y0,2215132,2026-01-29,296,194,194,0,0,296,194,0,0,102,1,True,True,match,0,0,0,
22,PRC_L2N5T1Q1P2S1O1W6F0O5L4X8N0M2N9,2215130,2026-01-29,296,197,197,0,0,296,197,0,0,99,1,True,True,match,0,0,0,
22,PRC_G2Z5L1L1C2F1O1S6A0I6O4J4T5B8G3,2215128,2026-01-29,296,197,195,0,2,296,196,0,1,99,1,False,False,mismatch,-1,0,1,"UNEXPLAINED: counts differ from the tally beyond missing member rows, so at least one recorded vote differs from the tally"
22,PRC_W2X5E1X1Y2C0W1X5P5H0M3C0P2V7F4,2215125,2026-01-29,296,198,194,2,2,296,194,2,2,98,1,True,True,match,0,0,0,
22,PRC_K2W5A1K1O1U8Q1I5K5D2M2J5G2A1X9,2215124,2026-01-29,296,196,195,0,1,296,195,0,1,100,1,True,True,match,0,0,0,
22,PRC_O2S5G1K1J2B0A1V5V4T9M2E3D2E5R8,2215123,2026-01-29,296,202,202,0,0,296,202,0,0,94,1,True,True,match,0,0,0,
22,PRC_I2V5K1T1K2X0X1L5F5Y1Q0J0J9C8P4,2215122,2026-01-29,296,201,199,1,1,296,199,1,1,95,1,True,True,match,0,0,0,
22,PRC_M2Z5X1Q1U2D6M1P9A5U0W0W9U4K8A8,2215120,2026-01-29,296,236,234,0,2,296,234,0,2,60,1,True,True,match,0,0,0,
22,PRC_P2F5R1K1I2H6T1Y9P5B1U2W8O1P6T7,2215119,2026-01-29,296,232,231,0,1,296,231,0,1,64,1,True,True,match,0,0,0,
22,PRC_P2H5H1R1Z2H6K1L9B4S9Y0I8C2W1Z3,2215118,2026-01-29,296,234,231,0,3,296,231,0,3,62,1,True,True,match,0,0,0,
22,PRC_M2Z5Z1R1T2R6D2D0X0S8K4D7I7T6V9,2215112,2026-01-29,296,214,213,0,1,296,213,0,1,82,1,True,True,match,0,0,0,
22,PRC_R2P5E1M1Y2J6U1Y9Z4E0Q5D3R2I8Z2,2215111,2026-01-29,296,230,221,2,7,296,221,2,7,66,1,True,True,match,0,0,0,
22,PRC_H2J5F1G1N2W6V1W9P3T8P5Z1O5B7Q6,2215110,2026-01-29,296,231,224,2,5,296,224,2,5,65,1,True,True,match,0,0,0,
22,PRC_L2K5N1W1M2B6R1T9V4N7L3G7T9A6B4,2215108,2026-01-29,296,234,232,0,2,296,232,0,2,62,1,True,True,match,0,0,0,
22,PRC_I2H5C1L2T0K4O1G5F1O7V3B6R8A0X5,2215103,2026-01-29,296,206,199,0,7,296,199,0,7,90,1,True,True,match,0,0,0,
22,PRC_M2H5W1F1K2N6J1M3I4G7B5V0I1C9L4,2214902,2026-01-29,296,243,237,0,6,296,237,0,6,53,1,True,True,match,0,0,0,
22,PRC_F2V5O1X1T2A6X1H3M3S7Y5J8H4L5S7,2214894,2026-01-29,296,247,246,0,1,296,246,0,1,49,1,True,True,match,0,0,0,
22,PRC_G2L5C1K1A2Q6S1B3G5L7J4X4L1C0A0,2214891,2026-01-29,296,249,249,0,0,296,249,0,0,47,1,True,True,match,0,0,0,
22,PRC_W2B5E1N1E2B6U1G3Q5D5Q2D9T3C9D1,2214890,2026-01-29,296,246,245,1,0,296,245,1,0,50,1,True,True,match,0,0,0,
22,PRC_D2F5K1Z1N2V6D1K3Y5L9Q0N6O2Y7W5,2214885,2026-01-29,296,248,248,0,0,296,248,0,0,48,1,True,True,match,0,0,0,
22,PRC_N2K5X1Y1T2L6C1H4X0T0F3P1S6P0R7,2214882,2026-01-29,296,245,244,0,1,296,244,0,1,51,1,True,True,match,0,0,0,
22,PRC_O2R5Y1V1L2S4H1C6Q3A3M1H8K6B8Z2,2214881,2026-01-29,296,205,203,0,2,296,203,0,2,91,1,True,True,match,0,0,0,
22,PRC_R2J5J1G1M2Z6M1U4T0V3J2W5X4U2F0,2214878,2026-01-29,296,249,249,0,0,296,249,0,0,47,1,True,True,match,0,0,0,
22,PRC_N2K5H1S1Q2C6T1O3V5U2N1L0D1L6O7,2214877,2026-01-29,296,245,243,0,2,296,243,0,2,51,1,True,True,match,0,0,0,
22,PRC_M2A5D1C1N2T4I1Y6I4C0H4W4P6J0Z7,2214875,2026-01-29,296,194,168,8,18,296,168,8,18,102,1,True,True,match,0,0,0,
22,PRC_D2D5Y1Y1P2H6W1Z3W5A6Q2U6B5F4I8,2214873,2026-01-29,296,244,243,0,1,296,243,0,1,52,1,True,True,match,0,0,0,
22,PRC_X2I5P1X1S2F6N1V4U0A2V0G1R1V8I3,2214871,2026-01-29,296,234,230,0,4,296,230,0,4,62,1,True,True,match,0,0,0,
22,PRC_B2P5W1M1L2X4P1L6V4M4G0P2A0F9T2,2214867,2026-01-29,296,204,203,0,1,296,203,0,1,92,1,True,True,match,0,0,0,
22,PRC_P2I5J1I1F2X6O1F6Q3H8N3U9Q0Y8Z8,2214866,2026-01-29,296,197,119,39,39,296,119,39,39,99,1,True,True,match,0,0,0,
22,PRC_U2V5U1Y1S2E4H1G6L3Q4X5N4F6S2U3,2214865,2026-01-29,296,206,203,0,3,296,203,0,3,90,1,True,True,match,0,0,0,
22,PRC_N2V5R1K1D2L4M0R8H3M2D5U6F1U6K9,2214863,2026-01-29,296,223,223,0,0,296,223,0,0,73,1,True,True,match,0,0,0,
22,PRC_K2M5C1D1N2L1A1X7U0U2J3A9Q1U7L9,2214862,2026-01-29,296,218,211,1,6,296,211,1,6,78,1,True,True,match,0,0,0,
22,PRC_W2Y5J1A1K2T4I1Y6N4B3C2D1Z2N0I6,2214854,2026-01-29,296,203,198,2,3,296,198,2,3,93,1,True,True,match,0,0,0,
22,PRC_M2T5E1F1G2J4H1A6O4V1O1C4C7R7O7,2214852,2026-01-29,296,202,199,0,3,296,199,0,3,94,1,True,True,match,0,0,0,
22,PRC_N2B5X1P1A2B6Q1V6S3P7D4U1A4H7A9,2214848,2026-01-29,296,205,203,0,2,296,203,0,2,91,1,True,True,match,0,0,0,
22,PRC_Q2W6W0W1P2S9N1S1K4P0O1O8J7S4F7,2214834,2026-01-29,296,239,186,41,12,296,186,41,12,57,1,True,True,match,0,0,0,
22,PRC_S2W5Z0V9N2W2V1F6V4O0S4N0A1V9Z8,2214178,2026-01-29,296,239,236,0,3,296,236,0,3,57,1,True,True,match,0,0,0,
22,PRC_P2I5R0U7F0Y7D1O3V1W6W4L6C1K2C2,2214172,2026-01-29,296,224,222,0,2,296,222,0,2,72,1,True,True,match,0,0,0,
22,PRC_P2Q5O1P0N1N2V1W6U0T8T5S4S7A6A1,2213834,2026-01-29,296,205,205,0,0,296,205,0,0,91,1,True,True,match,0,0,0,
22,ARC_L2Z5J1X0H2O1A1D4Y0I2F1Q7M3O8E4,2213655,2026-01-29,296,206,206,0,0,296,206,0,0,90,1,True,True,match,0,0,0,
22,PRC_T2B5C1A0Y1Z5X1Y0F1G2F3F2D3E4D9,2213601,2026-01-29,296,221,212,2,7,296,212,2,7,75,1,True,True,match,0,0,0,
22,PRC_X2U5T0U9J1I8H0F8O2M7N5M3K4S7R2,2213117,2026-01-29,296,237,221,2,14,296,221,2,14,59,1,True,True,match,0,0,0,
22,PRC_C2J5I0G9L0Q5N1J8G5F3N4N2M7S5R6,2212829,2026-01-29,296,194,194,0,0,296,194,0,0,102,1,True,True,match,0,0,0,
22,PRC_V2V5U0C8C2A7C1A1A3Z7G4H2G0G3E7,2212553,2026-01-29,296,221,221,0,0,296,221,0,0,75,1,True,True,match,0,0,0,
22,PRC_D2M5K0J8R1Q3O0P9O1K9J0I1G9P6N8,2212185,2026-01-29,296,191,184,0,7,296,184,0,7,105,1,True,True,match,0,0,0,
22,PRC_P2O5I0K8J1G1P1O1N1T9S1R9Q1A2Z9,2212136,2026-01-29,296,204,203,0,1,296,203,0,1,92,1,True,True,match,0,0,0,
22,PRC_U2H5G0F8E0M5L1K3J4P4O1N4V4U4T0,2212088,2026-01-29,296,229,228,0,1,296,228,0,1,67,1,True,True,match,0,0,0,
22,PRC_O2N5U0T7A3Z1Y1F0Z1G9F1M8L7I7E3,2211944,2026-01-29,296,240,230,0,10,296,230,0,10,56,1,True,True,match,0,0,0,
22,PRC_S2T5R0S7Q2R2G1G0F0F1E4C9C2K4L7,2211877,2026-01-29,296,219,218,0,1,296,218,0,1,77,1,True,True,match,0,0,0,
22,PRC_S2Q5R0P7Q1O8O1L4J0J9H5I5H4H0P4,2211676,2026-01-29,296,196,190,1,5,296,190,1,5,100,1,True,True,match,0,0,0,
22,PRC_U2S5T0B4Z0A3Y1Y5X4Y9F0G5E5D6D2,2210192,2026-01-29,296,223,222,1,0,296,222,1,0,73,1,True,True,match,0,0,0,
22,PRC_L2I5H0I3H2P6N0M9L0M7B3Z3Y1X8Y6,2209782,2026-01-29,296,197,194,0,3,296,194,0,3,99,1,True,True,match,0,0,0,
22,PRC_C2C5A0C1A0A6I1I5H1F2G5E7F5N6L3,2209642,2026-01-29,296,213,213,0,0,296,213,0,0,83,1,True,True,match,0,0,0,
22,PRC_S2Q5R0Z4X0Y2W1W5V4W5D0E7C8D6B9,2209594,2026-01-29,296,203,203,0,0,296,203,0,0,93,1,True,True,match,0,0,0,
22,PRC_C2B5J0I3H1P7O1L5U2T3R1R5N0V5V0,2209077,2026-01-29,296,199,196,0,3,296,196,0,3,97,1,True,True,match,0,0,0,
22,PRC_T2R5S0Q2R1Z7Z0X9Y2X7V3V5R1S8Q8,2208656,2026-01-29,296,202,202,0,0,296,202,0,0,94,1,True,True,match,0,0,0,
22,PRC_P2Q5O0O2N1O9V1W6V3T4T5S8S3A2B5,2208424,2026-01-29,296,231,228,0,3,296,228,0,3,65,1,True,True,match,0,0,0,
22,PRC_D2E5C0C1B2Z3A1V0W5U6V3T2U5S4S1,2207934,2026-01-29,296,209,209,0,0,296,209,0,0,87,1,True,True,match,0,0,0,
22,PRC_H2H4P1P2O0M2N1L8M1B6B0A1A4Z6X4,2207170,2026-01-29,296,199,194,0,5,296,194,0,5,97,1,True,True,match,0,0,0,
22,PRC_N2O4M1N1L1M1K1S4S1Q2S3Q2Q8O7X7,2206223,2026-01-29,296,201,201,0,0,296,201,0,0,95,1,True,True,match,0,0,0,
22,PRC_C2B4X1X1V2W6V0V9T4U5C5A4B8Z2A1,2206059,2026-01-29,296,204,204,0,0,296,204,0,0,92,1,True,True,match,0,0,0,
22,ARC_A2A4S1W1C2J2N1Z4I3X5E4M1V3I9W2,2205795,2026-01-29,296,217,217,0,0,296,217,0,0,79,1,True,True,match,0,0,0,
22,PRC_A2Z4Z1H1I0G7H1F1E2E2M4N1L9M3K0,2205462,2026-01-29,296,197,196,0,1,296,196,0,1,99,1,True,True,match,0,0,0,
22,PRC_W2X4W1U1U0T7T1B7C0A4Y5Z6Y5Y4G0,2205443,2026-01-29,296,195,195,0,0,296,195,0,0,101,1,True,True,match,0,0,0,
22,PRC_M2V4T1U0S1R5Z1Y8X0X9W2E1C8D1C6,2204914,2026-01-29,296,203,203,0,0,296,203,0,0,93,1,True,True,match,0,0,0,
22,PRC_M2U4T1R0S1Q4Z1X4X5F3E3D4E8C5Y0,2204742,2026-01-29,296,238,232,0,6,296,232,0,6,58,1,True,True,match,0,0,0,
22,PRC_M2M4K0L8J0K7S1S7R2P4Q4O3P0X6X1,2204675,2026-01-29,296,242,234,2,6,296,234,2,6,54,1,True,True,match,0,0,0,
22,PRC_G2H4F0G9E0F2D1L9M3K7K2I5J3I3I9,2204139,2026-01-29,296,238,234,0,4,296,234,0,4,58,1,True,True,match,0,0,0,
22,PRC_N2L4M0U9U1T1T1S4S1Q9Y2Z5X0Y3W7,2203973,2026-01-29,296,192,191,1,0,296,191,1,0,104,1,True,True,match,0,0,0,
22,PRC_W2E4F0D7E1C6A1B1W4Y0W5W1U5T2U4,2201973,2026-01-29,296,205,203,0,2,296,203,0,2,91,1,True,True,match,0,0,0,
22,PRC_O2P4N0O6M0N7L1T6U1S6T4R5S6Q1Q3,2201355,2026-01-29,296,242,242,0,0,296,242,0,0,54,1,True,True,match,0,0,0,
22,ARC_Q2H4W0P6O2L7G1D6T0R4Z2H6L6O0H0,2201054,2026-01-29,296,220,220,0,0,296,220,0,0,76,1,True,True,match,0,0,0,
22,PRC_T2R4S0Q6R0P7Q1X0W2X9V2V2U1U0C5,2200401,2026-01-29,296,200,199,0,1,296,199,0,1,96,1,True,True,match,0,0,0,
22,PRC_H2F5B1B2A2A2Z1Z1Y1Y8G3E1F6E3E5,2215487,2026-01-16,296,174,172,2,0,296,172,2,0,122,1,True,True,match,0,0,0,
22,PRC_B2B5W1R2J0X9V1R3N0R5M1A0Q1J0L0,2215414,2026-01-15,296,213,212,0,1,296,212,0,1,83,1,True,True,match,0,0,0,
22,PRC_L2S5A1G2U0Z9O1Y2W5F8K0A1C7D2Z6,2215413,2026-01-15,296,210,207,3,0,296,207,3,0,86,1,True,True,match,0,0,0,
22,PRC_V2G5Q1I2C0L9Z1F5D0U1M3A2A7G2O1,2215406,2026-01-15,296,210,207,3,0,296,207,3,0,86,1,True,True,match,0,0,0,
22,PRC_F2E5Y1Y1P2R6O2J0Y0I1B0D9V1L0P4,2215114,2026-01-15,296,214,214,0,0,296,214,0,0,82,1,True,True,match,0,0,0,
22,PRC_Z2V4M1A2M0E4F1K5Y2F5V5L3O7M4D5,2215113,2026-01-15,296,212,212,0,0,296,212,0,0,84,1,True,True,match,0,0,0,
22,PRC_R2G5Z1X1V2P8N0S9X2K9K2U3X6P7A6,2215099,2026-01-15,296,208,207,0,1,296,207,0,1,88,1,True,True,match,0,0,0,
22,PRC_R2W5X1N1R2Z6J1J3J4K1U1W5H4Z6J5,2214889,2026-01-15,296,211,210,0,1,296,210,0,1,85,1,True,True,match,0,0,0,
22,PRC_Z2T5Q1B1J2E6N1K3V4G3M1J5R9K8J0,2214887,2026-01-15,296,212,211,0,1,296,211,0,1,84,1,True,True,match,0,0,0,
22,PRC_F2H5M1Q1Y2R6A1J3G4I4K0T5S3H5P8,2214886,2026-01-15,296,214,212,0,2,296,212,0,2,82,1,True,True,match,0,0,0,
22,PRC_U2R5K1P1Q2U4Z1F6C4L4N4C7K7Q5I4,2214883,2026-01-15,296,212,212,0,0,296,212,0,0,84,1,True,True,match,0,0,0,
22,PRC_L2J5K0I8J2I7P1Q1O2P1N2M6M8U0V7,2212546,2026-01-15,296,213,208,0,5,296,208,0,5,83,1,True,True,match,0,0,0,
22,PRC_Y2X5T1T2T3N0N1S0S4C0O5W8E2O0A3,2215709,2025-12-30,298,228,227,1,0,298,227,1,0,70,1,True,True,match,0,0,0,
22,PRC_J2Q5J1B2J1X5S1I4O1Y4K4T0G0Z7E6,2215397,2025-12-30,298,232,229,2,1,298,229,2,1,66,1,True,True,match,0,0,0,
22,PRC_U2D5Q1C2Q1Q5G1J4K0Y3E5T0K1I2O9,2215393,2025-12-30,298,229,225,2,2,298,225,2,2,69,1,True,True,match,0,0,0,
22,PRC_S2J5Q1C2W0F9G1N8M2R7W3C5Q1A3H4,2215140,2025-12-30,298,228,227,0,1,298,227,0,1,70,1,True,True,match,0,0,0,
22,PRC_S2F5S1Q1I2S1G1M5U4E6C4S6U0B9K9,2215135,2025-12-30,298,230,227,0,3,298,227,0,3,68,1,True,True,match,0,0,0,
22,PRC_X2K5E1X1J2P1Y1Q7O0W8F1P9L8H5M2,2215126,2025-12-30,298,225,221,0,4,298,221,0,4,73,1,True,True,match,0,0,0,
22,PRC_H2H5C1Y1Z2K6L1I3B5O0Y5B0E2D4P8,2214874,2025-12-30,298,228,228,0,0,298,228,0,0,70,1,True,True,match,0,0,0,
22,PRC_X2W5S1I2J2K3A1G1A3M0N0R4A0Q3D2,2215443,2025-12-24,298,177,170,3,4,298,170,3,4,121,1,True,True,match,0,0,0,
22,PRC_P2F5W1P2C2R2F0W9Y4E9T1W5L3X2R4,2214933,2025-12-23,298,179,175,2,2,298,175,2,2,119,1,True,True,match,0,0,0,
22,PRC_X2X5W1K2I1Y9S1P6W5X8D5A6P0V8Q4,2215464,2025-12-22,298,246,245,0,1,298,245,0,1,52,1,True,True,match,0,0,0,
22,PRC_R2R5E1V2B1D2B1I7P1N4H1P2J0I0W9,2215375,2025-12-22,298,244,223,14,7,298,223,14,7,54,1,True,True,match,0,0,0,
22,PRC_G2Y5D1W1D2Z6L1R6O3E9Q1J3N8N7B7,2214849,2025-12-14,298,174,174,0,0,298,174,0,0,124,1,True,True,match,0,0,0,
22,PRC_J2L5Q1W2J1Z2A1M3L2U2K0C3V5U2A0,2207099,2025-12-13,298,171,170,1,0,298,170,1,0,127,1,True,True,match,0,0,0,
22,PRC_I2D5T1A2J0Z9V1I8R3S1S0Y5G2D2R7,2215141,2025-12-12,298,160,160,0,0,298,160,0,0,138,1,True,True,match,0,0,0,
22,PRC_D2O5A1I2O1O1W1T1F3A7P4C5R7D7X5,2215157,2025-12-11,298,251,250,0,1,298,250,0,1,47,1,True,True,match,0,0,0,
22,PRC_I2J4R0V6U2Q4O1N1O2N3V4U4S5R9S4,2201000,2025-12-11,298,241,238,0,3,298,238,0,3,57,1,True,True,match,0,0,0,
22,PRC_P2C5R0Z9V0C3E1S6Q1N1V3N3C9J5R0,2212669,2025-12-09,298,270,270,0,0,298,270,0,0,28,1,True,True,match,0,0,0,
22,PRC_M2N5R0C9J0Z3J1U6M1S1D0D5N9P6B9,2212668,2025-12-09,298,271,271,0,0,298,271,0,0,27,1,True,True,match,0,0,0,
22,PRC_D2N5L0P9G0C3D1Q6P1R0O3I6B4V3I0,2212667,2025-12-09,298,266,266,0,0,298,266,0,0,32,1,True,True,match,0,0,0,
22,PRC_Y2C5K1D1Y1F4G0P9W4Q2L1U9Y2U4B8,2214689,2025-12-03,298,228,171,36,21,298,171,36,21,70,1,True,True,match,0,0,0,
22,PRC_O2S5L1M0H0B1G1N7R2I2G5Z3V9T8M5,2213440,2025-12-03,298,251,243,2,6,298,243,2,6,47,1,True,True,match,0,0,0,
22,PRC_X2H5N1C0L0X1X1W7R2G1P3S4S8Q5K4,2213439,2025-12-03,298,252,242,5,5,298,242,5,5,46,1,True,True,match,0,0,0,
22,PRC_Y2R5N1T0G0J1V1W6G0V2Y1G1W0C0Q6,2213426,2025-12-03,298,253,252,0,1,298,252,0,1,45,1,True,True,match,0,0,0,
22,PRC_C2M5T0T6A0K2P1O6U4U6H3M7L2Y2J8,2210654,2025-12-03,298,253,252,0,1,298,252,0,1,45,1,True,True,match,0,0,0,
22,PRC_G2E5J0R2B1U4K1A5P0I2B1D8F6I1E7,2208171,2025-12-03,298,252,251,0,1,298,251,0,1,46,1,True,True,match,0,0,0,
22,PRC_X2D5E0W2Q1A4F1S4J5Z8J0R7F4A0C9,2208170,2025-12-03,298,254,252,0,2,298,252,0,2,44,1,True,True,match,0,0,0,
22,PRC_H2X5Z0U1D2P2N1X6Z3L0I2D4Z7Q0R3,2207723,2025-12-03,298,255,251,0,4,298,251,0,4,43,1,True,True,match,0,0,0,
22,PRC_B2B4Z0A8Y1G4H1F4G0E1F1D8E1A4Y4,2203078,2025-12-03,298,243,238,1,4,298,238,1,4,55,1,True,True,match,0,0,0,
22,PRC_H2L5Z1Z1D2H8G1A5D1X1Z2H9I2P6L3,2214738,2025-12-02,298,243,201,18,24,298,201,18,24,55,1,True,True,match,0,0,0,
22,PRC_Y2S5L1W1F2N8S1G4A2C0F1D2S4I7Q7,2214737,2025-12-02,298,233,224,5,4,298,224,5,4,65,1,True,True,match,0,0,0,
22,PRC_U2P5W1I1O2N8J0B9E3A3S0O8E4A0S7,2214736,2025-12-02,298,237,234,0,3,298,234,0,3,61,1,True,True,match,0,0,0,
22,PRC_I2C5P1P1F2R8X0D9J2R8L0F2D6R8H7,2214735,2025-12-02,298,236,231,2,3,298,231,2,3,62,1,True,True,match,0,0,0,
22,PRC_B2P5I1V1L2Q8C0G9D2A7U0D8B9R0J1,2214734,2025-12-02,298,230,224,1,5,298,224,1,5,68,1,True,True,match,0,0,0,
22,PRC_G2T5L1C1G2S8I0K9I2J4Z1O3J1N1N2,2214733,2025-12-02,298,241,241,0,0,298,241,0,0,57,1,True,True,match,0,0,0,
22,PRC_D2Z5C1W1G2W8I0R7N5M9C2T7F8K5Y4,2214732,2025-12-02,298,234,221,4,9,298,221,4,9,64,1,True,True,match,0,0,0,
22,PRC_F2O5G1E1E2X6T1V9J4K6F1U1J5P4A6,2214731,2025-12-02,298,249,235,4,10,298,235,4,10,49,1,True,True,match,0,0,0,
22,PRC_E2V5Q1X1A2U5R1O5C0N6I2U2V7E5H1,2214730,2025-12-02,298,230,223,0,7,298,223,0,7,68,1,True,True,match,0,0,0,
22,PRC_Q2B5W1F1R1V9Q1B0Q5E7H3V1S8J7L2,2214617,2025-12-02,298,231,216,6,9,298,216,6,9,67,1,True,True,match,0,0,0,
22,PRC_P2W5O1F1N1Q9K1V0Y4G1P4V4U6C6V5,2214616,2025-12-02,298,234,226,4,4,298,226,4,4,64,1,True,True,match,0,0,0,
22,PRC_B2S5P0H8O2V6D1J1I3B2W5D9H3F5N8,2214614,2025-12-02,298,222,219,0,3,298,219,0,3,76,1,True,True,match,0,0,0,
22,PRC_O2V5P1T1V1P9Y1G0N5R4O1W6E6H8R2,2214612,2025-12-02,298,233,229,0,4,298,229,0,4,65,1,True,True,match,0,0,0,
22,PRC_C2U5B0L8Z2U6C1E1G3F5N3S4T7W4F4,2214610,2025-12-02,298,226,223,0,3,298,223,0,3,72,1,True,True,match,0,0,0,
22,PRC_W2G5H1C1W1W8K1S6T0L3F1I3S6S5X3,2214608,2025-12-02,298,233,231,0,2,298,231,0,2,65,1,True,True,match,0,0,0,
22,PRC_K2S5P1N1B2V0M1Y5H4D2N4R4Y9X1N9,2214607,2025-12-02,298,238,237,0,1,298,237,0,1,60,1,True,True,match,0,0,0,
22,PRC_W2Z5X1O1U1K8S1P6U0W4D4C0T7P0T4,2214606,2025-12-02,298,239,233,0,6,298,233,0,6,59,1,True,True,match,0,0,0,
22,PRC_I2S5C1A1K2R0E1K5J4X1W5V9D5L8B6,2214605,2025-12-02,298,233,232,0,1,298,232,0,1,65,1,True,True,match,0,0,0,
22,PRC_G2V5F1P1I2S5X2G0X1W8S4U0P5H4Y2,2214604,2025-12-02,298,239,188,22,29,298,188,22,29,59,1,True,True,match,0,0,0,
22,PRC_W2S5U1S1M2E5V2Y0K1V7C3F9D1L8Q5,2214603,2025-12-02,298,245,242,0,3,298,242,0,3,53,1,True,True,match,0,0,0,
22,PRC_H2H5V1J1W2Z5E2B0C1G0I4I6Z6P9G4,2214602,2025-12-02,298,246,243,0,3,298,243,0,3,52,1,True,True,match,0,0,0,
22,PRC_I2E5N1S1V2A0A1C5Z4F3F2H8D9K1P6,2214601,2025-12-02,298,234,234,0,0,298,234,0,0,64,1,True,True,match,0,0,0,
22,PRC_N2K5Z1M1T2X0V1B5F4P4E0K6G8M4W2,2214600,2025-12-02,298,238,238,0,0,298,238,0,0,60,1,True,True,match,0,0,0,
22,PRC_P2H5B1O1B1E8E1L4L1H4G2R7Q6A4R8,2214598,2025-12-02,298,238,238,0,0,298,238,0,0,60,1,True,True,match,0,0,0,
22,PRC_O2H5V1T1A2F5Y2B0D0K6J2L8A8L9R4,2214597,2025-12-02,298,244,238,0,6,298,238,0,6,54,1,True,True,match,0,0,0,
22,PRC_P2G5I1C1Y2C5J2F0T0V3T0X3K3V8H0,2214596,2025-12-02,298,246,243,0,3,298,243,0,3,52,1,True,True,match,0,0,0,
22,PRC_A2F5S1E1X2W0K1A5G3R9P2I5M7K0W6,2214595,2025-12-02,298,238,234,3,1,298,234,3,1,60,1,True,True,match,0,0,0,
22,PRC_K2A5M1S1T1A9A1U9X0X0D2U8R7Z6A1,2214592,2025-12-02,298,238,215,2,21,298,215,2,21,60,1,True,True,match,0,0,0,
22,PRC_E2S5N1C1D1T9B1X7G2T0Q2B0Z5Q5S0,2214590,2025-12-02,298,240,235,1,4,298,235,1,4,58,1,True,True,match,0,0,0,
22,PRC_T2I5B1C1E1M9J1T7E1S6A5J5E7L2P9,2214589,2025-12-02,298,239,238,0,1,298,238,0,1,59,1,True,True,match,0,0,0,
22,PRC_J2Y5J0K9K2H2C1U6K4K5Z2Y3V1I0X9,2214588,2025-12-02,298,250,247,0,3,298,247,0,3,48,1,True,True,match,0,0,0,
22,PRC_C2E5C0J9O2H3A1V8L2V9R3D0I5A1M9,2214199,2025-12-02,298,227,227,0,0,298,227,0,0,71,1,True,True,match,0,0,0,
22,PRC_R2O5J0I9B2F3A1L8J2J8S3H5K8K2G8,2214198,2025-12-02,298,227,223,0,4,298,223,0,4,71,1,True,True,match,0,0,0,
22,PRC_M2Y5O0L9A2S3B1A8C2H5I3D1A0V2I7,2214197,2025-12-02,298,229,223,2,4,298,223,2,4,69,1,True,True,match,0,0,0,
22,PRC_Y2F5Z0C9J2K3Z1M8Y2A4X2R4D5O5K2,2214196,2025-12-02,298,226,224,0,2,298,224,0,2,72,1,True,True,match,0,0,0,
22,PRC_A2P5V0A9T2R3H1C8W2Z7X2S4Q6U0R4,2214195,2025-12-02,298,231,229,0,2,298,229,0,2,67,1,True,True,match,0,0,0,
22,PRC_U2P5H0D9V2P9X2W0W5U5X2Y2F3O2D5,2214194,2025-12-02,298,232,231,0,1,298,231,0,1,66,1,True,True,match,0,0,0,
22,PRC_U2E5U0O9X2I3N1F0Z2K9T5S8R2W6U5,2214193,2025-12-02,298,224,212,6,6,298,212,6,6,74,1,True,True,match,0,0,0,
22,PRC_N2M5T0Z9N2S3Q1E0A3Z3F4T9P8P7Z6,2214192,2025-12-02,298,232,230,0,2,298,230,0,2,66,1,True,True,match,0,0,0,
22,PRC_K2T5M0Y9Z2R3I1D0U3P2V5V3L1B5E5,2214190,2025-12-02,298,231,229,0,2,298,229,0,2,67,1,True,True,match,0,0,0,
22,PRC_I2G5G0M9P2F3X1Y0J3Z2O1W4K0A2C3,2214189,2025-12-02,298,226,223,0,3,298,223,0,3,72,1,True,True,match,0,0,0,
22,PRC_U2A5Y0B9V2W9B2G0L5Y8E5N4S0D8K2,2214187,2025-12-02,298,236,233,0,3,298,233,0,3,62,1,True,True,match,0,0,0,
22,PRC_G2F5G0W9D2M9K2A1D0G2Y2X0U4L2P1,2214186,2025-12-02,298,241,241,0,0,298,241,0,0,57,1,True,True,match,0,0,0,
22,PRC_W2L5W0V9F2I4P1V8O0M6T2O7U3J7Z3,2214185,2025-12-02,298,237,237,0,0,298,237,0,0,61,1,True,True,match,0,0,0,
22,PRC_U2I5O0E9I2N4S1C8Q0L5B4K5H1V9V2,2214184,2025-12-02,298,241,237,0,4,298,237,0,4,57,1,True,True,match,0,0,0,
22,PRC_D2F5A0Y9H2Z4W1T8N0S6C5P7R8Y4J5,2214183,2025-12-02,298,240,236,0,4,298,236,0,4,58,1,True,True,match,0,0,0,
22,PRC_X2K5Q0Q9A2K4H1K8Y0V7U1H9W8Y3W2,2214182,2025-12-02,298,242,240,1,1,298,240,1,1,56,1,True,True,match,0,0,0,
22,PRC_Q2T5D0X9I2M2N1J6N4H7T4K2U0R9I1,2214181,2025-12-02,298,245,223,1,21,298,223,1,21,53,1,True,True,match,0,0,0,
22,PRC_X2K5K0H9Y2T2G1Z6X4J9Z1D5Z0L6I0,2214180,2025-12-02,298,247,230,3,14,298,230,3,14,51,1,True,True,match,0,0,0,
22,PRC_E2P5J0A9D2H9B1Y7H4X0T5B3O1V8D2,2214179,2025-12-02,298,248,243,0,5,298,243,0,5,50,1,True,True,match,0,0,0,
22,PRC_M2P5R0K9Q2Z9Y1H7L4B1N3F8B0Y0N1,2214177,2025-12-02,298,247,244,1,2,298,244,1,2,51,1,True,True,match,0,0,0,
22,PRC_T2M4R1C1Q2T7H1M1Q3S1V1E2H5X6F8,2214171,2025-12-02,298,252,240,1,11,298,240,1,11,46,1,True,True,match,0,0,0,
22,PRC_Y2V5H0R9J2Q4F1D2K4X8O5E8P9J1J2,2214064,2025-12-02,298,234,156,77,1,298,156,77,1,64,1,True,True,match,0,0,0,
22,PRC_Y2W5V1V1T0U6P1Q0P3P7N4O0M7U4V1,2214026,2025-12-02,298,252,238,2,12,298,238,2,12,46,1,True,True,match,0,0,0,
22,PRC_I2J5H0P9Q2O3O0M9N3M9M5U3U2S1S3,2213215,2025-12-02,298,249,247,0,2,298,247,0,2,49,1,True,True,match,0,0,0,
22,PRC_Y2W5V0W9F1D1B1A0I4J7I3H8F4N3O9,2213036,2025-12-02,298,252,238,2,12,298,238,2,12,46,1,True,True,match,0,0,0,
22,PRC_G2G5Y0J9W0F3N1L6A1K3I2K2M8F1D5,2212670,2025-12-02,298,243,243,0,0,298,243,0,0,55,1,True,True,match,0,0,0,
22,ARC_D2S5L0Z9U0M3W1K5G3R4H0C7E9O6F7,2212660,2025-12-02,298,256,171,84,1,298,171,84,1,42,1,True,True,match,0,0,0,
22,ARC_M2F5U0D9P0A3X1S5R3A4N1H0W4N6N8,2212658,2025-12-02,298,236,233,0,3,298,233,0,3,62,1,True,True,match,0,0,0,
22,ARC_V2V5G0T9P0R3K1P5D3S3R5V0F9B4L5,2212657,2025-12-02,298,235,231,0,4,298,231,0,4,63,1,True,True,match,0,0,0,
22,ARC_E2Y5C0U9J0G3O1R5N3R3W5H7U4C6K2,2212656,2025-12-02,298,254,168,85,1,298,168,85,1,44,1,True,True,match,0,0,0,
22,ARC_R2P5Z0Y9X0H3Y1V5U3R4A1C3K2N9V9,2212654,2025-12-02,298,245,245,0,0,298,245,0,0,53,1,True,True,match,0,0,0,
22,PRC_B2E5B1U2S0W2L2Y2L5X1Q5U0Y1Z1S1,2212632,2025-12-02,298,257,255,0,2,298,255,0,2,41,1,True,True,match,0,0,0,
22,PRC_J2N5P1G2V0W2X2A2U5U1P0Z5R8G4W0,2212631,2025-12-02,298,261,254,1,6,298,254,1,6,37,1,True,True,match,0,0,0,
22,PRC_W2Y5Q1R2S0D2H2I2C5C0X1V4Q4M5U3,2212630,2025-12-02,298,263,249,8,6,298,249,8,6,35,1,True,True,match,0,0,0,
22,PRC_I2H5G0F8F1O1N1L0J5F3O2M9L9M7K2,2212212,2025-12-02,298,236,236,0,0,298,236,0,0,62,1,True,True,match,0,0,0,
22,PRC_H2I5P0Q6O2P6N0O9M2N6U2V1T8R0Z4,2212128,2025-12-02,298,235,234,0,1,298,234,0,1,63,1,True,True,match,0,0,0,
22,PRC_H2F5D0E4C1D8K1L3J4K4J5J7H8I0D7,2211963,2025-12-02,298,234,231,0,3,298,231,0,3,64,1,True,True,match,0,0,0,
22,PRC_H2H5G0H5F1F2B1A5A0Y6Z5X2Y0G2G5,2211275,2025-12-02,298,237,235,0,2,298,235,0,2,61,1,True,True,match,0,0,0,
22,PRC_A2Y5X0X6M2N7L0M9K4L1J2R2R7Q3Q7,2211154,2025-12-02,298,230,226,0,4,298,226,0,4,68,1,True,True,match,0,0,0,
22,PRC_J2K5R0T5R2R0P1Q5O4W0X5V0W3U0V3,2211029,2025-12-02,298,231,231,0,0,298,231,0,0,67,1,True,True,match,0,0,0,
22,PRC_B2C5B0B6Z0A9Y1G1H0F2G1E5F3D6D0,2210898,2025-12-02,298,238,234,0,4,298,234,0,4,60,1,True,True,match,0,0,0,
22,PRC_W2U5U0T6B0B9Z1A1Y0Z1Y2Y4G4G5F4,2210894,2025-12-02,298,240,236,0,4,298,236,0,4,58,1,True,True,match,0,0,0,
22,PRC_P2O5W0U3V1U8S1B5C1B0A1B8Z6I9G3,2209698,2025-12-02,298,238,237,0,1,298,237,0,1,60,1,True,True,match,0,0,0,
22,PRC_C2A5Z0A4H0I1G1H2F0G5E3A0B6Z9Z7,2209535,2025-12-02,298,232,230,0,2,298,230,0,2,66,1,True,True,match,0,0,0,
22,PRC_S2Q5Q0M2N2L0M1K0J1J9R4R8Q7Q4P7,2209417,2025-12-02,298,236,234,0,2,298,234,0,2,62,1,True,True,match,0,0,0,
22,PRC_Z2F5E0D3C1L7I1G1C0B7A5A9I8H8E6,2209123,2025-12-02,298,223,220,0,3,298,220,0,3,75,1,True,True,match,0,0,0,
22,ARC_M2H5C0L3U1L9A1I4V0N7H3S9T1E6E6,2209098,2025-12-02,298,236,236,0,0,298,236,0,0,62,1,True,True,match,0,0,0,
22,PRC_H2F5G0E3M1M3L0M9K1K1I2R7R9P4Q1,2209083,2025-12-02,298,232,232,0,0,298,232,0,0,66,1,True,True,match,0,0,0,
22,PRC_O2M5M0K3T0T5R1S3Q2R3P3Q3Y6W2X4,2208922,2025-12-02,298,230,227,0,3,298,227,0,3,68,1,True,True,match,0,0,0,
22,PRC_A2B5A0A2I0I6H1F1G0E4F2N8L8M1K9,2208697,2025-12-02,298,228,225,0,3,298,225,0,3,70,1,True,True,match,0,0,0,
22,PRC_W2U5U0C2D0B6C1A1Z4Z2H4G3G7F5G0,2208628,2025-12-02,298,228,226,0,2,298,226,0,2,70,1,True,True,match,0,0,0,
22,PRC_Z2X5X0V2W2S6S1R0P1Q9O3P4X0X4V6,2208530,2025-12-02,298,229,219,0,10,298,219,0,10,69,1,True,True,match,0,0,0,
22,PRC_Q2R5P0Q1Y2W2X1V6W3U1U3C2B3B8A2,2207817,2025-12-02,298,218,203,1,14,298,203,1,14,80,1,True,True,match,0,0,0,
22,PRC_B2Z5B0I1J2H2G1G6E3F0N3O8M6M1L5,2207813,2025-12-02,298,231,229,0,2,298,229,0,2,67,1,True,True,match,0,0,0,
22,PRC_S2T5S0S1Q2R0Z0X9Y4W3W4V0W2R3S6,2207703,2025-12-02,298,235,233,0,2,298,233,0,2,63,1,True,True,match,0,0,0,
22,PRC_H2F5G0E1F0N8N1L6K2L7J4K1R6S0R5,2207493,2025-12-02,298,244,241,0,3,298,241,0,3,54,1,True,True,match,0,0,0,
22,PRC_W2W5U0V1T0U3S1T4B0Z2A3Y8Z4X5Y8,2207484,2025-12-02,298,239,224,3,12,298,224,3,12,59,1,True,True,match,0,0,0,
22,PRC_V2V4T1S2T0R2R1Z7A0Y6Z3X1W8W3E7,2206601,2025-12-02,298,231,230,0,1,298,230,0,1,67,1,True,True,match,0,0,0,
22,PRC_H2B4B1A0G1F8J1I7I1G4N5M6L2U0Q2,2205561,2025-12-02,298,219,197,2,20,298,197,2,20,79,1,True,True,match,0,0,0,
22,PRC_F2C4A1B0Z3Y0G1F3G2F7D5L2K0N2M0,2205163,2025-12-02,298,232,229,0,3,298,229,0,3,66,1,True,True,match,0,0,0,
22,PRC_V2D4E1D0C0A4W1X4W0U0T3B2C2B9Z5,2205005,2025-12-02,298,220,208,4,8,298,208,4,8,78,1,True,True,match,0,0,0,
22,PRC_M2N4U0T9U1S0S1Q3R1Z9A4Y0Z5X3X8,2204168,2025-12-02,298,227,224,0,3,298,224,0,3,71,1,True,True,match,0,0,0,
22,PRC_K2U4Q0P6N2M8M1V0T2S6R5Z3A7Z7X7,2204119,2025-12-02,298,225,224,0,1,298,224,0,1,73,1,True,True,match,0,0,0,
22,PRC_B2J4K0I8I0H9F1G7O1O7M4L4M6K0L9,2203223,2025-12-02,298,228,228,0,0,298,228,0,0,70,1,True,True,match,0,0,0,
22,PRC_N2M4N0I8J1H3I1G1H0F1G1N5O4N3L9,2202994,2025-12-02,298,221,210,3,8,298,210,3,8,77,1,True,True,match,0,0,0,
22,PRC_W2S4Q0Q8P0Q2O1O6W2V7V1T4U0T0T9,2202741,2025-12-02,298,220,217,0,3,298,217,0,3,78,1,True,True,match,0,0,0,
22,PRC_H2P4X0W6U2V6T1Q5O2N8N4M2U5S5R4,2202457,2025-12-02,298,236,221,3,12,298,221,3,12,62,1,True,True,match,0,0,0,
22,PRC_U2V4T0B6C2A8A1Z4A4Y4G2H4F6G3E7,2202286,2025-12-02,298,244,239,1,4,298,239,1,4,54,1,True,True,match,0,0,0,
22,PRC_V2L5L1T1R1O9F1B7C0E7D1H2G5T6P8,2214615,2025-11-27,298,258,255,1,2,298,255,1,2,40,1,True,True,match,0,0,0,
22,PRC_I2Z5Z1Z1N1L8D1V2R0I6S4D5Y2R1W2,2214599,2025-11-27,298,255,251,0,4,298,251,0,4,43,1,True,True,match,0,0,0,
22,PRC_Y2G5Z0Y7V3W0B1E0H2M2O0Z6I2F8I8,2214593,2025-11-27,298,262,261,0,1,298,261,0,1,36,1,True,True,match,0,0,0,
22,PRC_A2L5O1S1N1X9N1D8W5J8E0X6D5U0P5,2214591,2025-11-27,298,256,248,5,3,298,248,5,3,42,1,True,True,match,0,0,0,
22,PRC_S2Z5X0W9V2D9R2L0B4W8O0C1J8N1K2,2214191,2025-11-27,298,257,250,1,6,298,250,1,6,41,1,True,True,match,0,0,0,
22,PRC_U2H5O1Q1E0O4N1W4A2L9T4A6E9V4A1,2214188,2025-11-27,298,256,255,1,0,298,255,1,0,42,1,True,True,match,0,0,0,
22,PRC_G2O5O1M0N1M0M1K5L2T9R1S2Q9R8P7,2213528,2025-11-27,298,255,252,0,3,298,252,0,3,43,1,True,True,match,0,0,0,
22,PRC_E2P5B0Y8T2K8Q1L4O0Q5T0B3N0F2I2,2212470,2025-11-27,298,257,250,4,3,298,250,4,3,41,1,True,True,match,0,0,0,
22,PRC_T2D5T0U8A2F8X1E4V0G4B2E1Z8Z7W2,2212469,2025-11-27,298,258,248,7,3,298,248,7,3,40,1,True,True,match,0,0,0,
22,PRC_N2F5H0P5S3V0C1M4U2U4E2N2Z6K7Q3,2210636,2025-11-27,298,262,261,0,1,298,261,0,1,36,1,True,True,match,0,0,0,
22,PRC_P2P5S0I5D3B0P1O4W2C3J2A4G7U2Y0,2210635,2025-11-27,298,261,260,0,1,298,260,0,1,37,1,True,True,match,0,0,0,
22,PRC_J2T5Y0Q5S2U7V1N7A0S8K2W1G7Q6T4,2210613,2025-11-27,298,260,259,0,1,298,259,0,1,38,1,True,True,match,0,0,0,
22,PRC_O2J5Y0E5H2D7P1Z7T0O6H4E4W3O5A4,2210612,2025-11-27,298,257,257,0,0,298,257,0,0,41,1,True,True,match,0,0,0,
22,PRC_F2I5E0E9L1G1B2M0V0W9Y4K8H8A4F7,2214116,2025-11-13,298,226,221,2,3,298,221,2,3,72,1,True,True,match,0,0,0,
22,PRC_E2N5E0V9N2R2P1D6R5N9F4T2L5D8I6,2214115,2025-11-13,298,227,225,0,2,298,225,0,2,71,1,True,True,match,0,0,0,
22,PRC_Z2V5K0G9G1R1S2Z0Z1V1U3D7C3W0Q8,2214113,2025-11-13,298,224,220,0,4,298,220,0,4,74,1,True,True,match,0,0,0,
22,PRC_Q2V5H0T9W2B2B1G7M0B0U5Z0X4N9B1,2214111,2025-11-13,298,224,223,0,1,298,223,0,1,74,1,True,True,match,0,0,0,
22,PRC_O2K5M0M9A2X2M1Y7A0O1C4F3S0I6E2,2214109,2025-11-13,298,224,223,0,1,298,223,0,1,74,1,True,True,match,0,0,0,
22,PRC_O2V5W0J9K2Q2D1K6Y5O7R4M2R8L2R9,2214108,2025-11-13,298,224,223,0,1,298,223,0,1,74,1,True,True,match,0,0,0,
22,PRC_H2M5X0X9H0G9I1L8N3S6Z1V1X0L0W8,2214107,2025-11-13,298,234,233,0,1,298,233,0,1,64,1,True,True,match,0,0,0,
22,PRC_Y2L5E0D9N0P9E1M8D3M9D2G4K6Q0N0,2214103,2025-11-13,298,236,234,1,1,298,234,1,1,62,1,True,True,match,0,0,0,
22,PRC_M2Q5G0I9M0A9V1X7D3Q3P3S7P1E5F4,2214102,2025-11-13,298,237,237,0,0,298,237,0,0,61,1,True,True,match,0,0,0,
22,PRC_V2E5B0G9Z0U9I1Z8W3D8S0P3F6A5R6,2214100,2025-11-13,298,237,233,1,3,298,233,1,3,61,1,True,True,match,0,0,0,
22,PRC_X2J5P0G9W0T9E1L8T4S0I3H5A0V3S7,2214099,2025-11-13,298,235,233,0,2,298,233,0,2,63,1,True,True,match,0,0,0,
22,PRC_K2M5X0P9V1E0X1G6M4A9W2U0L6S4S5,2214098,2025-11-13,298,238,237,0,1,298,237,0,1,60,1,True,True,match,0,0,0,
22,PRC_J2C5P0P9M2Q4X1Q2K3U7E2S3O7K1B2,2214063,2025-11-13,298,155,153,0,2,298,153,0,2,143,1,True,True,match,0,0,0,
22,PRC_Z2Y5R0L9E2C4C1Z2Q3M6H3V7E8G7S5,2214062,2025-11-13,298,155,75,45,35,298,75,45,35,143,1,True,True,match,0,0,0,
22,PRC_A2K5Z0P9A2Y4C1T2W3E6T0J2I3L9G9,2214060,2025-11-13,298,151,150,0,1,298,150,0,1,147,1,True,True,match,0,0,0,
22,PRC_X2S5N0X9I2H4G1J4Z3G7B4Y8G6B3E0,2214059,2025-11-13,298,156,156,0,0,298,156,0,0,142,1,True,True,match,0,0,0,
22,PRC_H2D5F0V9A2T4T1H2T3W3C5B9G1O3L1,2214058,2025-11-13,298,150,147,0,3,298,147,0,3,148,1,True,True,match,0,0,0,
22,PRC_I2G5A0C9H2E4C1C2W3C3D2N2Y9T1T8,2214057,2025-11-13,298,158,156,0,2,298,156,0,2,140,1,True,True,match,0,0,0,
22,PRC_V2V5R0V9L2B4O1F2N3U2X4K2U7M6C3,2214056,2025-11-13,298,156,110,23,23,298,110,23,23,142,1,True,True,match,0,0,0,
22,PRC_N2J5J0J9D2B4K1C2E3H1W0O7L6A9B7,2214055,2025-11-13,298,157,148,2,7,298,148,2,7,141,1,True,True,match,0,0,0,
22,PRC_X2G5E0T9U2C4G1M2C3Z0H1N0K2S6G6,2214054,2025-11-13,298,157,156,0,1,298,156,0,1,141,1,True,True,match,0,0,0,
22,PRC_N2T5W0J9Q2R4L1O2Y2H9R2P0B6U8H7,2214053,2025-11-13,298,154,151,1,2,298,151,1,2,144,1,True,True,match,0,0,0,
22,PRC_A2G5Q0I9N2M4U1Y2G3L2H0U4K2X5B8,2214052,2025-11-13,298,157,157,0,0,298,157,0,0,141,1,True,True,match,0,0,0,
22,PRC_I2M5M0Y9B1J0J1B7T4U0E5Y7R5C7A9,2214015,2025-11-13,298,224,216,0,8,298,216,0,8,74,1,True,True,match,0,0,0,
22,PRC_M2Q5X0P9H1I0Y1U7F4K0V0F2D8A3X9,2214014,2025-11-13,298,221,219,0,2,298,219,0,2,77,1,True,True,match,0,0,0,
22,PRC_P2M5U0T8A0Z1W0F9E1D7X5W5G5D0M1,2211945,2025-11-13,298,214,211,2,1,298,211,2,1,84,1,True,True,match,0,0,0,
22,PRC_X2Y5W0W7F0D8D1C3C5B5B4X4X0W0U7,2211473,2025-11-13,298,154,122,5,27,298,122,5,27,144,1,True,True,match,0,0,0,
22,PRC_X2W5W0U5V0T1B1C4A5B2Z5A3Y5Z1U4,2210438,2025-11-13,298,156,156,0,0,298,156,0,0,142,1,True,True,match,0,0,0,
22,PRC_Q2O5W0X4V1V7U1V5T0T4P0O7O7M2N1,2210055,2025-11-13,298,156,146,1,9,298,146,1,9,142,1,True,True,match,0,0,0,
22,PRC_K2J5J0R4R1P5O1P9N0N0V2W7U2V7T7,2210031,2025-11-13,298,237,231,0,6,298,231,0,6,61,1,True,True,match,0,0,0,
22,PRC_P2O5M0N3J3J1H1I6G0F4F5N4O1M0N8,2209928,2025-11-13,298,154,116,18,20,298,116,18,20,144,1,True,True,match,0,0,0,
22,PRC_X2V5W0U4V1D1D1B5C1A4Z2Z1V8V4T9,2209794,2025-11-13,298,230,226,1,3,298,226,1,3,68,1,True,True,match,0,0,0,
22,PRC_N2V5W0U3V3T1T1S6A0A2Y5Z6Y5Y4W5,2209668,2025-11-13,298,156,119,8,29,298,119,8,29,142,1,True,True,match,0,0,0,
22,PRC_B2A5Z0X3T2U4G0E9A4Z9A4Y4X9F2G9,2209559,2025-11-13,298,154,132,3,19,298,132,3,19,144,1,True,True,match,0,0,0,
22,PRC_G2E5D0E3M2L5J0I9D0C5A4Z6V3U8S8,2209360,2025-11-13,298,155,155,0,0,298,155,0,0,143,1,True,True,match,0,0,0,
22,PRC_R2P5Q0Y3Y0X6X1W5U4V5K1L7J9K5J1,2209063,2025-11-13,298,237,237,0,0,298,237,0,0,61,1,True,True,match,0,0,0,
22,PRC_O2P5W0X2W2W5U1V0U1B9C0A6B4Z5A4,2208895,2025-11-13,298,237,237,0,0,298,237,0,0,61,1,True,True,match,0,0,0,
22,PRC_H2F5G0E1M2M2L1M0K3K3J4J9R5P0Q9,2208696,2025-11-13,298,158,152,0,6,298,152,0,6,140,1,True,True,match,0,0,0,
22,PRC_V2V5T0U2T2T4R1S7N3M9N4L9L7K6L6,2208676,2025-11-13,298,227,226,0,1,298,226,0,1,71,1,True,True,match,0,0,0,
22,PRC_P2P4O1O2W2X7V1W4U4T2T5B5B8A4B5,2207922,2025-11-13,298,155,152,0,3,298,152,0,3,143,1,True,True,match,0,0,0,
22,PRC_W2X4W1W2E2E7D1B5C4A7B3J7J0H0I1,2207463,2025-11-13,298,156,145,1,10,298,145,1,10,142,1,True,True,match,0,0,0,
22,PRC_A2I4J1H2I0G5E0F9A3C9A5A6Y3X5Y6,2207384,2025-11-13,298,152,123,1,28,298,123,1,28,146,1,True,True,match,0,0,0,
22,PRC_G2F4D1D2Z2A7Y1Z2X0V4W2E1E0C7D2,2207197,2025-11-13,298,155,141,1,13,298,141,1,13,143,1,True,True,match,0,0,0,
22,PRC_Z2X4Y1F2E2F4D1D5C0D8K0L5J3I6I3,2207001,2025-11-13,298,154,130,2,22,298,130,2,22,144,1,True,True,match,0,0,0,
22,PRC_L2L4K1L2J0H2I0D9E5D7D0B1A6A2I4,2206996,2025-11-13,298,156,139,1,16,298,139,1,16,142,1,True,True,match,0,0,0,
22,PRC_C2A4B1Z2A2Y4U1U1T0T0S3S8Q5R3Z0,2206896,2025-11-13,298,156,142,0,14,298,142,0,14,142,1,True,True,match,0,0,0,
22,PRC_T2R4R1Q2R1P0P1L1K2K1I4J6H2I1Q4,2206830,2025-11-13,298,227,227,0,0,298,227,0,0,71,1,True,True,match,0,0,0,
22,PRC_G2O4P1N2N1M7K1L0A0A9Z1Z6Y6Y8X5,2206564,2025-11-13,298,222,217,0,5,298,217,0,5,76,1,True,True,match,0,0,0,
22,PRC_T2R4Q1Q2P0P3X1Y6W4X7V1T2U3C0D4,2206332,2025-11-13,298,238,237,0,1,298,237,0,1,60,1,True,True,match,0,0,0,
22,PRC_K2J4Y1X0Y2W9V1D1E1C3B1A5I2I8H0,2205866,2025-11-13,298,238,237,0,1,298,237,0,1,60,1,True,True,match,0,0,0,
22,PRC_P2N4O1M1N0L6L1B8Z5Z0Y1Y9X2X9F8,2205732,2025-11-13,298,153,124,6,23,298,124,6,23,145,1,True,True,match,0,0,0,
22,PRC_E2D4L1K0I0J8H1E7C1B2C3A4I2H8H4,2205568,2025-11-13,298,155,153,0,2,298,153,0,2,143,1,True,True,match,0,0,0,
22,ARC_C2T4H1P1L1C1K1P0C0M6Y1R0I0D5U6,2205409,2025-11-13,298,232,230,0,2,298,230,0,2,66,1,True,True,match,0,0,0,
22,PRC_T2U4S0C9Y0Y1W1X6V4U1U3C7D7B9B2,2204935,2025-11-13,298,154,132,1,21,298,132,1,21,144,1,True,True,match,0,0,0,
22,PRC_X2X4V0W7U1C1D1B0C5A3Z1Z8H6I3G1,2201849,2025-11-13,298,237,236,0,1,298,236,0,1,61,1,True,True,match,0,0,0,
22,PRC_B2K5X0X9N2N5E1C1O1X2J1I0R1I9W0,2213276,2025-10-26,298,255,173,76,6,298,173,76,6,43,1,True,True,match,0,0,0,
22,PRC_D2M5P0A9F1G7E1V2M3Z8N4F9J7Y7O0,2213264,2025-10-26,298,257,254,0,3,298,254,0,3,41,1,True,True,match,0,0,0,
22,PRC_M2R5R0E9M1M6L2B0S1N0R3J0Y3A3T5,2213262,2025-10-26,298,255,251,1,3,298,251,1,3,43,1,True,True,match,0,0,0,
22,PRC_A2A5D0E9X1J6G1Y9Z5K9G4Q4Z3B7E2,2213261,2025-10-26,298,251,200,26,25,298,200,26,25,47,1,True,True,match,0,0,0,
22,PRC_M2S5U0L9O1K7H1V2G4G4H4J4E6Y3N5,2213260,2025-10-26,298,257,256,0,1,298,256,0,1,41,1,True,True,match,0,0,0,
22,PRC_X2Z5Y0T9K1A7R1I2U4W7Y4Y4P7K5M7,2213259,2025-10-26,298,261,257,0,4,298,257,0,4,37,1,True,True,match,0,0,0,
22,PRC_U2B5G0T9W1I6S1A9N5O6H1V7K2M8D6,2213258,2025-10-26,298,254,209,29,16,298,209,29,16,44,1,True,True,match,0,0,0,
22,PRC_L2Y5X0B9R1J7K1L1B4Y8J0P0B1M6E0,2213257,2025-10-26,298,254,253,0,1,298,253,0,1,44,1,True,True,match,0,0,0,
22,PRC_M2H5L0T9P1W6E2K0X0J1D0U9J8J3E9,2213256,2025-10-26,298,254,196,34,24,298,196,34,24,44,1,True,True,match,0,0,0,
22,PRC_D2H5X0R9Y1X6N2K0G0L8Z3A9K3T5S0,2213255,2025-10-26,298,254,250,1,3,298,250,1,3,44,1,True,True,match,0,0,0,
22,PRC_Q2D5E0A9I1D7G1W2L4X1H2H8X8B9H2,2213254,2025-10-26,298,252,231,12,9,298,231,12,9,46,1,True,True,match,0,0,0,
22,PRC_D2M5H0X9A1W6T2H0B0V9O3B8P6S2N9,2213253,2025-10-26,298,252,242,2,8,298,242,2,8,46,1,True,True,match,0,0,0,
22,PRC_M2V5H0B9O1J7E1N2B4I5A4Q6Y1X1V2,2213252,2025-10-26,298,249,230,6,13,298,230,6,13,49,1,True,True,match,0,0,0,
22,PRC_C2N5Q0M9J1X7J1J2U4V6T5Y0Z4T0H4,2213251,2025-10-26,298,256,252,0,4,298,252,0,4,42,1,True,True,match,0,0,0,
22,PRC_K2X5N0J9B2D3W2F2V1D8F3R2K1I5F4,2213250,2025-10-26,298,261,260,0,1,298,260,0,1,37,1,True,True,match,0,0,0,
22,PRC_H2K5I0A9D2C3I2L2Q1W5L0P6I2Z0V8,2213249,2025-10-26,298,259,259,0,0,298,259,0,0,39,1,True,True,match,0,0,0,
22,PRC_T2Y5R0U9R1Y7J1V2F4L3O1Q5D7H7L0,2213248,2025-10-26,298,257,252,0,5,298,252,0,5,41,1,True,True,match,0,0,0,
22,PRC_X2E5T0T9N1E6K2B0E0P2K4G9P9A5T8,2213246,2025-10-26,298,255,194,34,27,298,194,34,27,43,1,True,True,match,0,0,0,
22,PRC_G2L5C0O9X2I2S1F7Y1M9X5H5X9Y8P4,2213244,2025-10-26,298,253,240,1,12,298,240,1,12,45,1,True,True,match,0,0,0,
22,PRC_R2R5I0H9I2A2B0V8B5N9U2W0C8R0I2,2213243,2025-10-26,298,255,188,42,25,298,188,42,25,43,1,True,True,match,0,0,0,
22,PRC_Z2R5K1C0D2Q4Z1H6U5Q1X3B3C4V3P9,2213242,2025-10-26,298,262,200,42,20,298,200,42,20,36,1,True,True,match,0,0,0,
22,PRC_Z2S5T0Q9H2C3J1R9N1G1F4V0V6I8Z5,2213240,2025-10-26,298,267,181,84,2,298,181,84,2,31,1,True,True,match,0,0,0,
22,PRC_Y2Z5F0U9Y2N3L1N9N1I7Z2V1H8F9O1,2213239,2025-10-26,298,269,179,89,1,298,179,89,1,29,1,True,True,match,0,0,0,
22,PRC_F2U5E0V9T1P7H1K0R1B0L4N4T0O8X9,2213235,2025-10-26,298,254,250,0,4,298,250,0,4,44,1,True,True,match,0,0,0,
22,PRC_T2B5O0H9C1M7J1L4T1M5N1F3R8Y3P5,2213234,2025-10-26,298,256,253,1,2,298,253,1,2,42,1,True,True,match,0,0,0,
22,PRC_L2L5Q0A9T1G7H1K0R1Y1B4H0E7B3H0,2213233,2025-10-26,298,257,254,0,3,298,254,0,3,41,1,True,True,match,0,0,0,
22,PRC_A2I5L0C9U1W7S1S4C1E6D1F0L7N9M0,2213232,2025-10-26,298,253,250,1,2,298,250,1,2,45,1,True,True,match,0,0,0,
22,PRC_A2G5H0B9G1Q7M1P0S0B9N5X3V4E1Y0,2213230,2025-10-26,298,252,246,2,4,298,246,2,4,46,1,True,True,match,0,0,0,
22,PRC_Z2N5S0V8K2B6I1M2G2Z4A5D9U2O3R7,2212894,2025-10-26,298,262,262,0,0,298,262,0,0,36,1,True,True,match,0,0,0,
22,PRC_P2M5L0O8G2H6A1G2L2J3B5U5Y6Z8R0,2212893,2025-10-26,298,261,260,0,1,298,260,0,1,37,1,True,True,match,0,0,0,
22,PRC_U2Z5Y0D8L2R6H1Z2I2X8R0Y8F0U1R3,2212892,2025-10-26,298,259,256,1,2,298,256,1,2,39,1,True,True,match,0,0,0,
22,PRC_T2A4P1I1G2V0K2C1I0X1C0M4I1Q4H3,2212891,2025-10-26,298,256,256,0,0,298,256,0,0,42,1,True,True,match,0,0,0,
22,PRC_L2N5R0K8F2J6K1Q3K4O0N4L1F0U0K3,2212890,2025-10-26,298,257,254,0,3,298,254,0,3,41,1,True,True,match,0,0,0,
22,PRC_Z2R5B0F8I2N6J1Z1W2O1V1R7A8I5M9,2212889,2025-10-26,298,260,257,0,3,298,257,0,3,38,1,True,True,match,0,0,0,
22,PRC_R2C5V0B8A2T6G1A1B1S4H0N3T4G9K8,2212888,2025-10-26,298,253,249,1,3,298,249,1,3,45,1,True,True,match,0,0,0,
22,PRC_Y2Q5C0B8C2X6B1Y1A1H8R5O5K5D7Z8,2212887,2025-10-26,298,261,258,1,2,298,258,1,2,37,1,True,True,match,0,0,0,
22,PRC_C2N5M0H8C2J7B1K3S5U3P2T9L3B0A9,2212886,2025-10-26,298,260,255,0,5,298,255,0,5,38,1,True,True,match,0,0,0,
22,PRC_O2I5K0X8U2M7Y1J0R3L4R3B9I2B4K4,2212885,2025-10-26,298,255,255,0,0,298,255,0,0,43,1,True,True,match,0,0,0,
22,PRC_E2U5D0F8Y2Z7T1C1O0Y2P0P3K7Q5B9,2212884,2025-10-26,298,259,253,0,6,298,253,0,6,39,1,True,True,match,0,0,0,
22,PRC_H2A5A0Y8H2G7O1H0D5R1M1G2T6P6Q8,2212883,2025-10-26,298,258,255,0,3,298,255,0,3,40,1,True,True,match,0,0,0,
22,PRC_N2N5V0U5U2S0T1R0S5O7O3M2L6M5K8,2210702,2025-10-26,298,265,257,4,4,298,257,4,4,33,1,True,True,match,0,0,0,
22,PRC_T2U5S0T3R3R1Q1Q1Y0X4X5V5W0U6V0,2209678,2025-10-26,298,261,253,0,8,298,253,0,8,37,1,True,True,match,0,0,0,
22,PRC_W2E5E0D4B0C3A1B0W2X5W2U0U2S1T3,2209609,2025-10-26,298,258,252,0,6,298,252,0,6,40,1,True,True,match,0,0,0,
22,PRC_Z2X5F0G3F2D4C1Y1Z5X3W3U3V4D9C2,2209602,2025-10-26,298,261,260,0,1,298,260,0,1,37,1,True,True,match,0,0,0,
22,PRC_E2M5K0J3I2Q7P1O7N5J2I0H7F9N1M3,2209465,2025-10-26,298,262,261,0,1,298,261,0,1,36,1,True,True,match,0,0,0,
22,PRC_K2L5K0G3E2D7B1K4L2J1I4H4D0M0K6,2209460,2025-10-26,298,258,256,0,2,298,256,0,2,40,1,True,True,match,0,0,0,
22,PRC_B2C5K0I3J1H2I1G0G2P9N4N6M2N2L1,2209405,2025-10-26,298,268,267,0,1,298,267,0,1,30,1,True,True,match,0,0,0,
22,ARC_B2R5C0Y3E1E9E1F3Z5R8B5A3X1E7O5,2209090,2025-10-26,298,256,253,0,3,298,253,0,3,42,1,True,True,match,0,0,0,
22,PRC_O2L5J0K2S0T7R1R3Q5O8P3K8L9K9K9,2209040,2025-10-26,298,249,236,3,10,298,236,3,10,49,1,True,True,match,0,0,0,
22,PRC_R2S5Q0Q3P1X2X1V5W1V4V5T4C5C0A2,2208994,2025-10-26,298,258,255,0,3,298,255,0,3,40,1,True,True,match,0,0,0,
22,PRC_H2D5B0C2A2B5Z1A1H3G8H1F5G9E1M7,2208727,2025-10-26,298,253,247,1,5,298,247,1,5,45,1,True,True,match,0,0,0,
22,PRC_W2U5V0T2U1S7T1B3B1Z0A3Z2X9X7F9,2208629,2025-10-26,298,257,248,5,4,298,248,5,4,41,1,True,True,match,0,0,0,
22,PRC_B2J5K0I2J1H2F1G7V2V0U5V5T7T0S0,2208611,2025-10-26,298,260,254,0,6,298,254,0,6,38,1,True,True,match,0,0,0,
22,PRC_Q2O5W0X2V2W7U1V0T0B8C0A2B0Z6A4,2208571,2025-10-26,298,256,256,0,0,298,256,0,0,42,1,True,True,match,0,0,0,
22,PRC_Q2P5Q0O2O2N5J0J9H3I4H1H8F2G6O9,2208565,2025-10-26,298,259,255,4,0,298,255,4,0,39,1,True,True,match,0,0,0,
22,PRC_G2E5F0D2C0C3K1K7J2K2I0I3H6D0D5,2208364,2025-10-26,298,257,250,1,6,298,250,1,6,41,1,True,True,match,0,0,0,
22,PRC_L2J5K0I2I0R4R1P1Q1P4N0N3W1W2U1,2208096,2025-10-26,298,258,255,1,2,298,255,1,2,40,1,True,True,match,0,0,0,
22,PRC_Q2O5N0O1M0M9V1V6D2D0C3A4B7X4W2,2207677,2025-10-26,298,258,251,0,7,298,251,0,7,40,1,True,True,match,0,0,0,
22,PRC_Z2Z4X1Y1W2X8V1W9R0Q1R1P4P0O6O8,2207469,2025-10-26,298,260,259,0,1,298,259,0,1,38,1,True,True,match,0,0,0,
22,PRC_B2Z5A0Y1Z0X2Y1G6E2F0D4E8C6D8K2,2207359,2025-10-26,298,258,254,0,4,298,254,0,4,40,1,True,True,match,0,0,0,
22,PRC_X2Y5W0X1T0T6S1Q4Q0P3Q1X7Y3W1X5,2207285,2025-10-26,298,253,234,4,15,298,234,4,15,45,1,True,True,match,0,0,0,
22,PRC_S2Q4R1M2N2L6M1K7J2J6R5S4Q7R4P6,2207233,2025-10-26,298,263,256,2,5,298,256,2,5,35,1,True,True,match,0,0,0,
22,PRC_V2T4U1S2R0R2N1N6M5M4K5J9K4R8S5,2207107,2025-10-26,298,259,255,1,3,298,255,1,3,39,1,True,True,match,0,0,0,
22,PRC_K2G4G1F2G1E6C1D7L1M0K0K5J7H4I9,2206716,2025-10-26,298,256,244,5,7,298,244,5,7,42,1,True,True,match,0,0,0,
22,PRC_T2R4A1A2Y0Z3X1W6X5S0R2S0Q0R7P6,2206364,2025-10-26,298,264,258,0,6,298,258,0,6,34,1,True,True,match,0,0,0,
22,PRC_S2T4R1S1Q1R3Z1Z6Y5W1X3V9V9D8E8,2206179,2025-10-26,298,259,254,0,5,298,254,0,5,39,1,True,True,match,0,0,0,
22,PRC_M2L4K1T0U2U2S1S7Y3X8W1E6D6C1A5,2206071,2025-10-26,298,264,259,0,5,298,259,0,5,34,1,True,True,match,0,0,0,
22,PRC_X2E4F1D1E2C5B1B3J5K6I3J2H3F2G9,2206048,2025-10-26,298,266,263,0,3,298,263,0,3,32,1,True,True,match,0,0,0,
22,PRC_X2W4L1M0L2J8I0Q9P3O7O1N2V6U9T4,2205857,2025-10-26,298,261,248,2,11,298,248,2,11,37,1,True,True,match,0,0,0,
22,PRC_D2B4A1A1Y0Z8H1I8G1E2F0D5E5M8M0,2205551,2025-10-26,298,259,241,2,16,298,241,2,16,39,1,True,True,match,0,0,0,
22,PRC_X2Y4W0X6V1W2D1C6D1B8B2A8A3I2J3,2205206,2025-10-26,298,262,261,0,1,298,261,0,1,36,1,True,True,match,0,0,0,
22,PRC_Z2A4Y0U9V1T0T0R9S5Q7R0Z3A3Y3Y9,2204523,2025-10-26,298,256,253,0,3,298,253,0,3,42,1,True,True,match,0,0,0,
22,PRC_O2P4T0B8B0Z9Y0Z9X5X6T3T6S2T3R8,2204255,2025-10-26,298,259,256,1,2,298,256,1,2,39,1,True,True,match,0,0,0,
22,PRC_L2M4K0L9J1K0R1Q3Q2P0Q2O3O3K2J4,2204172,2025-10-26,298,265,263,0,2,298,263,0,2,33,1,True,True,match,0,0,0,
22,PRC_I2G4F0F7N3O0M1L7L0J5K1S7S5R0R7,2202967,2025-10-26,298,259,199,42,18,298,199,42,18,39,1,True,True,match,0,0,0,
22,PRC_E2E5J0U9R2G9Y2B0I0A8Q5H0U5N1M3,2213370,2025-09-29,298,177,177,0,0,298,177,0,0,121,1,True,True,match,0,0,0,
22,PRC_A2D5R0B9W1E8V2X0K2M4M1T2Q1B7Y3,2213245,2025-09-29,298,178,178,0,0,298,178,0,0,120,1,True,True,match,0,0,0,
22,PRC_N2J5C0Q9I2M9R1O7B5T2V3C6D7P0U5,2213237,2025-09-29,298,176,175,0,1,298,175,0,1,122,1,True,True,match,0,0,0,
22,PRC_G2R5B0M9N2C7C1B8C5B6V1D9D6N2B4,2213238,2025-09-28,298,180,180,0,0,298,180,0,0,118,1,True,True,match,0,0,0,
22,PRC_O2E5Z0I9P1A1I0S8K5T3A0J2C9F5W7,2213236,2025-09-27,298,177,176,1,0,298,176,1,0,121,1,True,True,match,0,0,0,
22,PRC_B2H5F0D9Y2U5F1U3U5S2A2N4C1D6A9,2213247,2025-09-26,298,180,176,1,3,298,176,1,3,118,1,True,True,match,0,0,0,
22,PRC_V2U5G0F9U1Y7Z1C4D2T1V2X1Z2X6T5,2213229,2025-09-25,298,218,213,0,5,298,213,0,5,80,1,True,True,match,0,0,0,
22,PRC_Z2X5G0D9P2L2E1L6G1Y2X5H7K0O6C1,2213196,2025-09-25,298,260,260,0,0,298,260,0,0,38,1,True,True,match,0,0,0,
22,PRC_O2I5J0R9Y2F2G0H9D5B0E2M4P3V7T5,2213165,2025-09-25,298,260,260,0,0,298,260,0,0,38,1,True,True,match,0,0,0,
22,PRC_L2A5K0E9E2N5O1B5V2K3T5B3H7H3I7,2212895,2025-09-25,298,202,195,0,7,298,195,0,7,96,1,True,True,match,0,0,0,
22,PRC_V2S5J0Q9A1N1Z1A5M4K0Z2N8Y2F3L7,2212725,2025-09-11,298,168,168,0,0,298,168,0,0,130,1,True,True,match,0,0,0,
22,PRC_W2L5V0D9A1S1W1T5G4F4S1Q8N7B6D8,2212724,2025-09-11,298,166,164,0,2,298,164,0,2,132,1,True,True,match,0,0,0,
22,PRC_D2W5T0B9K1U1M1I5C3J8P2I8W8J8R7,2212723,2025-09-11,298,168,168,0,0,298,168,0,0,130,1,True,True,match,0,0,0,
22,PRC_A2D5U0K8A2G5C1K5V4S0J1M9J7I8Z3,2212418,2025-08-27,298,163,163,0,0,298,163,0,0,135,1,True,True,match,0,0,0,
22,PRC_Y2E5D0R7S3Q0A1E0C1V8J2E0E4W7E0,2212398,2025-08-27,298,167,167,0,0,298,167,0,0,131,1,True,True,match,0,0,0,
22,PRC_G2N5S0F7Z3B0X1R0C2H3F0M8W3Z3S4,2212397,2025-08-27,298,166,166,0,0,298,166,0,0,132,1,True,True,match,0,0,0,
22,PRC_J2N5T0Z7C3N0D1Y0M2U1Z0V6L9M2M7,2212396,2025-08-27,298,165,159,0,6,298,159,0,6,133,1,True,True,match,0,0,0,
22,PRC_T2G5Y0K7L3D0F1Q0I2C0L0R3F8J3Q5,2212395,2025-08-27,298,165,164,0,1,298,164,0,1,133,1,True,True,match,0,0,0,
22,PRC_Z2F5H0I7Y2H9G1Q4O4D8T4F4O6I9X9,2212394,2025-08-27,298,164,163,0,1,298,163,0,1,134,1,True,True,match,0,0,0,
22,PRC_Z2Y5Z0H7K0D8H1H4M5Q1O1V2J6D1V5,2211925,2025-08-27,298,163,113,32,18,298,113,32,18,135,1,True,True,match,0,0,0,
22,PRC_A2Y5Z0X5W1W2E1E3D2E2C5C7B9X4X9,2210571,2025-08-27,298,163,162,0,1,298,162,0,1,135,1,True,True,match,0,0,0,
22,PRC_T2B5C0A4B1Z4Z1Y1G1G1F0G6E4E5C5,2209900,2025-08-27,298,161,160,0,1,298,160,0,1,137,1,True,True,match,0,0,0,
22,PRC_T2S5S0Q4R1Z6X1W1D3E0C2D7B0C2A6,2209889,2025-08-27,298,163,162,0,1,298,162,0,1,135,1,True,True,match,0,0,0,
22,PRC_C2A5J0H3G2H8G0O7M5K5L0K5S4Q9P6,2209808,2025-08-27,298,162,161,0,1,298,161,0,1,136,1,True,True,match,0,0,0,
22,PRC_D2B5C0K1L2J1I1I0G0H3P4P4O4M8N4,2208796,2025-08-27,298,163,162,0,1,298,162,0,1,135,1,True,True,match,0,0,0,
22,PRC_J2H5I0G1H1F3B1B5Z2B4Z4Z5Y0G0G6,2207665,2025-08-27,298,162,160,1,1,298,160,1,1,136,1,True,True,match,0,0,0,
22,PRC_N2V4V0U6U2S8R1S9A0A6Z1Z0Y5W2W4,2203416,2025-08-27,298,164,164,0,0,298,164,0,0,134,1,True,True,match,0,0,0,
22,PRC_C2A4A0Y7Z1H7I1G0H1F7D5E2M0N9L7,2202153,2025-08-27,298,159,158,0,1,298,158,0,1,139,1,True,True,match,0,0,0,
22,PRC_L2M4K1I1J1R9S1Q4Q1P9N3O8W7W9V0,2205704,2025-08-25,298,182,180,0,2,298,180,0,2,116,1,True,True,match,0,0,0,
22,PRC_W2O5V0N7I2N8G1J9L0H0Q4K2K0U3V6,2211924,2025-08-24,298,186,183,3,0,298,183,3,0,112,1,True,True,match,0,0,0,
22,PRC_B2R5B0M7Y0W7S0C7P4Y8V3E0A7S0X4,2211935,2025-08-22,298,180,179,1,0,298,179,1,0,118,1,True,True,match,0,0,0,
22,PRC_C2G5P0C7S0K7P0P7P0W9F1U3J9S9F7,2211933,2025-08-21,298,171,170,1,0,298,170,1,0,127,1,True,True,match,0,0,0,
22,PRC_W2E5C0Z7F0M7U0Q7R4F5A1E1D8I2H5,2211937,2025-08-05,298,180,178,2,0,298,178,2,0,118,1,True,True,match,0,0,0,
22,PRC_C2M5T0B8S0C4D1I3I3X8X0G0V4C7W8,2211959,2025-08-04,298,265,173,92,0,298,173,92,0,33,1,True,True,match,0,0,0,
22,PRC_H2G5C0I7I1L6F1N3U1W2M0U2E8D0Q1,2211942,2025-08-04,298,236,236,0,0,298,236,0,0,62,1,True,True,match,0,0,0,
22,PRC_J2A5I0Z1L2F1H1S5E5I8N5D0N4N9I8,2211941,2025-08-04,298,224,210,5,9,298,210,5,9,74,1,True,True,match,0,0,0,
22,PRC_W2M5Z0K7J1N6I1H3T0X7B3N0K2T9U1,2211940,2025-08-04,298,233,231,0,2,298,231,0,2,65,1,True,True,match,0,0,0,
22,PRC_Y2E5M0N7V1A6G1F3U0W6X5P3I2N5H5,2211939,2025-08-04,298,228,224,1,3,298,224,1,3,70,1,True,True,match,0,0,0,
22,PRC_W2J5Z0Q7R1V6U1O3J0D5T5O2K5P5E8,2211938,2025-08-04,298,232,228,0,4,298,228,0,4,66,1,True,True,match,0,0,0,
22,PRC_T2Z5K0V7L0N8O1Z4I4H6G0Z3C8F5N2,2211934,2025-08-04,298,259,203,28,28,298,203,28,28,39,1,True,True,match,0,0,0,
22,PRC_E2U5B0J7G2I9Y1R4E4V2J1K9C6S8Q8,2211929,2025-08-04,298,237,205,13,19,298,205,13,19,61,1,True,True,match,0,0,0,
22,PRC_T2I5G0R7I2H9E1Y4V4I7V1K3U8N3V4,2211928,2025-08-04,298,236,199,15,22,298,199,15,22,62,1,True,True,match,0,0,0,
22,PRC_W2L5Q0O8H0O4I1M3W3M7M5D1F4U5F5,2211647,2025-08-04,298,250,162,87,1,298,162,87,1,48,1,True,True,match,0,0,0,
22,PRC_T2E5P0C7K0W9W1Y8D5O5Y1B1X1B4Z7,2211639,2025-08-04,298,236,161,61,14,298,161,61,14,62,1,True,True,match,0,0,0,
22,PRC_S2R4R1Q1Q2P5P0X9W2W3U5V5T0U7Q1,2206933,2025-08-04,298,232,231,0,1,298,231,0,1,66,1,True,True,match,0,0,0,
22,PRC_S2Q4O1P2N0O3V0W9V2V7T0S6T0O9P7,2206266,2025-08-04,298,238,236,0,2,298,236,0,2,60,1,True,True,match,0,0,0,
22,PRC_R2R4P1R1P0P4X0W9W4U4V4T3U4Q2O6,2205398,2025-08-04,298,240,240,0,0,298,240,0,0,58,1,True,True,match,0,0,0,
22,PRC_J2K4I0J9H0I1G1O6O4N0N0M7M4L4L9,2204722,2025-08-04,298,234,225,2,7,298,225,2,7,64,1,True,True,match,0,0,0,
22,PRC_K2L4J0J9I0I9H1P4P5N8O5N3N2L2M6,2204012,2025-08-04,298,238,236,0,2,298,236,0,2,60,1,True,True,match,0,0,0,
22,PRC_J2G5X0U7F1H2U1Y4R0L0T1V3B3G2V7,2211650,2025-07-23,297,202,183,4,15,297,183,4,15,95,1,True,True,match,0,0,0,
22,PRC_Q2V5C0F7I1U2C1X3V5F5G2E9O1V4G6,2211649,2025-07-23,297,205,179,9,17,297,179,9,17,92,1,True,True,match,0,0,0,
22,PRC_Q2M5H0M7I0B9H1C9C0C5P3Q7M5P7E5,2211648,2025-07-23,297,211,208,0,3,297,208,0,3,86,1,True,True,match,0,0,0,
22,PRC_I2E5X0D7T0A2G1L0M3R2X1G8B4A6J9,2211646,2025-07-23,297,232,231,0,1,297,231,0,1,65,1,True,True,match,0,0,0,
22,PRC_F2Q5F0A7P0Z8H1Q5D0F0T3Q5O3N0U9,2211645,2025-07-23,297,232,231,0,1,297,231,0,1,65,1,True,True,match,0,0,0,
22,PRC_M2Z5S0S7D0B2O1G0D4G2X2B6F3H8D5,2211644,2025-07-23,297,233,189,12,32,297,189,12,32,64,1,True,True,match,0,0,0,
22,PRC_U2K5N0N7L0M8S1F4F5Z5H4D4Z8T9V2,2211643,2025-07-23,297,237,236,0,1,297,236,0,1,60,1,True,True,match,0,0,0,
22,PRC_O2Q5U0E7A0A9H1F8O5J4F0Q3I1J3Y5,2211642,2025-07-23,297,223,205,3,15,297,205,3,15,74,1,True,True,match,0,0,0,
22,PRC_Z2X5A0W7B1W6N1Y3Q0Q8I1B0Y4K7G2,2211641,2025-07-23,297,232,230,0,2,297,230,0,2,65,1,True,True,match,0,0,0,
22,PRC_I2W5N0E7X0L9B1L8A5Y5P5N3S6C6X6,2211640,2025-07-23,297,218,210,1,7,297,210,1,7,79,1,True,True,match,0,0,0,
22,PRC_P2J5W0H7J0F9H1R8R5Z2H0Y9Q4J4E5,2211638,2025-07-23,297,221,203,6,12,297,203,6,12,76,1,True,True,match,0,0,0,
22,PRC_M2K5K0J3H0I4Q0Q9P0P1N1M5N3U8V4,2210130,2025-07-23,297,220,205,5,10,297,205,5,10,77,1,True,True,match,0,0,0,
22,PRC_M2V5T0U3T2R5Z1A3Z5Y5G1F3G4E3D2,2209520,2025-07-23,297,199,187,2,10,297,187,2,10,98,1,True,True,match,0,0,0,
22,PRC_O2N5O0M2M1L2T1T1R2T6R5R6P1Y1Y2,2208324,2025-07-23,297,228,227,0,1,297,227,0,1,69,1,True,True,match,0,0,0,
22,PRC_F2G4B1A1B2Z8A1Y7Z3G4F2F7E3F6D0,2208201,2025-07-23,297,203,175,7,21,297,175,7,21,94,1,True,True,match,0,0,0,
22,PRC_Z2A5Y0Y2X0Y3T1U5S4R9R2P6Q6Y9Y2,2207948,2025-07-23,297,212,210,0,2,297,210,0,2,85,1,True,True,match,0,0,0,
22,PRC_N2L4M1K2L1T2T1R7Q3R4P4P3Y9Y3W6,2206781,2025-07-23,297,238,235,0,3,297,235,0,3,59,1,True,True,match,0,0,0,
22,PRC_F2D4C0D7Z2F5G1F1E4C2L2J9I1H3I9,2202456,2025-07-23,297,226,222,1,3,297,222,1,3,71,1,True,True,match,0,0,0,
22,PRC_L2M4K0K7J0K3I1I4X2W2W2U1V9T2U8,2201357,2025-07-23,297,231,180,20,31,297,180,20,31,66,1,True,True,match,0,0,0,
22,PRC_B2F4E0L5J3I0R1Q4P1V6U3L5K7J2R0,2200776,2025-07-23,297,231,229,0,2,297,229,0,2,66,1,True,True,match,0,0,0,
22,PRC_K2J4I0P6O1N7K1I4F1N0M1M6V8P2P5,2200679,2025-07-23,297,232,209,11,12,297,209,11,12,65,1,True,True,match,0,0,0,
22,PRC_V2Y5P0Z6X2I3J1D5C4N4J4V6C1D5O9,2210999,2025-07-04,298,181,179,2,0,298,179,2,0,117,1,True,True,match,0,0,0,
22,PRC_O2T5Y0M6Y2B3V1T5K4D4Y0B6O2C6S6,2210998,2025-07-04,298,182,180,2,0,298,180,2,0,116,1,True,True,match,0,0,0,
22,PRC_Q2S5T0J6Z2E3Y1U5Q4A3P2I7G6I8W6,2210997,2025-07-04,298,182,180,2,0,298,180,2,0,116,1,True,True,match,0,0,0,
22,PRC_D2M5O0G6Y2K3N1D5R4L2R2C0R9H6F9,2210996,2025-07-04,298,182,180,2,0,298,180,2,0,116,1,True,True,match,0,0,0,
22,PRC_S2W5X0N6T2X3N1L5X4A1N4J1V3P0W4,2210995,2025-07-04,298,182,180,2,0,298,180,2,0,116,1,True,True,match,0,0,0,
22,PRC_G2H5E0M6W2E3J1T5O3W9M5N1L5Y0B6,2210994,2025-07-04,298,182,180,2,0,298,180,2,0,116,1,True,True,match,0,0,0,
22,PRC_B2W5X0U6Y2G3C1I5V3S6D4C4L4J5T6,2210993,2025-07-04,298,181,179,2,0,298,179,2,0,117,1,True,True,match,0,0,0,
22,PRC_X2X5V0K6B2Z3S1Y5J4X4G3W2N3E9H2,2210992,2025-07-04,298,182,180,2,0,298,180,2,0,116,1,True,True,match,0,0,0,
22,PRC_W2T5F0M6Q2X3I1G5V4C3S4Q7S7Y8Q9,2210991,2025-07-04,298,183,181,2,0,298,181,2,0,115,1,True,True,match,0,0,0,
22,PRC_Y2V5G0F6A2B3O1O5R4U2J5A5X0J3Z3,2210990,2025-07-04,298,183,181,2,0,298,181,2,0,115,1,True,True,match,0,0,0,
22,PRC_M2X5M0Z6W2I3I1V5O4B2M0F7B8V9I4,2210989,2025-07-04,298,182,180,2,0,298,180,2,0,116,1,True,True,match,0,0,0,
22,PRC_G2P5F0J6T2K3C1V5Q4D0C4B9U2A6X9,2210988,2025-07-04,298,183,181,2,0,298,181,2,0,115,1,True,True,match,0,0,0,
22,PRC_Z2G5H0T6M2X3X1H5V3E8A5X4W1S3R8,2210987,2025-07-04,298,183,181,2,0,298,181,2,0,115,1,True,True,match,0,0,0,
22,PRC_K2N5C0W6A2A3Z1G5X3X6Z5R8V5K0D9,2210986,2025-07-04,298,183,181,2,0,298,181,2,0,115,1,True,True,match,0,0,0,
22,PRC_N2K5A0H6E2S3W1J5Y4F4R5H2U4B1T2,2210985,2025-07-04,298,183,181,2,0,298,181,2,0,115,1,True,True,match,0,0,0,
22,PRC_W2S5L0N6A2F3V1A5D4D3G2H8H5T8K8,2210984,2025-07-04,298,183,180,2,1,298,180,2,1,115,1,True,True,match,0,0,0,
22,PRC_D2H5L0K6C2R3D1E5Y4G2Y4R6T5K8K5,2210983,2025-07-04,298,183,181,2,0,298,181,2,0,115,1,True,True,match,0,0,0,
22,PRC_Z2E5F0U6N2T3C1I5K4E2Y0V4Q4P3R7,2210982,2025-07-04,298,183,181,2,0,298,181,2,0,115,1,True,True,match,0,0,0,
22,PRC_L2Y5E0T6T2E3S1U5Q4G1Q1C5R0R6K8,2210981,2025-07-04,298,182,180,2,0,298,180,2,0,116,1,True,True,match,0,0,0,
22,PRC_W2Z5C0L6Y2U3B1Z5C4M0F2O5G2U7N1,2210980,2025-07-04,298,182,180,2,0,298,180,2,0,116,1,True,True,match,0,0,0,
22,PRC_G2H5G0T6T2F3H1V5F3J9V1D6V1C3O1,2210979,2025-07-04,298,183,181,2,0,298,181,2,0,115,1,True,True,match,0,0,0,
22,PRC_P2I5U0V6D2Q3A1J5Q3N7I0L7K0B9R2,2210978,2025-07-04,298,182,181,1,0,298,181,1,0,116,1,True,True,match,0,0,0,
22,PRC_E2U5O0Z7M0C4C2A0R2F6T2H4T9Q3H1,2210977,2025-07-04,298,182,168,3,11,298,168,3,11,116,1,True,True,match,0,0,0,
22,PRC_F2K5P0F6H2D4X0S8P3R1V5C6G8G4J5,2211253,2025-07-03,298,266,265,0,1,298,265,0,1,32,1,True,True,match,0,0,0,
22,PRC_F2O5G0P6F2C4P0C8M2P9N2R2S6W8X8,2211252,2025-07-03,298,259,256,0,3,298,256,0,3,39,1,True,True,match,0,0,0,
22,PRC_P2M5I0P7H0Z2V1Q8N3K0C1E0U1L4S6,2211251,2025-07-03,298,272,218,29,25,298,218,29,25,26,1,True,True,match,0,0,0,
22,PRC_A2Y5N0J7W0L2U1Q8C3H1Y5N0J3K0D9,2211250,2025-07-03,298,275,274,0,1,298,274,0,1,23,1,True,True,match,0,0,0,
22,PRC_Y2J5P0C6O1D8D1L3K3T5Y0Q8G8E5H9,2211249,2025-07-03,298,266,263,0,3,298,263,0,3,32,1,True,True,match,0,0,0,
22,PRC_O2M5A0C6M1Q8Y1X3L2C4F0P2M0K3I5,2211248,2025-07-03,298,263,262,0,1,298,262,0,1,35,1,True,True,match,0,0,0,
22,PRC_L2S5B0K4F2Y3C1P6G0Y6G1S0U6V6A7,2210076,2025-07-03,298,259,252,0,7,298,252,0,7,39,1,True,True,match,0,0,0,
22,PRC_S2T4S1A0Y3X0V1E5F1D9C2A4J5J9I5,2206187,2025-07-03,298,258,253,0,5,298,253,0,5,40,1,True,True,match,0,0,0,
22,PRC_U2V4T1U1S2T7R1S0N5O5M1K4L7J3K3,2206075,2025-07-03,298,257,249,2,6,298,249,2,6,41,1,True,True,match,0,0,0,
22,PRC_J2K4I1I1H1P5P0N9P3N1N2L3U5U6S8,2206019,2025-07-03,298,268,262,1,5,298,262,1,5,30,1,True,True,match,0,0,0,
22,PRC_N2T4C1Q1Z1X1S1H4D0T1X3P2S5S7Q6,2205424,2025-07-03,298,259,256,0,3,298,256,0,3,39,1,True,True,match,0,0,0,
22,ARC_N2D4P1Q0V1B6H1T5J1Z5Q1A0N5X8B5,2204729,2025-07-03,298,260,260,0,0,298,260,0,0,38,1,True,True,match,0,0,0,
22,ARC_P2F4I1U0W1I6Q1J0I5N9J5N1P2H1V2,2204721,2025-07-03,298,267,267,0,0,298,267,0,0,31,1,True,True,match,0,0,0,
22,PRC_R2Q4P0W7W3U0D1E6D0B1Z5I8H7F5E8,2202518,2025-07-03,298,258,256,0,2,298,256,0,2,40,1,True,True,match,0,0,0,
22,PRC_I2F4B0Z7Z1X7G1P4L2B9A5X0F4F2D6,2202002,2025-07-03,298,257,256,0,1,298,256,0,1,41,1,True,True,match,0,0,0,
22,PRC_F2D4L0M7K1L5J1I7I3E9F2D0D3C7A4,2201941,2025-07-03,298,262,262,0,0,298,262,0,0,36,1,True,True,match,0,0,0,
22,PRC_J2J4I0G7H1P6P1O5O5M1L2M3H9I3G0,2201852,2025-07-03,298,260,255,0,5,298,255,0,5,38,1,True,True,match,0,0,0,
22,PRC_N2V4W0U6U1T0T1S5S3O1M5N2M4M5K9,2201739,2025-07-03,298,258,256,0,2,298,256,0,2,40,1,True,True,match,0,0,0,
22,PRC_R2E5H0K6O2W7L1J1M5R7H2I8B2E1M0,2211128,2025-06-27,298,170,170,0,0,298,170,0,0,128,1,True,True,match,0,0,0,
22,PRC_V2W5U0C6D0B9C0A9B3Z8A4I4G2G7F9,2210700,2025-06-26,298,251,248,1,2,298,248,1,2,47,1,True,True,match,0,0,0,
22,PRC_W2T5B0C4I2A5R1V6C2P6V2V8T5R1T6,2210136,2025-06-05,296,198,195,3,0,296,195,3,0,98,1,True,True,match,0,0,0,
22,PRC_F2Z5U0D6K0X5H0Q9H0G6L3E1Q2Y3N0,2210129,2025-06-05,296,198,194,3,1,296,194,3,1,98,1,True,True,match,0,0,0,
22,PRC_U2Q5C0U2S2P8H1D5K0Z6G3D3C2O7Q9,2208594,2025-06-05,296,199,195,3,1,296,195,3,1,97,1,True,True,match,0,0,0,
22,PRC_I2H5F0G2N2O5N1N5L0M4L2S0T6R3S7,2208456,2025-06-05,296,203,186,17,0,296,186,17,0,93,1,True,True,match,0,0,0,
22,PRC_L2U5C0N5H0P1I2K1O3A7S2C2U0P3E5,2210330,2025-05-01,300,185,182,3,0,300,182,3,0,115,1,True,True,match,0,0,0,
22,PRC_C2M5I0G4Q1A6Q1P5N0V1J2Z9Z2L4O2,2210293,2025-05-01,300,265,262,0,3,300,262,0,3,35,1,True,True,match,0,0,0,
22,PRC_J2M5X0R4H1A7E1P3E3M5J3M2S4P1Q3,2210292,2025-05-01,300,257,253,1,3,300,253,1,3,43,1,True,True,match,0,0,0,
22,PRC_O2A5B0M4Z1A7N1J3R3D3A4E7A6B2Z2,2210291,2025-05-01,300,262,261,0,1,300,261,0,1,38,1,True,True,match,0,0,0,
22,PRC_L2R5X0P4V0X8J1S6Y0Y4Q4V1X9L6D7,2210290,2025-05-01,300,262,250,2,10,300,250,2,10,38,1,True,True,match,0,0,0,
22,PRC_G2D5H0F4N0Q8B1C6S1W5W1M6Q3Z5K8,2210289,2025-05-01,300,267,266,0,1,300,266,0,1,33,1,True,True,match,0,0,0,
22,PRC_C2L5F0X4S0W8X1I6S0K5C5D5Y6Z0T3,2210288,2025-05-01,300,269,266,1,2,300,266,1,2,31,1,True,True,match,0,0,0,
22,PRC_W2J5B0I4P1S7S1K3O5Z1D2S5K6K4H7,2210287,2025-05-01,300,265,257,3,5,300,257,3,5,35,1,True,True,match,0,0,0,
22,PRC_F2M5P0Y4D2A1S1I5J2F3G0F0Y3Z8X0,2210286,2025-05-01,300,265,265,0,0,300,265,0,0,35,1,True,True,match,0,0,0,
22,PRC_S2U5X0W4Y2E1H1L5F2Y2M0X8W5M4R2,2210283,2025-05-01,300,263,254,1,8,300,254,1,8,37,1,True,True,match,0,0,0,
22,PRC_S2Q5T0V4Z2U1P1K5V2H3P2E9X4C3X1,2210280,2025-05-01,300,262,261,0,1,300,261,0,1,38,1,True,True,match,0,0,0,
22,PRC_W2N5E0X4S2F1R1H5B2Z4L1T7O4L8X2,2210279,2025-05-01,300,264,260,2,2,300,260,2,2,36,1,True,True,match,0,0,0,
22,PRC_Y2N5G0V4F2J8H1H5D5B0Y0F4P4L1C8,2210271,2025-05-01,300,259,259,0,0,300,259,0,0,41,1,True,True,match,0,0,0,
22,PRC_P2T5N0V4P2T1T1B7L3A5I5Y4I7D6L7,2209997,2025-05-01,300,266,264,0,2,300,264,0,2,34,1,True,True,match,0,0,0,
22,PRC_P2A5Q0E4K2P1U1X7Q3O5O3R7R1V6O8,2209996,2025-05-01,300,269,269,0,0,300,269,0,0,31,1,True,True,match,0,0,0,
22,PRC_B2L5S0P4W2J1Z1D7Y3A5H1E7V4B7A6,2209995,2025-05-01,300,270,269,0,1,300,269,0,1,30,1,True,True,match,0,0,0,
22,PRC_D2R5X0O4D2J1B1G7X3V4W5S2G6D4K8,2209994,2025-05-01,300,266,266,0,0,300,266,0,0,34,1,True,True,match,0,0,0,
22,PRC_I2H5T0S4T2Q1N1F7M3V4T3X6E2J3C1,2209993,2025-05-01,300,264,262,0,2,300,262,0,2,36,1,True,True,match,0,0,0,
22,PRC_U2W5F0P4X2X1I1P7A3H4P1W8K9K6S1,2209992,2025-05-01,300,269,265,0,4,300,265,0,4,31,1,True,True,match,0,0,0,
22,PRC_P2N5G0B4C2W1O1C7U3C3X5K9R0U9S4,2209991,2025-05-01,300,263,263,0,0,300,263,0,0,37,1,True,True,match,0,0,0,
22,PRC_F2S5D0O4B2F1P1M7F3U3O3N8B6R8C7,2209990,2025-05-01,300,269,268,0,1,300,268,0,1,31,1,True,True,match,0,0,0,
22,PRC_C2R5K0E4P2H1H1S7P3P3G1U7O2X7S2,2209989,2025-05-01,300,264,264,0,0,300,264,0,0,36,1,True,True,match,0,0,0,
22,PRC_W2P5T0W4Z2C1X1G7Z3E2H5G5F1C3C3,2209988,2025-05-01,300,269,267,0,2,300,267,0,2,31,1,True,True,match,0,0,0,
22,PRC_W2C5U0C4Z2M1M1W7K3N1Z3J3E4Y8W3,2209987,2025-05-01,300,267,265,0,2,300,265,0,2,33,1,True,True,match,0,0,0,
22,PRC_Y2U5W0A4H2Y1L1P7D2A5G0O9C6J1U1,2209986,2025-05-01,300,272,241,6,25,300,241,6,25,28,1,True,True,match,0,0,0,
22,PRC_R2P5Q0Y2Y0X7X1V1U1V2C1D8C3C2A2,2208935,2025-05-01,300,263,257,2,4,300,257,2,4,37,1,True,True,match,0,0,0,
22,PRC_D2K5L0K2K2I0J1I7P5Q1O4P6N6O1M2,2208412,2025-05-01,300,263,263,0,0,300,263,0,0,37,1,True,True,match,0,0,0,
22,PRC_M2K4L1J2K2S3S1Q4R0P2O3O7D0E5C7,2207083,2025-05-01,300,265,262,1,2,300,262,1,2,35,1,True,True,match,0,0,0,
22,PRC_A2B4Z1A2Y1Y8X1F7F5E2F0D7D4B7K5,2206751,2025-05-01,300,265,260,0,5,300,260,0,5,35,1,True,True,match,0,0,0,
22,PRC_I2I4H1P2P1N8O1N7N5L2U5U1S5T7R9,2206750,2025-05-01,300,258,252,1,5,300,252,1,5,42,1,True,True,match,0,0,0,
22,ARC_Y2C4S1M2Y1M2U1T8Q1O8S0G3E1P5M0,2206451,2025-05-01,300,260,256,0,4,300,256,0,4,40,1,True,True,match,0,0,0,
22,ARC_D2C4U1N2I0N4F1H7F4N0O0P8R8M2U3,2206204,2025-05-01,300,271,271,0,0,300,271,0,0,29,1,True,True,match,0,0,0,
22,PRC_S2R4Q0Z9W2U4Q0Q9O3N0Z4X6E4C1C1,2205514,2025-05-01,300,255,252,0,3,300,252,0,3,45,1,True,True,match,0,0,0,
22,ARC_M2I4R1Z0K2S4F1I5O1D7G4F4T8D3W8,2204888,2025-05-01,300,260,259,0,1,300,259,0,1,40,1,True,True,match,0,0,0,
22,ARC_T2I4X1Y0W1R6K1U4C5R8K2J4N6S6Q3,2204724,2025-05-01,300,269,267,1,1,300,267,1,1,31,1,True,True,match,0,0,0,
22,ARC_X2C4W1G0C1M6Y1C0K1N5F5W5C7W2O2,2204710,2025-05-01,300,256,255,0,1,300,255,0,1,44,1,True,True,match,0,0,0,
22,PRC_Q2N4M0U9T2Q4Z0Y9U3B3A0Z0G7F7E9,2204597,2025-05-01,300,261,259,0,2,300,259,0,2,39,1,True,True,match,0,0,0,
22,PRC_S2Q4R0P9Q0P9K1L7J3K9I2J4H7P8P1,2204103,2025-05-01,300,256,251,0,5,300,251,0,5,44,1,True,True,match,0,0,0,
22,PRC_U2V4T0U8C3A0B1Z3A3Y9Y3H4F0F0E6,2203919,2025-05-01,300,259,257,0,2,300,257,0,2,41,1,True,True,match,0,0,0,
22,PRC_J2K4I0I8G1P6P1N0O5N9N0L1B9B8Z8,2203900,2025-05-01,300,267,266,0,1,300,266,0,1,33,1,True,True,match,0,0,0,
22,PRC_X2V4W0U8Q2Q2P0P9O1O3N0N5V2U6U1,2203249,2025-05-01,300,264,257,0,7,300,257,0,7,36,1,True,True,match,0,0,0,
22,ARC_M2L4B0U7P2L9B1L6L3X4K5Y6E6A5A2,2202357,2025-05-01,300,269,265,0,4,300,265,0,4,31,1,True,True,match,0,0,0,
22,PRC_E2D4B0C7A0B1J1J0I3G4G3F8G5N2O2,2201570,2025-05-01,300,266,265,0,1,300,265,0,1,34,1,True,True,match,0,0,0,
22,PRC_R2Q4P0P5Y3W0P1Y3W4V3W2U8Q1P3N4,2200232,2025-05-01,300,259,256,1,2,300,256,1,2,41,1,True,True,match,0,0,0,
22,PRC_V2U4C0D5C3A0Z1U3V4U5T2R4Z0H9F9,2200231,2025-05-01,300,261,257,1,3,300,257,1,3,39,1,True,True,match,0,0,0,
22,PRC_Z2C5V0D4L2K3Z1J7G0Y0I1G2A2R4U7,2210078,2025-04-24,300,209,207,0,2,300,207,0,2,91,1,True,True,match,0,0,0,
22,PRC_Z2F5I0E4C0Q4D1H3W5V6H0F7B3G7E7,2209685,2025-04-17,300,290,290,0,0,300,290,0,0,10,1,True,True,match,0,0,0,
22,PRC_M2Z5H0S4J1P7C1U3C3B2T0T7X9J3Q9,2209676,2025-04-17,300,294,188,106,0,300,188,106,0,6,1,True,True,match,0,0,0,
22,PRC_L2J4J0I8J2Q6R1P9O1O5M4N0V3W1U8,2203758,2025-04-17,300,289,278,0,11,300,278,0,11,11,1,True,True,match,0,0,0,
22,PRC_X2M5K0D4D1N4T1K4H1L8E5X3Z0I1K5,2209823,2025-04-15,300,168,168,0,0,300,168,0,0,132,1,True,True,match,0,0,0,
22,PRC_Z2W5K0H4R0W4T1E2S3Q4C0Z2W6T8R2,2206835,2025-04-04,300,187,187,0,0,300,187,0,0,113,1,True,True,match,0,0,0,
22,PRC_T2I5R0X4A0E2M1A1F3H6A0G0F7Y8A1,2209493,2025-04-02,300,186,184,2,0,300,184,2,0,114,1,True,True,match,0,0,0,
22,PRC_T2S5Q0C3F0D5D1P6X1M8U1R3G9O1Y9,2209390,2025-04-02,300,245,237,2,6,300,237,2,6,55,1,True,True,match,0,0,0,
22,PRC_N2N5O0W3O0Q4V0M9R4W6P5S3N0Q5R2,2209389,2025-04-02,300,256,255,0,1,300,255,0,1,44,1,True,True,match,0,0,0,
22,PRC_G2G5L0H3T0B4U0A9C5B9Q1Z6B3B2H6,2209388,2025-04-02,300,261,260,0,1,300,260,0,1,39,1,True,True,match,0,0,0,
22,PRC_O2N5H0E3Q0Q4O0F9N5D3B5L0R1V9G0,2209387,2025-04-02,300,260,258,0,2,300,258,0,2,40,1,True,True,match,0,0,0,
22,PRC_W2T5E0V3A0T4P0M9Z5Z1I5A0D7S0W6,2209386,2025-04-02,300,258,257,0,1,300,257,0,1,42,1,True,True,match,0,0,0,
22,PRC_V2D5E0N3A0N4E0C9B5F0W4V7F4H1A2,2209385,2025-04-02,300,256,252,2,2,300,252,2,2,44,1,True,True,match,0,0,0,
22,PRC_C2B5N0Q3R0B4D0Y9N5R2S5J0R3J8B7,2209384,2025-04-02,300,258,257,0,1,300,257,0,1,42,1,True,True,match,0,0,0,
22,PRC_Q2R5N0H3N0K5V1C6M2X1W0L1J6Q8C5,2209383,2025-04-02,300,244,242,0,2,300,242,0,2,56,1,True,True,match,0,0,0,
22,PRC_Z2Z5I0V3W0D5I1T6N2E1C5T4P6D4U7,2209382,2025-04-02,300,249,246,0,3,300,246,0,3,51,1,True,True,match,0,0,0,
22,PRC_B2Z5Z0C1Z2F2B1S8L4I5R5N2Q4V3R3,2209380,2025-04-02,300,265,264,0,1,300,264,0,1,35,1,True,True,match,0,0,0,
22,PRC_J2B4S1T2C0V4T1E5P2O2E5H2U3F7D3,2209379,2025-04-02,300,266,266,0,0,300,266,0,0,34,1,True,True,match,0,0,0,
22,PRC_W2Z5X0S1Y2Z2E1M7M1C4Q0T5G1G2B5,2209378,2025-04-02,300,261,251,5,5,300,251,5,5,39,1,True,True,match,0,0,0,
22,PRC_H2E5T0U3P1U7H0W9X0G0O3P4E6G1A4,2209376,2025-04-02,300,266,246,12,8,300,246,12,8,34,1,True,True,match,0,0,0,
22,PRC_A2H5J0I3S1Q2V1I5T1D8Z0A5X9B6D1,2209371,2025-04-02,300,246,171,69,6,300,171,69,6,54,1,True,True,match,0,0,0,
22,ARC_P2G4U1E2T1J2Q1I5G0M0S3X2V3R7U2,2206428,2025-04-02,300,262,258,1,3,300,258,1,3,38,1,True,True,match,0,0,0,
22,PRC_P2Q4X1W1W2V7V1U4U3J4K1I2H6H4G9,2206416,2025-04-02,300,257,256,0,1,300,256,0,1,43,1,True,True,match,0,0,0,
22,PRC_N2N4V1U1U2S7T1R4S3A6A0Z2X3Y5W8,2206415,2025-04-02,300,261,260,0,1,300,260,0,1,39,1,True,True,match,0,0,0,
22,PRC_Y2X4V1V1R2R6Q0R9P4P7O0W7W4U1V6,2206062,2025-04-02,300,261,260,0,1,300,260,0,1,39,1,True,True,match,0,0,0,
22,PRC_G2F4E0D9L2I6H1Q0P1O0M2J8G9E1N7,2205487,2025-04-02,300,259,256,0,3,300,256,0,3,41,1,True,True,match,0,0,0,
22,PRC_X2W4E1D1D0C5B1I6Q2P6N2M0I1H1I0,2205392,2025-04-02,300,260,255,0,5,300,255,0,5,40,1,True,True,match,0,0,0,
22,PRC_B2C4A0B7Q1Q2O1N6O0M5M0U2V6T6U6,2203884,2025-04-02,300,258,243,4,11,300,243,4,11,42,1,True,True,match,0,0,0,
22,PRC_M2N4I0J8H2H1G1E0F0N2N1L8M4L6L8,2203386,2025-04-02,300,244,239,0,5,300,239,0,5,56,1,True,True,match,0,0,0,
22,PRC_Q2M4M0L8J0J8I1J6Q2R2Q3O6O5N3N3,2202995,2025-04-02,300,253,253,0,0,300,253,0,0,47,1,True,True,match,0,0,0,
22,PRC_H2I4G0G8E0D8E1L6M2L1L2J0Q8P3Q2,2202989,2025-04-02,300,248,248,0,0,300,248,0,0,52,1,True,True,match,0,0,0,
22,ARC_K2D4L0M7W2X6M1S4O2B5Y3P8S7F0C8,2202299,2025-04-02,300,261,256,1,4,300,256,1,4,39,1,True,True,match,0,0,0,
22,ARC_R2M4D0F7B2T4I1C4N3S0W0Z0O1A9C7,2202199,2025-04-02,300,258,258,0,0,300,258,0,0,42,1,True,True,match,0,0,0,
22,PRC_X2E4D0C7Y1X8U1L5K4E2E4C9B4K5J3,2202156,2025-04-02,300,259,257,0,2,300,257,0,2,41,1,True,True,match,0,0,0,
22,PRC_O2P4N0M7M1K7L1T0S2S2Q3R8P4Q8Y7,2201998,2025-04-02,300,257,257,0,0,300,257,0,0,43,1,True,True,match,0,0,0,
22,PRC_D2B4D0K7L1J5J1I0G1H6P1Q0O0O8N2,2201912,2025-04-02,300,258,250,1,7,300,250,1,7,42,1,True,True,match,0,0,0,
22,ARC_U2X4L0V7O1V2A1S7L0H1G3N2F2O2C4,2201695,2025-04-02,300,255,255,0,0,300,255,0,0,45,1,True,True,match,0,0,0,
22,PRC_E2D4B0J6I2H6I1G5O1N2M4M0L9T8S2,2201472,2025-04-02,300,252,252,0,0,300,252,0,0,48,1,True,True,match,0,0,0,
22,PRC_A2F5B0R3D2W0F1N4J2E6L4R9L3N6H4,2209191,2025-03-20,300,277,194,40,43,300,194,40,43,23,1,True,True,match,0,0,0,
22,PRC_S2P5I0Q3I2C0M1N5E1O6T0F1T0M9Q2,2209175,2025-03-20,300,239,219,11,9,300,219,11,9,61,1,True,True,match,0,0,0,
22,PRC_H2I5D0J3T0E4S1K0A1P8C4N7H1A3J7,2209139,2025-03-20,300,265,259,1,5,300,259,1,5,35,1,True,True,match,0,0,0,
22,PRC_E2U5N0L3O0Q7J0A9L5D9R4U1T0G8O8,2209138,2025-03-20,300,272,266,0,6,300,266,0,6,28,1,True,True,match,0,0,0,
22,PRC_E2Q5H0X3W0U4O1E0E1A6P3B7E2W2G2,2209137,2025-03-20,300,271,270,0,1,300,270,0,1,29,1,True,True,match,0,0,0,
22,PRC_I2P5Q0W3R0N4G1Z0T2C0R3W3G3L7W2,2209136,2025-03-20,300,268,259,0,9,300,259,0,9,32,1,True,True,match,0,0,0,
22,PRC_R2H5M0T3U0V7Q1D0J0T2N3S4X2X7H3,2209135,2025-03-20,300,273,270,0,3,300,270,0,3,27,1,True,True,match,0,0,0,
22,PRC_A2X5O0E3Q1T9G1Z1Y0F0T4V3K0K0O2,2209133,2025-03-20,300,260,255,0,5,300,255,0,5,40,1,True,True,match,0,0,0,
22,PRC_E2C5D0Z2Z2Y1Y1W6V3W8D5E8D8D3B4,2208356,2025-03-20,300,264,179,85,0,300,179,85,0,36,1,True,True,match,0,0,0,
22,PRC_H2D5C0J2I1A1E1F5Z1S1S5A8B2G1O9,2208058,2025-03-20,300,255,175,76,4,300,175,76,4,45,1,True,True,match,0,0,0,
22,PRC_H2P4O1O2M0N6L1M0I4I2G5F9G1E0F9,2207472,2025-03-20,300,267,251,3,13,300,251,3,13,33,1,True,True,match,0,0,0,
22,PRC_Q2R4Q1Q2P1N1N1V1W0U6T3T6S1S1A0,2206578,2025-03-20,300,273,272,0,1,300,272,0,1,27,1,True,True,match,0,0,0,
22,PRC_M2K4J1J2R0S2Q1R2P2N6O0K9L0J8H1,2206500,2025-03-20,300,266,240,8,18,300,240,8,18,34,1,True,True,match,0,0,0,
22,PRC_J2K4I1J1H0I8P1O1P0N8N4M1M0U6V7,2205908,2025-03-20,300,269,269,0,0,300,269,0,0,31,1,True,True,match,0,0,0,
22,PRC_P2Q4O1W1X0V8V1U1V0T9T3C9A3A7Y8,2205906,2025-03-20,300,272,271,0,1,300,271,0,1,28,1,True,True,match,0,0,0,
22,PRC_T2S4O1N1M0K5T1S0Q5P9X1W3X5W6U8,2205469,2025-03-20,300,268,258,3,7,300,258,3,7,32,1,True,True,match,0,0,0,
22,PRC_I2H4H1Q0O0N8M1U6S1A0Y0X3Y3U9T2,2204634,2025-03-20,300,261,261,0,0,300,261,0,0,39,1,True,True,match,0,0,0,
22,PRC_Z2A4Y0X6F1G8F1D4C0K2I3J9I2K4J0,2202390,2025-03-20,300,256,247,1,8,300,247,1,8,44,1,True,True,match,0,0,0,
22,PRC_B2Z4Y0Z6X1F8E1F4E0C4Y4W2X6W3V7,2202389,2025-03-20,300,258,246,1,11,300,246,1,11,42,1,True,True,match,0,0,0,
22,PRC_H2L4M0U6T1R8Q1R4Z0X3W1W8W2E2C8,2202388,2025-03-20,300,254,242,2,10,300,242,2,10,46,1,True,True,match,0,0,0,
22,PRC_S2Q4M0L6J2K7J1R4Q1X4T1T7S8R0P5,2201322,2025-03-20,300,265,230,10,25,300,230,10,25,35,1,True,True,match,0,0,0,
22,PRC_V2M5T0C3S1V3R1R3C4C1R3G8I8N7T3,2208899,2025-03-13,300,270,269,0,1,300,269,0,1,30,1,True,True,match,0,0,0,
22,PRC_Y2N5Q0F3N1H3R1K3J4F1Q2K0P6K2E0,2208898,2025-03-13,300,260,260,0,0,300,260,0,0,40,1,True,True,match,0,0,0,
22,PRC_L2S5U0O2M2E4G1O6T4Q9X4O1D3S1M9,2208882,2025-03-13,300,256,254,0,2,300,254,0,2,44,1,True,True,match,0,0,0,
22,PRC_E2I5R0E2E2A4O1O6F4S8Q2N8E6H2Y1,2208881,2025-03-13,300,254,254,0,0,300,254,0,0,46,1,True,True,match,0,0,0,
22,PRC_T2A5J0X2P2X4S1M6O0J4A4Q9Q1T5L0,2208880,2025-03-13,300,271,268,1,2,300,268,1,2,29,1,True,True,match,0,0,0,
22,PRC_R2K5P0M2V2J4D1R6C0T3F5A1C4V2Q4,2208879,2025-03-13,300,269,265,2,2,300,265,2,2,31,1,True,True,match,0,0,0,
22,PRC_C2P5R0E2S1T9G1R5N5F8T5C5P6H4J8,2208876,2025-03-13,300,240,228,0,12,300,228,0,12,60,1,True,True,match,0,0,0,
22,PRC_A2N5J0F2P2D0B1V9G0A8E2V8I1W2R3,2208875,2025-03-13,300,244,239,0,5,300,239,0,5,56,1,True,True,match,0,0,0,
22,PRC_H2W5P0Q2X1B9L1T5M5G6M3L0J2O5Y0,2208874,2025-03-13,300,243,235,1,7,300,235,1,7,57,1,True,True,match,0,0,0,
22,PRC_G2V5H0N2C2S0D1W9C0M9P1H1S8D3T9,2208873,2025-03-13,300,248,246,0,2,300,246,0,2,52,1,True,True,match,0,0,0,
22,PRC_H2K5V0G2I1A9V1F5E5T5V4N6Y6F1D3,2208872,2025-03-13,300,243,243,0,0,300,243,0,0,57,1,True,True,match,0,0,0,
22,PRC_K2O5D0G2F1A9H1X5A5O2X0G4B8G0X2,2208871,2025-03-13,300,237,234,0,3,300,234,0,3,63,1,True,True,match,0,0,0,
22,PRC_F2T5T0H2D1Z9T1W5M5Z2B4C6R8D1T2,2208870,2025-03-13,300,242,239,0,3,300,239,0,3,58,1,True,True,match,0,0,0,
22,PRC_B2J5L0H2Z2K0B1B9X1A0I4S1W9P3T0,2208869,2025-03-13,300,247,246,0,1,300,246,0,1,53,1,True,True,match,0,0,0,
22,PRC_E2X5E0D2O1B9S1C5Q5F7B2E4Y7F0C2,2208868,2025-03-13,300,243,241,0,2,300,241,0,2,57,1,True,True,match,0,0,0,
22,PRC_B2T5O0Q2E1I9I1L5O5C1V2K1P0P8M5,2208867,2025-03-13,300,243,241,0,2,300,241,0,2,57,1,True,True,match,0,0,0,
22,PRC_I2A5W0K2N2Q0S1J9E1H1B2Y8O5S3R9,2208866,2025-03-13,300,249,246,0,3,300,246,0,3,51,1,True,True,match,0,0,0,
22,PRC_M2S5U0Z2U2F4Y1L4O3K8I1K3I0T3F5,2208859,2025-03-13,300,274,273,1,0,300,273,1,0,26,1,True,True,match,0,0,0,
22,PRC_U2B5S0F2P2S4S1X5D5Y6S3Z2F7E4K5,2208857,2025-03-13,300,274,271,0,3,300,271,0,3,26,1,True,True,match,0,0,0,
22,PRC_A2U5E0I2Z2I4K1S1O1F9Y5G3Z1C9A9,2208855,2025-03-13,300,275,274,0,1,300,274,0,1,25,1,True,True,match,0,0,0,
22,PRC_J2Y5D0L2Q2K4Q1M1W2T8L0P6A7L5L5,2208854,2025-03-13,300,274,274,0,0,300,274,0,0,26,1,True,True,match,0,0,0,
22,PRC_T2E5F0A2N1A8P1W5M1C3H4R0L9J2S3,2208850,2025-03-13,300,271,265,1,5,300,265,1,5,29,1,True,True,match,0,0,0,
22,PRC_K2I5K0D3Q0S7I1J0Q0M1N3N4G7U7Z4,2208821,2025-03-13,300,241,201,17,23,300,201,17,23,59,1,True,True,match,0,0,0,
22,PRC_B2K5K0B3S1E1W1G4E0Z9I4L4M4E8B2,2208820,2025-03-13,300,242,155,87,0,300,155,87,0,58,1,True,True,match,0,0,0,
22,PRC_S2D5B0N3T1L1G1M4D1E7K5U0F1P6G1,2208819,2025-03-13,300,240,153,87,0,300,153,87,0,60,1,True,True,match,0,0,0,
22,PRC_C2F5H0D2U2P7K1E6M5N4Q1Q2W1S9G1,2208588,2025-03-13,300,236,151,85,0,300,151,85,0,64,1,True,True,match,0,0,0,
22,PRC_O2N5B0A2A2G5E1H4Z3B8V3K4T3R5P6,2208496,2025-03-13,300,280,186,91,3,300,186,91,3,20,1,True,True,match,0,0,0,
22,PRC_V2H5J0N2E1N4V1W4S5T0W3U4A1S5K6,2208169,2025-03-13,300,259,259,0,0,300,259,0,0,41,1,True,True,match,0,0,0,
22,PRC_L2D5Q0B1D2C2Y1H5J2B8A2O6X4I5K2,2207717,2025-03-13,300,251,251,0,0,300,251,0,0,49,1,True,True,match,0,0,0,
22,PRC_Q2Z5P0F1K2M2K1C5W1U6I2E1P3L8R8,2207714,2025-03-13,300,245,244,0,1,300,244,0,1,55,1,True,True,match,0,0,0,
22,PRC_L2X5R0Q1P2L2Y1Z4X5D8N0B2B2E5N9,2207713,2025-03-13,300,256,256,0,0,300,256,0,0,44,1,True,True,match,0,0,0,
22,PRC_P2Q4O1N2N0V2W1U5V3T9S4S3A8B9Z9,2207620,2025-03-13,300,240,232,1,7,300,232,1,7,60,1,True,True,match,0,0,0,
22,PRC_R2P4Q1X2Y2X7V1V3U2V2J4K9I2H8H3,2207089,2025-03-13,300,248,245,0,3,300,245,0,3,52,1,True,True,match,0,0,0,
22,PRC_Z2Y4Z1H2F2G0E1E5D2E4Z2Y9Y9X5Y9,2206890,2025-03-13,300,246,244,0,2,300,244,0,2,54,1,True,True,match,0,0,0,
22,PRC_J2J4I1E1E2D8D0B8A4B6I2J6I3I7H4,2206633,2025-03-13,300,250,246,1,3,300,246,1,3,50,1,True,True,match,0,0,0,
22,PRC_J2J4H1I2G1H2G1N5O1M2N4L4M1K6S0,2206590,2025-03-13,300,240,238,0,2,300,238,0,2,60,1,True,True,match,0,0,0,
22,PRC_U2V4T1U2S1A6A1Z4Z1Y4Y4W2F9F8D0,2206583,2025-03-13,300,243,240,0,3,300,240,0,3,57,1,True,True,match,0,0,0,
22,PRC_G2G4F1B1B2Z5A1Y1Z2X6F1G9E0F9D5,2205894,2025-03-13,300,265,256,3,6,300,256,3,6,35,1,True,True,match,0,0,0,
22,PRC_G2N4M1L0K2E3D1C0L2U1T1S2R6L8K2,2205661,2025-03-13,300,273,273,0,0,300,273,0,0,27,1,True,True,match,0,0,0,
22,ARC_V2T4D1K0X3T0X1U1P3L0X2Q1P0N7O4,2205033,2025-03-13,300,271,268,0,3,300,268,0,3,29,1,True,True,match,0,0,0,
22,PRC_E2D4E1D0Y1X0W1X1V4D6C3B6B6A9I2,2204904,2025-03-13,300,245,245,0,0,300,245,0,0,55,1,True,True,match,0,0,0,
22,PRC_U2C4D0B9C1A3Z0Z9V4W1U2U0S6R9S6,2204094,2025-03-13,300,274,270,1,3,300,270,1,3,26,1,True,True,match,0,0,0,
22,PRC_Q2Y4Y0X8V2W9U1C3D2B6C3A2B3Z4H9,2203687,2025-03-13,300,241,240,0,1,300,240,0,1,59,1,True,True,match,0,0,0,
22,PRC_B2C4A0B8Z2V7V1U0U3T5T2S5S9A8Z8,2203547,2025-03-13,300,257,252,0,5,300,252,0,5,43,1,True,True,match,0,0,0,
22,PRC_C2D4C0C8A1B4X0V9W1U0V3T4U4B1A1,2203090,2025-03-13,300,239,237,0,2,300,237,0,2,61,1,True,True,match,0,0,0,
22,PRC_X2V4W0U7V0C3B1C3A1A8Z3A9H8I9G1,2202694,2025-03-13,300,246,244,0,2,300,244,0,2,54,1,True,True,match,0,0,0,
22,PRC_S2T4R0S7Q1Q1Z1X0X4W8X2V9V9D9C1,2201838,2025-03-13,300,244,241,0,3,300,241,0,3,56,1,True,True,match,0,0,0,
22,ARC_P2A4R0T7T1K2W1C8P5E4O0Z4O7N3H9,2201718,2025-03-13,300,258,250,0,8,300,250,0,8,42,1,True,True,match,0,0,0,
22,PRC_L2T4S0Q6R2P4M1L4J0H0Q2R8P7O5M6,2201302,2025-03-13,300,267,262,0,5,300,262,0,5,33,1,True,True,match,0,0,0,
22,PRC_I2G4I0G6G1O3O1N0L2M3K5L8S3T2S4,2200775,2025-03-13,300,254,245,1,8,300,245,1,8,46,1,True,True,match,0,0,0,
22,PRC_H2G4F0F6E1A8Z1Y7W5X7F4F0E2F2D8,2200709,2025-03-13,300,240,240,0,0,300,240,0,0,60,1,True,True,match,0,0,0,
22,PRC_L2M4K0L6Z1Y0Z0X8X5V3W1E8F7D8D2,2200311,2025-03-13,300,253,249,1,3,300,249,1,3,47,1,True,True,match,0,0,0,
22,PRC_W2V5I0Y2N1T7O1V4H2B7D4W7U7F0M0,2208512,2025-02-27,300,257,239,14,4,300,239,14,4,43,1,True,True,match,0,0,0,
22,PRC_N2F5T0R2Z1N9B1B5C3V8J5F5F0H2U6,2208511,2025-02-27,300,225,217,4,4,300,217,4,4,75,1,True,True,match,0,0,0,
22,PRC_Q2M5N0W2L1Z7I1B4W3G4L5F5E8F6F8,2208510,2025-02-27,300,254,251,0,3,300,251,0,3,46,1,True,True,match,0,0,0,
22,PRC_M2F5B0B2J1S8S1M7R5A8Y0H4Q4V3G8,2208509,2025-02-27,300,191,190,0,1,300,190,0,1,109,1,True,True,match,0,0,0,
22,PRC_A2E5C0L2N1T8V1U8Z0G3U1V9H5W0U2,2208508,2025-02-27,300,187,187,0,0,300,187,0,0,113,1,True,True,match,0,0,0,
22,PRC_V2X5S0P2S1F8N1K8E0P1S4V0B5I5Q7,2208507,2025-02-27,300,188,187,0,1,300,187,0,1,112,1,True,True,match,0,0,0,
22,PRC_O2I5G0T2A1A8O1X8O0A5Y0Z4R9G9W0,2208506,2025-02-27,300,188,188,0,0,300,188,0,0,112,1,True,True,match,0,0,0,
22,PRC_F2G5C0V2S1W8W1D8S0L6A3W3N1O0V7,2208505,2025-02-27,300,193,192,0,1,300,192,0,1,107,1,True,True,match,0,0,0,
22,PRC_O2X5X0P1P0C7B1V3K0F1K1F1P1D7Y5,2208504,2025-02-27,300,242,238,0,4,300,238,0,4,58,1,True,True,match,0,0,0,
22,PRC_U2D5F0U2Z1R8S1I5N1A1G3B3P9H9I7,2208503,2025-02-27,300,242,241,0,1,300,241,0,1,58,1,True,True,match,0,0,0,
22,PRC_K2D5I0T2O1A8A1Q7Q5O9G4M8N2I0J5,2208502,2025-02-27,300,187,185,0,2,300,185,0,2,113,1,True,True,match,0,0,0,
22,PRC_T2G5X0R2G1Y8X1D7A5Q5Q0S4K5H9R2,2208501,2025-02-27,300,188,186,2,0,300,186,2,0,112,1,True,True,match,0,0,0,
22,PRC_R2I5Q0C2B1K8L1M8O0Y7H3V1Z0V2G6,2208500,2025-02-27,300,191,191,0,0,300,191,0,0,109,1,True,True,match,0,0,0,
22,PRC_T2D5E0B2U1S7R1N4S0R5U5N7R0S9E2,2208499,2025-02-27,300,254,253,0,1,300,253,0,1,46,1,True,True,match,0,0,0,
22,PRC_T2M5H0A2M1B8O1D8S0A8I5Y1L5O5K0,2208498,2025-02-27,300,193,192,0,1,300,192,0,1,107,1,True,True,match,0,0,0,
22,PRC_G2F5T0K2I1L8P1K8S1Z1P5M9G2M0I1,2208497,2025-02-27,300,187,187,0,0,300,187,0,0,113,1,True,True,match,0,0,0,
22,PRC_H2F5C0D2I1T9N1C9M0E1Y0S1N9K7Z2,2208495,2025-02-27,300,222,214,5,3,300,214,5,3,78,1,True,True,match,0,0,0,
22,PRC_H2A5N0B1L2X3U1W5T0Q0X1Z6V4F8U5,2208494,2025-02-27,300,202,199,0,3,300,199,0,3,98,1,True,True,match,0,0,0,
22,PRC_W2W5C0M1A2H1G1V8Y4E4P0V0A7X8V9,2208493,2025-02-27,300,204,203,0,1,300,203,0,1,96,1,True,True,match,0,0,0,
22,PRC_B2A5Z0N1O2H1D1P5O5I6E1E8X5X0Q4,2208492,2025-02-27,300,202,200,0,2,300,200,0,2,98,1,True,True,match,0,0,0,
22,PRC_J2V5N0N1Y1V6R1Q4J1D5F5C7I2E8E3,2208491,2025-02-27,300,207,204,0,3,300,204,0,3,93,1,True,True,match,0,0,0,
22,PRC_P2V5P0R2V0R3M1T6V3Z4S2C6E1G0S2,2208490,2025-02-27,300,207,206,0,1,300,206,0,1,93,1,True,True,match,0,0,0,
22,PRC_M2H5V0B2P2K5W1P4E3N6I5U5F9E4K9,2208489,2025-02-27,300,275,274,0,1,300,274,0,1,25,1,True,True,match,0,0,0,
22,PRC_Q2W5X0T1L0G6R1Z0C2Y7S1P3L4T2C5,2208488,2025-02-27,300,244,238,0,6,300,238,0,6,56,1,True,True,match,0,0,0,
22,PRC_X2H5L0K1X2K2Q1R7U1V1C5K3T2G4M9,2208487,2025-02-27,300,202,193,3,6,300,193,3,6,98,1,True,True,match,0,0,0,
22,PRC_Q2M5G0X2J2A5N1M4U3W4C4Q5E1N8K8,2208486,2025-02-27,300,274,266,1,7,300,266,1,7,26,1,True,True,match,0,0,0,
22,PRC_D2Q5D0D1Z0F6Q1H0H4H7H4A5M6U5X8,2208485,2025-02-27,300,245,167,78,0,300,167,78,0,55,1,True,True,match,0,0,0,
22,PRC_E2O4H0L9S2F4Y1Q7L3J6F2Q2H6F8K6,2208484,2025-02-27,300,221,221,0,0,300,221,0,0,79,1,True,True,match,0,0,0,
22,PRC_D2G5W0A2X2E4C1T1M2I9H3M3V0Q1M3,2208483,2025-02-27,300,253,245,0,8,300,245,0,8,47,1,True,True,match,0,0,0,
22,PRC_Q2Q5J0Q2U2D5M1C4W3V2Y3M6H4J4K8,2208482,2025-02-27,300,274,274,0,0,300,274,0,0,26,1,True,True,match,0,0,0,
22,PRC_P2O5H0X2B1I7K1O4N2D8H5B2C9Q3J7,2208481,2025-02-27,300,256,254,0,2,300,254,0,2,44,1,True,True,match,0,0,0,
22,PRC_H2W5V0Q2K1Q7W1L4I3J0Q5L2G5Z1R1,2208480,2025-02-27,300,253,248,1,4,300,248,1,4,47,1,True,True,match,0,0,0,
22,PRC_J2E5J0F1V1H6M1Y4T1G7G4Q9D9N2D8,2208479,2025-02-27,300,210,202,0,8,300,202,0,8,90,1,True,True,match,0,0,0,
22,PRC_T2Q5F0Q1I1P6J1C4Y1I9G0O5W6X5A3,2208478,2025-02-27,300,214,195,7,12,300,195,7,12,86,1,True,True,match,0,0,0,
22,PRC_S2Q5Q0R2H1H9G1X9J0L5F5V7B1O3R7,2208477,2025-02-27,300,219,216,0,3,300,216,0,3,81,1,True,True,match,0,0,0,
22,PRC_O2J5N0T2G1Y7V1B9N3L6Y2R3X9R6Z0,2208476,2025-02-27,300,225,190,8,27,300,190,8,27,75,1,True,True,match,0,0,0,
22,PRC_X2W5V0B2V1B7K1M9Y3P3A3O6A2Y2U3,2208475,2025-02-27,300,215,191,5,19,300,191,5,19,85,1,True,True,match,0,0,0,
22,PRC_Z2F5T0O1O1T6Z1F4Q1Z5I2R3R7J8I6,2208474,2025-02-27,300,208,207,0,1,300,207,0,1,92,1,True,True,match,0,0,0,
22,PRC_Q2N5S0A2Z1F7J1S9G3J7B2A2U3M1J9,2208473,2025-02-27,300,203,180,6,17,300,180,6,17,97,1,True,True,match,0,0,0,
22,PRC_G2H5A0N2V2W5T1S4L3O3P2V8U6E9F1,2208472,2025-02-27,300,273,268,0,5,300,268,0,5,27,1,True,True,match,0,0,0,
22,PRC_V2D5N0A1G1K6F1I4Y2T0R0N7F6O0M1,2208471,2025-02-27,300,211,210,0,1,300,210,0,1,89,1,True,True,match,0,0,0,
22,PRC_C2K5V0K2H2B5G1K4W3D5A3E0C1Q6P3,2208469,2025-02-27,300,276,271,0,5,300,271,0,5,24,1,True,True,match,0,0,0,
22,PRC_J2K5L0X2J1J8K1L0T3U7P2T4A1L6N4,2208268,2025-02-27,300,189,130,59,0,300,130,59,0,111,1,True,True,match,0,0,0,
22,PRC_F2M5G0E2U1D1F1P4F4H3U1A3R7S7D1,2208057,2025-02-27,300,274,183,91,0,300,183,91,0,26,1,True,True,match,0,0,0,
22,PRC_C2K4K0J8H2I3G1H7O3P0O5O6M8N5L4,2206729,2025-02-27,300,228,221,0,7,300,221,0,7,72,1,True,True,match,0,0,0,
22,ARC_N2I4D1Q2A1W7R1H9M3K2B4O3G9Y5O3,2206623,2025-02-27,300,227,226,0,1,300,226,0,1,73,1,True,True,match,0,0,0,
22,PRC_K2I4J1H2I1E3C1C3B4C5A2A0J1H7H4,2206582,2025-02-27,300,225,224,0,1,300,224,0,1,75,1,True,True,match,0,0,0,
22,ARC_M2K4D1X2I1J3S1B3K2C8J0Y3V4U6K3,2206471,2025-02-27,300,226,226,0,0,300,226,0,0,74,1,True,True,match,0,0,0,
22,PRC_H2I4H1D0B2A5B1Z5H3G5H2F8E5M2L4,2206017,2025-02-27,300,225,219,1,5,300,219,1,5,75,1,True,True,match,0,0,0,
22,PRC_S2R4P1Q1O2O1W1X3V5W1U0V9T3G3G7,2205924,2025-02-27,300,202,202,0,0,300,202,0,0,98,1,True,True,match,0,0,0,
22,PRC_G2F4F1N1O0M6N1L6J4K9S2S1R1R5P9,2205907,2025-02-27,300,229,228,1,0,300,228,1,0,71,1,True,True,match,0,0,0,
22,PRC_P2N4W1U0T2U9T0P9N1L7K4L9T4S9Q0,2205571,2025-02-27,300,204,200,0,4,300,200,0,4,96,1,True,True,match,0,0,0,
22,PRC_R2Q4R1Q0Y1W7V0W9U5Q4P3O0O9N0V7,2205536,2025-02-27,300,196,196,0,0,300,196,0,0,104,1,True,True,match,0,0,0,
22,PRC_N2O4W1V0T3S0A1B3Z3Y8X0F7E3C7D0,2205532,2025-02-27,300,197,195,0,2,300,195,0,2,103,1,True,True,match,0,0,0,
22,PRC_S2B4C0A9Z2X7F1E1F2E1D3Y3X4Y7X5,2205400,2025-02-27,300,239,233,0,6,300,233,0,6,61,1,True,True,match,0,0,0,
22,PRC_E2L4K0U9R2Q4Z1V0V1D3C4Z5V7W6F6,2205383,2025-02-27,300,202,200,0,2,300,200,0,2,98,1,True,True,match,0,0,0,
22,ARC_T2F4T1M1F0M7A1R0X2Q9M2D5R8C6V9,2205336,2025-02-27,300,212,209,0,3,300,209,0,3,88,1,True,True,match,0,0,0,
22,ARC_S2C4B1J1W0T7E1O0Q2Z4K4S1I6W5V2,2205335,2025-02-27,300,208,207,0,1,300,207,0,1,92,1,True,True,match,0,0,0,
22,ARC_Y2X4N1J1N0Z7G1F0T1I8H1K5B7H1N9,2205334,2025-02-27,300,209,208,0,1,300,208,0,1,91,1,True,True,match,0,0,0,
22,PRC_Z2A4Z1U0T1S0R1Y7Y4Y1X1W6E5C6B4,2205320,2025-02-27,300,245,244,0,1,300,244,0,1,55,1,True,True,match,0,0,0,
22,PRC_E2D4Z1A0Y2X5W1E8D5E6C1B9J2H5I4,2205241,2025-02-27,300,227,225,0,2,300,225,0,2,73,1,True,True,match,0,0,0,
22,PRC_E2M4L0K9J2F6E1C0C0K3J1I3H8P1M3,2205185,2025-02-27,300,218,212,0,6,300,212,0,6,82,1,True,True,match,0,0,0,
22,PRC_M2U4S1R0Q2Y5X1Y6X1V4K0J6Z1Y4W2,2205130,2025-02-27,300,238,226,0,12,300,226,0,12,62,1,True,True,match,0,0,0,
22,PRC_E2C4D0L9M1K9K1I6J3H4I3Q1O2P8N8,2205068,2025-02-27,300,220,214,1,5,300,214,1,5,80,1,True,True,match,0,0,0,
22,PRC_P2W4X1W0V0T8P1O4P2N2M1U9T6S9S2,2204927,2025-02-27,300,255,249,1,5,300,249,1,5,45,1,True,True,match,0,0,0,
22,PRC_M2I4I0H9H0F3H1F3F2N7O1M9M8L5J3,2204908,2025-02-27,300,245,245,0,0,300,245,0,0,55,1,True,True,match,0,0,0,
22,PRC_Q2P4N1M0N1V6U1S9R4R9Z5Y7W8X2W9,2204886,2025-02-27,300,252,224,6,22,300,224,6,22,48,1,True,True,match,0,0,0,
22,PRC_E2C4L1K0I1J1H1P7O5P8N3M1I5H1H3,2204783,2025-02-27,300,203,193,3,7,300,193,3,7,97,1,True,True,match,0,0,0,
22,PRC_S2O4O1X0V1U1S1T4I3H9F4E5F4N6M3,2204688,2025-02-27,300,203,202,0,1,300,202,0,1,97,1,True,True,match,0,0,0,
22,PRC_V2V4T0P9Q2O3O1N7O2M6M1Z4A6Y8Y3,2204386,2025-02-27,300,241,236,0,5,300,236,0,5,59,1,True,True,match,0,0,0,
22,PRC_T2T4S0S9R1R9Z1A0Y1W1X0W4W6S6S2,2204294,2025-02-27,300,203,198,1,4,300,198,1,4,97,1,True,True,match,0,0,0,
22,PRC_T2T4R0S8R1P2P1L4M0K8K2J4K6I9I6,2204074,2025-02-27,300,200,195,0,5,300,195,0,5,100,1,True,True,match,0,0,0,
22,PRC_L2K4K0G8G1F3D1E0C5D6K4J9K7I3J6,2204014,2025-02-27,300,255,246,0,9,300,246,0,9,45,1,True,True,match,0,0,0,
22,PRC_F2D4L0M8K2K9J1J4I3I4E5F0D5B5C5,2203765,2025-02-27,300,203,201,0,2,300,201,0,2,97,1,True,True,match,0,0,0,
22,PRC_H2G4G0F9G0E5E1A1Z3Z0X2Y2W7X7F6,2203760,2025-02-27,300,191,190,0,1,300,190,0,1,109,1,True,True,match,0,0,0,
22,PRC_G2O4O0N8N2M8K1L4G0H9F3G2E1F6D3,2203548,2025-02-27,300,189,184,0,5,300,184,0,5,111,1,True,True,match,0,0,0,
22,PRC_D2E4C0D8B0B1J1K6I3J9H3I1G9O4P6,2203132,2025-02-27,300,207,206,0,1,300,206,0,1,93,1,True,True,match,0,0,0,
22,PRC_N2N4L0M8L1L2K1R6S3R4R0P2O1O6K0,2203097,2025-02-27,300,198,196,1,1,300,196,1,1,102,1,True,True,match,0,0,0,
22,ARC_V2H4C0R8K2W0A1X7T4K1W2P0V6G5C6,2203007,2025-02-27,300,275,275,0,0,300,275,0,0,25,1,True,True,match,0,0,0,
22,PRC_I2I4G0F7G0N3O1M6N4M0K4K4G0H5F4,2202653,2025-02-27,300,187,185,0,2,300,185,0,2,113,1,True,True,match,0,0,0,
22,PRC_Y2X4F0D7C2D5B1Y6X1V9T4U0D3B4B4,2202396,2025-02-27,300,240,238,0,2,300,238,0,2,60,1,True,True,match,0,0,0,
22,ARC_V2A4Z0C7M2G6P1U4T4C8Q1Z6K3E0H7,2202300,2025-02-27,300,196,184,4,8,300,184,4,8,104,1,True,True,match,0,0,0,
22,PRC_C2C4A0W7X1V5W1U8V0T8T0B6A5A2Y4,2202256,2025-02-27,300,206,204,0,2,300,204,0,2,94,1,True,True,match,0,0,0,
22,PRC_O2M4N0L7J1K6S1T3R2P7Q1O9P3X6X9,2201962,2025-02-27,300,201,200,0,1,300,200,0,1,99,1,True,True,match,0,0,0,
22,PRC_E2D4E0C7C1A0B1X1X1W3U3V4T3U8C8,2201745,2025-02-27,300,239,237,0,2,300,237,0,2,61,1,True,True,match,0,0,0,
22,ARC_V2Z4L0L7M1J2A1V5S1Y3M2V8M9K0F0,2201687,2025-02-27,300,195,195,0,0,300,195,0,0,105,1,True,True,match,0,0,0,
22,PRC_I2H4E0D6C2K6J0P9O5N4M1U8U7S7Z8,2201604,2025-02-27,300,256,248,1,7,300,248,1,7,44,1,True,True,match,0,0,0,
22,PRC_T2T4S0Y6X2W0E1D6C3B9X3U8T8C1B8,2200886,2025-02-27,300,194,191,0,3,300,191,0,3,106,1,True,True,match,0,0,0,
22,PRC_V2T4T0S6I1I1G1H3G0G9F4N0N5M5M8,2200575,2025-02-27,300,248,245,1,2,300,245,1,2,52,1,True,True,match,0,0,0,
22,PRC_L2L4J0L6S1T1R1Q3Q0O8P5X0Y1W1U6,2200574,2025-02-27,300,247,246,0,1,300,246,0,1,53,1,True,True,match,0,0,0,
22,PRC_X2T4R0S6Q1R0P1Q1Y0Y8W1X7W0U1U1,2200522,2025-02-27,300,210,209,0,1,300,209,0,1,90,1,True,True,match,0,0,0,
22,PRC_E2F4D0C6C0R4S1Q5R1P5P3O4W9X6V8,2200458,2025-02-27,300,218,212,1,5,300,212,1,5,82,1,True,True,match,0,0,0,
22,PRC_U2U4T0U6S1T0R1Z4Z2Y3Y3W5X9W9W7,2200332,2025-02-27,300,197,194,0,3,300,194,0,3,103,1,True,True,match,0,0,0,
22,PRC_R2Q4O0N6V0T4S1T5S4A1Z2X3W9X6T7,2200238,2025-02-27,300,216,211,0,5,300,211,0,5,84,1,True,True,match,0,0,0,
22,PRC_Q2W5Y0I2U1N3Y1N7G0H9Z0Y0F5R0P5,2208162,2025-02-14,300,163,161,0,2,300,161,0,2,137,1,True,True,match,0,0,0,
22,PRC_R2G5P0Z2A1X4U1T1D1O7J1I4P9Y5D7,2208161,2025-02-14,300,168,168,0,0,300,168,0,0,132,1,True,True,match,0,0,0,
22,PRC_D2X5U0H1H1X7U2F3Z1H5F1F2E5P7Q0,2207635,2025-02-14,300,160,160,0,0,300,160,0,0,140,1,True,True,match,0,0,0,
22,PRC_T2S5X0S2Z0R6H2H1K0Y7U5A8F7R0Q3,2207960,2025-02-12,300,189,129,58,2,300,129,58,2,111,1,True,True,match,0,0,0,
22,PRC_J2T5V0F1V2H3Q1Q3S4E5I4L7G8N3S6,2207752,2025-01-23,300,185,144,35,6,300,144,35,6,115,1,True,True,match,0,0,0,
22,PRC_F2O5F0I1C1B5R1D7C4M5X4R0E3L2I3,2207578,2025-01-17,300,274,274,0,0,300,274,0,0,26,1,True,True,match,0,0,0,
22,PRC_A2F4N1N2E1V9P1L4T0H2G2P8X4Z4C1,2207521,2025-01-17,300,268,187,67,14,300,187,67,14,32,1,True,True,match,0,0,0,
22,PRC_D2A5C0V1A0G9Y1S1C3J7I1T6Z3C4M9,2207403,2025-01-17,300,279,181,97,1,300,181,97,1,21,1,True,True,match,0,0,0,
22,PRC_I2H5J0O1Y1T7D2Q2E5Q2G2G1D5N6G2,2207381,2025-01-17,300,274,188,86,0,300,188,86,0,26,1,True,True,match,0,0,0,
22,PRC_V2R5L0V1K0Q8G1O3V4I4B0J2X0G1P6,2207330,2025-01-08,300,230,202,3,25,300,202,3,25,70,1,True,True,match,0,0,0,
22,PRC_L2O5Y0C1D0D8F1Z3F2B9Y2Z9G5B2Z3,2207328,2025-01-08,300,272,272,0,0,300,272,0,0,28,1,True,True,match,0,0,0,
22,PRC_L2C4R1D2E0V2F1D1K3M2T3W3C4D9L5,2207310,2025-01-08,300,272,268,1,3,300,268,1,3,28,1,True,True,match,0,0,0,
22,PRC_S2M4X1X2K1S9N1M3N5U5J3U1A5C1O1,2207307,2025-01-08,300,269,268,0,1,300,268,0,1,31,1,True,True,match,0,0,0,
22,PRC_Z2V4L1D2U1Z9X1L3D5M6G0P2P9D2G4,2207306,2025-01-08,300,268,265,0,3,300,265,0,3,32,1,True,True,match,0,0,0,
22,PRC_I2J4H1I1G2F9F1V6W5U2V2T4R4S7A1,2206539,2025-01-08,300,270,258,1,11,300,258,1,11,30,1,True,True,match,0,0,0,
22,PRC_E2D4C1C0B2J8I1H0F2G1O3N4L0K3L0,2205496,2025-01-08,300,273,263,1,9,300,263,1,9,27,1,True,True,match,0,0,0,
22,PRC_K2I4H0H9G1G1O1P1N2O7M5M4K2T9T8,2205454,2025-01-08,300,277,273,0,4,300,273,0,4,23,1,True,True,match,0,0,0,
22,PRC_V2U4S1T0S0N9M2L1K2S6S0R1Q8O5X3,2205006,2025-01-08,300,271,270,0,1,300,270,0,1,29,1,True,True,match,0,0,0,
22,ARC_P2H4F1L0S1E6V1R5Y1D5V2G6Q9B8P2,2204730,2025-01-08,300,273,267,0,6,300,267,0,6,27,1,True,True,match,0,0,0,
22,ARC_R2T4A1L0D1D6S1M5A1E5P2B2B9R2L9,2204728,2025-01-08,300,274,268,0,6,300,268,0,6,26,1,True,True,match,0,0,0,
22,PRC_G2F4E0L9K2J5I1Q5P4O2N2J4G6F6N2,2204407,2025-01-08,300,264,261,2,1,300,261,2,1,36,1,True,True,match,0,0,0,
22,PRC_V2W4U0C9D2B3B1Z0A4V9W3U1V1T4S8,2204197,2025-01-08,300,269,267,1,1,300,267,1,1,31,1,True,True,match,0,0,0,
22,PRC_V2U4C0C9B1B9Z1A6Z3Z5H0H5F6E9F4,2204166,2025-01-08,300,264,264,0,0,300,264,0,0,36,1,True,True,match,0,0,0,
22,PRC_W2U4U0C8D2B1A1A0Y2Z7H5I3G7G8E7,2203054,2025-01-08,300,275,257,3,15,300,257,3,15,25,1,True,True,match,0,0,0,
22,PRC_Y2W4W0J8I0I8G1H6F4G7B3C2B8B9Z7,2202783,2025-01-08,300,270,266,1,3,300,266,1,3,30,1,True,True,match,0,0,0,
22,PRC_E2D4B0A7I2H6G1H6F4C2A4Z9X8G7H5,2202488,2025-01-08,300,268,263,1,4,300,263,1,4,32,1,True,True,match,0,0,0,
22,PRC_Q2R4N0L7J1K0R1Q0R0P7P0N7O0W6X0,2202148,2025-01-08,300,263,258,1,4,300,258,1,4,37,1,True,True,match,0,0,0,
22,ARC_B2U4U0H7N2J2O0N8R5I5F1J9G2D2U5,2202049,2025-01-08,300,267,258,3,6,300,258,3,6,33,1,True,True,match,0,0,0,
22,PRC_Q2P4O0V6W2V1U1S4A1Z3Y2Z8Y6H4G1,2201253,2025-01-08,300,267,250,2,15,300,250,2,15,33,1,True,True,match,0,0,0,
22,PRC_P2O4N0O6J0I3H1F1O2P4N2M6S0R6Z6,2200862,2025-01-08,300,265,245,9,11,300,245,9,11,35,1,True,True,match,0,0,0,
22,PRC_W2U4U0T6B1B0Z1A9Y2Z2Y0F3G0F0F9,2200478,2025-01-08,300,263,255,5,3,300,255,5,3,37,1,True,True,match,0,0,0,
22,PRC_O2M4N0V6W0U5U1T0R1S3O5O3M9N5M3,2200395,2025-01-08,300,268,221,20,27,300,221,20,27,32,1,True,True,match,0,0,0,
22,PRC_W2R4D1V2O3C1F1X3Z3P5Z5P6P9Y1Z7,2207147,2024-12-31,300,286,192,71,23,300,192,71,23,14,1,True,True,match,0,0,0,
22,PRC_Z2E4M1L2M0X4L1X5K2X9U0U2W9X4I8,2207090,2024-12-31,300,288,284,0,4,300,284,0,4,12,1,True,True,match,0,0,0,
22,PRC_H2B4E1J2C1Y9D1O5B3H8P0F1K6Q0O5,2207087,2024-12-31,300,288,287,0,1,300,287,0,1,12,1,True,True,match,0,0,0,
22,PRC_H2S4Y1U1Z2Y7H1Z1H0D8K3K9M5F1P6,2207085,2024-12-31,300,280,276,1,3,300,276,1,3,20,1,True,True,match,0,0,0,
22,PRC_P2G4V1P1M2Y7N1S1U0Q9T0O8S4T5S5,2207084,2024-12-31,300,281,279,0,2,300,279,0,2,19,1,True,True,match,0,0,0,
22,PRC_T2E4V1L2D2C3J1F4T3T2R3J3L4Q6A5,2207082,2024-12-31,300,289,179,105,5,300,179,105,5,11,1,True,True,match,0,0,0,
22,PRC_M2T4F1T1D2B0L1F7F3K6Y5G4D5Z3Y2,2206957,2024-12-31,300,289,272,7,10,300,272,7,10,11,1,True,True,match,0,0,0,
22,PRC_Z2W4O1U1O2M0D1H7M4N0R4P1P1N7W2,2206956,2024-12-31,300,288,285,0,3,300,285,0,3,12,1,True,True,match,0,0,0,
22,PRC_C2A4E1W1J2B5Z1A1Y1T8O5Q3D8S5D8,2206955,2024-12-31,300,290,287,0,3,300,287,0,3,10,1,True,True,match,0,0,0,
22,PRC_C2O4A1M1Q2D5F1D2Q2P4P2A9F5S5F9,2206954,2024-12-31,300,288,278,2,8,300,278,2,8,12,1,True,True,match,0,0,0,
22,PRC_K2I4S1R1H2E0R1Q7D4K1W3N1D6N6C0,2206953,2024-12-31,300,282,277,0,5,300,277,0,5,18,1,True,True,match,0,0,0,
22,PRC_M2W4A1Z2E3F0H1X8F0Z2X2Q4B9H7Z1,2205966,2024-12-31,300,289,181,107,1,300,181,107,1,11,1,True,True,match,0,0,0,
22,PRC_V2T4U0S8A0B7Z1Z7Y1Z6X4X5F8G5E5,2205027,2024-12-31,300,286,282,0,4,300,282,0,4,14,1,True,True,match,0,0,0,
22,ARC_S2D4M1R0S1G5D0G9D3U9F0J7S5N2U1,2204691,2024-12-31,300,288,287,0,1,300,287,0,1,12,1,True,True,match,0,0,0,
22,PRC_L2J4R1Q0P1P1O0W9V3T3A3Z1H1I2H1,2204676,2024-12-31,300,280,271,1,8,300,271,1,8,20,1,True,True,match,0,0,0,
22,PRC_D2E4C0C8B3B0Z1H6I1G7H2F8F1E5F7,2203906,2024-12-31,300,283,282,0,1,300,282,0,1,17,1,True,True,match,0,0,0,
22,PRC_V2U4C0B7C3B0Z1H4G1E1D0E2B7Z6Y0,2203837,2024-12-31,300,290,243,31,16,300,243,31,16,10,1,True,True,match,0,0,0,
22,PRC_S2R4R0Q8Q3M0K0L9J4K0I0J8Q4P0Q7,2203514,2024-12-31,300,282,235,12,35,300,235,12,35,18,1,True,True,match,0,0,0,
22,PRC_H2F4G0E8E2C9L2L2J3K8I5J3H4I9D7,2203449,2024-12-31,300,285,284,0,1,300,284,0,1,15,1,True,True,match,0,0,0,
22,PRC_H2F4G0E8F0D1Z1A6Y4Y3X1X2W3W5E6,2203239,2024-12-31,300,288,260,5,23,300,260,5,23,12,1,True,True,match,0,0,0,
22,PRC_D2F4D0D8Z1Z4Y1W6X2V2W4D6E0D4D4,2203203,2024-12-31,300,281,265,1,15,300,265,1,15,19,1,True,True,match,0,0,0,
22,PRC_K2J4J0H8Q1Q9O1P1O4O7M3U5V0T5U3,2203142,2024-12-31,300,283,266,6,11,300,266,6,11,17,1,True,True,match,0,0,0,
22,PRC_W2X4F0F8E1E9D1D1B2C9K4I8J6H3I5,2203136,2024-12-31,300,284,279,0,5,300,279,0,5,16,1,True,True,match,0,0,0,
22,PRC_J2H4Q0Q8O1P9N1O4M2N0I2H6I0G6G2,2203098,2024-12-31,300,283,281,1,1,300,281,1,1,17,1,True,True,match,0,0,0,
22,PRC_X2V4W0L8L0K9K1J0J5I3I1Q2O6P0N1,2203074,2024-12-31,300,283,270,1,12,300,270,1,12,17,1,True,True,match,0,0,0,
22,PRC_E2C4D0B8J0K2I1I3G0H8F3G9O9O3N9,2202558,2024-12-31,300,281,222,28,31,300,222,28,31,19,1,True,True,match,0,0,0,
22,ARC_Z2N4T0B7F2L6O1R0O5O3P5B0K9Q1O8,2202276,2024-12-31,300,285,266,4,15,300,266,4,15,15,1,True,True,match,0,0,0,
22,PRC_D2L4J0K7I0J1H1I7E5C1C2B2C7A3I4,2201384,2024-12-31,300,283,275,2,6,300,275,2,6,17,1,True,True,match,0,0,0,
22,PRC_C2Y4X0K6I2H7G1O1M2K9T3U1S5R2P4,2201097,2024-12-31,300,287,279,1,7,300,279,1,7,13,1,True,True,match,0,0,0,
22,PRC_G2C4J0I6H1F8N1M4L4K4S1R2Q4Q3P5,2200819,2024-12-31,300,291,277,6,8,300,277,6,8,9,1,True,True,match,0,0,0,
22,PRC_G2E4F0B6B0Z7Y1Z2X5Y4G2G4E2D0D2,2200449,2024-12-31,300,275,216,15,44,300,216,15,44,25,1,True,True,match,0,0,0,
22,PRC_H2I4G0H6P1O1O0M9N4M3T0U6S9T8R5,2200447,2024-12-31,300,277,258,7,12,300,258,7,12,23,1,True,True,match,0,0,0,
22,PRC_C2L4K0I5K3S0R1P6O0W6X1W6U2T9P7,2200190,2024-12-31,300,275,225,14,36,300,225,14,36,25,1,True,True,match,0,0,0,
22,PRC_V2G4P1U1A2L2O1E3J5W2U0Q2C4Z9X9,2206931,2024-12-27,300,158,157,0,1,300,157,0,1,142,1,True,True,match,0,0,0,
22,PRC_T2A4J1S1J2N2H1A3U5R4N2C7K2E1W1,2206930,2024-12-27,300,156,156,0,0,300,156,0,0,144,1,True,True,match,0,0,0,
22,PRC_Z2L4K1A1I2Q2K1H3Q5A3F1D9W0H6K0,2206929,2024-12-27,300,157,154,0,3,300,154,0,3,143,1,True,True,match,0,0,0,
22,PRC_N2I4T1H1M2K7D1S0P0O1G0B3K9Y2O1,2206928,2024-12-27,300,162,151,2,9,300,151,2,9,138,1,True,True,match,0,0,0,
22,PRC_V2H4K1L1N2O7F1Y0R0M0K1G4Q5E2E7,2206926,2024-12-27,300,165,157,2,6,300,157,2,6,135,1,True,True,match,0,0,0,
22,PRC_T2M4J1U1M2X2Q1A3I5D0D0L8F0V7I1,2206925,2024-12-27,300,159,157,0,2,300,157,0,2,141,1,True,True,match,0,0,0,
22,PRC_K2C4F1Y1X2K7G0O9Y5Y9C2U6S5K1O8,2206924,2024-12-27,300,167,165,0,2,300,165,0,2,133,1,True,True,match,0,0,0,
22,PRC_P2S4C1J1U2Z7B1N0Z0D1T4G1J9B9B3,2206923,2024-12-27,300,166,163,0,3,300,163,0,3,134,1,True,True,match,0,0,0,
22,PRC_I2U4H1E1T2K7M0R9P5S8N2S0K3V4K2,2206922,2024-12-27,300,166,166,0,0,300,166,0,0,134,1,True,True,match,0,0,0,
22,PRC_M2J4M1D1F2U7F0O9P5K4J0U2N5O3H7,2206921,2024-12-27,300,168,166,0,2,300,166,0,2,132,1,True,True,match,0,0,0,
22,PRC_B2V4Z1G2K0B3O1I3O3O4C0T1Y7R5Z2,2206920,2024-12-27,300,185,185,0,0,300,185,0,0,115,1,True,True,match,0,0,0,
22,PRC_Y2K4Y1U2E0G3S1F3U3O5A0J7H0V3U8,2206919,2024-12-27,300,185,184,0,1,300,184,0,1,115,1,True,True,match,0,0,0,
22,PRC_G2Z4M1D2P0H3W1U3D3Z7Q1S6Y2F6K1,2206917,2024-12-27,300,185,184,0,1,300,184,0,1,115,1,True,True,match,0,0,0,
22,PRC_E2C4L1X1C2P7G2P0G3D4F4F5E9B3K6,2206915,2024-12-27,300,167,166,0,1,300,166,0,1,133,1,True,True,match,0,0,0,
22,PRC_E2K4Z1V2T0G3B1B3D3G6C0I5X2A4N5,2206914,2024-12-27,300,184,182,0,2,300,182,0,2,116,1,True,True,match,0,0,0,
22,PRC_N2W4Z1G2N0B3B1Y3C2X8C5R8J4V2Z2,2206913,2024-12-27,300,171,170,0,1,300,170,0,1,129,1,True,True,match,0,0,0,
22,PRC_K2P4P1J2C0R3N1U3N2Y7R4Y9N0E0X3,2206912,2024-12-27,300,169,169,0,0,300,169,0,0,131,1,True,True,match,0,0,0,
22,PRC_C2G4A1N2W0X3G1P3A2Z5G5Z0G2W6D9,2206911,2024-12-27,300,174,174,0,0,300,174,0,0,126,1,True,True,match,0,0,0,
22,PRC_P2E4S1X2G0S3K1I3I4O1Y3V4R4V9M6,2206910,2024-12-27,300,184,184,0,0,300,184,0,0,116,1,True,True,match,0,0,0,
22,PRC_N2L4M0K8J2J7R1R3Q3R2P2P6O4W6W8,2204174,2024-12-27,300,159,145,1,13,300,145,1,13,141,1,True,True,match,0,0,0,
22,PRC_W2W4V0W8U2C8D1B4C1A8A5Z5V7V4U3,2204041,2024-12-27,300,165,161,0,4,300,161,0,4,135,1,True,True,match,0,0,0,
22,PRC_T2S4O0M7L2M2L1Y0U2T5U0T7R2A2Y3,2203295,2024-12-27,300,162,154,2,6,300,154,2,6,138,1,True,True,match,0,0,0,
22,PRC_V2D4E0D7B2A5I1H0G3H4G5C1A1Z7X0,2203145,2024-12-27,300,165,151,5,9,300,151,5,9,135,1,True,True,match,0,0,0,
22,ARC_Q2A4D0K8P2P1V1D3X1N4D3G7U9H9T5,2203030,2024-12-27,300,173,173,0,0,300,173,0,0,127,1,True,True,match,0,0,0,
22,ARC_R2K4N0N8M2P0L1U8P2Z9Z0L8W8X1V2,2203016,2024-12-27,300,176,176,0,0,300,176,0,0,124,1,True,True,match,0,0,0,
22,ARC_I2Z4J0K8Y2V0L1O7O2H7M5C8O8X9X6,2203004,2024-12-27,300,171,171,0,0,300,171,0,0,129,1,True,True,match,0,0,0,
22,ARC_H2Y4X0Q8R2Q0E1P7E1P1O5D7I3P5I8,2202999,2024-12-27,300,175,173,0,2,300,173,0,2,125,1,True,True,match,0,0,0,
22,PRC_Y2Z4X0Y7W1X1T1R4R3P5Q2P5P7X3W8,2202638,2024-12-27,300,183,178,0,5,300,178,0,5,117,1,True,True,match,0,0,0,
22,PRC_J2I4G0G7F1G0N1M6M1K3M2K4K9G7E9,2202498,2024-12-27,300,170,169,0,1,300,169,0,1,130,1,True,True,match,0,0,0,
22,PRC_V2D4C0B6Z2A4W1V4T4R4A3B3A3Y2X1,2202422,2024-12-27,300,181,179,0,2,300,179,0,2,119,1,True,True,match,0,0,0,
22,PRC_Z2A4I0N6L2U4S1R4P3Q8Y5X7V9W0V8,2202417,2024-12-27,300,184,184,0,0,300,184,0,0,116,1,True,True,match,0,0,0,
22,PRC_X2W4V0R6P2O7P1N4U3C0B5A6A2Z3I5,2202306,2024-12-27,300,158,158,0,0,300,158,0,0,142,1,True,True,match,0,0,0,
22,ARC_M2Y4A0O7R2P2G1H3T2G6D1Z9G9L0T1,2202082,2024-12-27,300,168,167,0,1,300,167,0,1,132,1,True,True,match,0,0,0,
22,PRC_H2P4P0O6U2T0S1Q0P5M7U0U7S3R1Y1,2201983,2024-12-27,300,160,155,1,4,300,155,1,4,140,1,True,True,match,0,0,0,
22,PRC_Z2A4Y0U7U1S1U1S0S4Q7R0Z6X7Y1W0,2201853,2024-12-27,300,182,182,0,0,300,182,0,0,118,1,True,True,match,0,0,0,
22,PRC_X2F4G0E7F1D1E1C0C5K1J0J1I2I9G4,2201848,2024-12-27,300,159,159,0,0,300,159,0,0,141,1,True,True,match,0,0,0,
22,PRC_P2O4N0I6J2I7H1F3N5O1N2L6K5K6T1,2201147,2024-12-27,300,158,158,0,0,300,158,0,0,142,1,True,True,match,0,0,0,
22,ARC_O2Q4F0K6H2F8F1L6N1W3C3O8Y9P0W8,2201129,2024-12-27,300,166,163,0,3,300,163,0,3,134,1,True,True,match,0,0,0,
22,ARC_V2W4L0F6G2W8D1C5P2S1U1T1X3O0F4,2201117,2024-12-27,300,166,164,0,2,300,164,0,2,134,1,True,True,match,0,0,0,
22,PRC_Q2S4I1N2I2G0U1K6M1K4G5P5L5O9G1,2206927,2024-12-26,300,261,256,2,3,300,256,2,3,39,1,True,True,match,0,0,0,
22,PRC_I2G4N1B2K2C0Q1O6U1Y5J5E6Y7C6N4,2206918,2024-12-26,300,264,263,0,1,300,263,0,1,36,1,True,True,match,0,0,0,
22,PRC_V2G4W1P2P2V0G1Q6P0J5R3Y3E6V8T0,2206916,2024-12-26,300,260,233,5,22,300,233,5,22,40,1,True,True,match,0,0,0,
22,PRC_Y2H4M1M1J2J5C1D7E0L0Q5J3M3S3O8,2206775,2024-12-26,300,263,255,4,4,300,255,4,4,37,1,True,True,match,0,0,0,
22,PRC_R2V4H1W1T2K5M1O6E4Q9T0V7Q9S0U0,2206772,2024-12-26,300,264,260,1,3,300,260,1,3,36,1,True,True,match,0,0,0,
22,PRC_L2S4Q1U2M0A2J1I1S3N4H3B0Z5M9U8,2206769,2024-12-26,300,271,260,0,11,300,260,0,11,29,1,True,True,match,0,0,0,
22,PRC_Y2L4B1A2B0P2P1Q1F2K6E5G2E6O0K2,2206765,2024-12-26,300,275,262,1,12,300,262,1,12,25,1,True,True,match,0,0,0,
22,PRC_O2K4A1L1L2Z5P1B7I0A4R2Q3E3Y4V4,2206761,2024-12-26,300,263,263,0,0,300,263,0,0,37,1,True,True,match,0,0,0,
22,PRC_Y2J4T1U1I2W7R1N8O1P8E5T9P6J5W1,2206682,2024-12-26,300,275,272,0,3,300,272,0,3,25,1,True,True,match,0,0,0,
22,PRC_Z2M4M1B2J1J3J1G6C3J3N0Y4E9M6M7,2206647,2024-12-26,300,263,170,92,1,300,170,92,1,37,1,True,True,match,0,0,0,
22,PRC_E2M4F1W1H2E7P1D9L4V2Y3N2U2B8H2,2206631,2024-12-26,300,278,277,0,1,300,277,0,1,22,1,True,True,match,0,0,0,
22,PRC_M2S4F1P1C2J8N1I0O4E3U3M5B1L0B6,2206630,2024-12-26,300,276,178,93,5,300,178,93,5,24,1,True,True,match,0,0,0,
22,PRC_Y2T4Q1D1X2J7W1N9W5K0N2K0F8Z1J8,2206629,2024-12-26,300,279,278,0,1,300,278,0,1,21,1,True,True,match,0,0,0,
22,PRC_P2X4L1A1M2D7V1C9P3U5H5J5E4Z2Q5,2206627,2024-12-26,300,277,269,0,8,300,269,0,8,23,1,True,True,match,0,0,0,
22,PRC_O2N4L1M1U2U0T1T6S1S0R3Y4Z9Y3Y9,2206490,2024-12-26,300,257,257,0,0,300,257,0,0,43,1,True,True,match,0,0,0,
22,ARC_E2P4F1S1Q0E7L1B6O5Y2J1N5G0U5X3,2205364,2024-12-26,300,263,260,1,2,300,260,1,2,37,1,True,True,match,0,0,0,
22,ARC_F2M4X1W1S0Y7W1T6J4M9O0Z6S3F6M2,2205363,2024-12-26,300,260,258,0,2,300,258,0,2,40,1,True,True,match,0,0,0,
22,PRC_D2C4B1J1I0H1F1N7M0G2F5E5D8L9K4,2205212,2024-12-26,300,280,184,91,5,300,184,91,5,20,1,True,True,match,0,0,0,
22,ARC_T2E4S1X0J3I0Y1V3Z5R3D4U1U8B3U7,2205046,2024-12-26,300,259,258,1,0,300,258,1,0,41,1,True,True,match,0,0,0,
22,PRC_P2Q4O0M8N0L7M1U7U2S0T0S5Q6Q2Y8,2205022,2024-12-26,300,274,274,0,0,300,274,0,0,26,1,True,True,match,0,0,0,
22,PRC_N2W4T0R9A2Z5Y2X2F1E4B5X8W5V3U9,2204517,2024-12-26,300,260,259,0,1,300,259,0,1,40,1,True,True,match,0,0,0,
22,PRC_C2B4B0A9A0Z9Z1H5G0G0E0F7D9E8M0,2204420,2024-12-26,300,273,270,0,3,300,270,0,3,27,1,True,True,match,0,0,0,
22,PRC_Y2X4Y0W9V2D6C1C3B0Z7H1A9B0J3I3,2204409,2024-12-26,300,273,264,1,8,300,264,1,8,27,1,True,True,match,0,0,0,
22,PRC_O2I4G0I9N0M2I1J7Q1Y2K5O3I9B4Q5,2203532,2024-12-26,300,260,259,0,1,300,259,0,1,40,1,True,True,match,0,0,0,
22,PRC_E2H4P0U9I0Q2J1C7S1B2I2X6D7Y8T4,2203531,2024-12-26,300,260,260,0,0,300,260,0,0,40,1,True,True,match,0,0,0,
22,PRC_O2W4F0D6C2D7C1K6J4H9G4C7D1B1A5,2203200,2024-12-26,300,281,277,0,4,300,277,0,4,19,1,True,True,match,0,0,0,
22,PRC_O2P4N0L8M0S9S1Q8R3Q5X4Y1W5X3V2,2202956,2024-12-26,300,279,273,1,5,300,273,1,5,21,1,True,True,match,0,0,0,
22,PRC_R2R4Q0Q8P1P2O1O0K4K0I1H5I1G8G1,2202909,2024-12-26,300,273,262,0,11,300,262,0,11,27,1,True,True,match,0,0,0,
22,PRC_G2F4G0O7N2L5K1K6T2R0T2S8A0Z6X3,2202397,2024-12-26,300,276,275,0,1,300,275,0,1,24,1,True,True,match,0,0,0,
22,PRC_H2P4O0N6M1U9S1R5S4R4Z1Y5X0F1E0,2200851,2024-12-26,300,261,161,94,6,300,161,94,6,39,1,True,True,match,0,0,0,
22,PRC_W2U4T0V6U0T4A1Z0A2Z5X4G4E3D5C7,2200433,2024-12-26,300,279,278,0,1,300,278,0,1,21,1,True,True,match,0,0,0,
22,PRC_G2E4S0T5R3Q1P1X0Y3W5V0U5B0A2B5,2200097,2024-12-26,300,261,242,6,13,300,242,6,13,39,1,True,True,match,0,0,0,
22,PRC_A2K4G1P2Z0P9J1N0E4F3Y5I4A6S3V1,2206292,2024-12-12,299,282,195,85,2,299,195,85,2,17,1,True,True,match,0,0,0,
22,PRC_G2K4I1A2K0L9J1O0V4D2K1Y4P3I7H7,2206291,2024-12-12,299,283,195,86,2,299,195,86,2,16,1,True,True,match,0,0,0,
22,PRC_L2L4L1X2T1Y0Q1A0K3F2S3S1B7R4M8,2206378,2024-12-11,300,258,177,81,0,300,177,81,0,42,1,True,True,match,0,0,0,
22,PRC_P2Z4N1A1J2R7P2M0I3C7V5T3Z6J1X0,2206331,2024-12-10,300,287,284,0,3,300,284,0,3,13,1,True,True,match,0,0,0,
22,PRC_R2T4O1S1H2I7K2Q0S3G3H4A7J4Y6A3,2206330,2024-12-10,300,272,271,0,1,300,271,0,1,28,1,True,True,match,0,0,0,
22,PRC_Q2P4Z1U1B2D7X2F0W3U4Z1S3S8Y3L8,2206329,2024-12-10,300,276,271,0,5,300,271,0,5,24,1,True,True,match,0,0,0,
22,PRC_X2H4L1L1G2N7C2C0J3Y7B2Z8E4W1M7,2206328,2024-12-10,300,280,249,26,5,300,249,26,5,20,1,True,True,match,0,0,0,
22,PRC_H2M4A1A1J2P7L2H0N3N4N5K3G9Q6Z2,2206327,2024-12-10,300,282,278,0,4,300,278,0,4,18,1,True,True,match,0,0,0,
22,PRC_X2X4Y1Z1D2C7K2K0K3K8W2V9Q5F8B5,2206326,2024-12-10,300,286,283,0,3,300,283,0,3,14,1,True,True,match,0,0,0,
22,PRC_E2F4J1V1W2O7B2Y0A3V2Z0O6E4M0T2,2206325,2024-12-10,300,265,263,0,2,300,263,0,2,35,1,True,True,match,0,0,0,
22,PRC_X2Q4E1I1O2J7U2U0P3P3Z1J1O4M5X7,2206324,2024-12-10,300,272,270,0,2,300,270,0,2,28,1,True,True,match,0,0,0,
22,PRC_C2W4J1R1U2W7W2Q0A3Z9N4Y7S1R4P4,2206323,2024-12-10,300,287,286,0,1,300,286,0,1,13,1,True,True,match,0,0,0,
22,PRC_T2B4O1Y1P2S7V2O0Y3Q2X3H8N5T3E0,2206322,2024-12-10,300,258,253,0,5,300,253,0,5,42,1,True,True,match,0,0,0,
22,PRC_Z2H4F1T1Y2E7Q2F0P3C9W1C8U6F3M2,2206321,2024-12-10,300,286,284,0,2,300,284,0,2,14,1,True,True,match,0,0,0,
22,PRC_O2J4B1Z1R2M7N2F0B3J6Z2K1Z2F3W7,2206320,2024-12-10,300,277,276,0,1,300,276,0,1,23,1,True,True,match,0,0,0,
22,PRC_W2Y4N1C1P2I7R2C0Y3V5L2D8R8H1K3,2206319,2024-12-10,300,278,273,0,5,300,273,0,5,22,1,True,True,match,0,0,0,
22,PRC_E2M4G1C2J0J9Y1C1W5M6G0W1Y6Q3B4,2206318,2024-12-10,300,272,272,0,0,300,272,0,0,28,1,True,True,match,0,0,0,
22,PRC_Y2J4Y1E1K2I7R1I1I2G4H5A3D5D4R7,2206317,2024-12-10,300,283,282,1,0,300,282,1,0,17,1,True,True,match,0,0,0,
22,PRC_U2W4U1V1R2W7H1O1Z2M7G2S9O1W4D5,2206316,2024-12-10,300,285,280,0,5,300,280,0,5,15,1,True,True,match,0,0,0,
22,PRC_N2W4Z1Z2X0H9V1B1J5J6I5D8C8Z2M4,2206315,2024-12-10,300,274,272,0,2,300,272,0,2,26,1,True,True,match,0,0,0,
22,PRC_T2W4G1C2I1C0R1P3U2S5V3V8X2C2O4,2206269,2024-12-10,300,288,190,95,3,300,190,95,3,12,1,True,True,match,0,0,0,
22,PRC_F2Y4Z1N2G0Y5Q1A4M1O0P4N2I4P3N1,2206226,2024-12-10,300,287,209,64,14,300,209,64,14,13,1,True,True,match,0,0,0,
22,PRC_B2U4Z1H1H2U9A1S6C1F9H4G7N6H0X3,2206091,2024-12-10,300,262,260,0,2,300,260,0,2,38,1,True,True,match,0,0,0,
22,PRC_W2E4E1D1B0B5A1B4I0J2H0G6G2E3G5,2205380,2024-12-10,300,271,270,1,0,300,270,1,0,29,1,True,True,match,0,0,0,
22,PRC_L2K4J1I0I1Q6P1O0M2N1V4U5S1T8S1,2204804,2024-12-10,300,264,260,0,4,300,260,0,4,36,1,True,True,match,0,0,0,
22,PRC_V2U4S0T9S2O6M1N8L1K4T5R6S1Q4P7,2204602,2024-12-10,300,263,258,1,4,300,258,1,4,37,1,True,True,match,0,0,0,
22,PRC_E2L4K0I9I2Q6P1O8N1J4G1F4N9M1L0,2204601,2024-12-10,300,263,257,3,3,300,257,3,3,37,1,True,True,match,0,0,0,
22,PRC_Z2Y4N0K9J2R6R1P8O1X3V0V1U0C8Z1,2204593,2024-12-10,300,259,201,33,25,300,201,33,25,41,1,True,True,match,0,0,0,
22,PRC_R2Y4G0F9D2E6D1L8K0J5H2I8Q5P8N7,2204591,2024-12-10,300,263,217,33,13,300,217,33,13,37,1,True,True,match,0,0,0,
22,PRC_O2M4V0T7U3T1R1A6Y0X9W0W6M5K0J4,2204097,2024-12-10,300,286,286,0,0,300,286,0,0,14,1,True,True,match,0,0,0,
22,PRC_X2F4F0E9E0D5D1C0C4K8I4J9H6I4G4,2203735,2024-12-10,300,288,284,1,3,300,284,1,3,12,1,True,True,match,0,0,0,
22,PRC_A2H4S0Q9V0G2I1W7M1N3N4E3M6Y2J9,2203533,2024-12-10,300,265,264,1,0,300,264,1,0,35,1,True,True,match,0,0,0,
22,PRC_D2P4A1P2G1X0F1K4Z3B6B5A4D7L7C5,2203528,2024-12-10,300,280,185,94,1,300,185,94,1,20,1,True,True,match,0,0,0,
22,ARC_X2Q4U0V9S0P2M1L6U4A8H4M0K7Z1S0,2203527,2024-12-10,300,273,272,0,1,300,272,0,1,27,1,True,True,match,0,0,0,
22,ARC_S2A4K0W9K0Z2U1D6I4P8Q3H0W4H8G7,2203526,2024-12-10,300,282,278,1,3,300,278,1,3,18,1,True,True,match,0,0,0,
22,ARC_X2O4L0L9E0U2G1R6D4J8E2F0U7Q1H1,2203525,2024-12-10,300,281,97,181,3,300,97,181,3,19,1,True,True,match,0,0,0,
22,ARC_V2G4C0H9W0W2H1O6B4C8X0F6L5Z9R2,2203524,2024-12-10,300,266,264,0,2,300,264,0,2,34,1,True,True,match,0,0,0,
22,ARC_Y2F4E0Q9N0U2X1Y6F4M6W5U6R8T4B7,2203523,2024-12-10,300,263,261,0,2,300,261,0,2,37,1,True,True,match,0,0,0,
22,PRC_R2F4Y1G2K1Y0O1I4L3G7H4M3V5J8K5,2203522,2024-12-10,300,266,178,85,3,300,178,85,3,34,1,True,True,match,0,0,0,
22,PRC_G2D4Z0W9Y0C2U1E6Y4I7B1D7J8L1Y8,2203521,2024-12-10,300,272,270,1,1,300,270,1,1,28,1,True,True,match,0,0,0,
22,PRC_U2X4W1J2K1F0K1K4C3H8E4W0E3G1A1,2203520,2024-12-10,300,271,178,93,0,300,178,93,0,29,1,True,True,match,0,0,0,
22,PRC_V2B4N1B2P1L0L1D4I3M7S2Z5B1U3X2,2203519,2024-12-10,300,278,183,94,1,300,183,94,1,22,1,True,True,match,0,0,0,
22,ARC_G2R4Q0P9H0N2Q1J6P4Z3K5D5G4E3D0,2203518,2024-12-10,300,274,204,33,37,300,204,33,37,26,1,True,True,match,0,0,0,
22,ARC_H2E4P0N9Y0P2X0O9N0D1Z5K3X1X1K1,2203472,2024-12-10,300,275,269,0,6,300,269,0,6,25,1,True,True,match,0,0,0,
22,ARC_W2H4M0Q8P3T0Z1R8P3S1E0V2O7F8C7,2203465,2024-12-10,300,275,270,1,4,300,270,1,4,25,1,True,True,match,0,0,0,
22,ARC_C2Z4B0S8I3P0O1X8M2F7W1U1Y9U6C3,2203464,2024-12-10,300,263,263,0,0,300,263,0,0,37,1,True,True,match,0,0,0,
22,ARC_E2N4D0J8X3H0N1N0J0F5M5G8Y3W5V0,2203399,2024-12-10,300,268,267,0,1,300,267,0,1,32,1,True,True,match,0,0,0,
22,ARC_C2A4B0A8H3R0V0R9F2L0E3Z7P8F7S5,2203397,2024-12-10,300,275,238,18,19,300,238,18,19,25,1,True,True,match,0,0,0,
22,PRC_C2K4J0H7G2V9W0V9U4S3A3B6A6Y2X3,2203091,2024-12-10,300,287,284,0,3,300,284,0,3,13,1,True,True,match,0,0,0,
22,PRC_G2F4Z0Y6X1W4E1D7A0I6H5H3F6O9N1,2203066,2024-12-10,300,287,285,2,0,300,285,2,0,13,1,True,True,match,0,0,0,
22,PRC_B2Z4Z0X8W1X2E1F1D1E6D3B3B5J2K3,2202998,2024-12-10,300,285,285,0,0,300,285,0,0,15,1,True,True,match,0,0,0,
22,PRC_L2L4T0U8S1T2R1Q0Q4Y1Y3X9Y7W0U6,2202911,2024-12-10,300,284,278,0,6,300,278,0,6,16,1,True,True,match,0,0,0,
22,PRC_Z2A4Y0G8H1F2F1E1F1D5D1L8J8K3I0,2202819,2024-12-10,300,270,270,0,0,300,270,0,0,30,1,True,True,match,0,0,0,
22,PRC_H2D4B0C7A0B5Z1H3I4G8G3F2G0E3M1,2202548,2024-12-10,300,283,279,0,4,300,279,0,4,17,1,True,True,match,0,0,0,
22,PRC_I2J4H0H7Q1O1O1N2O5M3U4U4T3U9S9,2202298,2024-12-10,300,283,280,0,3,300,280,0,3,17,1,True,True,match,0,0,0,
22,PRC_W2V4U0B7B1H8G0G9M1L8K1J5P0N3M4,2202096,2024-12-10,300,261,256,0,5,300,256,0,5,39,1,True,True,match,0,0,0,
22,PRC_X2U4T0Q7T1S8R0Z9W1V9E5D1A5I7G0,2202095,2024-12-10,300,262,258,1,3,300,258,1,3,38,1,True,True,match,0,0,0,
22,PRC_T2R4Z0A6Z0Z7X0W9W5E9F5D2E6C5B4,2201864,2024-12-10,300,283,279,0,4,300,279,0,4,17,1,True,True,match,0,0,0,
22,ARC_K2O4L0L6Y2B8Y2Z1Q1T1G3O6Y2D7G6,2201199,2024-12-10,300,281,281,0,0,300,281,0,0,19,1,True,True,match,0,0,0,
22,PRC_D2O4K1A2B0X5S1V0G5A1D1U2V5V8B7,2206213,2024-12-05,300,167,164,3,0,300,164,3,0,133,1,True,True,match,0,0,0,
22,PRC_W2L4X1B2N0Z5X1S0M5P0S4D1W5J6N7,2206212,2024-12-05,300,163,160,3,0,300,160,3,0,137,1,True,True,match,0,0,0,
22,PRC_E2X4U1B2S0I5U1O0H5X0E0P9W1V9M2,2206211,2024-12-05,300,160,157,3,0,300,157,3,0,140,1,True,True,match,0,0,0,
22,PRC_U2L4J1F2G0N5N1S0G4K9V2C8X0A5W9,2206210,2024-12-05,300,160,157,3,0,300,157,3,0,140,1,True,True,match,0,0,0,
22,PRC_D2M4G1Z2D0P2C1L7T0Y6A4Z7X2K9N3,2206195,2024-12-05,300,188,185,3,0,300,185,3,0,112,1,True,True,match,0,0,0,
22,PRC_E2W4R1Q2I0U4B0O0Y5Q5Z4N6H5E8O7,2206197,2024-12-04,300,190,190,0,0,300,190,0,0,110,1,True,True,match,0,0,0,
22,PRC_N2C4C1O1V2V0N2G0J5X0V5Z3L7Z5Z0,2205964,2024-12-02,300,287,287,0,0,300,287,0,0,13,1,True,True,match,0,0,0,
22,PRC_A2K4C1X1H2F0M2Z0D5K9K3C8T6P7Z2,2205954,2024-12-02,300,286,286,0,0,300,286,0,0,14,1,True,True,match,0,0,0,
22,PRC_F2Q4G1S1S2N0G2F1V0C8F0W5X5H5R7,2205953,2024-12-02,300,288,287,0,1,300,287,0,1,12,1,True,True,match,0,0,0,
22,PRC_G2C4G1F1Y2S0Q2R0C5W8C3F1C5Z6M3,2205952,2024-12-02,300,280,280,0,0,300,280,0,0,20,1,True,True,match,0,0,0,
22,PRC_V2I4I1T1G2K0Y2W0S5Q7W4I5Z6F4V1,2205951,2024-12-02,300,285,285,0,0,300,285,0,0,15,1,True,True,match,0,0,0,
22,PRC_Q2J4H1A1A2Q0F2E1P0V2V1B6K5S2G6,2205950,2024-12-02,300,289,288,0,1,300,288,0,1,11,1,True,True,match,0,0,0,
22,PRC_F2K4E1S1W2Q0J2W0P5B5M3M3A9Q0Y0,2205949,2024-12-02,300,286,280,0,6,300,280,0,6,14,1,True,True,match,0,0,0,
22,PRC_W2W4U0C8C0A5B0Z9A5Y7G4H0F1F0E5,2203550,2024-12-02,300,285,284,0,1,300,284,0,1,15,1,True,True,match,0,0,0,
22,PRC_B2J4J0I8G2H6F1G5N4E5C1D0L3L4J0,2203344,2024-12-02,300,286,285,0,1,300,285,0,1,14,1,True,True,match,0,0,0,
22,PRC_E2L4K0S7R2P5O1K6J3J5I4H8P1N2M0,2202816,2024-12-02,300,289,286,0,3,300,286,0,3,11,1,True,True,match,0,0,0,
22,PRC_N2M4N0L7L0K3K1S3Q1R9Q3Q2O5W0X6,2202698,2024-12-02,300,286,285,0,1,300,285,0,1,14,1,True,True,match,0,0,0,
22,ARC_Y2U4Y0J7R2E4X1Y4B0C5D1T9I8C6Q1,2202196,2024-12-02,300,289,288,0,1,300,288,0,1,11,1,True,True,match,0,0,0,
22,PRC_C2B4K0G6Q1N4J1I5H1N5M1L7K6Q1P6,2201235,2024-12-02,300,289,289,0,0,300,289,0,0,11,1,True,True,match,0,0,0,
22,PRC_P2X4X0W6U1V0T2U1Q3Q6O4N5N7L4N5,2201217,2024-12-02,300,281,281,0,0,300,281,0,0,19,1,True,True,match,0,0,0,
22,PRC_F2N4K0C6O2F8F1P3Y1X5O5A5P8D3B1,2200052,2024-12-02,300,279,239,14,26,300,239,14,26,21,1,True,True,match,0,0,0,
22,PRC_X2O4P0F6H2U8T1O0K5T3P0I0A2K2Q3,2200051,2024-12-02,300,283,276,1,6,300,276,1,6,17,1,True,True,match,0,0,0,
22,PRC_J2W4W1K1Q2D7I2R0O3C7S1N5L1G0F5,2205994,2024-11-28,300,202,200,0,2,300,200,0,2,98,1,True,True,match,0,0,0,
22,PRC_V2X4O1Y1Q2E1C1K7A2X7J2V0M3F7K2,2205978,2024-11-28,300,255,171,83,1,300,171,83,1,45,1,True,True,match,0,0,0,
22,PRC_G2D4X1O1R2F1Q1I7V2B4O5Z2L9I5B5,2205977,2024-11-28,300,262,175,87,0,300,175,87,0,38,1,True,True,match,0,0,0,
22,PRC_J2G4X1O1Z2W1X1W3C4E9I4P1G5A9O1,2205976,2024-11-28,300,228,227,0,1,300,227,0,1,72,1,True,True,match,0,0,0,
22,PRC_O2Y4B1M1S2O1D1Y7S2A2P5T0X2N1N2,2205975,2024-11-28,300,259,175,84,0,300,175,84,0,41,1,True,True,match,0,0,0,
22,PRC_B2Q4E1E1T2V0O1K5R4K2B1P6Y1C3K1,2205974,2024-11-28,300,233,231,0,2,300,231,0,2,67,1,True,True,match,0,0,0,
22,PRC_J2U4H1J1I2W1O1L8K0A6B4E5H9Y6H7,2205973,2024-11-28,300,253,166,85,2,300,166,85,2,47,1,True,True,match,0,0,0,
22,PRC_X2H4V1D1I2I0Y1Z5E4H4F2O5L7N9Y1,2205972,2024-11-28,300,239,238,1,0,300,238,1,0,61,1,True,True,match,0,0,0,
22,PRC_Q2H4O1A1L2F1O1E3O5S4C4Q1P5R2F5,2205971,2024-11-28,300,245,243,0,2,300,243,0,2,55,1,True,True,match,0,0,0,
22,PRC_C2T4J1N1Q0T5B1Y5A1F9R4F8V0G2U0,2205970,2024-11-28,300,261,244,8,9,300,244,8,9,39,1,True,True,match,0,0,0,
22,PRC_O2B4E1Y1A0F5Q1K5U1C4Y3T1N1X3P8,2205969,2024-11-28,300,259,253,1,5,300,253,1,5,41,1,True,True,match,0,0,0,
22,PRC_R2R4A1J1S0W5U1F5C1U8K0Q5N2S9Q6,2205968,2024-11-28,300,261,253,1,7,300,253,1,7,39,1,True,True,match,0,0,0,
22,PRC_G2C4Z1D1G0G5K1N5U1T6L1S4Y3R7Z6,2205967,2024-11-28,300,254,253,0,1,300,253,0,1,46,1,True,True,match,0,0,0,
22,PRC_X2C4K1F1V1K3U1X3D5W7O0N3N9W8V9,2205965,2024-11-28,300,247,202,6,39,300,202,6,39,53,1,True,True,match,0,0,0,
22,PRC_J2C4N1D1M0L8Q1W3W0D9M1C2M8B3H4,2205963,2024-11-28,300,259,259,0,0,300,259,0,0,41,1,True,True,match,0,0,0,
22,PRC_V2K4W1T1T2P6R1I8Y2Q6Q1W8U5P0U1,2205962,2024-11-28,300,268,268,0,0,300,268,0,0,32,1,True,True,match,0,0,0,
22,PRC_E2Z4I1D1M2S6Z1F8T2M7B2D3M0R5H9,2205960,2024-11-28,300,268,266,0,2,300,266,0,2,32,1,True,True,match,0,0,0,
22,PRC_L2P4B1H0V3J0M1P7O4A4M5Y9X0C7X2,2205958,2024-11-28,300,272,171,101,0,300,171,101,0,28,1,True,True,match,0,0,0,
22,PRC_R2V4R1V1X2H6Y1C8B2X9E0F6D5G6N5,2205957,2024-11-28,300,270,270,0,0,300,270,0,0,30,1,True,True,match,0,0,0,
22,PRC_I2S4Q1Z0R3L0Y1Q8D2Y7A5W2X8C9B7,2205956,2024-11-28,300,270,171,97,2,300,171,97,2,30,1,True,True,match,0,0,0,
22,PRC_A2J4E1S1S2I6G1V8L3M0C1P3H8S0H1,2205955,2024-11-28,300,270,269,0,1,300,269,0,1,30,1,True,True,match,0,0,0,
22,PRC_Y2M4S1J1O2T7Z1F5V1V8H3U4Y1A2D7,2205945,2024-11-28,300,216,162,25,29,300,162,25,29,84,1,True,True,match,0,0,0,
22,PRC_Z2J4E1Q1H2S0L1H9O5W5C4G1G4W4T2,2205778,2024-11-28,300,222,146,76,0,300,146,76,0,78,1,True,True,match,0,0,0,
22,PRC_D2E4L1M1L2J0J1I1I4Q4R0P1N5O9N9,2205744,2024-11-28,300,198,138,59,1,300,138,59,1,102,1,True,True,match,0,0,0,
22,PRC_P2N4M1G1X0I5Y1Y4J1Y3V3U2W5K9U8,2205260,2024-11-28,300,234,173,36,25,300,173,36,25,66,1,True,True,match,0,0,0,
22,PRC_D2E4D1C0A0I7J0I9G5F2N5M8M9L3J3,2204595,2024-11-28,300,281,179,102,0,300,179,102,0,19,1,True,True,match,0,0,0,
22,PRC_V2P4S1N0V0H2V1D4Z1V9J4L4Q7T8Q0,2204496,2024-11-28,300,222,203,4,15,300,203,4,15,78,1,True,True,match,0,0,0,
22,ARC_R2L4Y1Q0N0D2B1J2N4Y0P4K1S0F9G3,2204494,2024-11-28,300,227,206,8,13,300,206,8,13,73,1,True,True,match,0,0,0,
22,PRC_W2X4V0V8D0E5C1B6B5Z4A5W9X9V5V7,2204233,2024-11-28,300,247,239,1,7,300,239,1,7,53,1,True,True,match,0,0,0,
22,PRC_L2G4H0F9G0E9F1D3L2L6K1L4J0J3I2,2204220,2024-11-28,300,241,241,0,0,300,241,0,0,59,1,True,True,match,0,0,0,
22,PRC_I2H4F0F8E1E2M1L7L5J0K1I6J0R2P4,2203440,2024-11-28,300,262,260,0,2,300,260,0,2,38,1,True,True,match,0,0,0,
22,PRC_R2I4I0G8F2F0E1F7M0N0L5K0K5J8J1,2203079,2024-11-28,300,246,245,0,1,300,245,0,1,54,1,True,True,match,0,0,0,
22,PRC_W2W4V0U7C2B6I1H9I4H1F0V9U5T8S0,2202760,2024-11-28,300,259,252,2,5,300,252,2,5,41,1,True,True,match,0,0,0,
22,PRC_D2B4J0K7I1J2H1G3G1O4P0N4N8M9K4,2202004,2024-11-28,300,260,256,0,4,300,256,0,4,40,1,True,True,match,0,0,0,
22,PRC_M2K4L0K7K1S6Q1R3P5Q4O1P1E6C4D5,2201971,2024-11-28,300,259,249,2,8,300,249,2,8,41,1,True,True,match,0,0,0,
22,ARC_D2H4Y0X7G1M2Y1K5T1P0P3H7H4J5N6,2201686,2024-11-28,300,246,245,0,1,300,245,0,1,54,1,True,True,match,0,0,0,
22,PRC_O2O4N0M6I2G7H0V9T1U9T5I7G8H5G0,2201627,2024-11-28,300,267,257,2,8,300,257,2,8,33,1,True,True,match,0,0,0,
22,PRC_F2E4D0C6W1V4U1D4B2B1Z4I0G4D3L1,2201593,2024-11-28,300,240,234,0,6,300,234,0,6,60,1,True,True,match,0,0,0,
22,PRC_L2L4E0E6D1L4K1H4P2O0E5D6L2I7I3,2201586,2024-11-28,300,237,234,0,3,300,234,0,3,63,1,True,True,match,0,0,0,
22,PRC_A2B4Z0Z7Y0G8G1E1F0E8E1C3D4L2J5,2201577,2024-11-28,300,257,254,0,3,300,254,0,3,43,1,True,True,match,0,0,0,
22,PRC_V2U4B0A6Z2I0D1M0J0I9R3Q1M4S7R2,2201291,2024-11-28,300,259,247,4,8,300,247,4,8,41,1,True,True,match,0,0,0,
22,ARC_C2Z4Z0C6Z2W8Q2R0G1B1Q0E5I5T8S0,2201193,2024-11-28,300,242,242,0,0,300,242,0,0,58,1,True,True,match,0,0,0,
22,PRC_W2V4A0U6T2T0Z1Z4Y0E2D2V8U6B2A6,2200782,2024-11-28,300,230,229,0,1,300,229,0,1,70,1,True,True,match,0,0,0,
22,PRC_P2N4O0N6N1L0T1U0S5T3R1S5Q2R0Z7,2200493,2024-11-28,300,236,235,0,1,300,235,0,1,64,1,True,True,match,0,0,0,
22,PRC_B2Z4Y0Y6G1H0F1G9E3F1D0Z6Z1Y9Y7,2200402,2024-11-28,300,243,243,0,0,300,243,0,0,57,1,True,True,match,0,0,0,
22,PRC_I2I4S0D9A2Q4N2O1M2W5U1E3L1Q6D1,2205470,2024-11-14,300,288,288,0,0,300,288,0,0,12,1,True,True,match,0,0,0,
22,PRC_K2Z4S0G9D2V4O2L1P2C3S0A6U5O6Y6,2205468,2024-11-14,300,290,289,0,1,300,289,0,1,10,1,True,True,match,0,0,0,
22,PRC_R2U4G0Y9L2W4N2S1A2G4Z3P4T6T7J6,2205467,2024-11-14,300,289,286,0,3,300,286,0,3,11,1,True,True,match,0,0,0,
22,PRC_A2B4Y0M9S2B0M1H6Z5Q5N1F4B2V7T2,2205465,2024-11-14,300,293,293,0,0,300,293,0,0,7,1,True,True,match,0,0,0,
22,PRC_R2X4J0R9O3L0E1L1F3A1T5X7T9S5N0,2205447,2024-11-14,300,281,281,0,0,300,281,0,0,19,1,True,True,match,0,0,0,
22,PRC_A2P4B0X9R2X5Q1K4I2J4W5B5O4D3L2,2205436,2024-11-14,300,288,281,4,3,300,281,4,3,12,1,True,True,match,0,0,0,
22,PRC_B2X4W0J9E2K5U1X4E1P2L3J6Y0N5K1,2205435,2024-11-14,300,288,282,0,6,300,282,0,6,12,1,True,True,match,0,0,0,
22,PRC_C2U4R0Q9L2B5N1L6E1X4I3V0M9C3W9,2205431,2024-11-14,300,287,275,4,8,300,275,4,8,13,1,True,True,match,0,0,0,
22,PRC_N2Z4L0R9D2C5O1C4N1I2Q0X0G6W3X4,2205430,2024-11-14,300,283,273,0,10,300,273,0,10,17,1,True,True,match,0,0,0,
22,PRC_I2B4R0J8Q2I3C1P1A5T1R4L1R9T4J6,2205426,2024-11-14,300,285,281,0,4,300,281,0,4,15,1,True,True,match,0,0,0,
22,PRC_M2J4A1L0C3U0C1P7D3Q9B0Y1Y4S1Q8,2205421,2024-11-14,300,264,253,2,9,300,253,2,9,36,1,True,True,match,0,0,0,
22,PRC_T2N4M0O9E2I4I1I7N3D1V1N8V0N0S3,2205419,2024-11-14,300,285,284,0,1,300,284,0,1,15,1,True,True,match,0,0,0,
22,PRC_K2B4A0M9X2V4T1P7W3Q3A2P9S0P8F2,2205416,2024-11-14,300,283,280,0,3,300,280,0,3,17,1,True,True,match,0,0,0,
22,PRC_F2X4N0B9H2M4X1D7K3Y8M2Q1Z8Y7R6,2205412,2024-11-14,300,287,287,0,0,300,287,0,0,13,1,True,True,match,0,0,0,
22,PRC_H2E4A0B9U2Z4B1B7L2T9Q2B8J3J8W9,2205411,2024-11-14,300,287,283,0,4,300,283,0,4,13,1,True,True,match,0,0,0,
22,PRC_L2O4B1L1K0W7T1S4Z5W4T4C0G5W5A4,2205407,2024-11-14,300,273,272,1,0,300,272,1,0,27,1,True,True,match,0,0,0,
22,PRC_R2L4N1J0Z2N4Z2Y0V5B8W3W4E0Z8W2,2204913,2024-11-14,300,289,191,98,0,300,191,98,0,11,1,True,True,match,0,0,0,
22,PRC_W2E4Q1D1Y1L4Y1L2C4Q6E2M1C7U0T7,2204739,2024-11-14,300,191,191,0,0,300,191,0,0,109,1,True,True,match,0,0,0,
22,PRC_C2G4P1J0B0A8W1S0I4A3R2F5R5W7X3,2204613,2024-11-14,300,292,282,0,10,300,282,0,10,8,1,True,True,match,0,0,0,
22,PRC_Q2M4Y1R0L0X8W1L0V3J8Q3X4M8K3W5,2204612,2024-11-14,300,283,263,9,11,300,263,9,11,17,1,True,True,match,0,0,0,
22,PRC_Y2W4W0V8V0U8U1Q4O2P4N4O4M6N7V2,2203337,2024-11-14,300,289,289,0,0,300,289,0,0,11,1,True,True,match,0,0,0,
22,PRC_F2K4K0E8A2Z7U1G1J2Q8E4U1J7A6E4,2203230,2024-11-14,300,287,284,0,3,300,284,0,3,13,1,True,True,match,0,0,0,
22,PRC_X2N4P0X8D2O7U1V1O2G4X5G1P7A1P0,2203229,2024-11-14,300,291,291,0,0,300,291,0,0,9,1,True,True,match,0,0,0,
22,PRC_J2J4Q0P8K2D7P1M1F2W1H0P2C4E0Q5,2203228,2024-11-14,300,293,292,0,1,300,292,0,1,7,1,True,True,match,0,0,0,
22,PRC_Y2J4B0J8K2H7G1E1K1K0W5L6I1N5Q3,2203227,2024-11-14,300,291,290,0,1,300,290,0,1,9,1,True,True,match,0,0,0,
22,PRC_Y2K4G0I8V2K7G1T1M0B1Z5W9G5F2Z8,2203224,2024-11-14,300,292,286,3,3,300,286,3,3,8,1,True,True,match,0,0,0,
22,PRC_F2G4N0O8M2N0L1L4K5S6S2R7R3Q5Q2,2203001,2024-11-14,300,255,254,0,1,300,254,0,1,45,1,True,True,match,0,0,0,
22,PRC_E2M4L0K7J2J5S1R8P1O3W0V6U0S9T1,2202455,2024-11-14,300,289,288,1,0,300,288,1,0,11,1,True,True,match,0,0,0,
22,PRC_D2C4L0I7H1Q8M1L3U1I5I2Q0M1M3U8,2202261,2024-11-14,300,285,284,0,1,300,284,0,1,15,1,True,True,match,0,0,0,
22,PRC_Y2W4X0F7G0E1E1C3B5C8J5K7J7J1H5,2201828,2024-11-14,300,285,283,0,2,300,283,0,2,15,1,True,True,match,0,0,0,
22,PRC_L2K4S0S7R1R5P1O0P1W3X2V5W1V8T4,2201804,2024-11-14,300,291,290,0,1,300,290,0,1,9,1,True,True,match,0,0,0,
22,ARC_E2I4S0I7L1T6Y1U0D1L9Z3B3T0T9S9,2201785,2024-11-14,300,266,263,1,2,300,263,1,2,34,1,True,True,match,0,0,0,
22,PRC_A2A4J0J7H0G2G0F8G4B5C5A7Y3Z7Y9,2201588,2024-11-14,300,285,281,0,4,300,281,0,4,15,1,True,True,match,0,0,0,
22,PRC_M2U4V0T7U0S1T1R0Z5A7Y2Z2X4X3W6,2201492,2024-11-14,300,293,290,0,3,300,290,0,3,7,1,True,True,match,0,0,0,
22,PRC_B2A4Y0H6H2G6E1D4E2M4L0J3I4N0L5,2201110,2024-11-14,300,286,285,0,1,300,285,0,1,14,1,True,True,match,0,0,0,
22,PRC_Y2Y4X0F6F1D3F1D4D0B5C0K4I9J5H3,2200874,2024-11-14,300,286,286,0,0,300,286,0,0,14,1,True,True,match,0,0,0,
22,PRC_R2O4E0V9X1K0Y1N5G2U1E0K9S8I3C8,2204335,2024-09-26,300,206,193,6,7,300,193,6,7,94,1,True,True,match,0,0,0,
22,PRC_N2R4A0Y9Y1R0G2K0P2O7O5C5L7H4G0,2204334,2024-09-26,300,206,206,0,0,300,206,0,0,94,1,True,True,match,0,0,0,
22,PRC_A2Q4P0U9J1H0F1C5X1Y9A0L0E6I4S4,2204333,2024-09-26,300,200,195,0,5,300,195,0,5,100,1,True,True,match,0,0,0,
22,PRC_H2Q4S0H9I1P0R2H0D0N7M0F7X5J8J2,2204332,2024-09-26,300,204,203,0,1,300,203,0,1,96,1,True,True,match,0,0,0,
22,PRC_B2M4Z0R9G1V0R1M5E1Q7J3J3I9X7X4,2204331,2024-09-26,300,198,196,0,2,300,196,0,2,102,1,True,True,match,0,0,0,
22,PRC_I2Q4Q0X9X1J0Z2F0Q1U7J0S4G3O2U1,2204330,2024-09-26,300,207,207,0,0,300,207,0,0,93,1,True,True,match,0,0,0,
22,PRC_T2D4D0V9J1W0C2K0E1A2Y1Z2Y2X1A7,2204329,2024-09-26,300,204,203,0,1,300,203,0,1,96,1,True,True,match,0,0,0,
22,PRC_Q2S4A0F9V1X0Q1Q5F2Q2R1V0J4U4D1,2204328,2024-09-26,300,201,193,2,6,300,193,2,6,99,1,True,True,match,0,0,0,
22,PRC_D2C4B0M9Y0U5O1C4Y2K4W5A6E5P5N7,2204327,2024-09-26,300,229,226,0,3,300,226,0,3,71,1,True,True,match,0,0,0,
22,PRC_B2D4K0L9D0O5B1M4N2A9S1V5L7S3R6,2204326,2024-09-26,300,231,220,1,10,300,220,1,10,69,1,True,True,match,0,0,0,
22,PRC_J2K4K0O9L0L5Q1W4W2N5B4H4F7Z1A6,2204325,2024-09-26,300,226,218,2,6,300,218,2,6,74,1,True,True,match,0,0,0,
22,PRC_S2O4H0N9E0Q5G1B4T2S9A5I2S1S2X8,2204324,2024-09-26,300,227,223,0,4,300,223,0,4,73,1,True,True,match,0,0,0,
22,PRC_O2T4Y0R9S0D2K0J9U1J7I2K8N3H2N4,2204323,2024-09-26,300,199,197,0,2,300,197,0,2,101,1,True,True,match,0,0,0,
22,PRC_N2U4V0P9M0S2O0K9O1S8K2S6Q1V6D4,2204322,2024-09-26,300,199,198,0,1,300,198,0,1,101,1,True,True,match,0,0,0,
22,PRC_H2T4H0C8S2F3R1U1B5H3V2Z5H9I0A5,2204321,2024-09-26,300,193,193,0,0,300,193,0,0,107,1,True,True,match,0,0,0,
22,PRC_A2E4E0W9L0J2N0O9O1Q5K5Z5Z0N4I1,2204320,2024-09-26,300,193,189,0,4,300,189,0,4,107,1,True,True,match,0,0,0,
22,PRC_F2K4A0O8L2B3Z1A0C0T6I1A0V2U1F9,2204319,2024-09-26,300,191,185,3,3,300,185,3,3,109,1,True,True,match,0,0,0,
22,PRC_J2D4U0X8X2N3S1N5N2T0A0H5R5I7S7,2204318,2024-09-26,300,199,199,0,0,300,199,0,0,101,1,True,True,match,0,0,0,
22,PRC_Z2B4E0C9A0X3Y0T9J5Q0U3J4B5K0K1,2204317,2024-09-26,300,238,235,1,2,300,235,1,2,62,1,True,True,match,0,0,0,
22,PRC_G2Y4Y0P9E0L2Q0R9V1U5B1E5Q3E0L6,2204316,2024-09-26,300,206,204,1,1,300,204,1,1,94,1,True,True,match,0,0,0,
22,PRC_Y2A4J0Y9I2L0O1F6H5H2R5Q5B1K5R2,2204314,2024-09-26,300,205,204,0,1,300,204,0,1,95,1,True,True,match,0,0,0,
22,PRC_P2G4Z0A9H2E3N1F7Q0R3H4U4G0U1B2,2204313,2024-09-26,300,212,212,0,0,300,212,0,0,88,1,True,True,match,0,0,0,
22,PRC_Z2S4T0T9X0B3P0J9L1Y6S3N0L9S7V1,2204312,2024-09-26,300,198,195,1,2,300,195,1,2,102,1,True,True,match,0,0,0,
22,PRC_S2U4U0G9W0C3H0C9M2W8M5C9C5N7T0,2204311,2024-09-26,300,194,193,0,1,300,193,0,1,106,1,True,True,match,0,0,0,
22,PRC_Z2I4Y0O9A0B3B0E9O3J1E1S0S3S6Z0,2204310,2024-09-26,300,197,193,0,4,300,193,0,4,103,1,True,True,match,0,0,0,
22,PRC_Q2Y4E0I9O2V4I2L1M0L0R1Y9O7P7E7,2204309,2024-09-26,300,244,220,12,12,300,220,12,12,56,1,True,True,match,0,0,0,
22,PRC_S2M4C0P8Q2N8T1I3P2J8G4Z0Z7L8B1,2204308,2024-09-26,300,245,244,0,1,300,244,0,1,55,1,True,True,match,0,0,0,
22,PRC_S2T4M0E9H2D0C1V6P4L1K0R6M8Q1P8,2204306,2024-09-26,300,208,208,0,0,300,208,0,0,92,1,True,True,match,0,0,0,
22,PRC_S2V4G0V9O0K2K0X9U1U4D2W2D2B9I0,2204305,2024-09-26,300,192,191,0,1,300,191,0,1,108,1,True,True,match,0,0,0,
22,PRC_J2F4K0Z9J0R2C0A9Y1A9W1D8A5W9A2,2204304,2024-09-26,300,193,191,0,2,300,191,0,2,107,1,True,True,match,0,0,0,
22,PRC_M2I4X0P9W0E2F0T9I1N3F5D1M1E6D0,2204303,2024-09-26,300,210,208,0,2,300,208,0,2,90,1,True,True,match,0,0,0,
22,PRC_M2H4F0U9C0C2M0U9C1Y7H5K7V0O7C5,2204302,2024-09-26,300,191,191,0,0,300,191,0,0,109,1,True,True,match,0,0,0,
22,PRC_U2A4K0T9U0V2C0V9F1Z3P1L1K1X0T5,2204301,2024-09-26,300,196,194,0,2,300,194,0,2,104,1,True,True,match,0,0,0,
22,PRC_D2M4E0H9N2L6U1K8C0N3C3F8B1Y7O5,2204300,2024-09-26,300,250,242,0,8,300,242,0,8,50,1,True,True,match,0,0,0,
22,PRC_E2U4U0H8V2S8M1G7I4G5W1D3D3W4B1,2203321,2024-09-26,300,207,146,61,0,300,146,61,0,93,1,True,True,match,0,0,0,
22,PRC_L2M4K0L8J2J7I0Q9Q5P5P0N1O7N5N4,2203319,2024-09-26,300,200,145,53,2,300,145,53,2,100,1,True,True,match,0,0,0,
22,ARC_J2Z4N0D7V2H6F1A3S4I9C5X1W1V3Z6,2202293,2024-09-26,300,257,257,0,0,300,257,0,0,43,1,True,True,match,0,0,0,
22,ARC_I2G4D0H7M2B6S1F0Y4R3R1M6I3E6D1,2202274,2024-09-26,300,252,247,0,5,300,247,0,5,48,1,True,True,match,0,0,0,
22,PRC_J2I4R0P7Q1O9N1V4W4U7T1R3S0O7M6,2202216,2024-09-26,300,205,205,0,0,300,205,0,0,95,1,True,True,match,0,0,0,
22,ARC_I2Q4B0R7T2S4I1E1P3Q3I5E8S1G2O2,2202184,2024-09-26,300,228,225,0,3,300,225,0,3,72,1,True,True,match,0,0,0,
22,ARC_D2A4K0M7H2W4T0B9Z1C2D5L1P6S9F2,2202171,2024-09-26,300,228,213,4,11,300,213,4,11,72,1,True,True,match,0,0,0,
22,PRC_X2T4R0S7Q1R7P1X0Y2W3X2V9W4U8V1,2202151,2024-09-26,300,197,195,0,2,300,195,0,2,103,1,True,True,match,0,0,0,
22,ARC_I2U4I0G7M2E3F1X1T2J7U4J2V7F3O7,2202137,2024-09-26,300,224,213,4,7,300,213,4,7,76,1,True,True,match,0,0,0,
22,ARC_I2N4U0O7X2Y2Y1C7K4H1Z4Z5B4A2R3,2202113,2024-09-26,300,205,205,0,0,300,205,0,0,95,1,True,True,match,0,0,0,
22,PRC_F2D4C0D7B1B5J1K5I2J8H0F0G7C0D1,2202098,2024-09-26,300,197,192,0,5,300,192,0,5,103,1,True,True,match,0,0,0,
22,ARC_E2I4I0Y7R2I2T1N4C1N9T0A8G7V9J3,2202093,2024-09-26,300,191,189,0,2,300,189,0,2,109,1,True,True,match,0,0,0,
22,ARC_L2I4C0H7N2N2W1M4Z0A6N2C0H4J8R1,2202088,2024-09-26,300,189,186,0,3,300,186,0,3,111,1,True,True,match,0,0,0,
22,ARC_I2D4F0O7H2W2G1M1X0J2E2T3O1Z9M3,2202077,2024-09-26,300,188,186,0,2,300,186,0,2,112,1,True,True,match,0,0,0,
22,ARC_C2A4M0W7H2E2U0L8Z5W5D3P2U7T2A3,2202051,2024-09-26,300,201,201,0,0,300,201,0,0,99,1,True,True,match,0,0,0,
22,ARC_X2E4R0A7P2P2E0M8C5K5R2F6N3K8U9,2202050,2024-09-26,300,203,203,0,0,300,203,0,0,97,1,True,True,match,0,0,0,
22,ARC_K2W4D0G7Z1T9A1F6Z0R2U1W1K3L0D0,2202011,2024-09-26,300,195,192,1,2,300,192,1,2,105,1,True,True,match,0,0,0,
22,PRC_Q2X4W0V7T1C7Z1E6D5A7J4I2H1N0M4,2201929,2024-09-26,300,228,226,0,2,300,226,0,2,72,1,True,True,match,0,0,0,
22,PRC_L2K4K0I7J1R2P1Q2O1P0N3O2W6U7V0,2201825,2024-09-26,300,229,229,0,0,300,229,0,0,71,1,True,True,match,0,0,0,
22,ARC_H2X4J0Q7K1B2E1F7M4T8K3E9Z9Z1N8,2201704,2024-09-26,300,230,213,5,12,300,213,5,12,70,1,True,True,match,0,0,0,
22,PRC_N2L4L0K7S0S9R1R4Q2Q1P5W4X0W8W2,2201697,2024-09-26,300,197,196,0,1,300,196,0,1,103,1,True,True,match,0,0,0,
22,ARC_Z2U4D0O7C1D2Y1I5K2Z1R4I6W3Q8I5,2201688,2024-09-26,300,206,206,0,0,300,206,0,0,94,1,True,True,match,0,0,0,
22,ARC_K2N4P0F7W1M2P1N4S0Q6K2A0N1B0R0,2201669,2024-09-26,300,200,196,0,4,300,196,0,4,100,1,True,True,match,0,0,0,
22,PRC_R2R4P0O7P0I8I1H6H5G8E4F9M3O2M0,2201592,2024-09-26,300,225,219,1,5,300,219,1,5,75,1,True,True,match,0,0,0,
22,PRC_Q2M4N0L7L0K2L0J9R4S8Q1Q2P7Q3O9,2201527,2024-09-26,300,206,206,0,0,300,206,0,0,94,1,True,True,match,0,0,0,
22,PRC_N2L4M0K7K0T3R1R0Q3Q2P2L8L4J8K4,2201460,2024-09-26,300,183,181,0,2,300,181,0,2,117,1,True,True,match,0,0,0,
22,PRC_B2Y4W0V6T2U7C1A5Z3Y4Z0H0F1E5F0,2201312,2024-09-26,300,203,203,0,0,300,203,0,0,97,1,True,True,match,0,0,0,
22,ARC_W2J4Y0S6F2Y7K1L5B3A6L4Z8W8V9W6,2201050,2024-09-26,300,222,216,1,5,300,216,1,5,78,1,True,True,match,0,0,0,
22,ARC_D2H4B0L6L2H7O1O5Q2X8A4R0F9M2M1,2201049,2024-09-26,300,229,228,0,1,300,228,0,1,71,1,True,True,match,0,0,0,
22,ARC_V2J4R0J6N2Q7I1G4S2R9R4F1F9U0T4,2201042,2024-09-26,300,204,203,0,1,300,203,0,1,96,1,True,True,match,0,0,0,
22,ARC_Z2B4D0J6D2S7J1N4B2Z1J3S8X0M2S1,2201040,2024-09-26,300,223,204,8,11,300,204,8,11,77,1,True,True,match,0,0,0,
22,PRC_Y2W4V0U6V1R9P0O9T0R5S5A8Z8X6W9,2200900,2024-09-26,300,194,192,0,2,300,192,0,2,106,1,True,True,match,0,0,0,
22,PRC_U2T4U0T6R2Z1Y1Y5X2W6E3C9D5C8A0,2200842,2024-09-26,300,203,197,1,5,300,197,1,5,97,1,True,True,match,0,0,0,
22,PRC_X2V4W0U6V1T3U1P6Q1O0P2N7L9M6U1,2200618,2024-09-26,300,243,242,0,1,300,242,0,1,57,1,True,True,match,0,0,0,
22,PRC_L2J4I0E6D0D4C1A6I4H2I2H6F2O2I7,2200589,2024-09-26,300,218,216,0,2,300,216,0,2,82,1,True,True,match,0,0,0,
22,PRC_D2M4O0C6L1C7Q1N3H2F9I3O4Z1L2F5,2200538,2024-09-26,300,230,228,0,2,300,228,0,2,70,1,True,True,match,0,0,0,
22,PRC_P2O4O0M6N0V7W1U4U1S5R5S4N8O0M8,2200328,2024-09-26,300,236,234,0,2,300,234,0,2,64,1,True,True,match,0,0,0,
22,PRC_J2I4Q0P6N0O4M1J6H3G7F0G6O5O5N7,2200316,2024-09-26,300,196,190,1,5,300,190,1,5,104,1,True,True,match,0,0,0,
22,PRC_R2A4Y0X6L0J3I0E8C3B4C3B3J1H6G5,2200241,2024-09-26,300,235,229,0,6,300,229,0,6,65,1,True,True,match,0,0,0,
22,PRC_R2Q4Q0Z5X3W0V1D5E1C8B0A2V0W8V4,2200154,2024-09-26,300,257,255,0,2,300,255,0,2,43,1,True,True,match,0,0,0,
22,PRC_X2U4D0C5F3E0B0J9J1G8P4O3L4H1I4,2200127,2024-09-26,300,231,228,0,3,300,228,0,3,69,1,True,True,match,0,0,0,
22,PRC_B2K4P0O5S3T1K2G0Z3W7J2V3B9B8A9,2200072,2024-09-26,300,200,194,0,6,300,194,0,6,100,1,True,True,match,0,0,0,
22,PRC_K2F4B0Y5C3G1C2H0H3S3V2U5H5L5M2,2200071,2024-09-26,300,206,140,61,5,300,140,61,5,94,1,True,True,match,0,0,0,
22,PRC_P2Q4P0X5V3U0T1U6C5A2Y3X3Y9V3T0,2200056,2024-09-26,300,208,164,8,36,300,164,8,36,92,1,True,True,match,0,0,0,
22,PRC_H2W4Q0Y5K3I0J1S6X4T5O0T4M2E7C3,2200036,2024-09-26,300,210,210,0,0,300,210,0,0,90,1,True,True,match,0,0,0,
22,PRC_U2B4A0P5D3I0R1F4G5A0N4H6N3D1W4,2200022,2024-09-26,300,211,211,0,0,300,211,0,0,89,1,True,True,match,0,0,0,
22,PRC_R2C4R0F5Q3N0N1H4N5T0N0T4N2Y0U7,2200021,2024-09-26,300,207,207,0,0,300,207,0,0,93,1,True,True,match,0,0,0,
22,PRC_H2D4S0V9L1P0C1U4K4O4O3D0J4G1C3,2203925,2024-09-19,300,167,167,0,0,300,167,0,0,133,1,True,True,match,0,0,0,
22,PRC_K2V4Q0A9W0M4H1Y9R4R5T2H2J4M8Q3,2203923,2024-09-19,300,169,166,3,0,300,166,3,0,131,1,True,True,match,0,0,0,
22,PRC_D2Z4G0P9D1B0N1P4G4P6S3T5H0I9B4,2203920,2024-09-19,300,170,170,0,0,300,170,0,0,130,1,True,True,match,0,0,0,
22,PRC_G2R4A0W8N2T7X1F9F3X4D2D1Y2V4C7,2203286,2024-08-28,300,290,283,2,5,300,283,2,5,10,1,True,True,match,0,0,0,
22,PRC_K2R4O0U8J2A6E1J7I4Y1Y3O2Z0P3O6,2203269,2024-08-28,300,288,288,0,0,300,288,0,0,12,1,True,True,match,0,0,0,
22,PRC_M2I4K0R8B2G6B1B7C4B0Y3V4H9Y6D0,2203268,2024-08-28,300,290,289,1,0,300,289,1,0,10,1,True,True,match,0,0,0,
22,PRC_Y2L4A0W8L1E9F1H6H4Y4Y1U1J5I4D6,2203267,2024-08-28,300,295,295,0,0,300,295,0,0,5,1,True,True,match,0,0,0,
22,PRC_D2R4G0H8P2B7P1V2D5H7Y0P3S7B2C4,2203266,2024-08-28,300,287,287,0,0,300,287,0,0,13,1,True,True,match,0,0,0,
22,PRC_P2P4T0C8H2P3A1B1K5A2E4C0Y8M9F8,2203265,2024-08-28,300,294,294,0,0,300,294,0,0,6,1,True,True,match,0,0,0,
22,PRC_I2T4O0D8W2J0S1B1R5J4K5W2T0V9C2,2203263,2024-08-28,300,295,295,0,0,300,295,0,0,5,1,True,True,match,0,0,0,
22,PRC_K2V4N0X8X2I1V1I7K4K2Y5L0K6E6M5,2203262,2024-08-28,300,291,290,0,1,300,290,0,1,9,1,True,True,match,0,0,0,
22,ARC_H2E4I0T8D1G2Q2Z0G4P5L5Q2C9R3G8,2202755,2024-08-28,300,291,291,0,0,300,291,0,0,9,1,True,True,match,0,0,0,
22,ARC_P2V4R0B8U1H2C2E0N4K2J5R1F9X3E0,2202754,2024-08-28,300,291,291,0,0,300,291,0,0,9,1,True,True,match,0,0,0,
22,ARC_P2C4S0L8H1Z2D2E0U4L0N0F2O1W0C8,2202753,2024-08-28,300,292,292,0,0,300,292,0,0,8,1,True,True,match,0,0,0,
22,ARC_J2E4C0Y8W1V2L2N0W3J9T4D9E0V4B1,2202752,2024-08-28,300,289,289,0,0,300,289,0,0,11,1,True,True,match,0,0,0,
22,ARC_G2N4B0O7H2D2T1L4W1X3C1V2E4Q2P6,2202089,2024-08-28,300,293,293,0,0,300,293,0,0,7,1,True,True,match,0,0,0,
22,PRC_P2O4K0L6J2I5G1P3Q5O4V2W4S9Q8P9,2201404,2024-08-28,300,287,274,2,11,300,274,2,11,13,1,True,True,match,0,0,0,
22,PRC_P2N4N0M7N0L1L1T0S5S8Q4R4Q1Q7M2,2201390,2024-08-28,300,286,276,5,5,300,276,5,5,14,1,True,True,match,0,0,0,
22,ARC_R2I4Y0R6W2E8T1C8Q3J0R3D7G7Z3X4,2201176,2024-08-28,300,293,292,0,1,300,292,0,1,7,1,True,True,match,0,0,0,
22,ARC_X2L4H0K6Q2T8F1C5W4X4S1S7B3B9W1,2201121,2024-08-28,300,295,295,0,0,300,295,0,0,5,1,True,True,match,0,0,0,
22,ARC_I2J4I0Z6U2T7W1P5B4R9Q1D3E9G7G2,2201053,2024-08-28,300,291,290,0,1,300,290,0,1,9,1,True,True,match,0,0,0,
22,ARC_T2C4H0N6B2V7A1D4S0L9W2U7G5S8W7,2201037,2024-08-28,300,294,293,0,1,300,293,0,1,6,1,True,True,match,0,0,0,
22,ARC_X2T4G0X6O2N7T1W3H5B4K0T8M4L7X7,2201034,2024-08-28,300,290,289,0,1,300,289,0,1,10,1,True,True,match,0,0,0,
22,PRC_L2M4K0J6H1I9E0D9B4A0I3J2H8G4E9,2200770,2024-08-28,300,297,297,0,0,300,297,0,0,3,1,True,True,match,0,0,0,
22,PRC_S2R4N0L6J1K9J0R9Q4R0Q5Y7W2X2W2,2200767,2024-08-28,300,288,288,0,0,300,288,0,0,12,1,True,True,match,0,0,0,
22,PRC_B2B4A0A6Z1Z0H1G8G2E4F2D1E4M5M7,2200541,2024-08-28,300,292,291,0,1,300,291,0,1,8,1,True,True,match,0,0,0,
22,PRC_W2E4F0D6D1C3A1B0W3X6W3W4U0V0T5,2200485,2024-08-28,300,292,291,0,1,300,291,0,1,8,1,True,True,match,0,0,0,
22,PRC_R2R4Q0O6P0W5Y1W4W0U6T2U8B6C1A1,2200438,2024-08-28,300,291,290,0,1,300,290,0,1,9,1,True,True,match,0,0,0,
22,PRC_B2Z4H0I6G0H7F1E3E5M6N0L5L2K4I6,2200377,2024-08-28,300,293,293,0,0,300,293,0,0,7,1,True,True,match,0,0,0,
22,PRC_C2A4Z0X6Y0G3F1E9C0Y5G2F3G0E2C5,2200286,2024-08-28,300,292,290,0,2,300,290,0,2,8,1,True,True,match,0,0,0,
22,PRC_Q2O4N0V5W3V0U1S5R1Q8Y1X4V2Y2W0,2200236,2024-08-28,300,296,296,0,0,300,296,0,0,4,1,True,True,match,0,0,0,
22,PRC_B2U4G0H7Y1F7C1X7H3D1A3O8J9V2Q2,2202444,2024-08-05,300,179,177,2,0,300,177,2,0,121,1,True,True,match,0,0,0,
22,PRC_W2N4M0L8E0A2F1D3M4Z9T1M2W7E8L2,2202525,2024-08-02,300,188,188,0,0,300,188,0,0,112,1,True,True,match,0,0,0,
22,PRC_W2J4G0R7Q1P8Q1G7B4C4K3G4A7L7V6,2202451,2024-08-02,300,187,186,1,0,300,186,1,0,113,1,True,True,match,0,0,0,
22,PRC_G2U4T0D6C1R8Y1J1U5N1T2W6M3Y3K0,2200948,2024-07-30,300,189,189,0,0,300,189,0,0,111,1,True,True,match,0,0,0,
22,PRC_R2B4G0U6Q1T8O1H1B5U1L0C0S2E6N0,2200947,2024-07-29,300,187,187,0,0,300,187,0,0,113,1,True,True,match,0,0,0,
22,PRC_A2E4G0C6K1K8P1M1E5X0I2B5I5Z5E2,2200946,2024-07-28,300,189,189,0,0,300,189,0,0,111,1,True,True,match,0,0,0,
22,PRC_A2T4Y0W6A1H3Y1W6O2T4E3D0L1I1M5,2200461,2024-07-26,300,183,183,0,0,300,183,0,0,117,1,True,True,match,0,0,0,
22,PRC_B2Y4K0K6M1Q3U1V6C5S5T2M7F3I8F2,2200467,2024-07-25,300,225,225,0,0,300,225,0,0,75,1,True,True,match,0,0,0,
22,PRC_X2A4X0I5U3L0T1D6L5T2K1D9G6Q3S4,2200038,2024-07-04,300,190,189,1,0,300,189,1,0,110,1,True,True,match,0,0,0,
