bill_id,bill_no,proc_dt,fetched_at,vote_unq_id,tally_members,tally_voted,tally_yes,tally_no,tally_abstain,page_members,page_voted,page_yes,page_no,page_abstain,list_yes,list_no,list_abstain,api_rows,rows_short,added_listed,added,added_absent,rows_after,yes_after,no_after,abstain_after,page_header_matches_tally,lists_match_tally
PRC_A2V6V0E9S1C5Z2X0C3U3B3E0O5P0S4,2221432,2026-09-17,2026-09-28T13:02:25+00:00,250371,299,204,198,2,4,299,204,198,2,4,198,2,4,283,16,12,16,4,299,198,2,4,True,True
PRC_U2C6W0N9Q1D5D2V0X3Q1G4J5V5P0H4,2221431,2026-09-17,2026-09-28T13:02:40+00:00,250370,299,204,154,49,1,299,204,154,49,1,154,49,1,283,16,12,16,4,299,154,49,1,True,True
PRC_V2G6Z0Z9V1L5C2O0A3O0D5X6O9U2F3,2221430,2026-09-17,2026-09-28T13:02:43+00:00,250372,299,198,157,37,4,299,198,157,37,4,157,37,4,283,16,12,16,4,299,157,37,4,True,True
PRC_K2I6A0X9N1O5Q1Y1N3R4K1M0U6E3T0,2221429,2026-09-17,2026-09-28T13:02:44+00:00,250381,299,189,152,34,3,299,189,152,34,3,152,34,3,283,16,12,16,4,299,152,34,3,True,True
PRC_L2Y6R0U9B1Z7A1S2C1Y0M3Q7V6J9R5,2221428,2026-09-17,2026-09-28T13:02:45+00:00,250327,299,150,150,0,0,299,150,150,0,0,150,0,0,283,16,9,16,7,299,150,0,0,True,True
PRC_P2S6K0P9O1A6K1U0I4F1C5A1E4I3B7,2221427,2026-09-17,2026-09-28T13:02:46+00:00,250345,299,204,155,49,0,299,204,155,49,0,155,49,0,283,16,12,16,4,299,155,49,0,True,True
PRC_J2O6J0S9E1H6F1A8O3E4U5N4O4E7D6,2221413,2026-09-17,2026-09-28T13:02:48+00:00,250328,299,152,149,3,0,299,152,149,3,0,149,3,0,283,16,8,16,8,299,149,3,0,True,True
PRC_N2F6G0B9S1I6N1N8Q3E3E0A3F8B5W4,2221412,2026-09-17,2026-09-28T13:02:49+00:00,250329,299,150,149,1,0,299,150,149,1,0,149,1,0,283,16,9,16,7,299,149,1,0,True,True
PRC_Y2Z6F0J9P1V5A1S1T0T2F3Z3Z0M8P8,2221411,2026-09-17,2026-09-28T13:02:50+00:00,250342,299,169,151,18,0,299,169,151,18,0,151,18,0,283,16,11,16,5,299,151,18,0,True,True
PRC_U2E6K0O9W1Q5W1X1G0R3C1Y8C2F8B6,2221410,2026-09-17,2026-09-28T13:02:51+00:00,250341,299,155,152,3,0,299,155,152,3,0,152,3,0,283,16,10,16,6,299,152,3,0,True,True
PRC_L2L6K0K9J1J0H1Q6Q0O2P5O1O1M2N5,2221376,2026-09-17,2026-09-28T13:02:52+00:00,250330,299,152,151,1,0,299,152,151,1,0,151,1,0,283,16,9,16,7,299,151,1,0,True,True
PRC_I2J6R0P9Q1O4O0N7O5J7K1I8H8H3F6,2221367,2026-09-17,2026-09-28T13:02:54+00:00,250346,299,200,153,47,0,299,200,153,47,0,153,47,0,283,16,12,16,4,299,153,47,0,True,True
PRC_T2B6B0Z9B1Z1Z1X7Y4G1E3F5D3E4C2,2221359,2026-09-17,2026-09-28T13:02:55+00:00,250343,299,201,154,46,1,299,201,154,46,1,154,46,1,283,16,12,16,4,299,154,46,1,True,True
PRC_L2L6H0F9G1E1F1D7E1M6K2L2J0K1I4,2221358,2026-09-17,2026-09-28T13:02:56+00:00,250331,299,151,151,0,0,299,151,151,0,0,151,0,0,283,16,8,16,8,299,151,0,0,True,True
PRC_X2X6T0T9S1Q1R1P7Q1Y6Y0W4V6W9U7,2221357,2026-09-17,2026-09-28T13:02:57+00:00,250332,299,153,152,1,0,299,153,152,1,0,152,1,0,283,16,8,16,8,299,152,1,0,True,True
PRC_F2E6F0D9D1L1K1K7I1J5I4I0Q0Q0P2,2221356,2026-09-17,2026-09-28T13:02:59+00:00,250333,299,157,156,1,0,299,157,156,1,0,156,1,0,283,16,9,16,7,299,156,1,0,True,True
PRC_B2A6B0Z9Z1Y1Z1G4H2G2E0E1C4D4S4,2221347,2026-09-17,2026-09-28T13:03:01+00:00,250357,299,200,154,45,1,299,200,154,45,1,154,45,1,283,16,12,16,4,299,154,45,1,True,True
PRC_M2M6K0L9T1R1S1Q4Q2P2Q2L5M4K2J1,2221346,2026-09-17,2026-09-28T13:03:02+00:00,250356,299,201,152,48,1,299,201,152,48,1,152,48,1,283,16,12,16,4,299,152,48,1,True,True
PRC_C2J6W0R8C2U7C1T6U3O4U3O1C8Y3H5,2221287,2026-09-17,2026-09-28T13:03:03+00:00,250351,299,206,205,0,1,299,206,205,0,1,205,0,1,283,16,12,16,4,299,205,0,1,True,True
PRC_L2Y6C0Q8S2M7D1F6E3D5Z1J4E6B9K5,2221286,2026-09-17,2026-09-28T13:03:04+00:00,250350,299,202,201,0,1,299,202,201,0,1,201,0,1,283,16,12,16,4,299,201,0,1,True,True
PRC_M2F6X0U8X2M7G1Y6R4B0P3M4M2H4O2,2221285,2026-09-17,2026-09-28T13:03:06+00:00,250367,299,205,204,0,1,299,205,204,0,1,204,0,1,283,16,11,16,5,299,204,0,1,True,True
PRC_C2K6Z0G8K2M7U1Q6W4Y1O2F1N1Y9S3,2221284,2026-09-17,2026-09-28T13:03:06+00:00,250366,299,204,202,1,1,299,204,202,1,1,202,1,1,283,16,11,16,5,299,202,1,1,True,True
PRC_P2V6Z0B8J2U7M1D6K3J9F2V0Z4N3X0,2221283,2026-09-17,2026-09-28T13:03:08+00:00,250365,299,200,196,1,3,299,200,196,1,3,196,1,3,283,16,10,16,6,299,196,1,3,True,True
PRC_C2R6Y0K8C2N7G1Z6I3J2H5Z7Q9G4R2,2221282,2026-09-17,2026-09-28T13:03:09+00:00,250349,299,201,197,0,4,299,201,197,0,4,197,0,4,283,16,12,16,4,299,197,0,4,True,True
PRC_S2J6E0R8S2S7L1F6L3E8W3I2I5M5B5,2221281,2026-09-17,2026-09-28T13:03:10+00:00,250364,299,204,202,1,1,299,204,202,1,1,202,1,1,283,16,11,16,5,299,202,1,1,True,True
PRC_D2S6Y0Z8L2S7X1G6M3C0F5E5X4F3U0,2221280,2026-09-17,2026-09-28T13:03:12+00:00,250348,299,203,198,2,3,299,203,198,2,3,198,2,3,283,16,12,16,4,299,198,2,3,True,True
PRC_W2Y6Z0W8G2L7B1U6W3D1T5U0C6L3P7,2221279,2026-09-17,2026-09-28T13:03:13+00:00,250347,299,198,192,2,4,299,198,192,2,4,192,2,4,283,16,12,16,4,299,192,2,4,True,True
PRC_Z2E6S0X9P0W2A1Z9T1A8J2T0C4A4O9,2221278,2026-09-17,2026-09-28T13:03:14+00:00,250337,299,176,174,0,2,299,176,174,0,2,174,0,2,283,16,10,16,6,299,174,0,2,True,True
PRC_U2B6M0W9G0D2L1X9W2Z4E3N7I6J0X2,2221277,2026-09-17,2026-09-28T13:03:15+00:00,250334,299,193,193,0,0,299,193,193,0,0,193,0,0,283,16,12,16,4,299,193,0,0,True,True
PRC_M2E6W0P9R0H2E1B9C2C6M0Y1T8U0T2,2221275,2026-09-17,2026-09-28T13:03:17+00:00,250336,299,201,195,1,5,299,201,195,1,5,195,1,5,283,16,12,16,4,299,195,1,5,True,True
PRC_L2J6K0I9J0H8P1Q7O5O0N3O8M3U0U7,2221268,2026-09-17,2026-09-28T13:03:17+00:00,250344,299,205,156,49,0,299,205,156,49,0,156,49,0,283,16,12,16,4,299,156,49,0,True,True
PRC_A2A6Z0G9H0F9G1E1F4D8E3M0K7K2J5,2221265,2026-09-17,2026-09-28T13:03:19+00:00,250308,299,239,162,77,0,299,239,162,77,0,162,77,0,283,16,12,16,4,299,162,77,0,True,True
PRC_C2O6M0F9W1O7T1Z6E3H6R3X1W0T6B1,2221245,2026-09-17,2026-09-28T13:03:20+00:00,250394,299,163,151,11,1,299,163,151,11,1,151,11,1,283,16,12,16,4,299,151,11,1,True,True
PRC_V2A6Y0F9S1P7A1G6I3K4Z0B3Z9B9O8,2221244,2026-09-17,2026-09-28T13:03:21+00:00,250393,299,167,150,15,2,299,167,150,15,2,150,15,2,283,16,11,16,5,299,150,15,2,True,True
PRC_P2P6O0O9M0L8L1H9I1G5H4F2E1E9M2,2221243,2026-09-17,2026-09-28T13:03:22+00:00,250340,299,171,148,21,2,299,171,148,21,2,148,21,2,283,16,11,16,5,299,148,21,2,True,True
PRC_R2Q6Q0Y9Z0X9W1W0U0V0D4E8C3C3A0,2221237,2026-09-17,2026-09-28T13:03:23+00:00,250369,299,230,157,72,1,299,230,157,72,1,157,72,1,283,16,12,16,4,299,157,72,1,True,True
PRC_O2O6M0N9L0M8K1S9T1R4S4Q0R1P0P2,2221234,2026-09-17,2026-09-28T13:03:25+00:00,250355,299,203,154,49,0,299,203,154,49,0,154,49,0,283,16,12,16,4,299,154,49,0,True,True
PRC_A2I6I0H9I0G8G1F9N1N3M2M1L4L3J0,2221233,2026-09-17,2026-09-28T13:03:26+00:00,250352,299,202,155,47,0,299,202,155,47,0,155,47,0,283,16,12,16,4,299,155,47,0,True,True
PRC_V2W6U0V9D0D8B1A9B1Z3A0V2W9V2T9,2221232,2026-09-17,2026-09-28T13:03:27+00:00,250354,299,203,154,49,0,299,203,154,49,0,154,49,0,283,16,12,16,4,299,154,49,0,True,True
PRC_U2U6S0U9S0S8O1N8N1L1M1K4L9T5T9,2221230,2026-09-17,2026-09-28T13:03:29+00:00,250373,299,192,155,34,3,299,192,155,34,3,155,34,3,283,16,12,16,4,299,155,34,3,True,True
PRC_M2K6L0J9J0G8E1E8C4D6C0C6K4I6J5,2221228,2026-09-17,2026-09-28T13:03:30+00:00,250374,299,195,154,38,3,299,195,154,38,3,154,38,3,283,16,12,16,4,299,154,38,3,True,True
PRC_U2T6T0B9Z0A8Z1Z9X1F3G5E6F9D9E0,2221226,2026-09-17,2026-09-28T13:03:31+00:00,250353,299,204,157,47,0,299,204,157,47,0,157,47,0,283,16,12,16,4,299,157,47,0,True,True
PRC_A2I6H0H9F0G8E1F8A1B4Z4Y7Y2X4X2,2221225,2026-09-17,2026-09-28T13:03:32+00:00,250376,299,188,152,34,2,299,188,152,34,2,152,34,2,283,16,12,16,4,299,152,34,2,True,True
PRC_J2K6I0H9H0P8P1O8P1N3N1M8U8U7S7,2221224,2026-09-17,2026-09-28T13:03:33+00:00,250375,299,190,153,36,1,299,190,153,36,1,153,36,1,283,16,12,16,4,299,153,36,1,True,True
PRC_C2J6K0I9J0H8I1G7H2P7N4O2M4N9L5,2221216,2026-09-17,2026-09-28T13:03:34+00:00,250320,299,197,145,52,0,299,197,145,52,0,145,52,0,283,16,9,16,7,299,145,52,0,True,True
PRC_A2B6I0H9I0G8G1F6G5N9O2M5L4L8J7,2221215,2026-09-17,2026-09-28T13:03:35+00:00,250310,299,232,161,71,0,299,232,161,71,0,161,71,0,283,16,12,16,4,299,161,71,0,True,True
PRC_G2E6F0D9C0C8K1L7J0K0I0J8H1H7P8,2221214,2026-09-17,2026-09-28T13:03:37+00:00,250316,299,222,157,65,0,299,222,157,65,0,157,65,0,283,16,11,16,5,299,157,65,0,True,True
PRC_D2D6B0C9B0Z8Z1H7I2G7H1F3D6E4A1,2221213,2026-09-17,2026-09-28T13:03:38+00:00,250309,299,232,137,82,13,299,232,137,82,13,137,82,13,283,16,12,16,4,299,137,82,13,True,True
PRC_F2G6E0F9D0E8C1K6L5J8J4I0I9H5H5,2221212,2026-09-17,2026-09-28T13:03:39+00:00,250323,299,200,146,54,0,299,200,146,54,0,146,54,0,283,16,9,16,7,299,146,54,0,True,True
PRC_T2T6S0Q9R0M8N1L7M1K0L1J0R9S9Q5,2221211,2026-09-17,2026-09-28T13:03:41+00:00,250321,299,199,146,52,1,299,199,146,52,1,146,52,1,283,16,9,16,7,299,146,52,1,True,True
PRC_B2A6Y0Y9G0H8F1G7E0F3D3L3L5K9L3,2221210,2026-09-17,2026-09-28T13:03:41+00:00,250311,299,228,160,68,0,299,228,160,68,0,160,68,0,283,16,12,16,4,299,160,68,0,True,True
PRC_I2Q6R0P9Q0O8P1N7N1V3U5U5T4T8P2,2221209,2026-09-17,2026-09-28T13:03:43+00:00,250317,299,218,154,64,0,299,218,154,64,0,154,64,0,283,16,10,16,6,299,154,64,0,True,True
PRC_A2Y6Z0X9Y0W8E1F7D0D4C3C1B6J6J9,2221206,2026-09-17,2026-09-28T13:03:44+00:00,250314,299,227,159,68,0,299,227,159,68,0,159,68,0,283,16,12,16,4,299,159,68,0,True,True
PRC_K2K6I0H9H0P8Q1O7P1N4M2M5U7V4T0,2221203,2026-09-17,2026-09-28T13:03:45+00:00,250312,299,228,158,69,1,299,228,158,69,1,158,69,1,283,16,12,16,4,299,158,69,1,True,True
PRC_L2J6R0R9Q0R8P1P7O1W0W5U0W3U6U8,2221202,2026-09-17,2026-09-28T13:03:46+00:00,250313,299,228,158,70,0,299,228,158,70,0,158,70,0,283,16,12,16,4,299,158,70,0,True,True
PRC_R2P6P0O9P0N8N1W7U1U4S3T0T1R3S0,2221199,2026-09-17,2026-09-28T13:03:48+00:00,250315,299,227,158,69,0,299,227,158,69,0,158,69,0,283,16,12,16,4,299,158,69,0,True,True
PRC_Y2Z6G0H9G0E8E1D6D5T5U0S9R5R5Q4,2221198,2026-09-17,2026-09-28T13:03:49+00:00,250324,299,193,143,50,0,299,193,143,50,0,143,50,0,283,16,8,16,8,299,143,50,0,True,True
PRC_U2S6S0A9Z0Z8X1Y7W1X5T2T3R3Q6R5,2221196,2026-09-17,2026-09-28T13:03:50+00:00,250318,299,220,157,63,0,299,220,157,63,0,157,63,0,283,16,11,16,5,299,157,63,0,True,True
PRC_J2H6H0F9G0C8D1B6B5A4Y3Z3G4H3G6,2221191,2026-09-17,2026-09-28T13:03:51+00:00,250322,299,199,145,54,0,299,199,145,54,0,145,54,0,283,16,9,16,7,299,145,54,0,True,True
PRC_P2W6X0V9U0U8S1T6B5C7A4A9Y5X4Y8,2221189,2026-09-17,2026-09-28T13:03:52+00:00,250325,299,177,147,30,0,299,177,147,30,0,147,30,0,283,16,7,16,9,299,147,30,0,True,True
PRC_O2N6O0J8K2I4J0H9I3G2G5P6N5N6M4,2220727,2026-09-17,2026-09-28T13:03:53+00:00,250326,299,156,150,2,4,299,156,150,2,4,150,2,4,283,16,9,16,7,299,150,2,4,True,True
PRC_L2K6F0G8E2F4D0C8C5K7L3J9K2I6I6,2220724,2026-09-17,2026-09-28T13:03:54+00:00,250319,299,219,156,63,0,299,219,156,63,0,156,63,0,283,16,11,16,5,299,156,63,0,True,True
PRC_X2V6W0E8C1D1C1C0A2I9J4H0I9G2H4,2220544,2026-09-17,2026-09-28T13:03:56+00:00,250358,299,200,153,47,0,299,200,153,47,0,153,47,0,283,16,12,16,4,299,153,47,0,True,True
PRC_S2B6B0Z2A1Y0X2X0M3N9L1L6K6L3J0,2217262,2026-09-17,2026-09-28T13:03:57+00:00,250361,299,200,197,0,3,299,200,197,0,3,197,0,3,283,16,12,16,4,299,197,0,3,True,True
PRC_V2U6U0S2T1S0S2A0B4Z0X0Y1W5X8T6,2217259,2026-09-17,2026-09-28T13:03:59+00:00,250362,299,204,200,0,4,299,204,200,0,4,200,0,4,283,16,12,16,4,299,200,0,4,True,True
PRC_M2M6L0L2J1K0S2T0R3R8Q2Q7P9K0L2,2217256,2026-09-17,2026-09-28T13:04:05+00:00,250360,299,200,196,0,4,299,200,196,0,4,196,0,4,283,16,12,16,4,299,196,0,4,True,True
ARC_P2Q5C1V1D2V7W1K0C3K3N5I7T2R0J1,2214625,2026-09-17,2026-09-28T13:04:08+00:00,250368,299,209,209,0,0,299,209,209,0,0,209,0,0,283,16,12,16,4,299,209,0,0,True,True
PRC_F2G5E1F1D0E5A1Y4Z3X8X2W8W4E6F4,2214558,2026-09-17,2026-09-28T13:04:09+00:00,250363,299,197,196,0,1,299,197,196,0,1,196,0,1,283,16,10,16,6,299,196,0,1,True,True
PRC_E2M5N1L1M1K1I1J4Q3R6Q1Q6O8P6N8,2214497,2026-09-17,2026-09-28T13:04:10+00:00,250359,299,200,199,0,1,299,200,199,0,1,199,0,1,283,16,12,16,4,299,199,0,1,True,True
PRC_D2C5B0J9H1I1H1F1N4M4L0L3O6N7U5,2213323,2026-09-17,2026-09-28T13:04:11+00:00,250335,299,200,197,1,2,299,200,197,1,2,197,1,2,283,16,12,16,4,299,197,1,2,True,True
PRC_Z2L6E0Q8A2T7V1W6Z3X7N3B3Z5M7D7,2220987,2026-09-03,2026-09-28T13:04:12+00:00,250259,299,231,220,5,6,299,231,220,5,6,220,5,6,283,16,13,16,3,299,220,5,6,True,True
PRC_K2I6A0O5Q2X0M1F1P0N3Q5S4M7K0H9,2220847,2026-09-03,2026-09-28T13:04:13+00:00,250272,299,267,267,0,0,299,267,267,0,0,267,0,0,283,16,16,16,0,299,267,0,0,True,True
PRC_C2I6S0W5A2F0N1J1R0O3Z1T0M6I4I8,2220846,2026-09-03,2026-09-28T13:04:14+00:00,250273,299,262,251,1,10,299,262,251,1,10,251,1,10,283,16,14,16,2,299,251,1,10,True,True
PRC_K2X6F0C5P2X0X1O1F0I4I4X3D6X8K0,2220845,2026-09-03,2026-09-28T13:04:15+00:00,250271,299,270,268,0,2,299,270,268,0,2,268,0,2,283,16,16,16,0,299,268,0,2,True,True
PRC_V2C6D0M3B1F1R1S6P0A2F3S5T3R1M1,2220844,2026-09-03,2026-09-28T13:04:17+00:00,250270,299,272,268,1,3,299,272,268,1,3,268,1,3,283,16,16,16,0,299,268,1,3,True,True
PRC_E2Q6E0S5G2L0Z1N1R0A6I3R6H5K7H5,2220843,2026-09-03,2026-09-28T13:04:18+00:00,250269,299,270,270,0,0,299,270,270,0,0,270,0,0,283,16,15,16,1,299,270,0,0,True,True
PRC_K2Z6F0A5S1K1M1A7M4B9K2X4M4P0U5,2220284,2026-09-03,2026-09-28T13:04:19+00:00,250260,299,257,257,0,0,299,257,257,0,0,257,0,0,283,16,14,16,2,299,257,0,0,True,True
PRC_L2K6K0G2E0F5D1E1C2D1L2L7J9K4I3,2217698,2026-09-03,2026-09-28T13:04:20+00:00,250263,299,268,268,0,0,299,268,268,0,0,268,0,0,283,16,16,16,0,299,268,0,0,True,True
PRC_L2L6J0K2I2E6F1D0E1C4C1B4C4J0K2,2217540,2026-09-03,2026-09-28T13:04:21+00:00,250275,299,252,195,17,40,299,252,195,17,40,195,17,40,283,16,15,16,1,299,195,17,40,True,True
PRC_S2Q6R0P1X2Y6W1W8V0W7U1U9C2D7B0,2217166,2026-09-03,2026-09-28T13:04:22+00:00,250268,299,267,265,1,1,299,267,265,1,1,265,1,1,283,16,16,16,0,299,265,1,1,True,True
PRC_N2S6G0D2Y1Q2G0W8T0Q3B2B9Z2U8Q8,2216960,2026-09-03,2026-09-28T13:04:24+00:00,250274,299,270,268,0,2,299,270,268,0,2,268,0,2,283,16,15,16,1,299,268,0,2,True,True
PRC_H2I6H0F1F3E0E1T7U1S2T1R3S1Q2Q5,2216686,2026-09-03,2026-09-28T13:04:24+00:00,250267,299,270,268,0,2,299,270,268,0,2,268,0,2,283,16,16,16,0,299,268,0,2,True,True
PRC_E2C5D1B2B3J0K1I6H1H9G1G1C0D3B5,2216156,2026-09-03,2026-09-28T13:04:26+00:00,250266,299,265,248,13,4,299,265,248,13,4,248,13,4,283,16,16,16,0,299,248,13,4,True,True
PRC_V2W5U1U2C1D9B1C8A2B9Z1V6V4U0V4,2216091,2026-09-03,2026-09-28T13:04:27+00:00,250264,299,265,265,0,0,299,265,265,0,0,265,0,0,283,16,16,16,0,299,265,0,0,True,True
PRC_L2J6J0I1I1A3A0I9J4I4I1G6H7G1N5,2216035,2026-09-03,2026-09-28T13:04:28+00:00,250262,299,270,269,0,1,299,270,269,0,1,269,0,1,283,16,16,16,0,299,269,0,1,True,True
PRC_C2K5L1J2J1I5J1H6H4P1Q5O5N8N4L1,2215502,2026-09-03,2026-09-28T13:04:30+00:00,250265,299,270,268,0,2,299,270,268,0,2,268,0,2,283,16,16,16,0,299,268,0,2,True,True
PRC_U2U5T0T9S3Q0Q1G0H5F6G3E4D0D9L1,2214095,2026-09-03,2026-09-28T13:04:31+00:00,250261,299,271,271,0,0,299,271,271,0,0,271,0,0,283,16,16,16,0,299,271,0,0,True,True
PRC_Q2R6S0E8Z1U2I0V7J4P0E1A4P0N7C9,2220802,2026-08-26,2026-09-28T13:04:32+00:00,249896,299,207,198,0,9,299,207,198,0,9,198,0,9,284,15,11,15,4,299,198,0,9,True,True
PRC_U2P6W0L8K1A2D0P7V3I8C2K6Y7M1O9,2220801,2026-08-26,2026-09-28T13:04:33+00:00,249890,299,204,174,15,15,299,204,174,15,15,174,15,15,284,15,11,15,4,299,174,15,15,True,True
PRC_B2D6O0E5M1U1T1A7W5E5C5V2V6G0G4,2220283,2026-08-26,2026-09-28T13:04:34+00:00,249875,299,215,213,0,2,299,215,213,0,2,213,0,2,284,15,12,15,3,299,213,0,2,True,True
PRC_K2R6Z0M5C1M1F1H7S5Q6Z4P5F1U9F2,2220276,2026-08-26,2026-09-28T13:04:36+00:00,249882,299,215,215,0,0,299,215,215,0,0,215,0,0,284,15,13,15,2,299,215,0,0,True,True
PRC_I2O6T0Y5U1U1L1W7H5S5J0Z8L8E8S1,2220275,2026-08-26,2026-09-28T13:04:37+00:00,249874,299,214,213,0,1,299,214,213,0,1,213,0,1,284,15,12,15,3,299,213,0,1,True,True
PRC_N2N6Z0H5O1H1Q1Q7G5Q4L2E7Z8V4B6,2220274,2026-08-26,2026-09-28T13:04:38+00:00,249873,299,210,210,0,0,299,210,210,0,0,210,0,0,284,15,12,15,3,299,210,0,0,True,True
PRC_I2C6Y0S5D1F1B1R7V5T3W0Y1A2K6J8,2220273,2026-08-26,2026-09-28T13:04:39+00:00,249870,299,225,225,0,0,299,225,225,0,0,225,0,0,284,15,13,15,2,299,225,0,0,True,True
PRC_Q2N6D0O5Z1W1Y1K7S4Y8L1C4N8G8E4,2220272,2026-08-26,2026-09-28T13:04:41+00:00,249866,299,224,224,0,0,299,224,224,0,0,224,0,0,284,15,13,15,2,299,224,0,0,True,True
PRC_U2V6R0C5L1F1C1P7J4W6G5Y1I2X9R2,2220271,2026-08-26,2026-09-28T13:04:42+00:00,249864,299,218,215,0,3,299,218,215,0,3,215,0,3,284,15,13,15,2,299,215,0,3,True,True
PRC_H2N6V0L5W1L1G1X7P4T5U5C2Q8F6M1,2220270,2026-08-26,2026-09-28T13:04:43+00:00,249862,299,213,213,0,0,299,213,213,0,0,213,0,0,284,15,13,15,2,299,213,0,0,True,True
PRC_L2Y6R0R4H2O9M1E8H2H4J3L5J9J5H0,2220269,2026-08-26,2026-09-28T13:04:44+00:00,249886,299,214,205,0,9,299,214,205,0,9,205,0,9,284,15,13,15,2,299,205,0,9,True,True
PRC_N2A6J0R4M2M9C1I8I1A8B3X8X9A7E5,2220268,2026-08-26,2026-09-28T13:04:45+00:00,249885,299,219,218,0,1,299,219,218,0,1,218,0,1,284,15,13,15,2,299,218,0,1,True,True
PRC_N2H6C0Q5S1G2O1P6Q2F2O0E3S4G7W1,2220267,2026-08-26,2026-09-28T13:04:46+00:00,249863,299,215,180,10,25,299,215,180,10,25,180,10,25,284,15,12,15,3,299,180,10,25,True,True
PRC_U2W6H0M4B2M9F1I8R1A9J1J1X9H4F4,2220260,2026-08-26,2026-09-28T13:04:47+00:00,249884,299,211,208,0,3,299,211,208,0,3,208,0,3,284,15,12,15,3,299,208,0,3,True,True
PRC_J2K6I0J7H2I8P1O1P2N9N2M5N4I0J2,2220237,2026-08-26,2026-09-28T13:04:49+00:00,249858,299,228,210,5,13,299,228,210,5,13,210,5,13,284,15,13,15,2,299,210,5,13,True,True
PRC_L2U6S0S7Q2R8Q1Q1Y2Y8X1V4W2U5U4,2220236,2026-08-26,2026-09-28T13:04:52+00:00,249857,299,228,213,3,12,299,228,213,3,12,213,3,12,284,15,13,15,2,299,213,3,12,True,True
PRC_Y2W6X0F4D1E3C1D7B4J2K5I2J4H0H8,2218420,2026-08-26,2026-09-28T13:04:53+00:00,249860,299,224,205,2,17,299,224,205,2,17,205,2,17,284,15,13,15,2,299,205,2,17,True,True
PRC_S2Q6R0P1Q1Y2Y0W9X4W2U1V7C3D7B6,2216106,2026-08-26,2026-09-28T13:04:54+00:00,249867,299,222,222,0,0,299,222,222,0,0,222,0,0,284,15,13,15,2,299,222,0,0,True,True
PRC_H2F5G1E2F1N8N1M4M5K9J4K5R6S8Q1,2215469,2026-08-26,2026-09-28T13:04:55+00:00,249889,299,215,204,2,9,299,215,204,2,9,204,2,9,284,15,13,15,2,299,204,2,9,True,True
PRC_T2U5S1A2B1Z5A1Y6Z2X2Y5T8U8S1R1,2215445,2026-08-26,2026-09-28T13:04:56+00:00,249888,299,218,215,0,3,299,218,215,0,3,215,0,3,284,15,13,15,2,299,215,0,3,True,True
PRC_U2S5S0A8Z0W5E1D5C0B3X3W9T2B3B9,2214536,2026-08-26,2026-09-28T13:04:58+00:00,249879,299,214,214,0,0,299,214,214,0,0,214,0,0,284,15,12,15,3,299,214,0,0,True,True
PRC_B2C5A1A0Z1A0Y1Z0G2H2F2G6E9C4D1,2213549,2026-08-26,2026-09-28T13:04:59+00:00,249883,299,212,205,1,6,299,212,205,1,6,205,1,6,284,15,12,15,3,299,205,1,6,True,True
PRC_W2S5K0R9Q1T6J1N3R3W9J1D8M2X4J5,2213011,2026-08-26,2026-09-28T13:05:00+00:00,249861,299,227,152,74,1,299,227,152,74,1,152,74,1,284,15,13,15,2,299,152,74,1,True,True
PRC_R2R5P0Q8P2W9T1U6B1C3B3Z5Z4Y9Y2,2212770,2026-08-26,2026-09-28T13:05:01+00:00,249881,299,218,216,0,2,299,218,216,0,2,216,0,2,284,15,13,15,2,299,216,0,2,True,True
PRC_Y2F5G0E4D2D4B1C5K1L3J4J0I3G8H1,2211340,2026-08-26,2026-09-28T13:05:02+00:00,249887,299,215,213,0,2,299,215,213,0,2,213,0,2,284,15,13,15,2,299,213,0,2,True,True
PRC_D2D5C0D4K2L3K1I6I0G0H0P6Q6O2M0,2210272,2026-08-26,2026-09-28T13:05:03+00:00,249872,299,213,212,0,1,299,213,212,0,1,212,0,1,284,15,12,15,3,299,212,0,1,True,True
PRC_V2W5U0U4T1R8S1Z1A1Z0Z2X2W1W2E0,2210004,2026-08-26,2026-09-28T13:05:04+00:00,249876,299,215,215,0,0,299,215,215,0,0,215,0,0,284,15,12,15,3,299,215,0,0,True,True
PRC_W2U5V0D4B0C4A1B0Z1A5I3I3G2H8F1,2209800,2026-08-26,2026-09-28T13:05:06+00:00,249880,299,215,215,0,0,299,215,215,0,0,215,0,0,284,15,13,15,2,299,215,0,0,True,True
PRC_M2N4L1L2K0S5Q1R3P5Q2O5P9K8J5J5,2206742,2026-08-26,2026-09-28T13:05:07+00:00,249865,299,220,217,0,3,299,220,217,0,3,217,0,3,284,15,13,15,2,299,217,0,3,True,True
PRC_C2E4C1C2A1Z1A1V0W4U6V4T3U1S7A7,2206599,2026-08-26,2026-09-28T13:05:08+00:00,249877,299,218,218,0,0,299,218,218,0,0,218,0,0,284,15,12,15,3,299,218,0,0,True,True
PRC_V2W4U1U1T2R7S1A5A5Y4Z5X0Y9X8E2,2206342,2026-08-26,2026-09-28T13:05:09+00:00,249869,299,223,223,0,0,299,223,223,0,0,223,0,0,284,15,12,15,3,299,223,0,0,True,True
PRC_K2I4I1H1I2G6O1O5N5N2M3M8K2T8T1,2206140,2026-08-26,2026-09-28T13:05:12+00:00,249878,299,222,221,0,1,299,222,221,0,1,221,0,1,284,15,12,15,3,299,221,0,1,True,True
PRC_T2S4T0A7B0Z3Y1Y0X0X0T4T6S3Q4R4,2202433,2026-08-26,2026-09-28T13:05:14+00:00,249871,299,225,225,0,0,299,225,225,0,0,225,0,0,284,15,13,15,2,299,225,0,0,True,True
ARC_J2F4J0M7X2Z3R1G4H1B0L2C1H8Q8P8,2202145,2026-08-26,2026-09-28T13:05:15+00:00,249859,299,228,216,2,10,299,228,216,2,10,216,2,10,284,15,13,15,2,299,216,2,10,True,True
PRC_X2X6Z0Z4O2P8N2L0U2E2Q0U4J0A4V6,2220282,2026-08-20,2026-09-28T13:05:16+00:00,249824,299,187,172,4,11,299,187,172,4,11,172,4,11,284,15,12,15,3,299,172,4,11,True,True
PRC_V2E6C0R4E2I8C1C8Y1M7J5P3G9G0W9,2220280,2026-08-20,2026-09-28T13:05:17+00:00,249834,299,188,188,0,0,299,188,188,0,0,188,0,0,284,15,11,15,4,299,188,0,0,True,True
PRC_Y2V6E0B4T2E8K1V7I3W2G1I6W5I8C7,2220279,2026-08-20,2026-09-28T13:05:18+00:00,249826,299,189,186,0,3,299,189,186,0,3,186,0,3,284,15,12,15,3,299,186,0,3,True,True
PRC_V2M6Z0O4Q2Y8V1I8P1R9G1Y5H1E7Z0,2220278,2026-08-20,2026-09-28T13:05:20+00:00,249829,299,186,184,0,2,299,186,184,0,2,184,0,2,284,15,11,15,4,299,184,0,2,True,True
PRC_E2Y6P0Z4D2I8D1E7O2O6Z0G4L2U3I7,2220277,2026-08-20,2026-09-28T13:05:21+00:00,249827,299,191,165,13,13,299,191,165,13,13,165,13,13,284,15,12,15,3,299,165,13,13,True,True
PRC_F2S6G0G5S1D3I1F7U5R6F3M3T7R1M0,2220266,2026-08-20,2026-09-28T13:05:22+00:00,249839,299,175,162,5,8,299,175,162,5,8,162,5,8,284,15,11,15,4,299,162,5,8,True,True
PRC_Q2B6O0L5P1D3A1N7V2E7W5N7F7B9K7,2220265,2026-08-20,2026-09-28T13:05:23+00:00,249840,299,180,164,7,9,299,180,164,7,9,164,7,9,284,15,12,15,3,299,164,7,9,True,True
PRC_D2G6M0T5R1Y3O1V7M5V8E4I9Y7Y4K5,2220264,2026-08-20,2026-09-28T13:05:25+00:00,249838,299,173,164,3,6,299,173,164,3,6,164,3,6,284,15,11,15,4,299,164,3,6,True,True
PRC_K2H6R0A5H1M8W0J9V5Z0J3Z4M0Q7N8,2220263,2026-08-20,2026-09-28T13:05:26+00:00,249837,299,172,162,7,3,299,172,162,7,3,162,7,3,284,15,11,15,4,299,162,7,3,True,True
PRC_H2L6I0K5H1D3Z1Y7Q5J2N1J5T9V7Z7,2220262,2026-08-20,2026-09-28T13:05:27+00:00,249836,299,186,174,5,7,299,186,174,5,7,174,5,7,284,15,11,15,4,299,174,5,7,True,True
PRC_V2F6Q0J5P1G3B1I7P2G5S1T6X8L3K5,2220261,2026-08-20,2026-09-28T13:05:28+00:00,249835,299,187,173,5,9,299,187,173,5,9,173,5,9,284,15,11,15,4,299,173,5,9,True,True
PRC_G2L6B0Q7M2B8D1S7N0Y7T1Y2B9L7C7,2220259,2026-08-20,2026-09-28T13:05:29+00:00,249782,299,234,152,82,0,299,234,152,82,0,152,82,0,284,15,14,15,1,299,152,82,0,True,True
PRC_H2W6L0O5F1K9W1D8Y1J4N4F0C1O2Y7,2220256,2026-08-20,2026-09-28T13:05:31+00:00,249820,299,201,198,0,3,299,201,198,0,3,198,0,3,284,15,13,15,2,299,198,0,3,True,True
PRC_L2V6J0C5Y1E9X1A8K1R6R1D6F8M8V7,2220255,2026-08-20,2026-09-28T13:05:32+00:00,249819,299,203,203,0,0,299,203,203,0,0,203,0,0,284,15,13,15,2,299,203,0,0,True,True
PRC_F2N6X0C5F1E9F1S5W1B9K3B3P8H5C8,2220254,2026-08-20,2026-09-28T13:05:33+00:00,249818,299,205,205,0,0,299,205,205,0,0,205,0,0,284,15,13,15,2,299,205,0,0,True,True
PRC_F2S6P0T5O1Y9C1R5Y3D1S0K6I5X2Z5,2220253,2026-08-20,2026-09-28T13:05:34+00:00,249817,299,205,204,0,1,299,205,204,0,1,204,0,1,284,15,13,15,2,299,204,0,1,True,True
PRC_Q2H6N0C5H1Q3F1V7C5H6S0L3N0B5I9,2220252,2026-08-20,2026-09-28T13:05:36+00:00,249793,299,235,235,0,0,299,235,235,0,0,235,0,0,284,15,14,15,1,299,235,0,0,True,True
PRC_B2V6Z0J5V1C3M1O7N5P7Z3R9W8T0A1,2220251,2026-08-20,2026-09-28T13:05:37+00:00,249792,299,232,232,0,0,299,232,232,0,0,232,0,0,284,15,14,15,1,299,232,0,0,True,True
PRC_I2U6G0B5F1E3G1M8G0F0H1E3U3N8C2,2220250,2026-08-20,2026-09-28T13:05:38+00:00,249796,299,227,226,0,1,299,227,226,0,1,226,0,1,284,15,12,15,3,299,226,0,1,True,True
PRC_K2E6W0T5Y1G3Y1H8S0I0L4H8I8E8W3,2220249,2026-08-20,2026-09-28T13:05:39+00:00,249795,299,234,228,0,6,299,234,228,0,6,228,0,6,284,15,14,15,1,299,228,0,6,True,True
PRC_N2F6O0U5V1A3B1E7R5V9C0C2G3Y2L0,2220248,2026-08-20,2026-09-28T13:05:40+00:00,249794,299,234,233,0,1,299,234,233,0,1,233,0,1,284,15,14,15,1,299,233,0,1,True,True
PRC_V2X6R0E5I1T3Z1P7I5O7R0R2Q2R5T1,2220247,2026-08-20,2026-09-28T13:05:42+00:00,249791,299,234,234,0,0,299,234,234,0,0,234,0,0,284,15,14,15,1,299,234,0,0,True,True
PRC_V2Z6M0D5U1C4Y0K9G4W4B0I1J6T4D9,2220246,2026-08-20,2026-09-28T13:05:43+00:00,249797,299,233,217,9,7,299,233,217,9,7,217,9,7,284,15,14,15,1,299,217,9,7,True,True
PRC_U2N6D0P5W0B6D1Y3D3X2M0I7K8C5H5,2220245,2026-08-20,2026-09-28T13:05:44+00:00,249804,299,207,206,0,1,299,207,206,0,1,206,0,1,284,15,15,15,0,299,206,0,1,True,True
PRC_U2I6R0O5H0W6E1E3W3F1D1C5R7C9G4,2220244,2026-08-20,2026-09-28T13:05:45+00:00,249803,299,208,207,0,1,299,208,207,0,1,207,0,1,284,15,14,15,1,299,207,0,1,True,True
PRC_G2C6R0R5Q0J6O1W4U5H2T3E9F6Q6B9,2220243,2026-08-20,2026-09-28T13:05:46+00:00,249805,299,205,201,0,4,299,205,201,0,4,201,0,4,284,15,14,15,1,299,201,0,4,True,True
PRC_G2G6R0O5Q0C6T1P3N3V0A2H9T2F6F7,2220242,2026-08-20,2026-09-28T13:05:48+00:00,249802,299,211,209,0,2,299,211,209,0,2,209,0,2,284,15,14,15,1,299,209,0,2,True,True
PRC_K2W6X0A5R0U6L1A3B2R7J1J6G6B7R8,2220241,2026-08-20,2026-09-28T13:05:49+00:00,249799,299,212,209,0,3,299,212,209,0,3,209,0,3,284,15,14,15,1,299,209,0,3,True,True
PRC_M2U6F0R5R0T6P1O3L2E9C3Y3U4P9L3,2220240,2026-08-20,2026-09-28T13:05:50+00:00,249801,299,214,212,0,2,299,214,212,0,2,212,0,2,284,15,14,15,1,299,212,0,2,True,True
PRC_B2B6K0K5T0X6A1G3J2R8G3O6F8O9D3,2220239,2026-08-20,2026-09-28T13:05:51+00:00,249800,299,209,206,0,3,299,209,206,0,3,206,0,3,284,15,14,15,1,299,206,0,3,True,True
PRC_O2J6X0X4V3C0Z1R2S5X9C5F3D2L4O8,2218868,2026-08-20,2026-09-28T13:05:53+00:00,249850,299,171,164,3,4,299,171,164,3,4,164,3,4,284,15,10,15,5,299,164,3,4,True,True
PRC_A2R6U0Y4H1O5I1J3W5W4J4V5N3M8L4,2218867,2026-08-20,2026-09-28T13:05:54+00:00,249842,299,186,184,0,2,299,186,184,0,2,184,0,2,284,15,12,15,3,299,184,0,2,True,True
PRC_T2I6I0Z4O3M0Q1S5X5U2N3J6U5X2I7,2218865,2026-08-20,2026-09-28T13:05:55+00:00,249849,299,171,118,53,0,299,171,118,53,0,118,53,0,284,15,10,15,5,299,118,53,0,True,True
PRC_F2S6U0F4V3M0W1N2P5L8P4G4K3C6W1,2218862,2026-08-20,2026-09-28T13:05:56+00:00,249848,299,176,151,18,7,299,176,151,18,7,151,18,7,284,15,12,15,3,299,151,18,7,True,True
PRC_I2V6Y0I4K3A0G1Y5G5Y6C1O7R6Y1U4,2218861,2026-08-20,2026-09-28T13:05:57+00:00,249847,299,181,180,0,1,299,181,180,0,1,180,0,1,284,15,12,15,3,299,180,0,1,True,True
PRC_S2X6X0C8K2F0I1U4R0J7K4X0L8J1M6,2218858,2026-08-20,2026-09-28T13:05:58+00:00,249854,299,177,167,5,5,299,177,167,5,5,167,5,5,284,15,12,15,3,299,167,5,5,True,True
PRC_P2Q6W0D4C3V0P1S2P5Y6H0Y9Z2G0L4,2218857,2026-08-20,2026-09-28T13:06:00+00:00,249845,299,180,179,1,0,299,180,179,1,0,179,1,0,284,15,12,15,3,299,179,1,0,True,True
PRC_D2A6R0A3H2L5P2C2J4N3X1H3C5A4R1,2218552,2026-08-20,2026-09-28T13:06:01+00:00,249809,299,181,144,25,12,299,181,144,25,12,144,25,12,284,15,11,15,4,299,144,25,12,True,True
PRC_C2X6E0Q4T2N1Q2N0F5C6X4I1S4G0G1,2218536,2026-08-20,2026-09-28T13:06:02+00:00,249784,299,232,216,1,15,299,232,216,1,15,216,1,15,284,15,14,15,1,299,216,1,15,True,True
PRC_G2P6O0N4X0D2X0U7K4K5I1T6S1X0L3,2218517,2026-08-20,2026-09-28T13:06:03+00:00,249790,299,232,232,0,0,299,232,232,0,0,232,0,0,284,15,14,15,1,299,232,0,0,True,True
PRC_M2A6V0Z4T0Q2G0S7K4K5T5E6C2E1X8,2218516,2026-08-20,2026-09-28T13:06:04+00:00,249789,299,231,231,0,0,299,231,231,0,0,231,0,0,284,15,14,15,1,299,231,0,0,True,True
PRC_O2W6T0P4E0B2I0P7I4D6P2B5A2R2M8,2218513,2026-08-20,2026-09-28T13:06:06+00:00,249788,299,228,227,0,1,299,228,227,0,1,227,0,1,284,15,14,15,1,299,227,0,1,True,True
PRC_V2C6I0F4Y0K2N0Z7G4B1Y4Y8C7S1C6,2218512,2026-08-20,2026-09-28T13:06:07+00:00,249787,299,228,227,0,1,299,228,227,0,1,227,0,1,284,15,14,15,1,299,227,0,1,True,True
PRC_K2X6P0O4G0R2C0C7W4O4D4P2I3O3Z9,2218511,2026-08-20,2026-09-28T13:06:08+00:00,249786,299,227,220,0,7,299,227,220,0,7,220,0,7,284,15,13,15,2,299,220,0,7,True,True
PRC_F2C6S0V4D0D2T0A7U4P3P4T4I9P2C3,2218510,2026-08-20,2026-09-28T13:06:09+00:00,249785,299,231,229,0,2,299,231,229,0,2,229,0,2,284,15,13,15,2,299,229,0,2,True,True
PRC_C2B6I0X3Z2P3S1L8Q2Q2U2C5U1U0N7,2217883,2026-08-20,2026-09-28T13:06:10+00:00,249798,299,215,139,60,16,299,215,139,60,16,139,60,16,284,15,14,15,1,299,139,60,16,True,True
PRC_Y2Y6G0H2F2D3E1C1D3K6M5K7K8I5J4,2217013,2026-08-20,2026-09-28T13:06:12+00:00,249815,299,197,196,0,1,299,197,196,0,1,196,0,1,284,15,12,15,3,299,196,0,1,True,True
PRC_X2Y6F0E1F2D1D0B9C3K3L5J8J5I4G1,2216700,2026-08-20,2026-09-28T13:06:13+00:00,249841,299,185,178,0,7,299,185,178,0,7,178,0,7,284,15,12,15,3,299,178,0,7,True,True
PRC_Z2A6Y0Y1X2X1W1E1E4C1D5C5C1A5B4,2216343,2026-08-20,2026-09-28T13:06:14+00:00,249814,299,198,198,0,0,299,198,198,0,0,198,0,0,284,15,13,15,2,299,198,0,0,True,True
PRC_A2Y6Z0X1Y2W0W1E3D5D4C5C0A4B6J5,2216194,2026-08-20,2026-09-28T13:06:15+00:00,249844,299,181,161,14,6,299,181,161,14,6,161,14,6,284,15,12,15,3,299,161,14,6,True,True
PRC_D2B5C1A2B2J3J1H4I5H0F1F8N4O6M5,2215614,2026-08-20,2026-09-28T13:06:17+00:00,249851,299,171,155,5,11,299,171,155,5,11,155,5,11,284,15,10,15,5,299,155,5,11,True,True
PRC_V2W5U1V2C1D1B1C4A3B1Z3H3I0G5H4,2215378,2026-08-20,2026-09-28T13:06:17+00:00,249833,299,184,177,0,7,299,184,177,0,7,177,0,7,284,15,11,15,4,299,177,0,7,True,True
PRC_O2P5N1V2W1U0U1T6U3S2S4O8N0N5L3,2215311,2026-08-20,2026-09-28T13:06:19+00:00,249830,299,185,184,1,0,299,185,184,1,0,184,1,0,284,15,12,15,3,299,184,1,0,True,True
PRC_N2V5W1U1U0T4R1S0Z5A1Z2Z2Y0W0W6,2215301,2026-08-20,2026-09-28T13:06:20+00:00,249831,299,184,182,0,2,299,184,182,0,2,182,0,2,284,15,11,15,4,299,182,0,2,True,True
PRC_S2R5S1Q1Q0Y6Z1X0Y2W8X4V6R3R1Q1,2215246,2026-08-20,2026-09-28T13:06:21+00:00,249816,299,201,200,0,1,299,201,200,0,1,200,0,1,284,15,13,15,2,299,200,0,1,True,True
PRC_O2P5X0X8W2W9V0V8U5B3C5B4B2Z7A8,2214815,2026-08-20,2026-09-28T13:06:23+00:00,249832,299,188,187,0,1,299,188,187,0,1,187,0,1,284,15,11,15,4,299,187,0,1,True,True
PRC_K2C5W1K1T1C8P1B1I1X2M2I9K8X6G6,2214611,2026-08-20,2026-09-28T13:06:24+00:00,249822,299,187,181,0,6,299,187,181,0,6,181,0,6,284,15,12,15,3,299,181,0,6,True,True
PRC_E2B5G1Z1F1V9G1I0T5W2V0N6E0O3S8,2214609,2026-08-20,2026-09-28T13:06:26+00:00,249821,299,178,95,34,49,299,178,95,34,49,95,34,49,284,15,11,15,4,299,95,34,49,True,True
PRC_H2C5D1C0C1A3B2Z1H0I7G4H4F8G4E5,2214525,2026-08-20,2026-09-28T13:06:28+00:00,249825,299,186,182,0,4,299,186,182,0,4,182,0,4,284,15,12,15,3,299,182,0,4,True,True
PRC_I2O5N0M9L0H4G1F7E2K4J3I1R0Q4N5,2212717,2026-08-20,2026-09-28T13:06:30+00:00,249843,299,181,125,54,2,299,181,125,54,2,125,54,2,284,15,12,15,3,299,125,54,2,True,True
PRC_X2E5F0D7E1C8D1B1C5J0I5J8H7H7G4,2211908,2026-08-20,2026-09-28T13:06:31+00:00,249828,299,182,182,0,0,299,182,182,0,0,182,0,0,284,15,11,15,4,299,182,0,0,True,True
PRC_W2U5V0T6T1P9O1O4M1N8M2M3U1U7T6,2211608,2026-08-20,2026-09-28T13:06:34+00:00,249806,299,212,208,0,4,299,212,208,0,4,208,0,4,284,15,15,15,0,299,208,0,4,True,True
PRC_C2D5B0B6A2Y6Z1H4H2F9G4F2D1E3L1,2211258,2026-08-20,2026-09-28T13:06:36+00:00,249823,299,182,174,2,6,299,182,174,2,6,174,2,6,284,15,10,15,5,299,174,2,6,True,True
PRC_T2R5R0H3F1F0D1F1D2D4L5M7K9I5J4,2211070,2026-08-20,2026-09-28T13:06:37+00:00,249807,299,214,213,0,1,299,214,213,0,1,213,0,1,284,15,15,15,0,299,213,0,1,True,True
PRC_O2M4N1L1K2L7S1T3R5Q1Q5O5P1X1Y5,2205984,2026-08-20,2026-09-28T13:06:38+00:00,249808,299,185,165,8,12,299,185,165,8,12,165,8,12,284,15,12,15,3,299,165,8,12,True,True
PRC_T2S4T0A9B2Z3Y1Y5W1X2T3U5S4S8R5,2205629,2026-08-20,2026-09-28T13:06:40+00:00,249811,299,197,197,0,0,299,197,197,0,0,197,0,0,284,15,12,15,3,299,197,0,0,True,True
PRC_Z2Z4X0W9W2V3W1D5E1C3B1B9Z0A7I4,2205628,2026-08-20,2026-09-28T13:06:41+00:00,249812,299,198,197,0,1,299,198,197,0,1,197,0,1,284,15,13,15,2,299,197,0,1,True,True
PRC_N2L4M0H9G2H3F1F5E1E4M0N0L1K4K6,2205627,2026-08-20,2026-09-28T13:06:42+00:00,249813,299,196,196,0,0,299,196,196,0,0,196,0,0,284,15,13,15,2,299,196,0,0,True,True
PRC_T2T4S0S9Q1R1Z1Z6Y0W5X4V2V1L6L4,2204144,2026-08-20,2026-09-28T13:06:43+00:00,249810,299,199,199,0,0,299,199,199,0,0,199,0,0,284,15,13,15,2,299,199,0,0,True,True
PRC_A2Y4Z0X8Y0G7E1F1D0D5B0D9K2L4J5,2203490,2026-08-20,2026-09-28T13:06:44+00:00,249783,299,222,201,6,15,299,222,201,6,15,201,6,15,284,15,13,15,2,299,201,6,15,True,True
PRC_N2W6S0L7W2J9D1I8A1B1I5I1G6H8F5,2220257,2026-07-31,2026-09-28T13:06:46+00:00,249444,299,178,175,2,1,299,178,175,2,1,175,2,1,284,15,9,15,6,299,175,2,1,True,True
PRC_E2H6U0E7R3Y0C1C4R4P6N1N6O0O4B1,2220309,2026-07-30,2026-09-28T13:06:47+00:00,249449,299,228,226,2,0,299,228,226,2,0,226,2,0,284,15,11,15,4,299,226,2,0,True,True
PRC_U2Y6S0D7E3X0F1V4G3W1D0R2R2W1V5,2220308,2026-07-30,2026-09-28T13:06:49+00:00,249446,299,225,225,0,0,299,225,225,0,0,225,0,0,284,15,10,15,5,299,225,0,0,True,True
PRC_G2L6O0B7A2B8D1S7O0I3R3X8O8I9R7,2220306,2026-07-30,2026-09-28T13:06:50+00:00,249440,299,229,142,87,0,299,229,142,87,0,142,87,0,284,15,11,15,4,299,142,87,0,True,True
PRC_W2J6X0K7H2P4Y1C9V4V5N5M1P0E2H3,2220258,2026-07-30,2026-09-28T13:06:51+00:00,249441,299,223,218,0,5,299,223,218,0,5,218,0,5,284,15,11,15,4,299,218,0,5,True,True
PRC_S2O6P0O4W3B0O1I5F4G4M5Q3T5R9D5,2218864,2026-07-23,2026-09-28T13:06:52+00:00,249409,299,187,181,0,6,299,187,181,0,6,181,0,6,284,15,10,15,5,299,181,0,6,True,True
PRC_I2T6G0S4Z1A0S1A0B4B2H5R1Y0J8U8,2218833,2026-07-23,2026-09-28T13:06:53+00:00,249397,299,190,190,0,0,299,190,190,0,0,190,0,0,284,15,10,15,5,299,190,0,0,True,True
PRC_C2Z6C0G3O2M5N2E2P4F5M3G9F8U6Y7,2218548,2026-07-23,2026-09-28T13:06:54+00:00,249398,299,186,186,0,0,299,186,186,0,0,186,0,0,284,15,10,15,5,299,186,0,0,True,True
PRC_B2Z6N0G3I1V0R1J7F4L0O1R0M4L1O8,2218530,2026-07-23,2026-09-28T13:06:56+00:00,249393,299,197,197,0,0,299,197,197,0,0,197,0,0,284,15,10,15,5,299,197,0,0,True,True
PRC_T2Q6C0N3P1N0H1G7Q3J7T3Q6X9E0Q2,2218527,2026-07-23,2026-09-28T13:06:57+00:00,249394,299,195,188,1,6,299,195,188,1,6,188,1,6,284,15,10,15,5,299,188,1,6,True,True
PRC_M2K5C1G2U1F6A1T6A3G3T2C2V2M9P8,2216777,2026-07-23,2026-09-28T13:06:58+00:00,249402,299,182,173,4,5,299,182,173,4,5,173,4,5,284,15,10,15,5,299,173,4,5,True,True
PRC_K2L5J1K2I3J0E1F5D5C4C3A6B1J5K1,2215907,2026-07-23,2026-09-28T13:07:01+00:00,249382,299,211,210,1,0,299,211,210,1,0,210,1,0,284,15,11,15,4,299,210,1,0,True,True
PRC_I2J5I1I2G3H0W1Z5X5Y2F0G2F8D5D0,2215902,2026-07-23,2026-09-28T13:07:02+00:00,249381,299,213,212,0,1,299,213,212,0,1,212,0,1,284,15,11,15,4,299,212,0,1,True,True
PRC_C2D5B1A2A1Y6Z1H4H0G2H0F0F9E7E8,2215796,2026-07-23,2026-09-28T13:07:03+00:00,249405,299,184,178,1,5,299,184,178,1,5,178,1,5,284,15,10,15,5,299,178,1,5,True,True
PRC_A2W5X1V2W1U5U1T1B4B2A5A2Z8Z5X1,2215486,2026-07-23,2026-09-28T13:07:05+00:00,249396,299,194,184,2,8,299,194,184,2,8,184,2,8,284,15,10,15,5,299,184,2,8,True,True
PRC_V2W5U1U1S2T7B0C9A4A0Z5Z5Y6G1G8,2214663,2026-07-23,2026-09-28T13:07:06+00:00,249403,299,181,171,3,7,299,181,171,3,7,171,3,7,284,15,10,15,5,299,171,3,7,True,True
PRC_X2V5W0U7V2D9D1B1C3A4B0Z2H9I6G9,2214631,2026-07-23,2026-09-28T13:07:07+00:00,249395,299,196,193,1,2,299,196,193,1,2,193,1,2,284,15,9,15,6,299,193,1,2,True,True
PRC_Q2M5M0K9M0K1K0I9R5R6P3Q2O5P3O9,2213768,2026-07-23,2026-09-28T13:07:08+00:00,249380,299,210,210,0,0,299,210,210,0,0,210,0,0,284,15,11,15,4,299,210,0,0,True,True
PRC_S2Q5R1P0Q0O1P1L8J1J1H3J5H8H2P8,2213593,2026-07-23,2026-09-28T13:07:10+00:00,249408,299,186,183,1,2,299,186,183,1,2,183,1,2,284,15,10,15,5,299,183,1,2,True,True
PRC_D2K5L0J7J1I4G1H7P2P8N2O0N0N5L8,2212014,2026-07-23,2026-09-28T13:07:11+00:00,249399,299,185,178,2,5,299,185,178,2,5,178,2,5,284,15,10,15,5,299,178,2,5,True,True
PRC_Y2Z5H0H7F0G3F1F6D1M7M4K1L9J4K2,2211794,2026-07-23,2026-09-28T13:07:12+00:00,249404,299,186,166,9,11,299,186,166,9,11,166,9,11,284,15,10,15,5,299,166,9,11,True,True
PRC_S2T5R0S5Q1R2P1X7X0W5X3V6V1T9Q6,2210556,2026-07-23,2026-09-28T13:07:15+00:00,249401,299,187,182,2,3,299,187,182,2,3,182,2,3,284,15,10,15,5,299,182,2,3,True,True
PRC_Y2Y5W0X4V1U0U1C5C0B5C5A3A9Z3Z7,2209858,2026-07-23,2026-09-28T13:07:18+00:00,249392,299,194,188,1,5,299,194,188,1,5,188,1,5,284,15,10,15,5,299,188,1,5,True,True
PRC_X2V5W0U4V1C0D1B5A0A4Z5Z0V2W3U9,2209850,2026-07-23,2026-09-28T13:07:21+00:00,249391,299,193,188,1,4,299,193,188,1,4,188,1,4,284,15,10,15,5,299,188,1,4,True,True
PRC_Z2I5I0H4G1E0F1N5M0L6J5R4Q9R6P3,2209847,2026-07-23,2026-09-28T13:07:23+00:00,249390,299,191,185,1,5,299,191,185,1,5,185,1,5,284,15,9,15,6,299,185,1,5,True,True
PRC_V2W5E0F4D1D0C1A5B0J3J3I9I6G8H4,2209846,2026-07-23,2026-09-28T13:07:25+00:00,249389,299,195,187,1,7,299,195,187,1,7,187,1,7,284,15,10,15,5,299,187,1,7,True,True
PRC_T2B5A0A3Z2Y1U1T0R4S5Q0Y9X9Z6A7,2209297,2026-07-23,2026-09-28T13:07:26+00:00,249388,299,197,195,0,2,299,197,195,0,2,195,0,2,284,15,10,15,5,299,195,0,2,True,True
PRC_X2W4U0T7B1C9A1Z3Y1G4H0G1E2D0L7,2205800,2026-07-23,2026-09-28T13:07:28+00:00,249400,299,187,183,1,3,299,187,183,1,3,183,1,3,284,15,10,15,5,299,183,1,3,True,True
PRC_N2D6L0L7D1Q5A1O4O2U1Z5P6T0E9S0,2219995,2026-07-21,2026-09-28T13:07:29+00:00,249333,299,173,173,0,0,299,173,173,0,0,173,0,0,284,15,8,15,7,299,173,0,0,True,True
PRC_E2Z6Q0O6A1B8M1L3P2D6Q1E2T6B1H8,2219328,2026-06-18,2026-09-28T13:07:29+00:00,248873,300,251,250,1,0,300,251,250,1,0,250,1,0,285,15,13,15,2,300,250,1,0,True,True
PRC_Z2W6T0T4W0R1G1T5Z2C9D2P4Q6G2I4,2218854,2026-06-18,2026-09-28T13:07:31+00:00,248867,300,250,248,0,2,300,250,248,0,2,248,0,2,285,15,13,15,2,300,248,0,2,True,True
PRC_V2E6S0J4P0L1S1G4U3T0H4X8P5K0N6,2218850,2026-06-18,2026-09-28T13:07:32+00:00,248866,300,243,234,0,9,300,243,234,0,9,234,0,9,285,15,13,15,2,300,234,0,9,True,True
PRC_P2D6O0C4P2V0N1E0F4Z4B0C9O7R3X8,2218843,2026-06-18,2026-09-28T13:07:33+00:00,248858,300,251,247,0,4,300,251,247,0,4,247,0,4,285,15,14,15,1,300,247,0,4,True,True
PRC_O2T6W0O4P1J0G1R0M4Q5A1X0Q2L4O3,2218834,2026-06-18,2026-09-28T13:07:34+00:00,248845,300,250,248,0,2,300,250,248,0,2,248,0,2,285,15,14,15,1,300,248,0,2,True,True
PRC_C2L6B0L3E2U5S2W2B5B1P0N0S4S0F8,2218558,2026-06-18,2026-09-28T13:07:37+00:00,248848,300,252,252,0,0,300,252,252,0,0,252,0,0,285,15,14,15,1,300,252,0,0,True,True
PRC_Y2R6L0K3P2B5U2U2T4W5Z0K8D7H8E2,2218557,2026-06-18,2026-09-28T13:07:39+00:00,248847,300,253,252,0,1,300,253,252,0,1,252,0,1,285,15,14,15,1,300,252,0,1,True,True
PRC_J2M6E0F4Y0K2Y1Y1H3W8E3F7Y5J1V5,2218545,2026-06-18,2026-09-28T13:07:40+00:00,248869,300,252,251,0,1,300,252,251,0,1,251,0,1,285,15,14,15,1,300,251,0,1,True,True
PRC_K2F6Y0J4Q0I2N1X1K2T7Z0A9O8W5Z7,2218540,2026-06-18,2026-09-28T13:07:41+00:00,248868,300,245,238,0,7,300,245,238,0,7,238,0,7,285,15,13,15,2,300,238,0,7,True,True
PRC_I2Z6I0F3S1K0B1F1B0B8X0N8O8C4M0,2217916,2026-06-18,2026-09-28T13:07:42+00:00,248856,300,247,225,10,12,300,247,225,10,12,225,10,12,285,15,12,15,3,300,225,10,12,True,True
PRC_E2O6Z0T3I1K0Q1E1E0K9N0D9B3V7F3,2217908,2026-06-18,2026-09-28T13:07:44+00:00,248855,300,250,249,0,1,300,250,249,0,1,249,0,1,285,15,14,15,1,300,249,0,1,True,True
PRC_D2F6J0C2V0E5Y1T3R4S1O1C6T7J4B2,2216793,2026-06-18,2026-09-28T13:07:45+00:00,248865,300,251,238,1,12,300,251,238,1,12,238,1,12,285,15,14,15,1,300,238,1,12,True,True
PRC_O2N6N0V1V2U0V1T4T4S0A5A4Z4Z9Y9,2216322,2026-06-18,2026-09-28T13:07:46+00:00,248864,300,250,229,7,14,300,250,229,7,14,229,7,14,285,15,14,15,1,300,229,7,14,True,True
PRC_S2T6B0B1Z2A1Y1Z5X2Y3G5G0E5D2E2,2216258,2026-06-18,2026-09-28T13:07:47+00:00,248842,300,253,251,0,2,300,253,251,0,2,251,0,2,285,15,15,15,0,300,251,0,2,True,True
ARC_P2L5Q1C2W2X4W1G2R4Q8S2Z6J4U7I8,2215593,2026-06-18,2026-09-28T13:07:48+00:00,248863,300,251,250,0,1,300,251,250,0,1,250,0,1,285,15,14,15,1,300,250,0,1,True,True
PRC_W2V5V1U0U1C9D2B0B2A6Y0Z1U6V9T5,2215088,2026-06-18,2026-09-28T13:07:49+00:00,248862,300,251,249,0,2,300,251,249,0,2,249,0,2,285,15,14,15,1,300,249,0,2,True,True
PRC_X2V5W1U2V0C3D1B0A3B1Z0Z5L3N4L9,2214835,2026-06-18,2026-09-28T13:07:51+00:00,248844,300,252,252,0,0,300,252,252,0,0,252,0,0,285,15,14,15,1,300,252,0,0,True,True
PRC_S2Q5R1P1Q0O4P2X0X3W2U3V9T1T9C2,2214493,2026-06-18,2026-09-28T13:07:52+00:00,248846,300,251,251,0,0,300,251,251,0,0,251,0,0,285,15,14,15,1,300,251,0,0,True,True
PRC_O2M5V0U8T1R9Z0Y9Z2Y3H5F7E0C8Z4,2213004,2026-06-18,2026-09-28T13:07:53+00:00,248861,300,249,226,9,14,300,249,226,9,14,226,9,14,285,15,13,15,2,300,226,9,14,True,True
PRC_H2F5F0E7M2M3K0L9K1K5I3J7R8P5Q0,2211920,2026-06-18,2026-09-28T13:07:54+00:00,248860,300,244,239,0,5,300,244,239,0,5,239,0,5,285,15,13,15,2,300,239,0,5,True,True
PRC_U2S5T0R7P0Q4Y1Y7X0Y6W0W0U7Q2U9,2211688,2026-06-18,2026-09-28T13:07:56+00:00,248843,300,253,253,0,0,300,253,253,0,0,253,0,0,285,15,15,15,0,300,253,0,0,True,True
PRC_F2D5E0C5A2B6Q1Q2P3Q9O5M0N6V3V9,2210772,2026-06-18,2026-09-28T13:07:56+00:00,248854,300,249,239,1,9,300,249,239,1,9,239,1,9,285,15,13,15,2,300,239,1,9,True,True
PRC_Z2H5I0G5G1E3F1E0E2A3A0Z0Z3X0W4,2210708,2026-06-18,2026-09-28T13:07:58+00:00,248859,300,247,246,0,1,300,247,246,0,1,246,0,1,285,15,14,15,1,300,246,0,1,True,True
PRC_H2G5E0D3E1M8K1J6I3J5F0D9B9B4B5,2209885,2026-06-18,2026-09-28T13:07:58+00:00,248841,300,254,253,0,1,300,254,253,0,1,253,0,1,285,15,15,15,0,300,253,0,1,True,True
PRC_R2Z5X0W3X2V0R0Q9P3Q6O5V2D9C0A5,2209217,2026-06-18,2026-09-28T13:08:00+00:00,248853,300,246,239,0,7,300,246,239,0,7,239,0,7,285,15,14,15,1,300,239,0,7,True,True
PRC_S2S4A1Y2Z2X6Y1W6X2E6D2E8C2C0B4,2208831,2026-06-18,2026-09-28T13:08:01+00:00,248849,300,252,247,0,5,300,252,247,0,5,247,0,5,285,15,14,15,1,300,247,0,5,True,True
PRC_U2B4C1B2Z2Z4Y1Y0G2H8F2G0E2C4D3,2207000,2026-06-18,2026-09-28T13:08:02+00:00,248852,300,250,241,0,9,300,250,241,0,9,241,0,9,285,15,14,15,1,300,241,0,9,True,True
PRC_X2Y4W1E2F1D6D1C7D0B0B4K9I4I9G3,2206755,2026-06-18,2026-09-28T13:08:03+00:00,248840,300,255,255,0,0,300,255,255,0,0,255,0,0,285,15,15,15,0,300,255,0,0,True,True
PRC_F2E4E1C1D2C6C1K4I1J4I5I2G1O5P0,2206089,2026-06-18,2026-09-28T13:08:04+00:00,248851,300,252,247,0,5,300,252,247,0,5,247,0,5,285,15,13,15,2,300,247,0,5,True,True
PRC_G2D4D1Z0Y2V2E1D1G0F5C4L3J2J8P5,2205839,2026-06-18,2026-09-28T13:08:05+00:00,248850,300,252,249,1,2,300,252,249,1,2,249,1,2,285,15,14,15,1,300,249,1,2,True,True
PRC_B2B4Z1A1P1O4O1M6N5M0M4U3T0T3R3,2205821,2026-06-18,2026-09-28T13:08:06+00:00,248857,300,248,245,0,3,300,248,245,0,3,245,0,3,285,15,14,15,1,300,245,0,3,True,True
PRC_T2F6O0M6X1Y1S0K9R0E0Q1M7C7Y5L3,2219176,2026-06-11,2026-09-28T13:08:08+00:00,248828,300,232,232,0,0,300,232,232,0,0,232,0,0,285,15,14,15,1,300,232,0,0,True,True
PRC_D2C6E0J4J1T5I1J3C5N6V1R1M3C8W2,2218872,2026-05-07,2026-09-28T13:08:09+00:00,248192,286,163,160,0,3,286,163,160,0,3,160,0,3,285,1,0,1,1,286,160,0,3,True,True
PRC_U2K6K0Q4V1Q5I1U3J5M5A3L5H2O4E4,2218871,2026-05-07,2026-09-28T13:08:10+00:00,248194,286,166,165,0,1,286,166,165,0,1,165,0,1,285,1,0,1,1,286,165,0,1,True,True
PRC_H2L6X0P4N1K5I1P3R5C7P4N4L6B1O5,2218870,2026-05-07,2026-09-28T13:08:11+00:00,248195,286,171,171,0,0,286,171,171,0,0,171,0,0,285,1,0,1,1,286,171,0,0,True,True
PRC_O2B6O0J4D2D9J1M8L3I2K1K5V4I2X2,2218869,2026-05-07,2026-09-28T13:08:12+00:00,248210,286,158,155,0,3,286,158,155,0,3,155,0,3,285,1,0,1,1,286,155,0,3,True,True
PRC_C2B6I0F4N2A9U1F8F2D5S3L3O9R7H3,2218866,2026-05-07,2026-09-28T13:08:13+00:00,248201,286,169,169,0,0,286,169,169,0,0,169,0,0,285,1,0,1,1,286,169,0,0,True,True
PRC_M2M6F0D4E1Q5V1Q4I0H0Z1Y6K5R3D4,2218860,2026-05-07,2026-09-28T13:08:19+00:00,248193,286,163,163,0,0,286,163,163,0,0,163,0,0,285,1,0,1,1,286,163,0,0,True,True
PRC_I2U6A0X4S1Y7O1F4H4M9U5H3H6A5E6,2218859,2026-05-07,2026-09-28T13:08:20+00:00,248167,286,166,165,0,1,286,166,165,0,1,165,0,1,285,1,0,1,1,286,165,0,1,True,True
PRC_B2Q6J0E4V2K9I1A8P2C3D5F3G9L4P1,2218856,2026-05-07,2026-09-28T13:08:22+00:00,248200,286,168,167,0,1,286,168,167,0,1,167,0,1,285,1,0,1,1,286,167,0,1,True,True
PRC_K2C6Y0I4S0K1R1S1J5C0D5S0T1O7E0,2218853,2026-05-07,2026-09-28T13:08:23+00:00,248186,286,177,177,0,0,286,177,177,0,0,177,0,0,285,1,0,1,1,286,177,0,0,True,True
PRC_P2T6N0F4H1G5P1N3N5H9R1T8L8O0B5,2218852,2026-05-07,2026-09-28T13:08:24+00:00,248196,286,166,164,0,2,286,166,164,0,2,164,0,2,285,1,0,1,1,286,164,0,2,True,True
PRC_S2C6L0Q4U0T1E1D4P2B5E1Z3Z4L5Z4,2218851,2026-05-07,2026-09-28T13:08:25+00:00,248187,286,175,172,0,3,286,175,172,0,3,172,0,3,285,1,0,1,1,286,172,0,3,True,True
PRC_Q2E6P0A4E0D1E1A4H2A5W4U4C0R4K2,2218849,2026-05-07,2026-09-28T13:08:26+00:00,248188,286,173,171,0,2,286,173,171,0,2,171,0,2,285,1,0,1,1,286,171,0,2,True,True
PRC_H2R6G0R4O0W1J1H7T0Q4J4N1K5A8V5,2218848,2026-05-07,2026-09-28T13:08:27+00:00,248189,286,174,171,0,3,286,174,171,0,3,171,0,3,285,1,0,1,1,286,171,0,3,True,True
PRC_C2V5D1L1X2H8L2I2T1N2W4M8V3S7U0,2218847,2026-05-07,2026-09-28T13:08:29+00:00,248165,286,164,164,0,0,286,164,164,0,0,164,0,0,285,1,0,1,1,286,164,0,0,True,True
PRC_X2Q6H0O4Z2U0Y1H0Q4Y5H1L8Q3B5M4,2218846,2026-05-07,2026-09-28T13:08:29+00:00,248172,286,166,165,0,1,286,166,165,0,1,165,0,1,285,1,0,1,1,286,165,0,1,True,True
PRC_R2G6C0X3I1N2L2B0R4G0J4E5E7J7G2,2218845,2026-05-07,2026-09-28T13:08:31+00:00,248176,286,161,161,0,0,286,161,161,0,0,161,0,0,285,1,0,1,1,286,161,0,0,True,True
PRC_M2O6B0U4S2E0C1A0H4X0E1H8F9C7M6,2218844,2026-05-07,2026-09-28T13:08:32+00:00,248170,286,167,167,0,0,286,167,167,0,0,167,0,0,285,1,0,1,1,286,167,0,0,True,True
PRC_Y2N6U0X4T1U7U1L4J4C6S2G8Y3H4G2,2218842,2026-05-07,2026-09-28T13:08:33+00:00,248166,286,166,163,1,2,286,166,163,1,2,163,1,2,285,1,0,1,1,286,163,1,2,True,True
PRC_W2U6S0O4B2V0K1C0K4F2T4D8H4J7K6,2218841,2026-05-07,2026-09-28T13:08:34+00:00,248171,286,165,164,0,1,286,165,164,0,1,164,0,1,285,1,0,1,1,286,164,0,1,True,True
PRC_K2P6C0V4M1B0T1O7C3R8W2I4W2C0Y4,2218840,2026-05-07,2026-09-28T13:08:35+00:00,248112,286,218,218,0,0,286,218,218,0,0,218,0,0,285,1,1,1,0,286,218,0,0,True,True
PRC_F2S6A0P4F1S7I1U4A5G2J2T6S3N9A9,2218839,2026-05-07,2026-09-28T13:08:37+00:00,248169,286,167,167,0,0,286,167,167,0,0,167,0,0,285,1,0,1,1,286,167,0,0,True,True
PRC_D2M6Z0U4E2N9F0L9Y5D9E2H5P3S6T9,2218838,2026-05-07,2026-09-28T13:08:38+00:00,248179,286,166,166,0,0,286,166,166,0,0,166,0,0,285,1,0,1,1,286,166,0,0,True,True
PRC_S2Y6Z0J4F1P7F1P4G3R7A1U0X9I1V8,2218837,2026-05-07,2026-09-28T13:08:39+00:00,248168,286,164,157,0,7,286,164,157,0,7,157,0,7,285,1,0,1,1,286,157,0,7,True,True
PRC_Z2Z6D0E4X0F8L1F3V5Y2B3P6B4H0W9,2218836,2026-05-07,2026-09-28T13:08:40+00:00,248117,286,201,176,7,18,286,201,176,7,18,176,7,18,285,1,1,1,0,286,176,7,18,True,True
PRC_M2S5A0V2Q1W9X1H9D0O4L2M0Q7O7Q5,2218835,2026-05-07,2026-09-28T13:08:41+00:00,248120,286,205,204,0,1,286,205,204,0,1,204,0,1,285,1,1,1,0,286,204,0,1,True,True
PRC_D2W6E0E4I2O9Y2C0O1M9K3W4U6Z4K0,2218832,2026-05-07,2026-09-28T13:08:42+00:00,248099,286,207,207,0,0,286,207,207,0,0,207,0,0,285,1,1,1,0,286,207,0,0,True,True
PRC_V2T6H0L4Q1P0C1G0U4P7R1B1P5E8T8,2218831,2026-05-07,2026-09-28T13:08:44+00:00,248129,286,203,201,0,2,286,203,201,0,2,201,0,2,285,1,1,1,0,286,201,0,2,True,True
PRC_P2S6N0I3W1A7B1Z3M3Z3S4R2X7A1V1,2218830,2026-05-07,2026-09-28T13:08:44+00:00,248119,286,200,197,0,3,286,200,197,0,3,197,0,3,285,1,1,1,0,286,197,0,3,True,True
PRC_L2D6G0F4Y2T9V2X0U1K8B1P0N3B6A3,2218829,2026-05-07,2026-09-28T13:08:46+00:00,248100,286,213,212,0,1,286,213,212,0,1,212,0,1,285,1,1,1,0,286,212,0,1,True,True
PRC_F2Y6R0G5W0P6L0G8K3X6D1F0D9D5V2,2218822,2026-05-07,2026-09-28T13:08:47+00:00,248095,286,188,187,0,1,286,188,187,0,1,187,0,1,285,1,0,1,1,286,187,0,1,True,True
PRC_B2W6Y0L5Z0Z5L1A8X5V5C4J1S6V1I0,2218818,2026-05-07,2026-09-28T13:08:48+00:00,248096,286,205,201,1,3,286,205,201,1,3,201,1,3,285,1,1,1,0,286,201,1,3,True,True
PRC_K2P6F0V4G0L3Y1L8N2W4Q4S1S4I5J3,2218562,2026-05-07,2026-09-28T13:08:50+00:00,248137,286,201,199,0,2,286,201,199,0,2,199,0,2,285,1,1,1,0,286,199,0,2,True,True
PRC_I2F6K0X3S2Y5D2V2C4W6O2L6X1Z7L9,2218561,2026-05-07,2026-09-28T13:08:51+00:00,248133,286,197,186,3,8,286,197,186,3,8,186,3,8,285,1,1,1,0,286,186,3,8,True,True
PRC_A2F6L0L3Y2R5S2Z2W4V1D4R0C2R4I7,2218560,2026-05-07,2026-09-28T13:08:52+00:00,248131,286,189,188,1,0,286,189,188,1,0,188,1,0,285,1,1,1,0,286,188,1,0,True,True
PRC_O2Z6G0Y3Z2P5Q2A2N4M4M2V3P9G9R3,2218559,2026-05-07,2026-09-28T13:08:53+00:00,248132,286,197,197,0,0,286,197,197,0,0,197,0,0,285,1,1,1,0,286,197,0,0,True,True
PRC_C2Q6S0V3Q2H5G2T2V5I0Q0T7N2H5V4,2218555,2026-05-07,2026-09-28T13:08:54+00:00,248144,286,193,193,0,0,286,193,193,0,0,193,0,0,285,1,1,1,0,286,193,0,0,True,True
PRC_E2L6A0P3E2L5P2V2B4S9Z3O0V7U6Y3,2218554,2026-05-07,2026-09-28T13:08:55+00:00,248143,286,187,186,0,1,286,187,186,0,1,186,0,1,285,1,1,1,0,286,186,0,1,True,True
PRC_G2O6R0W4F0J3A1V8E2A5U3F3P8X8N2,2218553,2026-05-07,2026-09-28T13:08:58+00:00,248136,286,200,200,0,0,286,200,200,0,0,200,0,0,285,1,1,1,0,286,200,0,0,True,True
PRC_M2Y6P0U3V2I5W2A2D4N8K2R5E3G4H1,2218551,2026-05-07,2026-09-28T13:08:59+00:00,248142,286,192,192,0,0,286,192,192,0,0,192,0,0,285,1,1,1,0,286,192,0,0,True,True
PRC_E2Y6R0O3J2T5F2A2J3Z9O4M3M1X7B0,2218549,2026-05-07,2026-09-28T13:09:00+00:00,248130,286,185,183,1,1,286,185,183,1,1,183,1,1,285,1,1,1,0,286,183,1,1,True,True
PRC_U2T6K0M4S0H2R1X0V5P5Y1A6R0N6I3,2218547,2026-05-07,2026-09-28T13:09:01+00:00,248182,286,167,167,0,0,286,167,167,0,0,167,0,0,285,1,0,1,1,286,167,0,0,True,True
PRC_N2Q6Z0H4H0L2E1Z1A2L1W3F6J9D5L2,2218546,2026-05-07,2026-09-28T13:09:02+00:00,248181,286,165,160,0,5,286,165,160,0,5,160,0,5,285,1,0,1,1,286,160,0,5,True,True
PRC_C2G6Z0A4W0U2O1J5N1U5H4N7A2L2S3,2218544,2026-05-07,2026-09-28T13:09:04+00:00,248183,286,168,165,2,1,286,168,165,2,1,165,2,1,285,1,0,1,1,286,165,2,1,True,True
PRC_T2P6R0Q4S0K2D1J5L1G9D2Y7N0U6Q6,2218542,2026-05-07,2026-09-28T13:09:05+00:00,248180,286,169,169,0,0,286,169,169,0,0,169,0,0,285,1,0,1,1,286,169,0,0,True,True
PRC_Z2A6S0N4X0I2C1X1B0A0M4B4A2A1I7,2218539,2026-05-07,2026-09-28T13:09:06+00:00,248191,286,167,162,1,4,286,167,162,1,4,162,1,4,285,1,0,1,1,286,162,1,4,True,True
PRC_N2J6L0B3Q2Y6T1T3D3K1A2E6T4D6F9,2218535,2026-05-07,2026-09-28T13:09:07+00:00,248150,286,181,178,0,3,286,181,178,0,3,178,0,3,285,1,0,1,1,286,178,0,3,True,True
PRC_X2Y6X0E3H2A6V1N3T3I0B2T0G5I5N9,2218534,2026-05-07,2026-09-28T13:09:09+00:00,248151,286,177,177,0,0,286,177,177,0,0,177,0,0,285,1,1,1,0,286,177,0,0,True,True
PRC_T2X6R0B3A2O6T1D3I3M5W0Y9C5N0D9,2218533,2026-05-07,2026-09-28T13:09:11+00:00,248153,286,173,172,0,1,286,173,172,0,1,172,0,1,285,1,1,1,0,286,172,0,1,True,True
PRC_C2L6X0E3V1K9F1Z7O4U1F5R5B4S6W9,2218529,2026-05-07,2026-09-28T13:09:12+00:00,248118,286,198,196,0,2,286,198,196,0,2,196,0,2,285,1,1,1,0,286,196,0,2,True,True
PRC_E2Q6F0Y3V1K0Q1U7W3P8J4Z3K5T0W1,2218528,2026-05-07,2026-09-28T13:09:13+00:00,248113,286,213,213,0,0,286,213,213,0,0,213,0,0,285,1,1,1,0,286,213,0,0,True,True
PRC_Y2F6K0P3B2C3O1R8E3K3J0N1W8W8Q3,2218525,2026-05-07,2026-09-28T13:09:16+00:00,248110,286,221,214,0,7,286,221,214,0,7,214,0,7,285,1,0,1,1,286,214,0,7,True,True
PRC_L2V6W0F3X2K3O1I8H3G2I1F8I1J3J4,2218523,2026-05-07,2026-09-28T13:09:17+00:00,248104,286,214,214,0,0,286,214,214,0,0,214,0,0,285,1,1,1,0,286,214,0,0,True,True
PRC_R2C6L0B3W2I3C1I8A2M9Y3M9E8O6J0,2218522,2026-05-07,2026-09-28T13:09:18+00:00,248109,286,218,218,0,0,286,218,218,0,0,218,0,0,285,1,1,1,0,286,218,0,0,True,True
PRC_N2B6W0Z3M2W3Q1F9Z2P4U0O7T2Q2R3,2218521,2026-05-07,2026-09-28T13:09:19+00:00,248127,286,206,206,0,0,286,206,206,0,0,206,0,0,285,1,1,1,0,286,206,0,0,True,True
PRC_Y2M6E0K3D2Z3N1J9Q2V6K5C7N0V8I2,2218508,2026-05-07,2026-09-28T13:09:20+00:00,248126,286,207,207,0,0,286,207,207,0,0,207,0,0,285,1,1,1,0,286,207,0,0,True,True
PRC_W2J6S0M3S2U3J1B9B2V8A2R3J6W0J8,2218507,2026-05-07,2026-09-28T13:09:22+00:00,248125,286,201,197,0,4,286,201,197,0,4,197,0,4,285,1,1,1,0,286,197,0,4,True,True
PRC_N2K6S0G3M2U3M1A9C2M5S2X7R6Z3U3,2218506,2026-05-07,2026-09-28T13:09:23+00:00,248124,286,204,201,0,3,286,204,201,0,3,201,0,3,285,1,1,1,0,286,201,0,3,True,True
PRC_W2U6R0A3I2C3U1O9O3A4O2O1N8V6G7,2218505,2026-05-07,2026-09-28T13:09:24+00:00,248123,286,200,199,0,1,286,200,199,0,1,199,0,1,285,1,1,1,0,286,199,0,1,True,True
PRC_W2Y6W0K3A2L3T1A9R3F0B1L0Z9Q9Q2,2218504,2026-05-07,2026-09-28T13:09:25+00:00,248122,286,199,198,0,1,286,199,198,0,1,198,0,1,285,1,1,1,0,286,198,0,1,True,True
PRC_C2X6R0H3H1K2L2K0H4H3T0T6T2Y0Z9,2217926,2026-05-07,2026-09-28T13:09:26+00:00,248177,286,163,163,0,0,286,163,163,0,0,163,0,0,285,1,0,1,1,286,163,0,0,True,True
PRC_Y2O6S0W3C1N2X2Z0M3G0H0Q0N2N2C4,2217922,2026-05-07,2026-09-28T13:09:27+00:00,248175,286,163,163,0,0,286,163,163,0,0,163,0,0,285,1,0,1,1,286,163,0,0,True,True
PRC_L2U6I0P3Y1G0N1N1Z0J1T2R6Y9Y0C9,2217913,2026-05-07,2026-09-28T13:09:29+00:00,248159,286,170,168,0,2,286,170,168,0,2,168,0,2,285,1,0,1,1,286,168,0,2,True,True
PRC_N2W6X0B3U1M0M1U1I2M2Z2Z6J7E0A2,2217911,2026-05-07,2026-09-28T13:09:29+00:00,248163,286,164,164,0,0,286,164,164,0,0,164,0,0,285,1,0,1,1,286,164,0,0,True,True
PRC_W2I6T0L3J1E0D1C1O1I0F2K8M9K4O5,2217906,2026-05-07,2026-09-28T13:09:31+00:00,248162,286,174,173,0,1,286,174,173,0,1,173,0,1,285,1,0,1,1,286,173,0,1,True,True
PRC_L2W6Z0S3B2C3H1J8I3F4F0D3L1Y1O4,2217896,2026-05-07,2026-09-28T13:09:32+00:00,248108,286,216,214,0,2,286,216,214,0,2,214,0,2,285,1,1,1,0,286,214,0,2,True,True
PRC_P2V6C0W3S2X3L1B8D3R4J4R6W8Q0K3,2217891,2026-05-07,2026-09-28T13:09:33+00:00,247997,286,215,215,0,0,286,215,215,0,0,215,0,0,285,1,1,1,0,286,215,0,0,True,True
PRC_A2R6J0I3V1E0I1Q0A5L6A0C1J4P5S3,2217890,2026-05-07,2026-09-28T13:09:35+00:00,248105,286,210,209,0,1,286,210,209,0,1,209,0,1,285,1,1,1,0,286,209,0,1,True,True
PRC_G2K6P0V3E1Z0M1L0X5K0Q5D9T7A8V6,2217885,2026-05-07,2026-09-28T13:09:35+00:00,248111,286,217,214,0,3,286,217,214,0,3,214,0,3,285,1,1,1,0,286,214,0,3,True,True
PRC_F2E6D0B3J2K6J1I7J0R1Q3O6N3J9I2,2217786,2026-05-07,2026-09-28T13:09:37+00:00,248190,286,165,162,1,2,286,165,162,1,2,162,1,2,285,1,0,1,1,286,162,1,2,True,True
PRC_B2J6M0J2C2C5P1P0G2Y0O0N3A2L8C2,2217589,2026-05-07,2026-09-28T13:09:38+00:00,248145,286,181,178,0,3,286,181,178,0,3,178,0,3,285,1,0,1,1,286,178,0,3,True,True
PRC_O2C5J0H9H1H0P1O0M1N9M3G4G6M5N6,2216993,2026-05-07,2026-09-28T13:09:40+00:00,248138,286,199,197,0,2,286,199,197,0,2,197,0,2,285,1,1,1,0,286,197,0,2,True,True
PRC_L2J6R0Y2E0X5L1Z3P4B8E3Q5T6E7S8,2216963,2026-05-07,2026-09-28T13:09:42+00:00,248185,286,175,174,0,1,286,175,174,0,1,174,0,1,285,1,0,1,1,286,174,0,1,True,True
PRC_N2W6J0P2F0X5I1V3O4S6G5K7N0O3L4,2216791,2026-05-07,2026-09-28T13:09:43+00:00,248184,286,174,174,0,0,286,174,174,0,0,174,0,0,285,1,0,1,1,286,174,0,0,True,True
PRC_G2X5J1T2O0K1D1H8N4J7P2I1I5A2N1,2216775,2026-05-07,2026-09-28T13:09:44+00:00,248155,286,163,163,0,0,286,163,163,0,0,163,0,0,285,1,0,1,1,286,163,0,0,True,True
ARC_H2L6S0L1I2B2S1Z4Y0R2G4K5M3S6C6,2216238,2026-05-07,2026-09-28T13:09:45+00:00,248154,286,175,175,0,0,286,175,175,0,0,175,0,0,285,1,1,1,0,286,175,0,0,True,True
ARC_I2A6Y0J1U2F2V1B4K0G2V4X1N1W7B0,2216237,2026-05-07,2026-09-28T13:09:46+00:00,248114,286,213,211,0,2,286,213,211,0,2,211,0,2,285,1,0,1,1,286,211,0,2,True,True
ARC_O2G6X0P1R2E2E1S4Y0G2B3Q5Q1F6N3,2216236,2026-05-07,2026-09-28T13:09:48+00:00,248116,286,217,210,4,3,286,217,210,4,3,210,4,3,285,1,1,1,0,286,210,4,3,True,True
PRC_B2J6K0I1I1H3I1G6G0O0P3N8M8M9K6,2216089,2026-05-07,2026-09-28T13:09:49+00:00,248146,286,180,177,0,3,286,180,177,0,3,177,0,3,285,1,1,1,0,286,177,0,3,True,True
PRC_Q2Q5P1P2X1Y9W1V5V3T2U3C2D7B4B9,2216050,2026-05-07,2026-09-28T13:09:50+00:00,248106,286,210,209,0,1,286,210,209,0,1,209,0,1,285,1,1,1,0,286,209,0,1,True,True
PRC_S2B5B1Z2A2Y2Z1X5T5T1S0S5Q6R7P3,2215595,2026-05-07,2026-09-28T13:09:52+00:00,248164,286,167,164,0,3,286,167,164,0,3,164,0,3,285,1,0,1,1,286,164,0,3,True,True
PRC_O2H5K1E2T0I9Y1J2Z5W9Z0S5Q9H4M3,2215405,2026-05-07,2026-09-28T13:09:53+00:00,248199,286,170,170,0,0,286,170,170,0,0,170,0,0,285,1,0,1,1,286,170,0,0,True,True
PRC_O2M5N1V2T0U9S1T5R4R8A4A5Y9Z3X5,2215251,2026-05-07,2026-09-28T13:09:54+00:00,248208,286,165,163,0,2,286,165,163,0,2,163,0,2,285,1,0,1,1,286,163,0,2,True,True
PRC_J2J5I1J2H0H9G1V5W4U8U0S6T2S3S4,2215250,2026-05-07,2026-09-28T13:09:55+00:00,248207,286,165,165,0,0,286,165,165,0,0,165,0,0,285,1,0,1,1,286,165,0,0,True,True
PRC_X2F5G1E2E0D8B0C6X4Y3W1X3V2W7U2,2215017,2026-05-07,2026-09-28T13:09:57+00:00,248097,286,210,210,0,0,286,210,210,0,0,210,0,0,285,1,1,1,0,286,210,0,0,True,True
PRC_W2R5E1S1H2W4I1M6A4Q5B4E2R4R2V6,2214853,2026-05-07,2026-09-28T13:09:58+00:00,248140,286,192,185,1,6,286,192,185,1,6,185,1,6,285,1,0,1,1,286,185,1,6,True,True
PRC_L2M5K0L9T1T8R1Q4R1P6P3L8M4K6L9,2214530,2026-05-07,2026-09-28T13:09:59+00:00,248152,286,176,176,0,0,286,176,176,0,0,176,0,0,285,1,1,1,0,286,176,0,0,True,True
PRC_R2R5P1Q1P1P4L1L4K2K5J1H6I2P2Q3,2214335,2026-05-07,2026-09-28T13:10:00+00:00,248141,286,189,189,0,0,286,189,189,0,0,189,0,0,285,1,1,1,0,286,189,0,0,True,True
PRC_R2P5Q1P0P3N0O1W5U2V3T0U5S8T2A1,2213840,2026-05-07,2026-09-28T13:10:01+00:00,248197,286,165,165,0,0,286,165,165,0,0,165,0,0,285,1,0,1,1,286,165,0,0,True,True
PRC_D2D5C1A0B2Z4A1H3I5H2H2F1G5E5M6,2213715,2026-05-07,2026-09-28T13:10:02+00:00,248098,286,213,211,0,2,286,213,211,0,2,211,0,2,285,1,1,1,0,286,211,0,2,True,True
PRC_K2K5S1R0R1P0Q1P4P1X3X0W7U2V2T1,2213682,2026-05-07,2026-09-28T13:10:03+00:00,248202,286,169,169,0,0,286,169,169,0,0,169,0,0,285,1,0,1,1,286,169,0,0,True,True
PRC_Q2D5C0Y9X1W2V1D6B5A3B3A4I9G3H4,2213603,2026-05-07,2026-09-28T13:10:05+00:00,248147,286,178,176,0,2,286,178,176,0,2,176,0,2,285,1,1,1,0,286,176,0,2,True,True
PRC_M2M5G0F9E0D9L1I4H4P6O3N9M4V7U1,2213540,2026-05-07,2026-09-28T13:10:06+00:00,248206,286,166,165,0,1,286,166,165,0,1,165,0,1,285,1,0,1,1,286,165,0,1,True,True
ARC_Y2H5E1W0D0C2T1D0K4S8S1W2L2Y1I2,2213457,2026-05-07,2026-09-28T13:10:07+00:00,248115,286,216,215,0,1,286,216,215,0,1,215,0,1,285,1,1,1,0,286,215,0,1,True,True
PRC_R2S5Q0R9P2Q3X2W0X2V8V4U0V9Q7R0,2213398,2026-05-07,2026-09-28T13:10:08+00:00,248135,286,193,185,0,8,286,193,185,0,8,185,0,8,285,1,0,1,1,286,185,0,8,True,True
PRC_M2I5I0G9H0G2G1F5M3N5M4M2K5J1J8,2213108,2026-05-07,2026-09-28T13:10:09+00:00,248198,286,167,167,0,0,286,167,167,0,0,167,0,0,285,1,0,1,1,286,167,0,0,True,True
PRC_W2V5D0B9A1B5A1I1G5H0G1I0G5O3N1,2213043,2026-05-07,2026-09-28T13:10:10+00:00,248128,286,208,208,0,0,286,208,208,0,0,208,0,0,285,1,1,1,0,286,208,0,0,True,True
ARC_A2S5K0C9H0P3Z1G5X3B4X0F2N7T1S6,2212663,2026-05-07,2026-09-28T13:10:12+00:00,248102,286,211,210,0,1,286,211,210,0,1,210,0,1,285,1,0,1,1,286,210,0,1,True,True
PRC_D2C5Z0V8V0D6C2Z1I5G4C2B2K6J3G9,2212527,2026-05-07,2026-09-28T13:10:13+00:00,248205,286,167,167,0,0,286,167,167,0,0,167,0,0,285,1,0,1,1,286,167,0,0,True,True
PRC_W2V5E0C8E0C6L2H2H0D3C5B8H4H5Q1,2212504,2026-05-07,2026-09-28T13:10:14+00:00,248204,286,166,166,0,0,286,166,166,0,0,166,0,0,285,1,0,1,1,286,166,0,0,True,True
PRC_H2F5G0F6F0N9L1M6K2L5J5K2S6Q3R1,2210709,2026-05-07,2026-09-28T13:10:15+00:00,248149,286,185,182,0,3,286,185,182,0,3,182,0,3,285,1,0,1,1,286,182,0,3,True,True
PRC_K2I5I0H4I1P4Q1O7N5N7L3M3U8V8T6,2210696,2026-05-07,2026-09-28T13:10:16+00:00,248121,286,199,194,1,4,286,199,194,1,4,194,1,4,285,1,0,1,1,286,194,1,4,True,True
PRC_B2A5A0I4J1H4I1G6G2F7N0N5M3M9K8,2210089,2026-05-07,2026-09-28T13:10:17+00:00,248174,286,160,160,0,0,286,160,160,0,0,160,0,0,285,1,0,1,1,286,160,0,0,True,True
ARC_O2N5Y0K3V1H9W2Z1F1C2K2U6Q8N7E8,2209143,2026-05-07,2026-09-28T13:10:19+00:00,248161,286,174,174,0,0,286,174,174,0,0,174,0,0,285,1,0,1,1,286,174,0,0,True,True
PRC_A2Z5A0Y2Y2X7X1F7E3E1C2D1C8C7Y0,2209130,2026-05-07,2026-09-28T13:10:19+00:00,248203,286,164,163,0,1,286,164,163,0,1,163,0,1,285,1,0,1,1,286,163,0,1,True,True
PRC_D2C5D0B3B0J6I0I9G1H6G5G2O4O3N2,2208779,2026-05-07,2026-09-28T13:10:21+00:00,248139,286,191,188,0,3,286,191,188,0,3,188,0,3,285,1,0,1,1,286,188,0,3,True,True
PRC_Y2X5X0V2W1E9C0D9B1C6A3B1J7H1I1,2208605,2026-05-07,2026-09-28T13:10:22+00:00,248101,286,213,213,0,0,286,213,213,0,0,213,0,0,285,1,1,1,0,286,213,0,0,True,True
PRC_T2S4Q1R1P0Q5X1Y0X5V7V5T1V8C3D2,2207329,2026-05-07,2026-09-28T13:10:23+00:00,248148,286,181,180,0,1,286,181,180,0,1,180,0,1,285,1,1,1,0,286,180,0,1,True,True
ARC_O2E4I1X2E1G8S1Y6D1G7C1S8F9E5J0,2206661,2026-05-07,2026-09-28T13:10:24+00:00,248160,286,171,170,0,1,286,171,170,0,1,170,0,1,285,1,0,1,1,286,170,0,1,True,True
PRC_B2A4Z1Z0Y1G1F1E7C5D6L4K0I5H7I7,2206640,2026-05-07,2026-09-28T13:10:26+00:00,248173,286,157,155,0,2,286,157,155,0,2,155,0,2,285,1,0,1,1,286,155,0,2,True,True
ARC_J2U4Z1P1D0E8Z0F9R3S1S0X1H8R5L1,2205375,2026-05-07,2026-09-28T13:10:26+00:00,248103,286,214,211,0,3,286,214,211,0,3,211,0,3,285,1,1,1,0,286,211,0,3,True,True
PRC_K2J4H1G0O1P7O1M3L0T0T5S1R8P8X5,2205167,2026-05-07,2026-09-28T13:10:28+00:00,248178,286,168,168,0,0,286,168,168,0,0,168,0,0,285,1,0,1,1,286,168,0,0,True,True
PRC_N2S4T1S0H2G8E1D9L1K1L0K3I4Q8P3,2205121,2026-05-07,2026-09-28T13:10:29+00:00,248094,286,186,185,0,1,286,186,185,0,1,185,0,1,285,1,0,1,1,286,185,0,1,True,True
ARC_N2J4U1G0C2S1P1X5I0R7D0L8W1L4Z0,2204800,2026-05-07,2026-09-28T13:10:31+00:00,248158,286,171,170,0,1,286,171,170,0,1,170,0,1,285,1,0,1,1,286,170,0,1,True,True
ARC_E2P4M1F0K2Z1S1V5K0P7F0U1Z8G0A5,2204799,2026-05-07,2026-09-28T13:10:31+00:00,248157,286,168,168,0,0,286,168,168,0,0,168,0,0,285,1,0,1,1,286,168,0,0,True,True
ARC_V2V4V1P0B2U1X1C5M0T6M4V0L6Z8A8,2204797,2026-05-07,2026-09-28T13:10:33+00:00,248156,286,168,167,0,1,286,168,167,0,1,167,0,1,285,1,0,1,1,286,167,0,1,True,True
PRC_Z2X4Y0W9E1F1D0E9C2C7B2J5J5H1J4,2204617,2026-05-07,2026-09-28T13:10:34+00:00,248134,286,193,188,1,4,286,193,188,1,4,188,1,4,285,1,0,1,1,286,188,1,4,True,True
PRC_Z2Y6K0Z4W2W7T1B7U5L9I4C7F6N8C3,2218663,2026-04-28,2026-09-28T13:10:35+00:00,247588,295,246,234,0,12,295,246,234,0,12,234,0,12,294,1,1,1,0,295,234,0,12,True,True
PRC_B2E6O0W3D3J1I1K8V4Q0M5I0N2R4I0,2218563,2026-04-23,2026-09-28T13:10:36+00:00,247575,295,182,182,0,0,295,182,182,0,0,182,0,0,294,1,0,1,1,295,182,0,0,True,True
PRC_S2N6V0W4V0L3Q1O8N2J6L1W7D7L9S6,2218556,2026-04-23,2026-09-28T13:10:37+00:00,247521,295,182,181,1,0,295,182,181,1,0,181,1,0,294,1,1,1,0,295,181,1,0,True,True
PRC_Q2R6W0J3A2K5S2I2F4V6L5G6A0T3A4,2218550,2026-04-23,2026-09-28T13:10:39+00:00,247519,295,183,175,4,4,295,183,175,4,4,175,4,4,294,1,1,1,0,295,175,4,4,True,True
PRC_X2J6U0Z4T0L2M1C0R5N4I2Z0T8C0G6,2218543,2026-04-23,2026-09-28T13:10:40+00:00,247572,295,177,176,0,1,295,177,176,0,1,176,0,1,294,1,1,1,0,295,176,0,1,True,True
PRC_L2I6V0S4T0P2K1I0N5Y2R1X8C1P9P0,2218541,2026-04-23,2026-09-28T13:10:41+00:00,247571,295,177,177,0,0,295,177,177,0,0,177,0,0,294,1,1,1,0,295,177,0,0,True,True
PRC_X2C6V0Q3W3Q1O1W8E3C9X3V9G6M7I3,2218538,2026-04-23,2026-09-28T13:10:42+00:00,247576,295,178,173,3,2,295,178,173,3,2,173,3,2,294,1,1,1,0,295,173,3,2,True,True
PRC_W2M6C0D4B2E1B2P1X0X1W1E6G9S0R2,2218537,2026-04-23,2026-09-28T13:10:43+00:00,247483,295,213,212,0,1,295,213,212,0,1,212,0,1,294,1,1,1,0,295,212,0,1,True,True
PRC_Q2I6A0P3E1H0S1B7R4L5Y5L8W0Q8J4,2218532,2026-04-23,2026-09-28T13:10:44+00:00,247508,295,187,187,0,0,295,187,187,0,0,187,0,0,294,1,1,1,0,295,187,0,0,True,True
PRC_Y2R6W0O3B1D0B1F7B4G1E5T1F6G5K9,2218531,2026-04-23,2026-09-28T13:10:45+00:00,247507,295,184,178,0,6,295,184,178,0,6,178,0,6,294,1,1,1,0,295,178,0,6,True,True
PRC_H2C6S0J4R1G5Z1J3N4Z9S1N9E3N1H7,2218526,2026-04-23,2026-09-28T13:10:47+00:00,247573,295,182,182,0,0,295,182,182,0,0,182,0,0,294,1,1,1,0,295,182,0,0,True,True
PRC_A2L6G0E3U2A3E1V8H3R0N4K4N0S2I8,2218524,2026-04-23,2026-09-28T13:10:48+00:00,247502,295,193,192,0,1,295,193,192,0,1,192,0,1,294,1,1,1,0,295,192,0,1,True,True
PRC_U2D6E0X4M1L4V1R1K0Q9L4L9G3M5E4,2218520,2026-04-23,2026-09-28T13:10:49+00:00,247514,295,193,190,2,1,295,193,190,2,1,190,2,1,294,1,1,1,0,295,190,2,1,True,True
PRC_M2I6E0L4Z0P2F1F2K5X7D4Z7O6U5W6,2218519,2026-04-23,2026-09-28T13:10:50+00:00,247489,295,216,212,0,4,295,216,212,0,4,212,0,4,294,1,1,1,0,295,212,0,4,True,True
PRC_I2J6P0F4L0Z2B0M7M3H3Q1P4Y9S4Y2,2218518,2026-04-23,2026-09-28T13:10:52+00:00,247485,295,211,210,0,1,295,211,210,0,1,210,0,1,294,1,1,1,0,295,210,0,1,True,True
PRC_L2T6B0W4O0Q2A0L7U3F4I5V9G1S3P3,2218515,2026-04-23,2026-09-28T13:10:53+00:00,247488,295,218,214,2,2,295,218,214,2,2,214,2,2,294,1,1,1,0,295,214,2,2,True,True
PRC_E2M6G0L4Y0F2M0Z7R3Y5X4F9H3T5K3,2218514,2026-04-23,2026-09-28T13:10:54+00:00,247487,295,213,213,0,0,295,213,213,0,0,213,0,0,294,1,1,1,0,295,213,0,0,True,True
PRC_I2Z6W0M4T0Y2B0B7D3N9V1J1E5F4S4,2218509,2026-04-23,2026-09-28T13:10:55+00:00,247484,295,216,216,0,0,295,216,216,0,0,216,0,0,294,1,1,1,0,295,216,0,0,True,True
PRC_K2S6O0M4V1Q3M1A1F4S0V0N3C8P7T6,2218500,2026-04-23,2026-09-28T13:10:57+00:00,247490,295,212,205,3,4,295,212,205,3,4,205,3,4,294,1,1,1,0,295,205,3,4,True,True
PRC_W2V6T0T4S2T0A0B9A5Y5Y4X9X5F5E0,2218438,2026-04-23,2026-09-28T13:10:58+00:00,247583,295,164,153,0,11,295,164,153,0,11,153,0,11,294,1,0,1,1,295,153,0,11,True,True
PRC_S2B6S0E3C1I2Q2F0T5D1N5D2W2Q0P5,2217935,2026-04-23,2026-09-28T13:10:59+00:00,247565,295,182,182,0,0,295,182,182,0,0,182,0,0,294,1,1,1,0,295,182,0,0,True,True
PRC_R2U6A0T3Y1Q2P2E0L2U0T4Z1Y8A0B1,2217934,2026-04-23,2026-09-28T13:11:00+00:00,247563,295,180,177,0,3,295,180,177,0,3,177,0,3,294,1,1,1,0,295,177,0,3,True,True
PRC_K2L6F0X3I1X2D2Q0S4V5T1V9O6Z1D2,2217933,2026-04-23,2026-09-28T13:11:01+00:00,247557,295,175,175,0,0,295,175,175,0,0,175,0,0,294,1,1,1,0,295,175,0,0,True,True
PRC_E2S6X0U3P1P2H2C0R5L0T0X0J5V9A6,2217932,2026-04-23,2026-09-28T13:11:02+00:00,247568,295,182,182,0,0,295,182,182,0,0,182,0,0,294,1,1,1,0,295,182,0,0,True,True
PRC_E2R6W0M3S1Q2A2J0T4N7S3W7O7K2L2,2217931,2026-04-23,2026-09-28T13:11:04+00:00,247562,295,179,178,1,0,295,179,178,1,0,178,1,0,294,1,0,1,1,295,178,1,0,True,True
PRC_G2T6G0R3U1F2C2W0C5Z3E0Z2C8R4W5,2217930,2026-04-23,2026-09-28T13:11:05+00:00,247566,295,181,173,2,6,295,181,173,2,6,173,2,6,294,1,0,1,1,295,173,2,6,True,True
PRC_D2I6Z0X3Z1M2V2T0Y5W4R5X3V1X3N0,2217929,2026-04-23,2026-09-28T13:11:06+00:00,247567,295,183,183,0,0,295,183,183,0,0,183,0,0,294,1,1,1,0,295,183,0,0,True,True
PRC_A2G6N0A3M1X2X2W0Z2U2D3A3Y7Z3A0,2217928,2026-04-23,2026-09-28T13:11:07+00:00,247554,295,167,158,5,4,295,167,158,5,4,158,5,4,294,1,0,1,1,295,158,5,4,True,True
PRC_S2G6C0H3W1V2W2M0T4L3Z5G2Q2H0W9,2217927,2026-04-23,2026-09-28T13:11:08+00:00,247561,295,181,181,0,0,295,181,181,0,0,181,0,0,294,1,1,1,0,295,181,0,0,True,True
PRC_Y2Z6D0S3R1O2J2H0Q3V2Z1K4Z8T3B9,2217925,2026-04-23,2026-09-28T13:11:10+00:00,247556,295,176,175,0,1,295,176,175,0,1,175,0,1,294,1,1,1,0,295,175,0,1,True,True
PRC_V2V6S0J3H1C3S1X2J3A8D2G0O7F4G2,2217924,2026-04-23,2026-09-28T13:11:10+00:00,247569,295,182,178,1,3,295,182,178,1,3,178,1,3,294,1,1,1,0,295,178,1,3,True,True
PRC_P2U6F0K3O1K2S2Y0P3R7Z3H4O9W0W7,2217923,2026-04-23,2026-09-28T13:11:12+00:00,247559,295,177,175,1,1,295,177,175,1,1,175,1,1,294,1,0,1,1,295,175,1,1,True,True
PRC_I2Y6V0Z3M1K2X2E0T3X5C2J7W0S5B8,2217921,2026-04-23,2026-09-28T13:11:13+00:00,247558,295,176,170,1,5,295,176,170,1,5,170,1,5,294,1,1,1,0,295,170,1,5,True,True
PRC_A2B6N0T3A1W2N2F0Z2G7P1A3R1B0K5,2217920,2026-04-23,2026-09-28T13:11:14+00:00,247555,295,173,171,0,2,295,173,171,0,2,171,0,2,294,1,1,1,0,295,171,0,2,True,True
PRC_D2B6K0A3G1H9P2Q1H4N2H3Y6O2P9Q1,2217919,2026-04-23,2026-09-28T13:11:17+00:00,247541,295,175,174,0,1,295,175,174,0,1,174,0,1,294,1,1,1,0,295,174,0,1,True,True
PRC_X2F6D0E3F1J0T1W1J3G0K4C3A4H4O0,2217918,2026-04-23,2026-09-28T13:11:18+00:00,247531,295,171,138,11,22,295,171,138,11,22,138,11,22,294,1,1,1,0,295,138,11,22,True,True
PRC_R2O6N0Z3E1R0L1W1P1Y1I4R8B9X5Z7,2217917,2026-04-23,2026-09-28T13:11:19+00:00,247530,295,179,177,1,1,295,179,177,1,1,177,1,1,294,1,1,1,0,295,177,1,1,True,True
PRC_P2Z6O0Z3H1E0B1Y1U1B2D5L6I4T7U5,2217914,2026-04-23,2026-09-28T13:11:20+00:00,247529,295,175,175,0,0,295,175,175,0,0,175,0,0,294,1,1,1,0,295,175,0,0,True,True
PRC_Y2C6L0T3Z1J9M2O1Y4Q3T4J2V0U7Y0,2217912,2026-04-23,2026-09-28T13:11:21+00:00,247540,295,175,173,0,2,295,175,173,0,2,173,0,2,294,1,1,1,0,295,173,0,2,True,True
PRC_G2H6M0F3M1V0D1O1B1W8W5G0R6V0V6,2217910,2026-04-23,2026-09-28T13:11:22+00:00,247535,295,175,175,0,0,295,175,175,0,0,175,0,0,294,1,1,1,0,295,175,0,0,True,True
PRC_A2D6O0E3Y1E0M1I1W2I0D5O1O2M1T4,2217909,2026-04-23,2026-09-28T13:11:24+00:00,247534,295,177,177,0,0,295,177,177,0,0,177,0,0,294,1,1,1,0,295,177,0,0,True,True
PRC_A2W6E0L3N1I0V1P1S0Y3E1N2P2V8F2,2217907,2026-04-23,2026-09-28T13:11:25+00:00,247528,295,177,177,0,0,295,177,177,0,0,177,0,0,294,1,0,1,1,295,177,0,0,True,True
PRC_Z2Y6D0Q3T1I1I1Z6E0G4Y1B4S0R5M8,2217904,2026-04-23,2026-09-28T13:11:26+00:00,247548,295,173,173,0,0,295,173,173,0,0,173,0,0,294,1,1,1,0,295,173,0,0,True,True
PRC_R2R6Z0B3I1K0Q1O8V1C0T4M8D5O3K5,2217903,2026-04-23,2026-09-28T13:11:27+00:00,247547,295,172,168,1,3,295,172,168,1,3,168,1,3,294,1,1,1,0,295,168,1,3,True,True
PRC_P2Q6F0K3H1I0T1J8S0P9Q5D4F1I3T9,2217902,2026-04-23,2026-09-28T13:11:28+00:00,247546,295,174,174,0,0,295,174,174,0,0,174,0,0,294,1,1,1,0,295,174,0,0,True,True
PRC_H2L6V0Z3L1P0U1Y8S0O5P0V9E5F5G5,2217901,2026-04-23,2026-09-28T13:11:29+00:00,247545,295,173,170,1,2,295,173,170,1,2,170,1,2,294,1,1,1,0,295,170,1,2,True,True
PRC_L2D6W0U3A1G0D1B4R1A2T1V1P8C7N2,2217898,2026-04-23,2026-09-28T13:11:31+00:00,247544,295,172,170,1,1,295,172,170,1,1,170,1,1,294,1,1,1,0,295,170,1,1,True,True
PRC_V2M6Y0C3G1L0W1I1J0Z7H4B3L8X7N3,2217897,2026-04-23,2026-09-28T13:11:32+00:00,247503,295,197,196,0,1,295,197,196,0,1,196,0,1,294,1,1,1,0,295,196,0,1,True,True
PRC_M2Y6P0F3F1T0F1B1S1T2J5X2W1W1I0,2217895,2026-04-23,2026-09-28T13:11:34+00:00,247504,295,198,197,0,1,295,198,197,0,1,197,0,1,294,1,1,1,0,295,197,0,1,True,True
PRC_L2Y6M0J3E1Z0V1N0C3B6B4K1O9P2W8,2217894,2026-04-23,2026-09-28T13:11:36+00:00,247501,295,193,191,0,2,295,193,191,0,2,191,0,2,294,1,1,1,0,295,191,0,2,True,True
PRC_D2R6O0Z3A1K0V1F0N1E4A2E1F2S8E0,2217893,2026-04-23,2026-09-28T13:11:38+00:00,247500,295,191,191,0,0,295,191,191,0,0,191,0,0,294,1,1,1,0,295,191,0,0,True,True
PRC_I2W6W0O3Q1B0I1W1B0U2M1S0U8F6C0,2217889,2026-04-23,2026-09-28T13:11:39+00:00,247499,295,185,185,0,0,295,185,185,0,0,185,0,0,294,1,1,1,0,295,185,0,0,True,True
PRC_A2U6M0R3S1I0B1W0H3K1Y2E7X6U5P8,2217887,2026-04-23,2026-09-28T13:11:40+00:00,247498,295,201,200,0,1,295,201,200,0,1,200,0,1,294,1,1,1,0,295,200,0,1,True,True
PRC_S2O6X0W3M1F0P1J0P4S2O1Y4W5D8U2,2217882,2026-04-23,2026-09-28T13:11:41+00:00,247496,295,200,199,0,1,295,200,199,0,1,199,0,1,294,1,1,1,0,295,199,0,1,True,True
PRC_M2H6Q0E3A2L3O1B8C3F1Q2C4C2Q5C2,2217881,2026-04-23,2026-09-28T13:11:42+00:00,247495,295,200,199,0,1,295,200,199,0,1,199,0,1,294,1,1,1,0,295,199,0,1,True,True
PRC_Z2H6E0H3W2W0U1W5X2M3C0B1N6B4H9,2217875,2026-04-23,2026-09-28T13:11:43+00:00,247480,295,220,220,0,0,295,220,220,0,0,220,0,0,294,1,1,1,0,295,220,0,0,True,True
PRC_A2X6M0C2A2K5S1P0I2L8B0N3W6F7Q3,2217404,2026-04-23,2026-09-28T13:11:44+00:00,247525,295,176,174,0,2,295,176,174,0,2,174,0,2,294,1,1,1,0,295,174,0,2,True,True
PRC_C2T6N0J2N2B4Q1C3X5B0J3L6L0X8I3,2217396,2026-04-23,2026-09-28T13:11:45+00:00,247512,295,189,189,0,0,295,189,189,0,0,189,0,0,294,1,1,1,0,295,189,0,0,True,True
PRC_T2Q6K0W2M2U4P1J5Y2R2K1A3S4B1W1,2217393,2026-04-23,2026-09-28T13:11:47+00:00,247511,295,189,188,1,0,295,189,188,1,0,188,1,0,294,1,1,1,0,295,188,1,0,True,True
PRC_X2X6V0W2V1V1D2E0C1C0A2B7A0H0I0,2216910,2026-04-23,2026-09-28T13:11:47+00:00,247523,295,176,175,0,1,295,176,175,0,1,175,0,1,294,1,1,1,0,295,175,0,1,True,True
PRC_R2R6Z0A1Y2Z8X1Y6W1W5E2D7D6B4C9,2216458,2026-04-23,2026-09-28T13:11:49+00:00,247522,295,173,166,3,4,295,173,166,3,4,166,3,4,294,1,1,1,0,295,166,3,4,True,True
PRC_H2H6F0G1B2C6B0Z9Z0Y3Y2G9H8F1G7,2216371,2026-04-23,2026-09-28T13:11:50+00:00,247506,295,165,155,0,10,295,165,155,0,10,155,0,10,294,1,0,1,1,295,155,0,10,True,True
PRC_O2N6C0C1B2B0Z1A0Y4Z9H5H8F5E7F0,2216255,2026-04-23,2026-09-28T13:11:51+00:00,247491,295,207,202,3,2,295,207,202,3,2,202,3,2,294,1,1,1,0,295,202,3,2,True,True
PRC_P2Q6O0P1N1O5M1M8U3T7T4R6S2R4R2,2216207,2026-04-23,2026-09-28T13:11:52+00:00,247497,295,199,196,0,3,295,199,196,0,3,196,0,3,294,1,1,1,0,295,196,0,3,True,True
PRC_V2W5U1V2T1T8B1C5A5B3Z0A1Y4Y0G2,2216013,2026-04-23,2026-09-28T13:11:55+00:00,247481,295,215,215,0,0,295,215,215,0,0,215,0,0,294,1,1,1,0,295,215,0,0,True,True
PRC_B2C5A1A2Z2Z9X0Z9N2O4M1N0L2K0K6,2215900,2026-04-23,2026-09-28T13:11:56+00:00,247539,295,176,175,1,0,295,176,175,1,0,175,1,0,294,1,1,1,0,295,175,1,0,True,True
PRC_S2R5R1Z2Z3Y0Z1X0X0W8W5E5E9D5B4,2215770,2026-04-23,2026-09-28T13:11:57+00:00,247560,295,176,172,2,2,295,176,172,2,2,172,2,2,294,1,0,1,1,295,172,2,2,True,True
PRC_V2U5C1C2A2B4Z1A2Z2Z2V2V0T1U3T4,2215741,2026-04-23,2026-09-28T13:11:58+00:00,247549,295,174,174,0,0,295,174,174,0,0,174,0,0,294,1,1,1,0,295,174,0,0,True,True
PRC_U2T5R1S2Q2Q3Z1Z6X2Y8X0V4V7D5E2,2215601,2026-04-23,2026-09-28T13:11:59+00:00,247505,295,186,183,1,2,295,186,183,1,2,183,1,2,294,1,1,1,0,295,183,1,2,True,True
PRC_W2E5F1D2C0C9J1H6I4G9H5F7G1C8C1,2215184,2026-04-23,2026-09-28T13:12:00+00:00,247516,295,186,186,0,0,295,186,186,0,0,186,0,0,294,1,1,1,0,295,186,0,0,True,True
PRC_K2K5I1J2H0I4Q1Q3O1P8O1M5M3I3I9,2215037,2026-04-23,2026-09-28T13:12:01+00:00,247580,295,175,175,0,0,295,175,175,0,0,175,0,0,294,1,1,1,0,295,175,0,0,True,True
PRC_E2C5D1B2B0J1I2I1G4H8F4G4N6P1N0,2214945,2026-04-23,2026-09-28T13:12:04+00:00,247574,295,184,183,0,1,295,184,183,0,1,183,0,1,294,1,1,1,0,295,183,0,1,True,True
PRC_L2J5I1I2Q0Q3P1Q6O3O4N0V4V1U7U6,2214928,2026-04-23,2026-09-28T13:12:05+00:00,247551,295,174,173,0,1,295,174,173,0,1,173,0,1,294,1,0,1,1,295,173,0,1,True,True
PRC_D2C5C0K9J0J2H1I6G1H9P5N9O2M9N5,2214653,2026-04-23,2026-09-28T13:12:06+00:00,247486,295,213,208,1,4,295,213,208,1,4,208,1,4,294,1,1,1,0,295,208,1,4,True,True
PRC_S2R5P1Q1O0O6W1X5V4W5U4T3T4P0Q5,2214105,2026-04-23,2026-09-28T13:12:08+00:00,247564,295,178,178,0,0,295,178,178,0,0,178,0,0,294,1,1,1,0,295,178,0,0,True,True
PRC_N2L5M1K1L0T5T1S1Q3R4P3Q4Y7Y1W5,2213976,2026-04-23,2026-09-28T13:12:09+00:00,247538,295,167,166,0,1,295,167,166,0,1,166,0,1,294,1,1,1,0,295,166,0,1,True,True
PRC_D2C5A0B7W1X8V1V7U1V1T0T1B8A8A4,2213872,2026-04-23,2026-09-28T13:12:10+00:00,247510,295,187,183,3,1,295,187,183,3,1,183,3,1,294,1,1,1,0,295,183,3,1,True,True
PRC_H2I5G0H7F1G8O1O7N0L9M4K4L3G2H9,2213870,2026-04-23,2026-09-28T13:12:11+00:00,247509,295,184,180,1,3,295,184,180,1,3,180,1,3,294,1,1,1,0,295,180,1,3,True,True
PRC_H2F5E1F0M3N0M0M9K3L3K0F6G9E2E2,2213826,2026-04-23,2026-09-28T13:12:12+00:00,247550,295,175,175,0,0,295,175,175,0,0,175,0,0,294,1,1,1,0,295,175,0,0,True,True
PRC_E2F5N1N0L1M5K1L6J3F6G5E4F4C2K7,2213720,2026-04-23,2026-09-28T13:12:13+00:00,247537,295,168,167,0,1,295,168,167,0,1,167,0,1,294,1,1,1,0,295,167,0,1,True,True
PRC_C2B5B0Z9A2V9W2U0V5T5U4S2T0B7Z1,2213444,2026-04-23,2026-09-28T13:12:15+00:00,247579,295,174,173,0,1,295,174,173,0,1,173,0,1,294,1,1,1,0,295,173,0,1,True,True
PRC_R2S5Q0R9M2N5L2M1K0L1J3J9S7Q2Q5,2213325,2026-04-23,2026-09-28T13:12:16+00:00,247527,295,169,169,0,0,295,169,169,0,0,169,0,0,294,1,1,1,0,295,169,0,0,True,True
PRC_M2M5I0J9H2H4G1E4F2N8O0M8M5L0J8,2213318,2026-04-23,2026-09-28T13:12:17+00:00,247494,295,197,196,0,1,295,197,196,0,1,196,0,1,294,1,1,1,0,295,196,0,1,True,True
PRC_W2X5W0U8D1K1I1H4G3C6B5B6A1Z6H9,2212760,2026-04-23,2026-09-28T13:12:18+00:00,247479,295,217,217,0,0,295,217,217,0,0,217,0,0,294,1,1,1,0,295,217,0,0,True,True
PRC_M2M5U0V7T2S8S1Q5R2N2N4L9M4L4J3,2212493,2026-04-23,2026-09-28T13:12:19+00:00,247520,295,177,171,3,3,295,177,171,3,3,171,3,3,294,1,0,1,1,295,171,3,3,True,True
PRC_L2I5R0Q8P0R8X1W2V5U0B5A9Z8P6Y7,2212254,2026-04-23,2026-09-28T13:12:20+00:00,247524,295,171,168,0,3,295,171,168,0,3,168,0,3,294,1,1,1,0,295,168,0,3,True,True
PRC_J2K5I0J6H1H1G2O2O0M9N1M2M6K3L9,2211811,2026-04-23,2026-09-28T13:12:21+00:00,247493,295,195,194,0,1,295,195,194,0,1,194,0,1,294,1,1,1,0,295,194,0,1,True,True
PRC_W2D5E0D7D2B1C0A8W4X8V2V1U8V4T0,2211707,2026-04-23,2026-09-28T13:12:22+00:00,247478,295,214,214,0,0,295,214,214,0,0,214,0,0,294,1,1,1,0,295,214,0,0,True,True
PRC_M2U5V0T6S2S5Q1R0Z0A0Y5Y1W2V5W7,2211082,2026-04-23,2026-09-28T13:12:24+00:00,247517,295,185,180,0,5,295,185,180,0,5,180,0,5,294,1,1,1,0,295,180,0,5,True,True
PRC_Z2X5W0X4E2F1D1E5C0D8B3J1K9I7I0,2210485,2026-04-23,2026-09-28T13:12:25+00:00,247515,295,188,186,0,2,295,188,186,0,2,186,0,2,294,1,1,1,0,295,186,0,2,True,True
PRC_O2O5N0O4M1M8U0T9N0L6M5L6J1J2R2,2210409,2026-04-23,2026-09-28T13:12:26+00:00,247578,295,176,176,0,0,295,176,176,0,0,176,0,0,294,1,1,1,0,295,176,0,0,True,True
PRC_L2T5T0S4Q2R5P1P7L2M7K4L8J4J6I9,2210372,2026-04-23,2026-09-28T13:12:27+00:00,247518,295,187,187,0,0,295,187,187,0,0,187,0,0,294,1,1,1,0,295,187,0,0,True,True
PRC_F2F5D0E4C2C3B1J0K3I0I2G6H6G8G4,2210355,2026-04-23,2026-09-28T13:12:29+00:00,247513,295,193,193,0,0,295,193,193,0,0,193,0,0,294,1,1,1,0,295,193,0,0,True,True
PRC_L2K5K0J4J2R9R1Q0O0P5N4O6W5W9U2,2210346,2026-04-23,2026-09-28T13:12:30+00:00,247526,295,163,162,0,1,295,163,162,0,1,162,0,1,294,1,1,1,0,295,162,0,1,True,True
PRC_X2W5V0T3P1Q8P1O5M1V1T1U8T9R9Z2,2209565,2026-04-23,2026-09-28T13:12:31+00:00,247553,295,168,168,0,0,295,168,168,0,0,168,0,0,294,1,1,1,0,295,168,0,0,True,True
PRC_Z2Y5W0X3V2D4C1B6C5D8K0J4I1H8I9,2209418,2026-04-23,2026-09-28T13:12:32+00:00,247492,295,211,210,0,1,295,211,210,0,1,210,0,1,294,1,1,1,0,295,210,0,1,True,True
PRC_H2G5H0F3F1N2O1M4N2L6K5K9S3S2R3,2208906,2026-04-23,2026-09-28T13:12:33+00:00,247543,295,169,168,1,0,295,169,168,1,0,168,1,0,294,1,1,1,0,295,168,1,0,True,True
PRC_A2B4J1J2I0I5H1F5F2C6C2B8Z6Z6X4,2208119,2026-04-23,2026-09-28T13:12:34+00:00,247542,295,156,153,1,2,295,156,153,1,2,153,1,2,294,1,1,1,0,295,153,1,2,True,True
PRC_K2L4J1K2I2J4E1F4D3B9C0A6B1J8J3,2207235,2026-04-23,2026-09-28T13:12:36+00:00,247533,295,174,162,7,5,295,174,162,7,5,162,7,5,294,1,1,1,0,295,162,7,5,True,True
PRC_O2D4D1C2C1B8B1A1H3I2H5H1F4G7E5,2206987,2026-04-23,2026-09-28T13:12:36+00:00,247532,295,175,172,1,2,295,175,172,1,2,172,1,2,294,1,1,1,0,295,172,1,2,True,True
PRC_V2T4U1T1R2R1N1O0M2N5L4J3K5S8T2,2205762,2026-04-23,2026-09-28T13:12:38+00:00,247482,295,215,215,0,0,295,215,215,0,0,215,0,0,294,1,1,1,0,295,215,0,0,True,True
PRC_B2A4Z1X0F0G1F1D2C5Y0Z0X3W2U2D4,2204607,2026-04-23,2026-09-28T13:12:39+00:00,247536,295,173,172,0,1,295,173,172,0,1,172,0,1,294,1,1,1,0,295,172,0,1,True,True
PRC_V2V4T0U8C2D7B1B4A0A2Z4H9H5G0G4,2203595,2026-04-23,2026-09-28T13:12:40+00:00,247570,295,173,173,0,0,295,173,173,0,0,173,0,0,294,1,1,1,0,295,173,0,0,True,True
PRC_Y2W4X0V8W0V1C1D6B4C1A1Z7Z0H1H1,2202963,2026-04-23,2026-09-28T13:12:41+00:00,247552,295,170,169,0,1,295,170,169,0,1,169,0,1,294,1,1,1,0,295,169,0,1,True,True
PRC_E2E4D0J5F3E0D1C0K1H3G2O3O1M1L1,2200233,2026-04-23,2026-09-28T13:12:42+00:00,247577,295,179,179,0,0,295,179,179,0,0,179,0,0,294,1,1,1,0,295,179,0,0,True,True
PRC_P2M6Y0Z4N1O7K2D0V0H3F4A6H3K4E6,2218430,2026-04-18,2026-09-28T13:12:43+00:00,247399,295,215,214,0,1,295,215,214,0,1,214,0,1,294,1,1,1,0,295,214,0,1,True,True
PRC_K2S6L0G4V1G7J2S0P0M2U5G4P5D6D4,2218429,2026-04-18,2026-09-28T13:12:44+00:00,247398,295,213,184,4,25,295,213,184,4,25,184,4,25,294,1,1,1,0,295,184,4,25,True,True
PRC_V2D6D0H4H1E7R1Z9K2W0S3F5I4G9P6,2218428,2026-04-18,2026-09-28T13:12:46+00:00,247401,295,214,212,0,2,295,214,212,0,2,212,0,2,294,1,1,1,0,295,212,0,2,True,True
PRC_N2T5S0R3N1M4L1K3Q3P4P0X2U6T9C5,2209104,2026-04-18,2026-09-28T13:12:47+00:00,247400,295,213,198,1,14,295,213,198,1,14,198,1,14,294,1,1,1,0,295,198,1,14,True,True
PRC_O2Q6I0Q3C3M1G1L9R5O7O5G2U3E7Y8,2217955,2026-04-10,2026-09-28T13:12:48+00:00,247389,295,233,221,5,7,295,233,221,5,7,221,5,7,294,1,1,1,0,295,221,5,7,True,True
PRC_A2B6L0W3M3C1I1F9V5R7S1W9G8A5N0,2217954,2026-04-10,2026-09-28T13:12:49+00:00,247388,295,232,222,5,5,295,232,222,5,5,222,5,5,294,1,1,1,0,295,222,5,5,True,True
PRC_B2T6J0X3S3J1Q1B9S5R6I4N1Y7H3D3,2217953,2026-04-10,2026-09-28T13:12:50+00:00,247387,295,228,216,5,7,295,228,216,5,7,216,5,7,294,1,1,1,0,295,216,5,7,True,True
PRC_U2T6I0G3O3F1F1L9D5W6Y0T0O7A6H3,2217952,2026-04-10,2026-09-28T13:12:52+00:00,247386,295,233,217,7,9,295,233,217,7,9,217,7,9,294,1,1,1,0,295,217,7,9,True,True
PRC_Z2U6A0S3H3E1N1V9V5L4N3O1W6L3L2,2217951,2026-04-10,2026-09-28T13:12:53+00:00,247385,295,230,219,6,5,295,230,219,6,5,219,6,5,294,1,1,1,0,295,219,6,5,True,True
PRC_N2L6Z0Z3E3O1J1Z9K5B9V4L7Z8G1W0,2217950,2026-04-10,2026-09-28T13:12:54+00:00,247384,295,235,225,5,5,295,235,225,5,5,225,5,5,294,1,1,1,0,295,225,5,5,True,True
PRC_W2R6V0F3A3Q1Q1Q9I5O8O3F8F2L3E7,2217949,2026-04-10,2026-09-28T13:12:55+00:00,247383,295,235,224,6,5,295,235,224,6,5,224,6,5,294,1,1,1,0,295,224,6,5,True,True
PRC_U2J6M0P3I3U1S1O9Q5Y7U0E9K4Q9L8,2217948,2026-04-10,2026-09-28T13:12:57+00:00,247382,295,237,226,5,6,295,237,226,5,6,226,5,6,294,1,1,1,0,295,226,5,6,True,True
PRC_S2C6R0U3J3O1T1B8J1C8E5Z8U0V5T5,2217947,2026-04-10,2026-09-28T13:12:58+00:00,247381,295,235,223,6,6,295,235,223,6,6,223,6,6,294,1,1,1,0,295,223,6,6,True,True
PRC_V2G6F0F3Z3B1A1E9P5Z3E4A2Q0S2A5,2217946,2026-04-10,2026-09-28T13:12:59+00:00,247380,295,234,222,5,7,295,234,222,5,7,222,5,7,294,1,1,1,0,295,222,5,7,True,True
PRC_X2P6H0M3Z3O1B1H8O1N6T2C8G0Z3J7,2217945,2026-04-10,2026-09-28T13:13:00+00:00,247379,295,234,222,5,7,295,234,222,5,7,222,5,7,294,1,1,1,0,295,222,5,7,True,True
PRC_L2N6T0Z3Y3K1J1R9K5T8W3C0K2R4N4,2217944,2026-04-10,2026-09-28T13:13:01+00:00,247378,295,235,211,8,16,295,235,211,8,16,211,8,16,294,1,1,1,0,295,211,8,16,True,True
PRC_M2T6N0I3M3Q1Q1F9M5O8E0T8J3L0X1,2217943,2026-04-10,2026-09-28T13:13:02+00:00,247377,295,234,214,10,10,295,234,214,10,10,214,10,10,294,1,1,1,0,295,214,10,10,True,True
PRC_G2I6X0D3F3A1M1R9L5U7G4X2L0C2G6,2217942,2026-04-10,2026-09-28T13:13:04+00:00,247376,295,236,216,6,14,295,236,216,6,14,216,6,14,294,1,1,1,0,295,216,6,14,True,True
PRC_F2V6U0V3P3D1N1S9X5L7T1Z8Q6H6L7,2217941,2026-04-10,2026-09-28T13:13:04+00:00,247375,295,237,218,7,12,295,237,218,7,12,218,7,12,294,1,1,1,0,295,218,7,12,True,True
PRC_A2N6O0H3U3T1X1P9I5H6X5I3O0S1M3,2217940,2026-04-10,2026-09-28T13:13:06+00:00,247374,295,237,224,6,7,295,237,224,6,7,224,6,7,294,1,1,1,0,295,224,6,7,True,True
PRC_Z2J6M0O3U3V1Y1D9R5O6I2I7W6H7P6,2217939,2026-04-10,2026-09-28T13:13:07+00:00,247373,295,235,220,5,10,295,235,220,5,10,220,5,10,294,1,1,1,0,295,220,5,10,True,True
PRC_J2P6C0A3K3B1T1K9R5C4W5H4W0V6K1,2217938,2026-04-10,2026-09-28T13:13:08+00:00,247372,295,244,213,12,19,295,244,213,12,19,213,12,19,294,1,1,1,0,295,213,12,19,True,True
PRC_W2P6F0D3T1X2C2T0K3T9B3L7K5E1G5,2217936,2026-03-31,2026-09-28T13:13:09+00:00,246771,295,177,175,0,2,295,177,175,0,2,175,0,2,294,1,0,1,1,295,175,0,2,True,True
PRC_Y2Z6D0X3D1A0I1P1U0E0O0F2F8D0W5,2217915,2026-03-31,2026-09-28T13:13:10+00:00,246760,295,175,174,0,1,295,175,174,0,1,174,0,1,294,1,0,1,1,295,174,0,1,True,True
PRC_B2W6S0D3P1C0D1W4G0P1G0A7Q1B1T4,2217905,2026-03-31,2026-09-28T13:13:12+00:00,246766,295,179,179,0,0,295,179,179,0,0,179,0,0,294,1,0,1,1,295,179,0,0,True,True
PRC_K2O6C0M3N1L0M1C3S5C9E1L1I1B5D1,2217900,2026-03-31,2026-09-28T13:13:13+00:00,246765,295,177,175,0,2,295,177,175,0,2,175,0,2,294,1,0,1,1,295,175,0,2,True,True
PRC_S2V6F0L3M1E0F1E4Y1Q1M2O2C7A9Z1,2217899,2026-03-31,2026-09-28T13:13:14+00:00,246767,295,179,171,5,3,295,179,171,5,3,171,5,3,294,1,0,1,1,295,171,5,3,True,True
PRC_R2P6W0M3C1J7W1H9A3R6N4J9L7G8P8,2217892,2026-03-31,2026-09-28T13:13:15+00:00,246740,295,200,199,0,1,295,200,199,0,1,199,0,1,294,1,0,1,1,295,199,0,1,True,True
PRC_X2Y6Q0Q3I3M0Y1V3B5A2X0B6M6H0S4,2217888,2026-03-31,2026-09-28T13:13:16+00:00,246715,295,213,213,0,0,295,213,213,0,0,213,0,0,294,1,0,1,1,295,213,0,0,True,True
PRC_Z2J6P0Q3I1V0K1Q0E2Q3D5H1V2J9S7,2217886,2026-03-31,2026-09-28T13:13:19+00:00,246727,295,208,208,0,0,295,208,208,0,0,208,0,0,294,1,0,1,1,295,208,0,0,True,True
PRC_D2B6C0X3E2I4L1U3P4H2K3N5Y5C7T3,2217884,2026-03-31,2026-09-28T13:13:20+00:00,246726,295,208,203,3,2,295,208,203,3,2,203,3,2,294,1,0,1,1,295,203,3,2,True,True
PRC_V2B6X0K3Y1L7X1E9P3U8Q0N0U6N8O4,2217880,2026-03-31,2026-09-28T13:13:21+00:00,246739,295,197,193,0,4,295,197,193,0,4,193,0,4,294,1,0,1,1,295,193,0,4,True,True
PRC_G2B6H0K3Q2J0V1X5E2B4O1E8S9W7V7,2217879,2026-03-31,2026-09-28T13:13:23+00:00,246773,295,174,174,0,0,295,174,174,0,0,174,0,0,294,1,0,1,1,295,174,0,0,True,True
PRC_G2R6N0L3S2K0M1H5G2Q8I1C6M9V3U4,2217878,2026-03-31,2026-09-28T13:13:23+00:00,246774,295,176,176,0,0,295,176,176,0,0,176,0,0,294,1,0,1,1,295,176,0,0,True,True
PRC_T2F6A0W3A2V0U1O5D3I0W4L3L0C3D5,2217877,2026-03-31,2026-09-28T13:13:25+00:00,246772,295,173,173,0,0,295,173,173,0,0,173,0,0,294,1,0,1,1,295,173,0,0,True,True
PRC_L2T6K0E3O2V5M2I0I1M0J3P5R8Z4A7,2217876,2026-03-31,2026-09-28T13:13:26+00:00,246741,295,199,194,2,3,295,199,194,2,3,194,2,3,294,1,0,1,1,295,194,2,3,True,True
PRC_X2W6P0A3C1Z7M1I6V0Y1E1R8O6G0U5,2217874,2026-03-31,2026-09-28T13:13:27+00:00,246724,295,209,207,1,1,295,209,207,1,1,207,1,1,294,1,0,1,1,295,207,1,1,True,True
PRC_R2B6A0H2D2W5S1T7N2N1P3Y8B2O7E3,2217837,2026-03-31,2026-09-28T13:13:28+00:00,246776,295,154,133,12,9,295,154,133,12,9,133,12,9,294,1,0,1,1,295,133,12,9,True,True
PRC_O2F6Y0I3L1G7D0X9S2B6T4P8W1C8A6,2217592,2026-03-31,2026-09-28T13:13:30+00:00,246718,295,210,206,2,2,295,210,206,2,2,206,2,2,294,1,0,1,1,295,206,2,2,True,True
PRC_U2E6I0M3R1H7C1Z5B2W6S1M7H7M7L0,2217591,2026-03-31,2026-09-28T13:13:31+00:00,246721,295,211,209,1,1,295,211,209,1,1,209,1,1,294,1,0,1,1,295,209,1,1,True,True
PRC_M2N6E0J2Q2P5D1Y6Q5R8C2P9J1M2F4,2217403,2026-03-31,2026-09-28T13:13:32+00:00,246753,295,191,191,0,0,295,191,191,0,0,191,0,0,294,1,0,1,1,295,191,0,0,True,True
PRC_F2P6N0I2D2H5E1O6M5R7U1C3R3O7H0,2217402,2026-03-31,2026-09-28T13:13:33+00:00,246754,295,171,99,38,34,295,171,99,38,34,99,38,34,294,1,0,1,1,295,99,38,34,True,True
PRC_I2Y6H0B2X2B5V1Q0S2J8X5L9T1W8U2,2217401,2026-03-31,2026-09-28T13:13:34+00:00,246757,295,177,176,0,1,295,177,176,0,1,176,0,1,294,1,0,1,1,295,176,0,1,True,True
PRC_V2D6O0Q2W2Y5Z1T0X2V9K4P1S4Y2C1,2217400,2026-03-31,2026-09-28T13:13:35+00:00,246756,295,179,178,0,1,295,179,178,0,1,178,0,1,294,1,0,1,1,295,178,0,1,True,True
PRC_C2G6Z0E2N2Y4M1I3M5O3N3I6H4S4Z4,2217398,2026-03-31,2026-09-28T13:13:36+00:00,246729,295,198,197,0,1,295,198,197,0,1,197,0,1,294,1,0,1,1,295,197,0,1,True,True
PRC_I2G6X0U2K2F4E1T3X5Y1X3E2D3B4B3,2217397,2026-03-31,2026-09-28T13:13:37+00:00,246730,295,201,198,0,3,295,201,198,0,3,198,0,3,294,1,0,1,1,295,198,0,3,True,True
PRC_F2E6Q0N2J2I4F1X3J4G5Q1G7U6I7G2,2217395,2026-03-31,2026-09-28T13:13:39+00:00,246731,295,201,201,0,0,295,201,201,0,0,201,0,0,294,1,0,1,1,295,201,0,0,True,True
PRC_B2I6H0A2M2V4C1A3C4U4G1J1M1C7X9,2217394,2026-03-31,2026-09-28T13:13:39+00:00,246732,295,203,202,0,1,295,203,202,0,1,202,0,1,294,1,0,1,1,295,202,0,1,True,True
PRC_J2D5V1A2M1J6I1L7T1Z4P1T4M2U0T3,2217392,2026-03-31,2026-09-28T13:13:40+00:00,246717,295,212,206,0,6,295,212,206,0,6,206,0,6,294,1,0,1,1,295,206,0,6,True,True
PRC_Q2L5K1J2T1V6Y1P6A2Y4A1X7A0Y7A5,2216778,2026-03-31,2026-09-28T13:13:42+00:00,246758,295,179,179,0,0,295,179,179,0,0,179,0,0,294,1,0,1,1,295,179,0,0,True,True
PRC_F2S5M1X2C1P6A1B6Z2S0G4A7Q1E2K4,2216771,2026-03-31,2026-09-28T13:13:45+00:00,246759,295,180,180,0,0,295,180,180,0,0,180,0,0,294,1,0,1,1,295,180,0,0,True,True
PRC_K2N5W1N2M1T8L1D6P5Y3B4P5X7D1D8,2216763,2026-03-31,2026-09-28T13:13:46+00:00,246742,295,182,181,0,1,295,182,181,0,1,181,0,1,294,1,0,1,1,295,181,0,1,True,True
PRC_L2V5P1X2F1O6D1J6G2C9V1X1A1M8X1,2216762,2026-03-31,2026-09-28T13:13:47+00:00,246755,295,174,174,0,0,295,174,174,0,0,174,0,0,294,1,0,1,1,295,174,0,0,True,True
PRC_E2K5Q1E2L1B8F1T6B4R9H1T5K3E8K4,2216761,2026-03-31,2026-09-28T13:13:48+00:00,246744,295,187,181,0,6,295,187,181,0,6,181,0,6,294,1,0,1,1,295,181,0,6,True,True
PRC_U2S6T0R1Z2A0Y1Y0X1X5V1W4E7F7D6,2216296,2026-03-31,2026-09-28T13:13:50+00:00,246719,295,207,202,1,4,295,207,202,1,4,202,1,4,294,1,0,1,1,295,202,1,4,True,True
PRC_K2E5E1J1P1W9S1K3H0D1K2T6Z9B9B3,2215109,2026-03-31,2026-09-28T13:13:50+00:00,246769,295,179,179,0,0,295,179,179,0,0,179,0,0,294,1,0,1,1,295,179,0,0,True,True
PRC_H2J5R1R2S0W8Z2Z1J1I4E1F6U7Y9W8,2215007,2026-03-31,2026-09-28T13:13:52+00:00,246775,295,173,173,0,0,295,173,173,0,0,173,0,0,294,1,0,1,1,295,173,0,0,True,True
PRC_R2N5G1U1E2X4U1R6V3N8V5D4G2Z6U7,2214884,2026-03-31,2026-09-28T13:13:53+00:00,246736,295,197,188,3,6,295,197,188,3,6,188,3,6,294,1,0,1,1,295,188,3,6,True,True
PRC_Z2G5E1M1T2G4Q1A6Z3H6M5U7P5F1G5,2214880,2026-03-31,2026-09-28T13:13:54+00:00,246735,295,199,197,1,1,295,199,197,1,1,197,1,1,294,1,0,1,1,295,197,1,1,True,True
PRC_E2V5A1T1C2C4S1B6I3M6W1I1A2T4M2,2214855,2026-03-31,2026-09-28T13:13:56+00:00,246738,295,200,200,0,0,295,200,200,0,0,200,0,0,294,1,0,1,1,295,200,0,0,True,True
PRC_K2I5J1R1P0Q7O1P4N1O8K0I3I7H0I5,2214811,2026-03-31,2026-09-28T13:13:57+00:00,246745,295,189,186,0,3,295,189,186,0,3,186,0,3,294,1,0,1,1,295,186,0,3,True,True
ARC_Y2F5U1C1X2N4G1V4G5D7I0C7D2X4J2,2214506,2026-03-31,2026-09-28T13:13:58+00:00,246748,295,194,194,0,0,295,194,194,0,0,194,0,0,294,1,0,1,1,295,194,0,0,True,True
PRC_W2U5V1T1P0P6N1P5N5N7L3U7U8S6T3,2214456,2026-03-31,2026-09-28T13:13:59+00:00,246723,295,210,209,0,1,295,210,209,0,1,209,0,1,294,1,0,1,1,295,209,0,1,True,True
PRC_B2A5I0J9H1G1E1F9O2M0L5J5F3G7F3,2214296,2026-03-31,2026-09-28T13:14:01+00:00,246770,295,178,178,0,0,295,178,178,0,0,178,0,0,294,1,0,1,1,295,178,0,0,True,True
PRC_K2J5J1I1I0Q4O1P8N3O2M2N9V9T6U8,2214009,2026-03-31,2026-09-28T13:14:02+00:00,246743,295,187,184,1,2,295,187,184,1,2,184,1,2,294,1,0,1,1,295,184,1,2,True,True
PRC_C2K5L1J0J2I2G2H0P3P6N2O6M0N4L5,2213751,2026-03-31,2026-09-28T13:14:03+00:00,246720,295,210,210,0,0,295,210,210,0,0,210,0,0,294,1,0,1,1,295,210,0,0,True,True
PRC_M2N5W0U8T2R1A1Y4Z3Y7W0S1R2S1Q2,2213066,2026-03-31,2026-09-28T13:14:04+00:00,246749,295,193,192,0,1,295,193,192,0,1,192,0,1,294,1,0,1,1,295,192,0,1,True,True
PRC_X2X5W0W6U3V0D1E2C1C9A3B7Z1H0I1,2212691,2026-03-31,2026-09-28T13:14:05+00:00,246752,295,196,195,0,1,295,196,195,0,1,195,0,1,294,1,0,1,1,295,195,0,1,True,True
PRC_Y2G5H0F4F2E4C1D3Y2Z8X1Y9W0X2V0,2212028,2026-03-31,2026-09-28T13:14:07+00:00,246761,295,181,181,0,0,295,181,181,0,0,181,0,0,294,1,0,1,1,295,181,0,0,True,True
PRC_C2C5L0L6J2I3I1H6H2P8Q3O4P2N5L4,2211101,2026-03-31,2026-09-28T13:14:08+00:00,246751,295,192,191,1,0,295,192,191,1,0,191,1,0,294,1,0,1,1,295,191,1,0,True,True
PRC_X2W5W0V4T2U4B1C5A5B5Z1A1Y7Y5U1,2210118,2026-03-31,2026-09-28T13:14:09+00:00,246746,295,190,189,0,1,295,190,189,0,1,189,0,1,294,1,0,1,1,295,189,0,1,True,True
PRC_A2Y5Z0H2F1G2E1F6D5E1L1K3L7J1K3,2209337,2026-03-31,2026-09-28T13:14:10+00:00,246763,295,184,184,0,0,295,184,184,0,0,184,0,0,294,1,0,1,1,295,184,0,0,True,True
PRC_U2T5S0O3N1M4S1R1Q1P8X4W4V6U4C1,2208967,2026-03-31,2026-09-28T13:14:12+00:00,246728,295,199,199,0,0,295,199,199,0,0,199,0,0,294,1,0,1,1,295,199,0,0,True,True
PRC_T2R5Q0Q2Y1Z0X1Y4W5X3V5D1D8C1D5,2208212,2026-03-31,2026-09-28T13:14:13+00:00,246733,295,202,197,0,5,295,202,197,0,5,197,0,5,294,1,0,1,1,295,197,0,5,True,True
PRC_I2G5H0F1G0E6F1N5N5L0K3K1J8K8R2,2208115,2026-03-31,2026-09-28T13:14:14+00:00,246734,295,200,198,0,2,295,200,198,0,2,198,0,2,294,1,0,1,1,295,198,0,2,True,True
PRC_G2H5F0N2O0M5M1L1M5K9K3G0F4F4D5,2208001,2026-03-31,2026-09-28T13:14:15+00:00,246747,295,190,185,1,4,295,190,185,1,4,185,1,4,294,1,0,1,1,295,185,1,4,True,True
PRC_J2K4I0G9H1F9G1O0O0N8N2M3K1L0S9,2207172,2026-03-31,2026-09-28T13:14:16+00:00,246737,295,200,200,0,0,295,200,200,0,0,200,0,0,294,1,0,1,1,295,200,0,0,True,True
PRC_O2N4U1V2U1U1S1R0R4Z6A0Y4Z2X5W1,2206586,2026-03-31,2026-09-28T13:14:17+00:00,246764,295,183,181,0,2,295,183,181,0,2,181,0,2,294,1,0,1,1,295,181,0,2,True,True
PRC_T2S4A1A2Z1Z1Y1W1X0F8F1E0E9C5D3,2206566,2026-03-31,2026-09-28T13:14:19+00:00,246716,295,210,210,0,0,295,210,210,0,0,210,0,0,294,1,0,1,1,295,210,0,0,True,True
PRC_R2R4Z1A1Y2Z2X1Y0W0S1S1R0R9Q9R9,2206165,2026-03-31,2026-09-28T13:14:20+00:00,246768,295,177,171,0,6,295,177,171,0,6,171,0,6,294,1,0,1,1,295,171,0,6,True,True
PRC_G2E4E1N1L1L3J1L4J3J9Y5X1X0V8W6,2205642,2026-03-31,2026-09-28T13:14:21+00:00,246725,295,203,203,0,0,295,203,203,0,0,203,0,0,294,1,0,1,1,295,203,0,0,True,True
PRC_H2H4G1H1F1F2O1M7M4L5L1K3S6S2Q2,2205527,2026-03-31,2026-09-28T13:14:22+00:00,246722,295,207,203,0,4,295,207,203,0,4,203,0,4,294,1,0,1,1,295,203,0,4,True,True
PRC_J2I4I0G9H0G4N0O8M2N5L2M1K7S4T5,2204854,2026-03-31,2026-09-28T13:14:23+00:00,246762,295,181,179,0,2,295,181,179,0,2,179,0,2,294,1,0,1,1,295,179,0,2,True,True
PRC_N2M4U0T7Q1Z7X1X4W0E5B5Z9W8V7U3,2203093,2026-03-31,2026-09-28T13:14:24+00:00,246750,295,187,186,1,0,295,187,186,1,0,186,1,0,294,1,0,1,1,295,186,1,0,True,True
PRC_J2V6R0L3V2K0Y1N3W4H9J5G6Z9H3P5,2217655,2026-03-22,2026-09-28T13:14:26+00:00,246667,295,176,176,0,0,295,176,176,0,0,176,0,0,294,1,0,1,1,295,176,0,0,True,True
PRC_A2J6Y0K3R2B1M1C4T3U1U0I0M6N5X1,2217674,2026-03-21,2026-09-28T13:14:26+00:00,246666,295,168,168,0,0,295,168,168,0,0,168,0,0,294,1,0,1,1,295,168,0,0,True,True
PRC_E2O6I0Q3W1N7J1E9W3M8D5N2U3W8V6,2217595,2026-03-21,2026-09-28T13:14:28+00:00,246665,295,167,166,1,0,295,167,166,1,0,166,1,0,294,1,0,1,1,295,166,1,0,True,True
PRC_V2X6E0Z3G1E7L2P0N0A0B4W9O2W3V3,2217594,2026-03-20,2026-09-28T13:14:29+00:00,246664,295,165,164,1,0,295,165,164,1,0,164,1,0,294,1,0,1,1,295,164,1,0,True,True
PRC_T2B6T0B3I0U6O1M0T5T1N2C3C2L7N1,2217405,2026-03-12,2026-09-28T13:14:30+00:00,246302,295,242,226,8,8,295,242,226,8,8,226,8,8,294,1,1,1,0,295,226,8,8,True,True
PRC_U2E6N0T3M1B0K1P1S1F7R5Y1K9W1M9,2217399,2026-03-12,2026-09-28T13:14:31+00:00,246317,295,193,189,2,2,295,193,189,2,2,189,2,2,294,1,1,1,0,295,189,2,2,True,True
PRC_S2M6V0Y2N0X5D2U0U1E4B4F2H1F6Z6,2216962,2026-03-12,2026-09-28T13:14:32+00:00,246342,295,181,177,1,3,295,181,177,1,3,177,1,3,294,1,1,1,0,295,177,1,3,True,True
PRC_D2I6S0S2Y0I5A2F0U2U0H3X1L3T9K9,2216958,2026-03-12,2026-09-28T13:14:33+00:00,246341,295,179,177,1,1,295,179,177,1,1,177,1,1,294,1,1,1,0,295,177,1,1,True,True
PRC_Y2M6G0C2G0G6K1Z4P3N9W1D0V0G6B9,2216955,2026-03-12,2026-09-28T13:14:34+00:00,246349,295,178,164,1,13,295,178,164,1,13,164,1,13,294,1,1,1,0,295,164,1,13,True,True
PRC_F2X5T1W2J1D8M1O2K3J3N3I2P8C5V5,2216798,2026-03-12,2026-09-28T13:14:36+00:00,246354,295,168,166,0,2,295,168,166,0,2,166,0,2,294,1,1,1,0,295,166,0,2,True,True
PRC_J2G6G0E2L0L5T1U3A5I0I0R4C2A5M8,2216792,2026-03-12,2026-09-28T13:14:37+00:00,246343,295,180,178,0,2,295,180,178,0,2,178,0,2,294,1,0,1,1,295,178,0,2,True,True
PRC_A2Q6Q0W2C0A5V2D1R1K2C0I9O9G1Q8,2216788,2026-03-12,2026-09-28T13:14:38+00:00,246347,295,181,179,0,2,295,181,179,0,2,179,0,2,294,1,1,1,0,295,179,0,2,True,True
PRC_L2C5L1N2M2W4L1N0V3P3B5V3X0L8J7,2216786,2026-03-12,2026-09-28T13:14:39+00:00,246353,295,171,167,0,4,295,171,167,0,4,167,0,4,294,1,1,1,0,295,167,0,4,True,True
PRC_Y2Q6I0G2X0V4U1H8N0W3C4I4G7O8V7,2216785,2026-03-12,2026-09-28T13:14:41+00:00,246350,295,178,178,0,0,295,178,178,0,0,178,0,0,294,1,1,1,0,295,178,0,0,True,True
PRC_H2T6X0O1J2B8V1W3S2Q0E0Y1E9P8Q9,2216784,2026-03-12,2026-09-28T13:14:42+00:00,246316,295,216,196,1,19,295,216,196,1,19,196,1,19,294,1,1,1,0,295,196,1,19,True,True
PRC_S2I6K0O2S0Z4B1Q8Y0X7G0U7M7Y6X1,2216782,2026-03-12,2026-09-28T13:14:43+00:00,246351,295,175,175,0,0,295,175,175,0,0,175,0,0,294,1,1,1,0,295,175,0,0,True,True
PRC_R2Q5P1A2G1C6M1M6G2B7O0A3N4Q9C7,2216780,2026-03-12,2026-09-28T13:14:44+00:00,246321,295,194,194,0,0,295,194,194,0,0,194,0,0,294,1,1,1,0,295,194,0,0,True,True
PRC_J2M5S1Y2L1T6U1A6J2P2K5V8J6O5E4,2216779,2026-03-12,2026-09-28T13:14:46+00:00,246320,295,196,196,0,0,295,196,196,0,0,196,0,0,294,1,1,1,0,295,196,0,0,True,True
PRC_U2R5B1F2W1O6A1P6B3W4L3L9D8H9H2,2216776,2026-03-12,2026-09-28T13:14:47+00:00,246330,295,184,175,0,9,295,184,175,0,9,175,0,9,294,1,1,1,0,295,175,0,9,True,True
PRC_D2D5A1Z2B1Z6Q1F6G2C9P3N4L3E0E4,2216769,2026-03-12,2026-09-28T13:14:49+00:00,246323,295,194,194,0,0,295,194,194,0,0,194,0,0,294,1,1,1,0,295,194,0,0,True,True
PRC_U2S5S1G2V1D6B1M7P1E2G5R8R0J9I3,2216766,2026-03-12,2026-09-28T13:14:50+00:00,246303,295,216,210,0,6,295,216,210,0,6,210,0,6,294,1,1,1,0,295,210,0,6,True,True
PRC_D2F5T1D1S2K8V2I2H2S6R1D9I2I7E5,2215421,2026-03-12,2026-09-28T13:14:51+00:00,246324,295,196,195,0,1,295,196,195,0,1,195,0,1,294,1,1,1,0,295,195,0,1,True,True
PRC_D2J5P1W1G2K8U2Q2X1K9C2U8C4N2E1,2215420,2026-03-12,2026-09-28T13:14:53+00:00,246318,295,197,197,0,0,295,197,197,0,0,197,0,0,294,1,1,1,0,295,197,0,0,True,True
PRC_K2V5Y1F1D2F1T1B6O1G3O1J2S6M9N8,2215127,2026-03-12,2026-09-28T13:14:54+00:00,246340,295,179,179,0,0,295,179,179,0,0,179,0,0,294,1,1,1,0,295,179,0,0,True,True
PRC_J2X5F1Y1S2J1Z1N7F2G0Y1S3H3W9E6,2214896,2026-03-12,2026-09-28T13:14:55+00:00,246314,295,202,201,0,1,295,202,201,0,1,201,0,1,294,1,1,1,0,295,201,0,1,True,True
PRC_D2Y5V1V1C2R1L1C7Q1X2P2S3D8W6K1,2214864,2026-03-12,2026-09-28T13:14:56+00:00,246313,295,205,205,0,0,295,205,205,0,0,205,0,0,294,1,1,1,0,295,205,0,0,True,True
PRC_N2O5O1W1T2N1R1G6E4N8D5V6V7Z7A2,2214861,2026-03-12,2026-09-28T13:14:57+00:00,246312,295,203,197,0,6,295,203,197,0,6,197,0,6,294,1,1,1,0,295,197,0,6,True,True
PRC_U2P5O1N1H1E9W1K3Y0X5U3Y4Q3E6D5,2214613,2026-03-12,2026-09-28T13:14:58+00:00,246337,295,175,169,1,5,295,175,169,1,5,169,1,5,294,1,0,1,1,295,169,1,5,True,True
PRC_C2B5B1A1Y1Y7G0H9F2G2E3D4D6Z9A9,2214392,2026-03-12,2026-09-28T13:14:59+00:00,246305,295,206,206,0,0,295,206,206,0,0,206,0,0,294,1,1,1,0,295,206,0,0,True,True
ARC_X2K5C1R0X0K2T1Z0D4L2Y3X3D5U9B2,2213456,2026-03-12,2026-09-28T13:15:01+00:00,246315,295,200,200,0,0,295,200,200,0,0,200,0,0,294,1,1,1,0,295,200,0,0,True,True
PRC_P2N5N0V9V1U7S1T4R2S3A0A3Z7Z8Y5,2213222,2026-03-12,2026-09-28T13:15:02+00:00,246306,295,202,185,5,12,295,202,185,5,12,185,5,12,294,1,0,1,1,295,185,5,12,True,True
PRC_Z2Z5Y0E9D0C5B1J6I5H3G5O8N6M2L3,2212839,2026-03-12,2026-09-28T13:15:03+00:00,246344,295,180,180,0,0,295,180,180,0,0,180,0,0,294,1,1,1,0,295,180,0,0,True,True
PRC_D2A5D0K7J3Q1P1O8U0T9S0R1P2V6V0,2212304,2026-03-12,2026-09-28T13:15:04+00:00,246346,295,182,181,0,1,295,182,181,0,1,181,0,1,294,1,0,1,1,295,181,0,1,True,True
PRC_R2Q5P0P8V0U7T1Q3M3L6U5T5S5Y6X9,2212102,2026-03-12,2026-09-28T13:15:06+00:00,246309,295,202,195,1,6,295,202,195,1,6,195,1,6,294,1,0,1,1,295,195,1,6,True,True
PRC_A2A5Y0Z7X2Y8G1H2F5F0D1E6C9D3L0,2212032,2026-03-12,2026-09-28T13:15:12+00:00,246308,295,209,209,0,0,295,209,209,0,0,209,0,0,294,1,1,1,0,295,209,0,0,True,True
PRC_I2J5H0I6G2H7F1F7O4M1M5L4L2K5K9,2211406,2026-03-12,2026-09-28T13:15:14+00:00,246307,295,200,187,0,13,295,200,187,0,13,187,0,13,294,1,1,1,0,295,187,0,13,True,True
PRC_L2J5K0I6J1H0P1Q7O0P6N0N9M8U8U7,2210864,2026-03-12,2026-09-28T13:15:15+00:00,246345,295,181,181,0,0,295,181,181,0,0,181,0,0,294,1,1,1,0,295,181,0,0,True,True
PRC_C2A5B0Z6A1I0I1G0H2F7E5E4A5A2Y8,2210739,2026-03-12,2026-09-28T13:15:16+00:00,246304,295,214,210,1,3,295,214,210,1,3,210,1,3,294,1,1,1,0,295,210,1,3,True,True
PRC_J2J5R0Q5Q0O7P0N9O1W0U5V7U8U3S4,2210400,2026-03-12,2026-09-28T13:15:18+00:00,246338,295,175,171,0,4,295,175,171,0,4,171,0,4,294,1,0,1,1,295,171,0,4,True,True
PRC_T2S5R0Q3Y1X7W1V0E4C0C0A3J3H7E7,2210392,2026-03-12,2026-09-28T13:15:19+00:00,246326,295,187,186,0,1,295,187,186,0,1,186,0,1,294,1,1,1,0,295,186,0,1,True,True
PRC_E2F5D0D4Z1Y0Y1W8X0V4W5E0E9D8D1,2210220,2026-03-12,2026-09-28T13:15:20+00:00,246339,295,177,175,0,2,295,177,175,0,2,175,0,2,294,1,1,1,0,295,175,0,2,True,True
PRC_C2D5B0B4J0K2I1J5H2I5G1W9X0V6V1,2209788,2026-03-12,2026-09-28T13:15:21+00:00,246328,295,190,189,0,1,295,190,189,0,1,189,0,1,294,1,1,1,0,295,189,0,1,True,True
PRC_F2E5E0D3B2K7I1J1I5G0C5B5C4A4N2,2209451,2026-03-12,2026-09-28T13:15:22+00:00,246336,295,176,169,1,6,295,176,169,1,6,169,1,6,294,1,1,1,0,295,169,1,6,True,True
PRC_U2V5T0T3S0T5O1N4N3L1M4L5L7T3R1,2208919,2026-03-12,2026-09-28T13:15:23+00:00,246327,295,189,189,0,0,295,189,189,0,0,189,0,0,294,1,1,1,0,295,189,0,0,True,True
PRC_O2P5X0X2W1U0V0T7U4P9Q3O8P2N5L8,2208084,2026-03-12,2026-09-28T13:15:25+00:00,246310,295,211,211,0,0,295,211,211,0,0,211,0,0,294,1,1,1,0,295,211,0,0,True,True
PRC_O2P5L0L2J1I0J0H8H0Q8Q2O2P2O8M0,2208081,2026-03-12,2026-09-28T13:15:27+00:00,246311,295,210,210,0,0,295,210,210,0,0,210,0,0,294,1,1,1,0,295,210,0,0,True,True
PRC_D2E4C1D1B1C3K1I4I4H8I3G4G6O1N3,2207515,2026-03-12,2026-09-28T13:15:30+00:00,246322,295,191,191,0,0,295,191,191,0,0,191,0,0,294,1,1,1,0,295,191,0,0,True,True
PRC_W2U5V0T1T1C3A1A7Y4Z3Y3Y4G4F2F6,2207501,2026-03-12,2026-09-28T13:15:32+00:00,246333,295,185,176,6,3,295,185,176,6,3,176,6,3,294,1,1,1,0,295,176,6,3,True,True
PRC_S2R4S1R0Z2X5W1V7W0E1D1B5Z1W7X3,2205752,2026-03-12,2026-09-28T13:15:34+00:00,246325,295,192,192,0,0,295,192,192,0,0,192,0,0,294,1,1,1,0,295,192,0,0,True,True
PRC_X2W4E0D9A2I6H0G9F5N9M1M6K7E6D8,2205724,2026-03-12,2026-09-28T13:15:35+00:00,246331,295,189,188,0,1,295,189,188,0,1,188,0,1,294,1,1,1,0,295,188,0,1,True,True
PRC_S2S4Q0R9Q0Q9O1P3L2J7J5I6J7H4H4,2205290,2026-03-12,2026-09-28T13:15:36+00:00,246319,295,198,198,0,0,295,198,198,0,0,198,0,0,294,1,1,1,0,295,198,0,0,True,True
PRC_W2E4F0D9E0C9D0B9B2J3K5I5H0H8F9,2204480,2026-03-12,2026-09-28T13:15:38+00:00,246332,295,186,181,0,5,295,186,181,0,5,181,0,5,294,1,1,1,0,295,181,0,5,True,True
PRC_N2O4M0N8L2L7K1S6S2R2S2Q4Q5P4X2,2203529,2026-03-12,2026-09-28T13:15:39+00:00,246335,295,172,169,1,2,295,172,169,1,2,169,1,2,294,1,0,1,1,295,169,1,2,True,True
PRC_A2A4Z0Z7H3I1G1H3F4F5E4A5A5Y8Z8,2202724,2026-03-12,2026-09-28T13:15:40+00:00,246334,295,181,175,0,6,295,181,175,0,6,175,0,6,294,1,1,1,0,295,175,0,6,True,True
ARC_S2E4D0V6K2H7F1N6J0D6Y1F1I8C8C0,2201057,2026-03-12,2026-09-28T13:15:41+00:00,246352,295,175,172,1,2,295,175,172,1,2,172,1,2,294,1,1,1,0,295,172,1,2,True,True
PRC_A2C4Z0I6F2E0M1K5I3R2Q1M0L2R6R8,2200924,2026-03-12,2026-09-28T13:15:42+00:00,246348,295,183,181,0,2,295,183,181,0,2,181,0,2,294,1,1,1,0,295,181,0,2,True,True
PRC_R2T4X0K6I0Y5A1T4H2G5F5O2I9V2R0,2200146,2026-03-12,2026-09-28T13:15:43+00:00,246329,295,186,186,0,0,295,186,186,0,0,186,0,0,294,1,1,1,0,295,186,0,0,True,True
PRC_T2M6W0F2I1W2T1X7T4K2Q5A9J4P2M5,2216983,2026-03-01,2026-09-28T13:15:45+00:00,245978,296,173,165,2,6,296,173,165,2,6,165,2,6,295,1,0,1,1,296,165,2,6,True,True
PRC_T2N6Q0C2A1L2A1U7V4Y1E4X3K6J7J9,2216981,2026-03-01,2026-09-28T13:15:46+00:00,245977,296,175,159,2,14,296,175,159,2,14,159,2,14,295,1,0,1,1,296,159,2,14,True,True
PRC_I2I6S0A2X2B8Y2H0Q0V0T0C3V9Q6E2,2216968,2026-03-01,2026-09-28T13:15:47+00:00,245985,296,176,176,0,0,296,176,176,0,0,176,0,0,295,1,0,1,1,296,176,0,0,True,True
PRC_Y2R6X0Y1R0L7O1W3Q1G8V0B1A1H3O4,2216768,2026-03-01,2026-09-28T13:15:48+00:00,245979,296,175,173,2,0,296,175,173,2,0,173,2,0,295,1,0,1,1,296,173,2,0,True,True
PRC_H2W6O0K2D1T1Y2B0O5J2K5Q5A8Z0Y3,2216843,2026-02-28,2026-09-28T13:15:49+00:00,245975,296,247,173,73,1,296,247,173,73,1,173,73,1,295,1,1,1,0,296,173,73,1,True,True
PRC_B2I6U0N2J1P1G1H3T4O6B1X7U3F7O6,2216845,2026-02-27,2026-09-28T13:15:51+00:00,245974,296,225,162,63,0,296,225,162,63,0,162,63,0,295,1,1,1,0,296,162,63,0,True,True
PRC_L2C6H0G2N2C5D1Q6B1C6K2J5N0A4Y1,2214935,2026-02-26,2026-09-28T13:15:52+00:00,245980,296,170,163,3,4,296,170,163,3,4,163,3,4,295,1,0,1,1,296,163,3,4,True,True
PRC_N2R6C0E2U2V0Z1M8N3K2V5H0N9L2L8,2216966,2026-02-25,2026-09-28T13:15:53+00:00,245972,296,176,175,0,1,296,176,175,0,1,175,0,1,295,1,0,1,1,296,175,0,1,True,True
PRC_D2H6F0Q2K0E5Y1S4I1M9Z5Q3J3Y3E5,2216797,2026-02-12,2026-09-28T13:15:54+00:00,245948,296,157,152,1,4,296,157,152,1,4,152,1,4,295,1,0,1,1,296,152,1,4,True,True
PRC_J2F6H0Y2M0L5K2S0T2F2A0Q6M5G5G1,2216796,2026-02-12,2026-09-28T13:15:56+00:00,245952,296,156,156,0,0,296,156,156,0,0,156,0,0,295,1,0,1,1,296,156,0,0,True,True
PRC_U2H6G0O2P0N5A2F0P3B7U1S6O3V5L9,2216795,2026-02-12,2026-09-28T13:15:57+00:00,245951,296,155,155,0,0,296,155,155,0,0,155,0,0,295,1,0,1,1,296,155,0,0,True,True
PRC_S2B6R0K2D0H5R2T0Z3G9Z0Y4N0O0P2,2216794,2026-02-12,2026-09-28T13:15:58+00:00,245950,296,156,156,0,0,296,156,156,0,0,156,0,0,295,1,0,1,1,296,156,0,0,True,True
PRC_S2T6D0L2I0W5G2V0R3G3O5P0A9S2G2,2216790,2026-02-12,2026-09-28T13:16:00+00:00,245954,296,158,158,0,0,296,158,158,0,0,158,0,0,295,1,0,1,1,296,158,0,0,True,True
PRC_Q2T6V0M2Q0K5T2K0O2Q8B1G9B8X5W8,2216789,2026-02-12,2026-09-28T13:16:00+00:00,245953,296,158,158,0,0,296,158,158,0,0,158,0,0,295,1,0,1,1,296,158,0,0,True,True
PRC_V2U6W0V2S0T4U1X8J0F2L2N9I9C2M7,2216787,2026-02-12,2026-09-28T13:16:02+00:00,245963,296,155,155,0,0,296,155,155,0,0,155,0,0,295,1,0,1,1,296,155,0,0,True,True
PRC_Q2D5E1A2Z1G5Y1P7G0P1M4F7I6V2K4,2216783,2026-02-12,2026-09-28T13:16:03+00:00,245962,296,156,155,0,1,296,156,155,0,1,155,0,1,295,1,0,1,1,296,155,0,1,True,True
PRC_Q2Y5V1I2N1T6Z1J6E1I8P5D9Z9Y1T7,2216774,2026-02-12,2026-09-28T13:16:04+00:00,245932,296,159,157,0,2,296,159,157,0,2,157,0,2,295,1,0,1,1,296,157,0,2,True,True
PRC_O2G5M1Z2H1D6R1T6J1I0B0S2T3V4J2,2216773,2026-02-12,2026-09-28T13:16:05+00:00,245929,296,158,156,0,2,296,158,156,0,2,156,0,2,295,1,0,1,1,296,156,0,2,True,True
PRC_B2Z5A1D2M1R6P1J6H2K5Q2Z9N8R0P3,2216772,2026-02-12,2026-09-28T13:16:07+00:00,245931,296,158,158,0,0,296,158,158,0,0,158,0,0,295,1,0,1,1,296,158,0,0,True,True
PRC_H2L5L1K2L1N6L1D6W1X7N2P6X7S2P9,2216770,2026-02-12,2026-09-28T13:16:07+00:00,245930,296,158,158,0,0,296,158,158,0,0,158,0,0,295,1,0,1,1,296,158,0,0,True,True
PRC_R2D5B1V2U1M6M1N7V1A5M5S3V3S2U9,2216767,2026-02-12,2026-09-28T13:16:09+00:00,245912,296,158,158,0,0,296,158,158,0,0,158,0,0,295,1,0,1,1,296,158,0,0,True,True
PRC_A2S5H1A2H1P6H1F7Q1T0L0F4E9E5Y3,2216765,2026-02-12,2026-09-28T13:16:11+00:00,245913,296,158,158,0,0,296,158,158,0,0,158,0,0,295,1,0,1,1,296,158,0,0,True,True
PRC_R2K5N1V1I2J6F1M9X4M4T3N2M4G5K3,2216764,2026-02-12,2026-09-28T13:16:12+00:00,245918,296,157,156,0,1,296,157,156,0,1,156,0,1,295,1,0,1,1,296,156,0,1,True,True
PRC_Y2J5M1E2A1L0X1N0U1Z5A4O6H3K9O2,2216760,2026-02-12,2026-09-28T13:16:13+00:00,245920,296,159,139,10,10,296,159,139,10,10,139,10,10,295,1,0,1,1,296,139,10,10,True,True
PRC_T2Y6G0T1A2J0F1S3O5K6S3W2Y0G9D4,2216746,2026-02-12,2026-09-28T13:16:14+00:00,245965,296,155,155,0,0,296,155,155,0,0,155,0,0,295,1,0,1,1,296,155,0,0,True,True
PRC_Q2T6N0U2U0X3U1E8O1C9U1Q4S7Z1P4,2216609,2026-02-12,2026-09-28T13:16:15+00:00,245903,296,158,158,0,0,296,158,158,0,0,158,0,0,295,1,0,1,1,296,158,0,0,True,True
PRC_Y2V6X0K2Y0E3A1A8R2L3K5B7Q3U4A0,2216608,2026-02-12,2026-09-28T13:16:17+00:00,245906,296,158,158,0,0,296,158,158,0,0,158,0,0,295,1,0,1,1,296,158,0,0,True,True
PRC_G2Y6R0Q2C0I3O1M8W2K1C5G5T2X4M3,2216606,2026-02-12,2026-09-28T13:16:18+00:00,245905,296,159,159,0,0,296,159,159,0,0,159,0,0,295,1,0,1,1,296,159,0,0,True,True
PRC_I2N6M0Z2U0W3N1W8X1B5H1F9M5B9K9,2216604,2026-02-12,2026-09-28T13:16:19+00:00,245904,296,160,160,0,0,296,160,160,0,0,160,0,0,295,1,0,1,1,296,160,0,0,True,True
PRC_B2S6B0Q2S0R3P1B8W3M0H2D5A5W5R5,2216598,2026-02-12,2026-09-28T13:16:20+00:00,245910,296,161,161,0,0,296,161,161,0,0,161,0,0,295,1,0,1,1,296,161,0,0,True,True
PRC_R2T6M0T2M0U3X1Y8D3R1F3C8X0I8Q1,2216597,2026-02-12,2026-09-28T13:16:21+00:00,245911,296,160,160,0,0,296,160,160,0,0,160,0,0,295,1,0,1,1,296,160,0,0,True,True
PRC_S2T6Q0I2W0C3N1D8E2P5M4F7E5R0J4,2216595,2026-02-12,2026-09-28T13:16:22+00:00,245908,296,161,161,0,0,296,161,161,0,0,161,0,0,295,1,0,1,1,296,161,0,0,True,True
PRC_L2Y6Q0I2G0D3U1R8I2E7T4C7K1I5D0,2216590,2026-02-12,2026-09-28T13:16:23+00:00,245909,296,161,161,0,0,296,161,161,0,0,161,0,0,295,1,0,1,1,296,161,0,0,True,True
PRC_U2P6G0F2E0K3V1E8X0L5L0L0M9J1P7,2216589,2026-02-12,2026-09-28T13:16:25+00:00,245902,296,157,157,0,0,296,157,157,0,0,157,0,0,295,1,0,1,1,296,157,0,0,True,True
PRC_G2Y6D0K1T2A6G1T6Q0B4L0B0Q2J2X8,2216449,2026-02-12,2026-09-28T13:16:26+00:00,245966,296,155,155,0,0,296,155,155,0,0,155,0,0,295,1,0,1,1,296,155,0,0,True,True
PRC_J2S5C1P2L0Z4I1N2O0H5U1X9F5X8N3,2215433,2026-02-12,2026-09-28T13:16:27+00:00,245915,296,157,157,0,0,296,157,157,0,0,157,0,0,295,1,0,1,1,296,157,0,0,True,True
PRC_M2U5P1D1T2F8D2S2S2L7G5J5M4K8Y0,2215419,2026-02-12,2026-09-28T13:16:28+00:00,245935,296,158,158,0,0,296,158,158,0,0,158,0,0,295,1,0,1,1,296,158,0,0,True,True
PRC_J2M5U1Q2N0U9Y1W3J0D3D1O4J6B9R2,2215415,2026-02-12,2026-09-28T13:16:29+00:00,245957,296,157,157,0,0,296,157,157,0,0,157,0,0,295,1,0,1,1,296,157,0,0,True,True
PRC_S2C5L1C2Y0R9X1D3B0H2N4C5N8I4Z9,2215411,2026-02-12,2026-09-28T13:16:30+00:00,245958,296,155,149,3,3,296,155,149,3,3,149,3,3,295,1,0,1,1,296,149,3,3,True,True
PRC_Y2Y5M1O2D0E9K1F5X0A2V2D1D0W1N1,2215409,2026-02-12,2026-09-28T13:16:31+00:00,245956,296,151,151,0,0,296,151,151,0,0,151,0,0,295,1,0,1,1,296,151,0,0,True,True
PRC_J2W5O1O2Z0R9A1B2V5Y6K5D5G4V9B1,2215404,2026-02-12,2026-09-28T13:16:32+00:00,245959,296,156,156,0,0,296,156,156,0,0,156,0,0,295,1,0,1,1,296,156,0,0,True,True
PRC_Y2O5X1F2P0F9D1E0O1R8M3C6A3K1B9,2215395,2026-02-12,2026-09-28T13:16:34+00:00,245917,296,159,159,0,0,296,159,159,0,0,159,0,0,295,1,0,1,1,296,159,0,0,True,True
PRC_J2U5V1Z1L2F1T1Y5X4X5L3L5C0Y9R3,2215139,2026-02-12,2026-09-28T13:16:35+00:00,245945,296,157,157,0,0,296,157,157,0,0,157,0,0,295,1,0,1,1,296,157,0,0,True,True
PRC_P2F5G1T1Y2Q1X1X7T1Y8Z3N7T6S4H6,2215138,2026-02-12,2026-09-28T13:16:36+00:00,245955,296,157,157,0,0,296,157,157,0,0,157,0,0,295,1,0,1,1,296,157,0,0,True,True
PRC_Q2A5X1E1N2R1K1H5N5L0P0W5U9X3S4,2215137,2026-02-12,2026-09-28T13:16:37+00:00,245946,296,158,158,0,0,296,158,158,0,0,158,0,0,295,1,0,1,1,296,158,0,0,True,True
PRC_Z2R5S1F1Y2I1G1W5Y5K1V5E7Y0Y3P4,2215131,2026-02-12,2026-09-28T13:16:38+00:00,245947,296,158,158,0,0,296,158,158,0,0,158,0,0,295,1,0,1,1,296,158,0,0,True,True
PRC_Y2X5Q1D1N2M1I1A5P4C0I3Y2V2H2F5,2215129,2026-02-12,2026-09-28T13:16:40+00:00,245944,296,156,156,0,0,296,156,156,0,0,156,0,0,295,1,0,1,1,296,156,0,0,True,True
PRC_K2B5Z0A9H2L3F1I8P3O1N1S5N5D5D6,2215121,2026-02-12,2026-09-28T13:16:40+00:00,245939,296,158,157,0,1,296,158,157,0,1,157,0,1,295,1,0,1,1,296,157,0,1,True,True
PRC_Y2X5R1Y1B2A5Z1X2B0U4U0A0D3I5K4,2215117,2026-02-12,2026-09-28T13:16:42+00:00,245924,296,156,152,0,4,296,156,152,0,4,152,0,4,295,1,0,1,1,296,152,0,4,True,True
PRC_T2M5T1W1C2E5S1J7G2I0Z4Z0F8J7F8,2215115,2026-02-12,2026-09-28T13:16:43+00:00,245921,296,159,159,0,0,296,159,159,0,0,159,0,0,295,1,0,1,1,296,159,0,0,True,True
PRC_X2M5F1I1U2Y6R2R0I1W3H4Y8D0J7T6,2215107,2026-02-12,2026-09-28T13:16:44+00:00,245925,296,158,158,0,0,296,158,158,0,0,158,0,0,295,1,0,1,1,296,158,0,0,True,True
PRC_B2J5K1D1Q2S6K2M0T1V5Z2F6U4Y3F6,2215106,2026-02-12,2026-09-28T13:16:45+00:00,245926,296,158,158,0,0,296,158,158,0,0,158,0,0,295,1,0,1,1,296,158,0,0,True,True
PRC_U2G5N1Y1C2K6D2H0K2Y1F2Q2Q8Q2D3,2215105,2026-02-12,2026-09-28T13:16:46+00:00,245927,296,159,157,0,2,296,159,157,0,2,157,0,2,295,1,0,1,1,296,157,0,2,True,True
PRC_N2S5E1K2O0K4N1N1Q5F4P0Q2Q0F6V7,2215098,2026-02-12,2026-09-28T13:16:47+00:00,245914,296,157,157,0,0,296,157,157,0,0,157,0,0,295,1,0,1,1,296,157,0,0,True,True
PRC_W2D5M1F1S2A4F0Y8I3L1A4G4T5M6H2,2214860,2026-02-12,2026-09-28T13:16:49+00:00,245919,296,157,156,0,1,296,157,156,0,1,156,0,1,295,1,0,1,1,296,156,0,1,True,True
PRC_C2B5J0I9H1F7O1M6N2M1K0G2F8G2E0,2213212,2026-02-12,2026-09-28T13:16:50+00:00,245901,296,157,157,0,0,296,157,157,0,0,157,0,0,295,1,0,1,1,296,157,0,0,True,True
PRC_Y2G5F0D8C1Y9Z1X4W1V9D1E1C9B0F6,2212574,2026-02-12,2026-09-28T13:16:51+00:00,245960,296,155,155,0,0,296,155,155,0,0,155,0,0,295,1,0,1,1,296,155,0,0,True,True
PRC_G2H5F0G7V2V8U1S4T2R0R5A3A2Y9Z6,2211818,2026-02-12,2026-09-28T13:16:52+00:00,245943,296,157,156,0,1,296,157,156,0,1,156,0,1,295,1,0,1,1,296,156,0,1,True,True
PRC_B2B5A0V5W1U5V0T9U5S3T1B7Z3Z6Y5,2210637,2026-02-12,2026-09-28T13:16:53+00:00,245922,296,158,158,0,0,296,158,158,0,0,158,0,0,295,1,0,1,1,296,158,0,0,True,True
ARC_L2H5D0B5P1N5Y1E0Y5U8U5B9E5W8O9,2210530,2026-02-12,2026-09-28T13:16:54+00:00,245942,296,156,155,1,0,296,156,155,1,0,155,1,0,295,1,0,1,1,296,155,1,0,True,True
PRC_A2I5H0H4F3G0E0E8M5N9L0M0L0J3J3,2210492,2026-02-12,2026-09-28T13:16:55+00:00,245941,296,157,157,0,0,296,157,157,0,0,157,0,0,295,1,0,1,1,296,157,0,0,True,True
PRC_B2Z5A0Z3X2N7M1N5L0Z2V0U7S9R7S8,2209746,2026-02-12,2026-09-28T13:16:56+00:00,245934,296,157,155,0,2,296,157,155,0,2,155,0,2,295,1,0,1,1,296,155,0,2,True,True
PRC_P2X5X0E3D1C7B1H7H1G8C2B1K3H8Q4,2209202,2026-02-12,2026-09-28T13:16:58+00:00,245916,296,156,156,0,0,296,156,156,0,0,156,0,0,295,1,0,1,1,296,156,0,0,True,True
PRC_G2O5O0N3L0M6K1K4T3T8R5S1Q5R9P1,2208712,2026-02-12,2026-09-28T13:16:59+00:00,245938,296,159,159,0,0,296,159,159,0,0,159,0,0,295,1,0,1,1,296,159,0,0,True,True
PRC_D2L5K0K2I2J1I1I7U4V7U3S4S2Q2S7,2208397,2026-02-12,2026-09-28T13:17:00+00:00,245928,296,158,158,0,0,296,158,158,0,0,158,0,0,295,1,0,1,1,296,158,0,0,True,True
PRC_F2D4C1D1K1L5K1K1J1H0H5Q3Q2O3P9,2208343,2026-02-12,2026-09-28T13:17:01+00:00,245937,296,158,157,0,1,296,158,157,0,1,157,0,1,295,1,0,1,1,296,157,0,1,True,True
PRC_U2S4R1R1P2Q6Y0Z9X5V0W3U4V9D9D9,2208202,2026-02-12,2026-09-28T13:17:02+00:00,245933,296,159,159,0,0,296,159,159,0,0,159,0,0,295,1,0,1,1,296,159,0,0,True,True
ARC_F2G4G1C2H1J2H1L4B4H3Y1E5X0W4H9,2206419,2026-02-12,2026-09-28T13:17:03+00:00,245940,296,156,156,0,0,296,156,156,0,0,156,0,0,295,1,0,1,1,296,156,0,0,True,True
PRC_K2I4P1Q1P2P6N1O0N1I0J5H4I9G0H7,2205877,2026-02-12,2026-09-28T13:17:04+00:00,245923,296,160,160,0,0,296,160,160,0,0,160,0,0,295,1,0,1,1,296,160,0,0,True,True
PRC_R2M4N1M1M1K3L1K4R2S0Q5R0P2Q5O4,2205723,2026-02-12,2026-09-28T13:17:05+00:00,245961,296,155,155,0,0,296,155,155,0,0,155,0,0,295,1,0,1,1,296,155,0,0,True,True
PRC_E2F4D0E7M1M0K1J6K0I3I2R5R7P1O3,2202507,2026-02-12,2026-09-28T13:17:07+00:00,245949,296,156,155,0,1,296,156,155,0,1,155,0,1,295,1,0,1,1,296,155,0,1,True,True
PRC_S2R4P0Q6Y2W1V1U5U1D4C3A4Z4Z8H1,2202154,2026-02-12,2026-09-28T13:17:07+00:00,245936,296,158,158,0,0,296,158,158,0,0,158,0,0,295,1,0,1,1,296,158,0,0,True,True
PRC_L2L4T0T6S1T2R1R7Q5Q0Y3X8X9V8W0,2201018,2026-02-12,2026-09-28T13:17:09+00:00,245907,296,160,160,0,0,296,160,160,0,0,160,0,0,295,1,0,1,1,296,160,0,0,True,True
PRC_I2R6N0V2Y0J9X1R3I1H5T5K8Z8Y3M2,2216662,2026-02-09,2026-09-28T13:17:10+00:00,245896,296,164,160,3,1,296,164,160,3,1,160,3,1,295,1,0,1,1,296,160,3,1,True,True
PRC_L2J5K1J2H2H3P1P2O1P5N1N5M1U5U1,2215553,2026-01-29,2026-09-28T13:17:11+00:00,245387,296,239,166,46,27,296,239,166,46,27,166,46,27,295,1,0,1,1,296,166,46,27,True,True
PRC_T2D5M1Z2Z1D0Q1N0M0H7A0O9F5N8E5,2215440,2026-01-29,2026-09-28T13:17:12+00:00,245418,296,225,225,0,0,296,225,225,0,0,225,0,0,295,1,0,1,1,296,225,0,0,True,True
PRC_S2R5O1J2M0J4Y1Q0Y5J2G4A9K4X0B8,2215432,2026-01-29,2026-09-28T13:17:13+00:00,245403,296,242,241,1,0,296,242,241,1,0,241,1,0,295,1,0,1,1,296,241,1,0,True,True
PRC_R2T5B1O2S0Z1K1R9S1D7P2P0N9M5C1,2215423,2026-01-29,2026-09-28T13:17:15+00:00,245450,296,204,203,0,1,296,204,203,0,1,203,0,1,295,1,0,1,1,296,203,0,1,True,True
PRC_Q2E5N1P1F2M8T2T1N5E8P5P7V8S4O5,2215417,2026-01-29,2026-09-28T13:17:16+00:00,245449,296,204,203,0,1,296,204,203,0,1,203,0,1,295,1,0,1,1,296,203,0,1,True,True
PRC_A2Q5I1R2E0P9I1N3O0Z2P1F2G8G3B0,2215412,2026-01-29,2026-09-28T13:17:17+00:00,245472,296,197,197,0,0,296,197,197,0,0,197,0,0,295,1,0,1,1,296,197,0,0,True,True
PRC_N2T5N1U2Y0G9B1Y3T0F1M2U6E7Y6W5,2215410,2026-01-29,2026-09-28T13:17:18+00:00,245471,296,194,194,0,0,296,194,194,0,0,194,0,0,295,1,0,1,1,296,194,0,0,True,True
PRC_O2F5V1L2L0C9L1C3G0H0I5L5E2D0U0,2215408,2026-01-29,2026-09-28T13:17:20+00:00,245470,296,201,199,0,2,296,201,199,0,2,199,0,2,295,1,0,1,1,296,199,0,2,True,True
PRC_L2J5Y1R2O0O9F1C2D5G8Y3W2O8B2V0,2215407,2026-01-29,2026-09-28T13:17:21+00:00,245474,296,198,197,0,1,296,198,197,0,1,197,0,1,295,1,0,1,1,296,197,0,1,True,True
PRC_G2T5F1J2L0R9L1J2P5M9D4V6T6C2S7,2215403,2026-01-29,2026-09-28T13:17:22+00:00,245473,296,199,199,0,0,296,199,199,0,0,199,0,0,295,1,0,1,1,296,199,0,0,True,True
PRC_J2Z5N1G1P2Q0X1Y5U4Z1K0A9N4V9K4,2215402,2026-01-29,2026-09-28T13:17:23+00:00,245460,296,205,205,0,0,296,205,205,0,0,205,0,0,295,1,0,1,1,296,205,0,0,True,True
PRC_H2S5U1Q2Z0P9O1V0D2S0N5I6X7B0T2,2215396,2026-01-29,2026-09-28T13:17:24+00:00,245415,296,230,230,0,0,296,230,230,0,0,230,0,0,295,1,0,1,1,296,230,0,0,True,True
PRC_V2M5O1V2S1M5X1D4F0R4E2G2Z0B0Z0,2215394,2026-01-29,2026-09-28T13:17:26+00:00,245437,296,205,204,0,1,296,205,204,0,1,204,0,1,295,1,0,1,1,296,204,0,1,True,True
PRC_O2Q5Z1O2I1X7Q1N7K2O8Y1G0B6F6X6,2215392,2026-01-29,2026-09-28T13:17:27+00:00,245388,296,234,201,9,24,296,234,201,9,24,201,9,24,295,1,0,1,1,296,201,9,24,True,True
PRC_T2C5S1N2G1I5T1A4Q0N2M0L6M7E0R9,2215389,2026-01-29,2026-09-28T13:17:29+00:00,245438,296,201,198,0,3,296,201,198,0,3,198,0,3,295,1,0,1,1,296,198,0,3,True,True
PRC_H2A5D1Z1P2K1S1G6X0P8N1A6D3T7E3,2215136,2026-01-29,2026-09-28T13:17:31+00:00,245467,296,193,191,0,2,296,193,191,0,2,191,0,2,295,1,0,1,1,296,191,0,2,True,True
PRC_A2V5D1D1C2J1T1I6O0C9G4V4E9C9E8,2215134,2026-01-29,2026-09-28T13:17:31+00:00,245468,296,198,196,0,2,296,198,196,0,2,196,0,2,295,1,0,1,1,296,196,0,2,True,True
PRC_A2G5E1A1Y2K1Q1B6B2S3O1E1G6O7Z0,2215133,2026-01-29,2026-09-28T13:17:33+00:00,245469,296,196,190,2,4,296,196,190,2,4,190,2,4,295,1,0,1,1,296,190,2,4,True,True
PRC_J2B5O1U1J2K1I1P5I4L8M3S4T3R7Y0,2215132,2026-01-29,2026-09-28T13:17:34+00:00,245464,296,194,194,0,0,296,194,194,0,0,194,0,0,295,1,0,1,1,296,194,0,0,True,True
PRC_L2N5T1Q1P2S1O1W6F0O5L4X8N0M2N9,2215130,2026-01-29,2026-09-28T13:17:35+00:00,245465,296,197,197,0,0,296,197,197,0,0,197,0,0,295,1,0,1,1,296,197,0,0,True,True
PRC_G2Z5L1L1C2F1O1S6A0I6O4J4T5B8G3,2215128,2026-01-29,2026-09-28T13:17:36+00:00,245466,296,197,195,0,2,296,197,195,0,2,196,0,1,295,1,0,1,1,296,196,0,1,True,False
PRC_W2X5E1X1Y2C0W1X5P5H0M3C0P2V7F4,2215125,2026-01-29,2026-09-28T13:17:37+00:00,245446,296,198,194,2,2,296,198,194,2,2,194,2,2,295,1,0,1,1,296,194,2,2,True,True
PRC_K2W5A1K1O1U8Q1I5K5D2M2J5G2A1X9,2215124,2026-01-29,2026-09-28T13:17:39+00:00,245445,296,196,195,0,1,296,196,195,0,1,195,0,1,295,1,0,1,1,296,195,0,1,True,True
PRC_O2S5G1K1J2B0A1V5V4T9M2E3D2E5R8,2215123,2026-01-29,2026-09-28T13:17:40+00:00,245444,296,202,202,0,0,296,202,202,0,0,202,0,0,295,1,0,1,1,296,202,0,0,True,True
PRC_I2V5K1T1K2X0X1L5F5Y1Q0J0J9C8P4,2215122,2026-01-29,2026-09-28T13:17:41+00:00,245448,296,201,199,1,1,296,201,199,1,1,199,1,1,295,1,0,1,1,296,199,1,1,True,True
PRC_M2Z5X1Q1U2D6M1P9A5U0W0W9U4K8A8,2215120,2026-01-29,2026-09-28T13:17:42+00:00,245409,296,236,234,0,2,296,236,234,0,2,234,0,2,295,1,0,1,1,296,234,0,2,True,True
PRC_P2F5R1K1I2H6T1Y9P5B1U2W8O1P6T7,2215119,2026-01-29,2026-09-28T13:17:43+00:00,245410,296,232,231,0,1,296,232,231,0,1,231,0,1,295,1,0,1,1,296,231,0,1,True,True
PRC_P2H5H1R1Z2H6K1L9B4S9Y0I8C2W1Z3,2215118,2026-01-29,2026-09-28T13:17:44+00:00,245408,296,234,231,0,3,296,234,231,0,3,231,0,3,295,1,0,1,1,296,231,0,3,True,True
PRC_M2Z5Z1R1T2R6D2D0X0S8K4D7I7T6V9,2215112,2026-01-29,2026-09-28T13:17:46+00:00,245428,296,214,213,0,1,296,214,213,0,1,213,0,1,295,1,0,1,1,296,213,0,1,True,True
PRC_R2P5E1M1Y2J6U1Y9Z4E0Q5D3R2I8Z2,2215111,2026-01-29,2026-09-28T13:17:46+00:00,245412,296,230,221,2,7,296,230,221,2,7,221,2,7,295,1,0,1,1,296,221,2,7,True,True
PRC_H2J5F1G1N2W6V1W9P3T8P5Z1O5B7Q6,2215110,2026-01-29,2026-09-28T13:17:48+00:00,245411,296,231,224,2,5,296,231,224,2,5,224,2,5,295,1,0,1,1,296,224,2,5,True,True
PRC_L2K5N1W1M2B6R1T9V4N7L3G7T9A6B4,2215108,2026-01-29,2026-09-28T13:17:49+00:00,245407,296,234,232,0,2,296,234,232,0,2,232,0,2,295,1,0,1,1,296,232,0,2,True,True
PRC_I2H5C1L2T0K4O1G5F1O7V3B6R8A0X5,2215103,2026-01-29,2026-09-28T13:17:50+00:00,245459,296,206,199,0,7,296,206,199,0,7,199,0,7,295,1,0,1,1,296,199,0,7,True,True
PRC_M2H5W1F1K2N6J1M3I4G7B5V0I1C9L4,2214902,2026-01-29,2026-09-28T13:17:51+00:00,245399,296,243,237,0,6,296,243,237,0,6,237,0,6,295,1,0,1,1,296,237,0,6,True,True
PRC_F2V5O1X1T2A6X1H3M3S7Y5J8H4L5S7,2214894,2026-01-29,2026-09-28T13:17:52+00:00,245400,296,247,246,0,1,296,247,246,0,1,246,0,1,295,1,0,1,1,296,246,0,1,True,True
PRC_G2L5C1K1A2Q6S1B3G5L7J4X4L1C0A0,2214891,2026-01-29,2026-09-28T13:17:53+00:00,245396,296,249,249,0,0,296,249,249,0,0,249,0,0,295,1,0,1,1,296,249,0,0,True,True
PRC_W2B5E1N1E2B6U1G3Q5D5Q2D9T3C9D1,2214890,2026-01-29,2026-09-28T13:17:55+00:00,245395,296,246,245,1,0,296,246,245,1,0,245,1,0,295,1,0,1,1,296,245,1,0,True,True
PRC_D2F5K1Z1N2V6D1K3Y5L9Q0N6O2Y7W5,2214885,2026-01-29,2026-09-28T13:17:56+00:00,245394,296,248,248,0,0,296,248,248,0,0,248,0,0,295,1,0,1,1,296,248,0,0,True,True
PRC_N2K5X1Y1T2L6C1H4X0T0F3P1S6P0R7,2214882,2026-01-29,2026-09-28T13:17:57+00:00,245393,296,245,244,0,1,296,245,244,0,1,244,0,1,295,1,0,1,1,296,244,0,1,True,True
PRC_O2R5Y1V1L2S4H1C6Q3A3M1H8K6B8Z2,2214881,2026-01-29,2026-09-28T13:18:03+00:00,245434,296,205,203,0,2,296,205,203,0,2,203,0,2,295,1,0,1,1,296,203,0,2,True,True
PRC_R2J5J1G1M2Z6M1U4T0V3J2W5X4U2F0,2214878,2026-01-29,2026-09-28T13:18:04+00:00,245397,296,249,249,0,0,296,249,249,0,0,249,0,0,295,1,0,1,1,296,249,0,0,True,True
PRC_N2K5H1S1Q2C6T1O3V5U2N1L0D1L6O7,2214877,2026-01-29,2026-09-28T13:18:05+00:00,245392,296,245,243,0,2,296,245,243,0,2,243,0,2,295,1,0,1,1,296,243,0,2,True,True
PRC_M2A5D1C1N2T4I1Y6I4C0H4W4P6J0Z7,2214875,2026-01-29,2026-09-28T13:18:07+00:00,245431,296,194,168,8,18,296,194,168,8,18,168,8,18,295,1,0,1,1,296,168,8,18,True,True
PRC_D2D5Y1Y1P2H6W1Z3W5A6Q2U6B5F4I8,2214873,2026-01-29,2026-09-28T13:18:08+00:00,245391,296,244,243,0,1,296,244,243,0,1,243,0,1,295,1,0,1,1,296,243,0,1,True,True
PRC_X2I5P1X1S2F6N1V4U0A2V0G1R1V8I3,2214871,2026-01-29,2026-09-28T13:18:09+00:00,245390,296,234,230,0,4,296,234,230,0,4,230,0,4,295,1,0,1,1,296,230,0,4,True,True
PRC_B2P5W1M1L2X4P1L6V4M4G0P2A0F9T2,2214867,2026-01-29,2026-09-28T13:18:10+00:00,245432,296,204,203,0,1,296,204,203,0,1,203,0,1,295,1,0,1,1,296,203,0,1,True,True
PRC_P2I5J1I1F2X6O1F6Q3H8N3U9Q0Y8Z8,2214866,2026-01-29,2026-09-28T13:18:11+00:00,245430,296,197,119,39,39,296,197,119,39,39,119,39,39,295,1,0,1,1,296,119,39,39,True,True
PRC_U2V5U1Y1S2E4H1G6L3Q4X5N4F6S2U3,2214865,2026-01-29,2026-09-28T13:18:12+00:00,245435,296,206,203,0,3,296,206,203,0,3,203,0,3,295,1,0,1,1,296,203,0,3,True,True
PRC_N2V5R1K1D2L4M0R8H3M2D5U6F1U6K9,2214863,2026-01-29,2026-09-28T13:18:13+00:00,245417,296,223,223,0,0,296,223,223,0,0,223,0,0,295,1,0,1,1,296,223,0,0,True,True
PRC_K2M5C1D1N2L1A1X7U0U2J3A9Q1U7L9,2214862,2026-01-29,2026-09-28T13:18:15+00:00,245421,296,218,211,1,6,296,218,211,1,6,211,1,6,295,1,0,1,1,296,211,1,6,True,True
PRC_W2Y5J1A1K2T4I1Y6N4B3C2D1Z2N0I6,2214854,2026-01-29,2026-09-28T13:18:16+00:00,245429,296,203,198,2,3,296,203,198,2,3,198,2,3,295,1,0,1,1,296,198,2,3,True,True
PRC_M2T5E1F1G2J4H1A6O4V1O1C4C7R7O7,2214852,2026-01-29,2026-09-28T13:18:16+00:00,245436,296,202,199,0,3,296,202,199,0,3,199,0,3,295,1,0,1,1,296,199,0,3,True,True
PRC_N2B5X1P1A2B6Q1V6S3P7D4U1A4H7A9,2214848,2026-01-29,2026-09-28T13:18:18+00:00,245441,296,205,203,0,2,296,205,203,0,2,203,0,2,295,1,0,1,1,296,203,0,2,True,True
PRC_Q2W6W0W1P2S9N1S1K4P0O1O8J7S4F7,2214834,2026-01-29,2026-09-28T13:18:19+00:00,245386,296,239,186,41,12,296,239,186,41,12,186,41,12,295,1,0,1,1,296,186,41,12,True,True
PRC_S2W5Z0V9N2W2V1F6V4O0S4N0A1V9Z8,2214178,2026-01-29,2026-09-28T13:18:20+00:00,245402,296,239,236,0,3,296,239,236,0,3,236,0,3,295,1,0,1,1,296,236,0,3,True,True
PRC_P2I5R0U7F0Y7D1O3V1W6W4L6C1K2C2,2214172,2026-01-29,2026-09-28T13:18:21+00:00,245416,296,224,222,0,2,296,224,222,0,2,222,0,2,295,1,0,1,1,296,222,0,2,True,True
PRC_P2Q5O1P0N1N2V1W6U0T8T5S4S7A6A1,2213834,2026-01-29,2026-09-28T13:18:22+00:00,245442,296,205,205,0,0,296,205,205,0,0,205,0,0,295,1,0,1,1,296,205,0,0,True,True
ARC_L2Z5J1X0H2O1A1D4Y0I2F1Q7M3O8E4,2213655,2026-01-29,2026-09-28T13:18:24+00:00,245440,296,206,206,0,0,296,206,206,0,0,206,0,0,295,1,0,1,1,296,206,0,0,True,True
PRC_T2B5C1A0Y1Z5X1Y0F1G2F3F2D3E4D9,2213601,2026-01-29,2026-09-28T13:18:24+00:00,245423,296,221,212,2,7,296,221,212,2,7,212,2,7,295,1,0,1,1,296,212,2,7,True,True
PRC_X2U5T0U9J1I8H0F8O2M7N5M3K4S7R2,2213117,2026-01-29,2026-09-28T13:18:26+00:00,245404,296,237,221,2,14,296,237,221,2,14,221,2,14,295,1,0,1,1,296,221,2,14,True,True
PRC_C2J5I0G9L0Q5N1J8G5F3N4N2M7S5R6,2212829,2026-01-29,2026-09-28T13:18:27+00:00,245463,296,194,194,0,0,296,194,194,0,0,194,0,0,295,1,0,1,1,296,194,0,0,True,True
PRC_V2V5U0C8C2A7C1A1A3Z7G4H2G0G3E7,2212553,2026-01-29,2026-09-28T13:18:28+00:00,245419,296,221,221,0,0,296,221,221,0,0,221,0,0,295,1,0,1,1,296,221,0,0,True,True
PRC_D2M5K0J8R1Q3O0P9O1K9J0I1G9P6N8,2212185,2026-01-29,2026-09-28T13:18:29+00:00,245433,296,191,184,0,7,296,191,184,0,7,184,0,7,295,1,0,1,1,296,184,0,7,True,True
PRC_P2O5I0K8J1G1P1O1N1T9S1R9Q1A2Z9,2212136,2026-01-29,2026-09-28T13:18:30+00:00,245443,296,204,203,0,1,296,204,203,0,1,203,0,1,295,1,0,1,1,296,203,0,1,True,True
PRC_U2H5G0F8E0M5L1K3J4P4O1N4V4U4T0,2212088,2026-01-29,2026-09-28T13:18:31+00:00,245413,296,229,228,0,1,296,229,228,0,1,228,0,1,295,1,0,1,1,296,228,0,1,True,True
PRC_O2N5U0T7A3Z1Y1F0Z1G9F1M8L7I7E3,2211944,2026-01-29,2026-09-28T13:18:32+00:00,245398,296,240,230,0,10,296,240,230,0,10,230,0,10,295,1,0,1,1,296,230,0,10,True,True
PRC_S2T5R0S7Q2R2G1G0F0F1E4C9C2K4L7,2211877,2026-01-29,2026-09-28T13:18:34+00:00,245424,296,219,218,0,1,296,219,218,0,1,218,0,1,295,1,0,1,1,296,218,0,1,True,True
PRC_S2Q5R0P7Q1O8O1L4J0J9H5I5H4H0P4,2211676,2026-01-29,2026-09-28T13:18:35+00:00,245476,296,196,190,1,5,296,196,190,1,5,190,1,5,295,1,0,1,1,296,190,1,5,True,True
PRC_U2S5T0B4Z0A3Y1Y5X4Y9F0G5E5D6D2,2210192,2026-01-29,2026-09-28T13:18:36+00:00,245420,296,223,222,1,0,296,223,222,1,0,222,1,0,295,1,0,1,1,296,222,1,0,True,True
PRC_L2I5H0I3H2P6N0M9L0M7B3Z3Y1X8Y6,2209782,2026-01-29,2026-09-28T13:18:37+00:00,245475,296,197,194,0,3,296,197,194,0,3,194,0,3,295,1,0,1,1,296,194,0,3,True,True
PRC_C2C5A0C1A0A6I1I5H1F2G5E7F5N6L3,2209642,2026-01-29,2026-09-28T13:18:38+00:00,245427,296,213,213,0,0,296,213,213,0,0,213,0,0,295,1,0,1,1,296,213,0,0,True,True
PRC_S2Q5R0Z4X0Y2W1W5V4W5D0E7C8D6B9,2209594,2026-01-29,2026-09-28T13:18:40+00:00,245454,296,203,203,0,0,296,203,203,0,0,203,0,0,295,1,0,1,1,296,203,0,0,True,True
PRC_C2B5J0I3H1P7O1L5U2T3R1R5N0V5V0,2209077,2026-01-29,2026-09-28T13:18:40+00:00,245452,296,199,196,0,3,296,199,196,0,3,196,0,3,295,1,0,1,1,296,196,0,3,True,True
PRC_T2R5S0Q2R1Z7Z0X9Y2X7V3V5R1S8Q8,2208656,2026-01-29,2026-09-28T13:18:43+00:00,245456,296,202,202,0,0,296,202,202,0,0,202,0,0,295,1,0,1,1,296,202,0,0,True,True
PRC_P2Q5O0O2N1O9V1W6V3T4T5S8S3A2B5,2208424,2026-01-29,2026-09-28T13:18:44+00:00,245414,296,231,228,0,3,296,231,228,0,3,228,0,3,295,1,0,1,1,296,228,0,3,True,True
PRC_D2E5C0C1B2Z3A1V0W5U6V3T2U5S4S1,2207934,2026-01-29,2026-09-28T13:18:46+00:00,245426,296,209,209,0,0,296,209,209,0,0,209,0,0,295,1,0,1,1,296,209,0,0,True,True
PRC_H2H4P1P2O0M2N1L8M1B6B0A1A4Z6X4,2207170,2026-01-29,2026-09-28T13:18:47+00:00,245447,296,199,194,0,5,296,199,194,0,5,194,0,5,295,1,0,1,1,296,194,0,5,True,True
PRC_N2O4M1N1L1M1K1S4S1Q2S3Q2Q8O7X7,2206223,2026-01-29,2026-09-28T13:18:48+00:00,245458,296,201,201,0,0,296,201,201,0,0,201,0,0,295,1,0,1,1,296,201,0,0,True,True
PRC_C2B4X1X1V2W6V0V9T4U5C5A4B8Z2A1,2206059,2026-01-29,2026-09-28T13:18:49+00:00,245451,296,204,204,0,0,296,204,204,0,0,204,0,0,295,1,0,1,1,296,204,0,0,True,True
ARC_A2A4S1W1C2J2N1Z4I3X5E4M1V3I9W2,2205795,2026-01-29,2026-09-28T13:18:50+00:00,245425,296,217,217,0,0,296,217,217,0,0,217,0,0,295,1,0,1,1,296,217,0,0,True,True
PRC_A2Z4Z1H1I0G7H1F1E2E2M4N1L9M3K0,2205462,2026-01-29,2026-09-28T13:18:52+00:00,245462,296,197,196,0,1,296,197,196,0,1,196,0,1,295,1,0,1,1,296,196,0,1,True,True
PRC_W2X4W1U1U0T7T1B7C0A4Y5Z6Y5Y4G0,2205443,2026-01-29,2026-09-28T13:18:53+00:00,245457,296,195,195,0,0,296,195,195,0,0,195,0,0,295,1,0,1,1,296,195,0,0,True,True
PRC_M2V4T1U0S1R5Z1Y8X0X9W2E1C8D1C6,2204914,2026-01-29,2026-09-28T13:18:54+00:00,245455,296,203,203,0,0,296,203,203,0,0,203,0,0,295,1,0,1,1,296,203,0,0,True,True
PRC_M2U4T1R0S1Q4Z1X4X5F3E3D4E8C5Y0,2204742,2026-01-29,2026-09-28T13:18:55+00:00,245405,296,238,232,0,6,296,238,232,0,6,232,0,6,295,1,0,1,1,296,232,0,6,True,True
PRC_M2M4K0L8J0K7S1S7R2P4Q4O3P0X6X1,2204675,2026-01-29,2026-09-28T13:18:56+00:00,245389,296,242,234,2,6,296,242,234,2,6,234,2,6,295,1,0,1,1,296,234,2,6,True,True
PRC_G2H4F0G9E0F2D1L9M3K7K2I5J3I3I9,2204139,2026-01-29,2026-09-28T13:18:57+00:00,245401,296,238,234,0,4,296,238,234,0,4,234,0,4,295,1,0,1,1,296,234,0,4,True,True
PRC_N2L4M0U9U1T1T1S4S1Q9Y2Z5X0Y3W7,2203973,2026-01-29,2026-09-28T13:18:58+00:00,245461,296,192,191,1,0,296,192,191,1,0,191,1,0,295,1,0,1,1,296,191,1,0,True,True
PRC_W2E4F0D7E1C6A1B1W4Y0W5W1U5T2U4,2201973,2026-01-29,2026-09-28T13:19:00+00:00,245439,296,205,203,0,2,296,205,203,0,2,203,0,2,295,1,0,1,1,296,203,0,2,True,True
PRC_O2P4N0O6M0N7L1T6U1S6T4R5S6Q1Q3,2201355,2026-01-29,2026-09-28T13:19:01+00:00,245406,296,242,242,0,0,296,242,242,0,0,242,0,0,295,1,0,1,1,296,242,0,0,True,True
ARC_Q2H4W0P6O2L7G1D6T0R4Z2H6L6O0H0,2201054,2026-01-29,2026-09-28T13:19:02+00:00,245422,296,220,220,0,0,296,220,220,0,0,220,0,0,295,1,0,1,1,296,220,0,0,True,True
PRC_T2R4S0Q6R0P7Q1X0W2X9V2V2U1U0C5,2200401,2026-01-29,2026-09-28T13:19:03+00:00,245453,296,200,199,0,1,296,200,199,0,1,199,0,1,295,1,0,1,1,296,199,0,1,True,True
PRC_H2F5B1B2A2A2Z1Z1Y1Y8G3E1F6E3E5,2215487,2026-01-16,2026-09-28T13:19:04+00:00,244966,296,174,172,2,0,296,174,172,2,0,172,2,0,295,1,0,1,1,296,172,2,0,True,True
PRC_B2B5W1R2J0X9V1R3N0R5M1A0Q1J0L0,2215414,2026-01-15,2026-09-28T13:19:05+00:00,244963,296,213,212,0,1,296,213,212,0,1,212,0,1,295,1,1,1,0,296,212,0,1,True,True
PRC_L2S5A1G2U0Z9O1Y2W5F8K0A1C7D2Z6,2215413,2026-01-15,2026-09-28T13:19:07+00:00,244965,296,210,207,3,0,296,210,207,3,0,207,3,0,295,1,1,1,0,296,207,3,0,True,True
PRC_V2G5Q1I2C0L9Z1F5D0U1M3A2A7G2O1,2215406,2026-01-15,2026-09-28T13:19:08+00:00,244964,296,210,207,3,0,296,210,207,3,0,207,3,0,295,1,1,1,0,296,207,3,0,True,True
PRC_F2E5Y1Y1P2R6O2J0Y0I1B0D9V1L0P4,2215114,2026-01-15,2026-09-28T13:19:09+00:00,244959,296,214,214,0,0,296,214,214,0,0,214,0,0,295,1,1,1,0,296,214,0,0,True,True
PRC_Z2V4M1A2M0E4F1K5Y2F5V5L3O7M4D5,2215113,2026-01-15,2026-09-28T13:19:10+00:00,244961,296,212,212,0,0,296,212,212,0,0,212,0,0,295,1,1,1,0,296,212,0,0,True,True
PRC_R2G5Z1X1V2P8N0S9X2K9K2U3X6P7A6,2215099,2026-01-15,2026-09-28T13:19:11+00:00,244958,296,208,207,0,1,296,208,207,0,1,207,0,1,295,1,1,1,0,296,207,0,1,True,True
PRC_R2W5X1N1R2Z6J1J3J4K1U1W5H4Z6J5,2214889,2026-01-15,2026-09-28T13:19:13+00:00,244540,296,211,210,0,1,296,211,210,0,1,210,0,1,295,1,1,1,0,296,210,0,1,True,True
PRC_Z2T5Q1B1J2E6N1K3V4G3M1J5R9K8J0,2214887,2026-01-15,2026-09-28T13:19:13+00:00,244956,296,212,211,0,1,296,212,211,0,1,211,0,1,295,1,1,1,0,296,211,0,1,True,True
PRC_F2H5M1Q1Y2R6A1J3G4I4K0T5S3H5P8,2214886,2026-01-15,2026-09-28T13:19:15+00:00,244957,296,214,212,0,2,296,214,212,0,2,212,0,2,295,1,1,1,0,296,212,0,2,True,True
PRC_U2R5K1P1Q2U4Z1F6C4L4N4C7K7Q5I4,2214883,2026-01-15,2026-09-28T13:19:16+00:00,244960,296,212,212,0,0,296,212,212,0,0,212,0,0,295,1,1,1,0,296,212,0,0,True,True
PRC_L2J5K0I8J2I7P1Q1O2P1N2M6M8U0V7,2212546,2026-01-15,2026-09-28T13:19:17+00:00,244962,296,213,208,0,5,296,213,208,0,5,208,0,5,295,1,1,1,0,296,208,0,5,True,True
