bill_id,proc_dt,tally_members,tally_yes,tally_no,tally_abstain,n_tally_rows,rows,yes,no,abstain,rows_short,yna_match
ARC_A2A4S1W1C2J2N1Z4I3X5E4M1V3I9W2,2026-01-29,296,217,0,0,1,295,217,0,0,1,True
ARC_A2S5K0C9H0P3Z1G5X3B4X0F2N7T1S6,2026-05-07,286,210,0,1,1,285,210,0,1,1,True
ARC_B2R5C0Y3E1E9E1F3Z5R8B5A3X1E7O5,2025-10-26,298,253,0,3,1,298,253,0,3,0,True
ARC_B2U4U0H7N2J2O0N8R5I5F1J9G2D2U5,2025-01-08,300,258,3,6,1,300,258,3,6,0,True
ARC_C2A4B0A8H3R0V0R9F2L0E3Z7P8F7S5,2024-12-10,300,238,18,19,1,300,238,18,19,0,True
ARC_C2A4M0W7H2E2U0L8Z5W5D3P2U7T2A3,2024-09-26,300,201,0,0,1,300,201,0,0,0,True
ARC_C2T4H1P1L1C1K1P0C0M6Y1R0I0D5U6,2025-11-13,298,230,0,2,1,298,230,0,2,0,True
ARC_C2Z4B0S8I3P0O1X8M2F7W1U1Y9U6C3,2024-12-10,300,263,0,0,1,300,263,0,0,0,True
ARC_C2Z4Z0C6Z2W8Q2R0G1B1Q0E5I5T8S0,2024-11-28,300,242,0,0,1,300,242,0,0,0,True
ARC_D2A4K0M7H2W4T0B9Z1C2D5L1P6S9F2,2024-09-26,300,213,4,11,1,300,213,4,11,0,True
ARC_D2C4U1N2I0N4F1H7F4N0O0P8R8M2U3,2025-05-01,300,271,0,0,1,300,271,0,0,0,True
ARC_D2H4B0L6L2H7O1O5Q2X8A4R0F9M2M1,2024-09-26,300,228,0,1,1,300,228,0,1,0,True
ARC_D2H4Y0X7G1M2Y1K5T1P0P3H7H4J5N6,2024-11-28,300,245,0,1,1,300,245,0,1,0,True
ARC_D2S5L0Z9U0M3W1K5G3R4H0C7E9O6F7,2025-12-02,298,171,84,1,1,298,171,84,1,0,True
ARC_E2I4I0Y7R2I2T1N4C1N9T0A8G7V9J3,2024-09-26,300,189,0,2,1,300,189,0,2,0,True
ARC_E2I4S0I7L1T6Y1U0D1L9Z3B3T0T9S9,2024-11-14,300,263,1,2,1,300,263,1,2,0,True
ARC_E2N4D0J8X3H0N1N0J0F5M5G8Y3W5V0,2024-12-10,300,267,0,1,1,300,267,0,1,0,True
ARC_E2P4F1S1Q0E7L1B6O5Y2J1N5G0U5X3,2024-12-26,300,260,1,2,1,300,260,1,2,0,True
ARC_E2P4M1F0K2Z1S1V5K0P7F0U1Z8G0A5,2026-05-07,286,168,0,0,1,285,168,0,0,1,True
ARC_E2Y5C0U9J0G3O1R5N3R3W5H7U4C6K2,2025-12-02,298,168,85,1,1,298,168,85,1,0,True
ARC_F2G4G1C2H1J2H1L4B4H3Y1E5X0W4H9,2026-02-12,296,156,0,0,1,295,156,0,0,1,True
ARC_F2M4X1W1S0Y7W1T6J4M9O0Z6S3F6M2,2024-12-26,300,258,0,2,1,300,258,0,2,0,True
ARC_G2N4B0O7H2D2T1L4W1X3C1V2E4Q2P6,2024-08-28,300,293,0,0,1,300,293,0,0,0,True
ARC_G2R4Q0P9H0N2Q1J6P4Z3K5D5G4E3D0,2024-12-10,300,204,33,37,1,300,204,33,37,0,True
ARC_H2E4I0T8D1G2Q2Z0G4P5L5Q2C9R3G8,2024-08-28,300,291,0,0,1,300,291,0,0,0,True
ARC_H2E4P0N9Y0P2X0O9N0D1Z5K3X1X1K1,2024-12-10,300,269,0,6,1,300,269,0,6,0,True
ARC_H2L6S0L1I2B2S1Z4Y0R2G4K5M3S6C6,2026-05-07,286,175,0,0,1,285,174,0,0,1,False
ARC_H2X4J0Q7K1B2E1F7M4T8K3E9Z9Z1N8,2024-09-26,300,213,5,12,1,300,213,5,12,0,True
ARC_H2Y4X0Q8R2Q0E1P7E1P1O5D7I3P5I8,2024-12-27,300,173,0,2,1,300,173,0,2,0,True
ARC_I2A6Y0J1U2F2V1B4K0G2V4X1N1W7B0,2026-05-07,286,211,0,2,1,285,211,0,2,1,True
ARC_I2D4F0O7H2W2G1M1X0J2E2T3O1Z9M3,2024-09-26,300,186,0,2,1,300,186,0,2,0,True
ARC_I2G4D0H7M2B6S1F0Y4R3R1M6I3E6D1,2024-09-26,300,247,0,5,1,300,247,0,5,0,True
ARC_I2J4I0Z6U2T7W1P5B4R9Q1D3E9G7G2,2024-08-28,300,290,0,1,1,300,290,0,1,0,True
ARC_I2N4U0O7X2Y2Y1C7K4H1Z4Z5B4A2R3,2024-09-26,300,205,0,0,1,300,205,0,0,0,True
ARC_I2Q4B0R7T2S4I1E1P3Q3I5E8S1G2O2,2024-09-26,300,225,0,3,1,300,225,0,3,0,True
ARC_I2U4I0G7M2E3F1X1T2J7U4J2V7F3O7,2024-09-26,300,213,4,7,1,300,213,4,7,0,True
ARC_I2Z4J0K8Y2V0L1O7O2H7M5C8O8X9X6,2024-12-27,300,171,0,0,1,300,171,0,0,0,True
ARC_J2E4C0Y8W1V2L2N0W3J9T4D9E0V4B1,2024-08-28,300,289,0,0,1,300,289,0,0,0,True
ARC_J2F4J0M7X2Z3R1G4H1B0L2C1H8Q8P8,2026-08-26,299,216,2,10,1,284,206,1,8,15,False
ARC_J2U4Z1P1D0E8Z0F9R3S1S0X1H8R5L1,2026-05-07,286,211,0,3,1,285,210,0,3,1,False
ARC_J2Z4N0D7V2H6F1A3S4I9C5X1W1V3Z6,2024-09-26,300,257,0,0,1,300,257,0,0,0,True
ARC_K2D4L0M7W2X6M1S4O2B5Y3P8S7F0C8,2025-04-02,300,256,1,4,1,300,256,1,4,0,True
ARC_K2N4P0F7W1M2P1N4S0Q6K2A0N1B0R0,2024-09-26,300,196,0,4,1,300,196,0,4,0,True
ARC_K2O4L0L6Y2B8Y2Z1Q1T1G3O6Y2D7G6,2024-12-10,300,281,0,0,1,300,281,0,0,0,True
ARC_K2W4D0G7Z1T9A1F6Z0R2U1W1K3L0D0,2024-09-26,300,192,1,2,1,300,192,1,2,0,True
ARC_L2H5D0B5P1N5Y1E0Y5U8U5B9E5W8O9,2026-02-12,296,155,1,0,1,295,155,1,0,1,True
ARC_L2I4C0H7N2N2W1M4Z0A6N2C0H4J8R1,2024-09-26,300,186,0,3,1,300,186,0,3,0,True
ARC_L2Z5J1X0H2O1A1D4Y0I2F1Q7M3O8E4,2026-01-29,296,206,0,0,1,295,206,0,0,1,True
ARC_M2F5U0D9P0A3X1S5R3A4N1H0W4N6N8,2025-12-02,298,233,0,3,1,298,233,0,3,0,True
ARC_M2H5C0L3U1L9A1I4V0N7H3S9T1E6E6,2025-12-02,298,236,0,0,1,298,236,0,0,0,True
ARC_M2I4R1Z0K2S4F1I5O1D7G4F4T8D3W8,2025-05-01,300,259,0,1,1,300,259,0,1,0,True
ARC_M2K4D1X2I1J3S1B3K2C8J0Y3V4U6K3,2025-02-27,300,226,0,0,1,300,226,0,0,0,True
ARC_M2L4B0U7P2L9B1L6L3X4K5Y6E6A5A2,2025-05-01,300,265,0,4,1,300,265,0,4,0,True
ARC_M2Y4A0O7R2P2G1H3T2G6D1Z9G9L0T1,2024-12-27,300,167,0,1,1,300,167,0,1,0,True
ARC_N2D4P1Q0V1B6H1T5J1Z5Q1A0N5X8B5,2025-07-03,298,260,0,0,1,298,260,0,0,0,True
ARC_N2I4D1Q2A1W7R1H9M3K2B4O3G9Y5O3,2025-02-27,300,226,0,1,1,300,226,0,1,0,True
ARC_N2J4U1G0C2S1P1X5I0R7D0L8W1L4Z0,2026-05-07,286,170,0,1,1,285,170,0,1,1,True
ARC_O2E4I1X2E1G8S1Y6D1G7C1S8F9E5J0,2026-05-07,286,170,0,1,1,285,170,0,1,1,True
ARC_O2G6X0P1R2E2E1S4Y0G2B3Q5Q1F6N3,2026-05-07,286,210,4,3,1,285,209,4,3,1,False
ARC_O2N5Y0K3V1H9W2Z1F1C2K2U6Q8N7E8,2026-05-07,286,174,0,0,1,285,174,0,0,1,True
ARC_O2Q4F0K6H2F8F1L6N1W3C3O8Y9P0W8,2024-12-27,300,163,0,3,1,300,163,0,3,0,True
ARC_P2A4R0T7T1K2W1C8P5E4O0Z4O7N3H9,2025-03-13,300,250,0,8,1,300,250,0,8,0,True
ARC_P2C4S0L8H1Z2D2E0U4L0N0F2O1W0C8,2024-08-28,300,292,0,0,1,300,292,0,0,0,True
ARC_P2F4I1U0W1I6Q1J0I5N9J5N1P2H1V2,2025-07-03,298,267,0,0,1,298,267,0,0,0,True
ARC_P2G4U1E2T1J2Q1I5G0M0S3X2V3R7U2,2025-04-02,300,258,1,3,1,300,258,1,3,0,True
ARC_P2H4F1L0S1E6V1R5Y1D5V2G6Q9B8P2,2025-01-08,300,267,0,6,1,300,267,0,6,0,True
ARC_P2L5Q1C2W2X4W1G2R4Q8S2Z6J4U7I8,2026-06-18,300,250,0,1,1,285,236,0,1,15,False
ARC_P2Q5C1V1D2V7W1K0C3K3N5I7T2R0J1,2026-09-17,299,209,0,0,1,283,197,0,0,16,False
ARC_P2V4R0B8U1H2C2E0N4K2J5R1F9X3E0,2024-08-28,300,291,0,0,1,300,291,0,0,0,True
ARC_Q2A4D0K8P2P1V1D3X1N4D3G7U9H9T5,2024-12-27,300,173,0,0,1,300,173,0,0,0,True
ARC_Q2H4W0P6O2L7G1D6T0R4Z2H6L6O0H0,2026-01-29,296,220,0,0,1,295,220,0,0,1,True
ARC_R2I4Y0R6W2E8T1C8Q3J0R3D7G7Z3X4,2024-08-28,300,292,0,1,1,300,292,0,1,0,True
ARC_R2K4N0N8M2P0L1U8P2Z9Z0L8W8X1V2,2024-12-27,300,176,0,0,1,300,176,0,0,0,True
ARC_R2L4Y1Q0N0D2B1J2N4Y0P4K1S0F9G3,2024-11-28,300,206,8,13,1,300,206,8,13,0,True
ARC_R2M4D0F7B2T4I1C4N3S0W0Z0O1A9C7,2025-04-02,300,258,0,0,1,300,258,0,0,0,True
ARC_R2P5Z0Y9X0H3Y1V5U3R4A1C3K2N9V9,2025-12-02,298,245,0,0,1,298,245,0,0,0,True
ARC_R2T4A1L0D1D6S1M5A1E5P2B2B9R2L9,2025-01-08,300,268,0,6,1,300,268,0,6,0,True
ARC_S2A4K0W9K0Z2U1D6I4P8Q3H0W4H8G7,2024-12-10,300,278,1,3,1,300,278,1,3,0,True
ARC_S2C4B1J1W0T7E1O0Q2Z4K4S1I6W5V2,2025-02-27,300,207,0,1,1,300,207,0,1,0,True
ARC_S2D4M1R0S1G5D0G9D3U9F0J7S5N2U1,2024-12-31,300,287,0,1,1,300,287,0,1,0,True
ARC_S2E4D0V6K2H7F1N6J0D6Y1F1I8C8C0,2026-03-12,295,172,1,2,1,294,171,1,2,1,False
ARC_T2C4H0N6B2V7A1D4S0L9W2U7G5S8W7,2024-08-28,300,293,0,1,1,300,293,0,1,0,True
ARC_T2E4S1X0J3I0Y1V3Z5R3D4U1U8B3U7,2024-12-26,300,258,1,0,1,300,258,1,0,0,True
ARC_T2F4T1M1F0M7A1R0X2Q9M2D5R8C6V9,2025-02-27,300,209,0,3,1,300,209,0,3,0,True
ARC_T2I4X1Y0W1R6K1U4C5R8K2J4N6S6Q3,2025-05-01,300,267,1,1,1,300,267,1,1,0,True
ARC_U2X4L0V7O1V2A1S7L0H1G3N2F2O2C4,2025-04-02,300,255,0,0,1,300,255,0,0,0,True
ARC_V2A4Z0C7M2G6P1U4T4C8Q1Z6K3E0H7,2025-02-27,300,184,4,8,1,300,184,4,8,0,True
ARC_V2G4C0H9W0W2H1O6B4C8X0F6L5Z9R2,2024-12-10,300,264,0,2,1,300,264,0,2,0,True
ARC_V2H4C0R8K2W0A1X7T4K1W2P0V6G5C6,2025-02-27,300,275,0,0,1,300,275,0,0,0,True
ARC_V2J4R0J6N2Q7I1G4S2R9R4F1F9U0T4,2024-09-26,300,203,0,1,1,300,203,0,1,0,True
ARC_V2T4D1K0X3T0X1U1P3L0X2Q1P0N7O4,2025-03-13,300,268,0,3,1,300,268,0,3,0,True
ARC_V2V4V1P0B2U1X1C5M0T6M4V0L6Z8A8,2026-05-07,286,167,0,1,1,285,167,0,1,1,True
ARC_V2V5G0T9P0R3K1P5D3S3R5V0F9B4L5,2025-12-02,298,231,0,4,1,298,231,0,4,0,True
ARC_V2W4L0F6G2W8D1C5P2S1U1T1X3O0F4,2024-12-27,300,164,0,2,1,300,164,0,2,0,True
ARC_V2Z4L0L7M1J2A1V5S1Y3M2V8M9K0F0,2025-02-27,300,195,0,0,1,300,195,0,0,0,True
ARC_W2H4M0Q8P3T0Z1R8P3S1E0V2O7F8C7,2024-12-10,300,270,1,4,1,300,270,1,4,0,True
ARC_W2J4Y0S6F2Y7K1L5B3A6L4Z8W8V9W6,2024-09-26,300,216,1,5,1,300,216,1,5,0,True
ARC_X2C4W1G0C1M6Y1C0K1N5F5W5C7W2O2,2025-05-01,300,255,0,1,1,300,255,0,1,0,True
ARC_X2E4R0A7P2P2E0M8C5K5R2F6N3K8U9,2024-09-26,300,203,0,0,1,300,203,0,0,0,True
ARC_X2K5C1R0X0K2T1Z0D4L2Y3X3D5U9B2,2026-03-12,295,200,0,0,1,294,199,0,0,1,False
ARC_X2L4H0K6Q2T8F1C5W4X4S1S7B3B9W1,2024-08-28,300,295,0,0,1,300,295,0,0,0,True
ARC_X2O4L0L9E0U2G1R6D4J8E2F0U7Q1H1,2024-12-10,300,97,181,3,1,300,97,181,3,0,True
ARC_X2Q4U0V9S0P2M1L6U4A8H4M0K7Z1S0,2024-12-10,300,272,0,1,1,300,272,0,1,0,True
ARC_X2T4G0X6O2N7T1W3H5B4K0T8M4L7X7,2024-08-28,300,289,0,1,1,300,289,0,1,0,True
ARC_Y2C4S1M2Y1M2U1T8Q1O8S0G3E1P5M0,2025-05-01,300,256,0,4,1,300,256,0,4,0,True
ARC_Y2F4E0Q9N0U2X1Y6F4M6W5U6R8T4B7,2024-12-10,300,261,0,2,1,300,261,0,2,0,True
ARC_Y2F5U1C1X2N4G1V4G5D7I0C7D2X4J2,2026-03-31,295,194,0,0,1,294,194,0,0,1,True
ARC_Y2H5E1W0D0C2T1D0K4S8S1W2L2Y1I2,2026-05-07,286,215,0,1,1,285,214,0,1,1,False
ARC_Y2U4Y0J7R2E4X1Y4B0C5D1T9I8C6Q1,2024-12-02,300,288,0,1,1,300,288,0,1,0,True
ARC_Y2X4N1J1N0Z7G1F0T1I8H1K5B7H1N9,2025-02-27,300,208,0,1,1,300,208,0,1,0,True
ARC_Z2B4D0J6D2S7J1N4B2Z1J3S8X0M2S1,2024-09-26,300,204,8,11,1,300,204,8,11,0,True
ARC_Z2N4T0B7F2L6O1R0O5O3P5B0K9Q1O8,2024-12-31,300,266,4,15,1,300,266,4,15,0,True
ARC_Z2U4D0O7C1D2Y1I5K2Z1R4I6W3Q8I5,2024-09-26,300,206,0,0,1,300,206,0,0,0,True
PRC_A2A4J0J7H0G2G0F8G4B5C5A7Y3Z7Y9,2024-11-14,300,281,0,4,1,300,281,0,4,0,True
PRC_A2A4Z0Z7H3I1G1H3F4F5E4A5A5Y8Z8,2026-03-12,295,175,0,6,1,294,174,0,6,1,False
PRC_A2A5D0E9X1J6G1Y9Z5K9G4Q4Z3B7E2,2025-10-26,298,200,26,25,1,298,200,26,25,0,True
PRC_A2A5Y0Z7X2Y8G1H2F5F0D1E6C9D3L0,2026-03-12,295,209,0,0,1,294,208,0,0,1,False
PRC_A2A6Z0G9H0F9G1E1F4D8E3M0K7K2J5,2026-09-17,299,162,77,0,1,283,152,75,0,16,False
PRC_A2B4J1J2I0I5H1F5F2C6C2B8Z6Z6X4,2026-04-23,295,153,1,2,1,294,152,1,2,1,False
PRC_A2B4Y0M9S2B0M1H6Z5Q5N1F4B2V7T2,2024-11-14,300,293,0,0,1,300,293,0,0,0,True
PRC_A2B4Z0Z7Y0G8G1E1F0E8E1C3D4L2J5,2024-11-28,300,254,0,3,1,300,254,0,3,0,True
PRC_A2B4Z1A2Y1Y8X1F7F5E2F0D7D4B7K5,2025-05-01,300,260,0,5,1,300,260,0,5,0,True
PRC_A2B5A0A2I0I6H1F1G0E4F2N8L8M1K9,2025-12-02,298,225,0,3,1,298,225,0,3,0,True
PRC_A2B6I0H9I0G8G1F6G5N9O2M5L4L8J7,2026-09-17,299,161,71,0,1,283,152,68,0,16,False
PRC_A2B6L0W3M3C1I1F9V5R7S1W9G8A5N0,2026-04-10,295,222,5,5,1,294,221,5,5,1,False
PRC_A2B6N0T3A1W2N2F0Z2G7P1A3R1B0K5,2026-04-23,295,171,0,2,1,294,170,0,2,1,False
PRC_A2C4Z0I6F2E0M1K5I3R2Q1M0L2R6R8,2026-03-12,295,181,0,2,1,294,180,0,2,1,False
PRC_A2D5R0B9W1E8V2X0K2M4M1T2Q1B7Y3,2025-09-29,298,178,0,0,1,298,178,0,0,0,True
PRC_A2D5U0K8A2G5C1K5V4S0J1M9J7I8Z3,2025-08-27,298,163,0,0,1,298,163,0,0,0,True
PRC_A2D6O0E3Y1E0M1I1W2I0D5O1O2M1T4,2026-04-23,295,177,0,0,1,294,176,0,0,1,False
PRC_A2E4E0W9L0J2N0O9O1Q5K5Z5Z0N4I1,2024-09-26,300,189,0,4,1,300,189,0,4,0,True
PRC_A2E4G0C6K1K8P1M1E5X0I2B5I5Z5E2,2024-07-28,300,189,0,0,1,300,189,0,0,0,True
PRC_A2E5C0L2N1T8V1U8Z0G3U1V9H5W0U2,2025-02-27,300,187,0,0,1,300,187,0,0,0,True
PRC_A2F4N1N2E1V9P1L4T0H2G2P8X4Z4C1,2025-01-17,300,187,67,14,1,300,187,67,14,0,True
PRC_A2F5B0R3D2W0F1N4J2E6L4R9L3N6H4,2025-03-20,300,194,40,43,1,300,194,40,43,0,True
PRC_A2F5S1E1X2W0K1A5G3R9P2I5M7K0W6,2025-12-02,298,234,3,1,1,298,234,3,1,0,True
PRC_A2F6L0L3Y2R5S2Z2W4V1D4R0C2R4I7,2026-05-07,286,188,1,0,1,285,187,1,0,1,False
PRC_A2G5E1A1Y2K1Q1B6B2S3O1E1G6O7Z0,2026-01-29,296,190,2,4,1,295,190,2,4,1,True
PRC_A2G5H0B9G1Q7M1P0S0B9N5X3V4E1Y0,2025-10-26,298,246,2,4,1,298,246,2,4,0,True
PRC_A2G5Q0I9N2M4U1Y2G3L2H0U4K2X5B8,2025-11-13,298,157,0,0,1,298,157,0,0,0,True
PRC_A2G6N0A3M1X2X2W0Z2U2D3A3Y7Z3A0,2026-04-23,295,158,5,4,1,294,158,5,4,1,True
PRC_A2H4S0Q9V0G2I1W7M1N3N4E3M6Y2J9,2024-12-10,300,264,1,0,1,300,264,1,0,0,True
PRC_A2H5J0I3S1Q2V1I5T1D8Z0A5X9B6D1,2025-04-02,300,171,69,6,1,300,171,69,6,0,True
PRC_A2I4J1H2I0G5E0F9A3C9A5A6Y3X5Y6,2025-11-13,298,123,1,28,1,298,123,1,28,0,True
PRC_A2I5H0H4F3G0E0E8M5N9L0M0L0J3J3,2026-02-12,296,157,0,0,1,295,157,0,0,1,True
PRC_A2I5L0C9U1W7S1S4C1E6D1F0L7N9M0,2025-10-26,298,250,1,2,1,298,250,1,2,0,True
PRC_A2I6H0H9F0G8E1F8A1B4Z4Y7Y2X4X2,2026-09-17,299,152,34,2,1,283,142,32,2,16,False
PRC_A2I6I0H9I0G8G1F9N1N3M2M1L4L3J0,2026-09-17,299,155,47,0,1,283,145,45,0,16,False
PRC_A2J4E1S1S2I6G1V8L3M0C1P3H8S0H1,2024-11-28,300,269,0,1,1,300,269,0,1,0,True
PRC_A2J6Y0K3R2B1M1C4T3U1U0I0M6N5X1,2026-03-21,295,168,0,0,1,294,168,0,0,1,True
PRC_A2K4C1X1H2F0M2Z0D5K9K3C8T6P7Z2,2024-12-02,300,286,0,0,1,300,286,0,0,0,True
PRC_A2K4G1P2Z0P9J1N0E4F3Y5I4A6S3V1,2024-12-12,299,195,85,2,1,299,195,85,2,0,True
PRC_A2K5Z0P9A2Y4C1T2W3E6T0J2I3L9G9,2025-11-13,298,150,0,1,1,298,150,0,1,0,True
PRC_A2L5O1S1N1X9N1D8W5J8E0X6D5U0P5,2025-11-27,298,248,5,3,1,298,248,5,3,0,True
PRC_A2L6G0E3U2A3E1V8H3R0N4K4N0S2I8,2026-04-23,295,192,0,1,1,294,191,0,1,1,False
PRC_A2N5J0F2P2D0B1V9G0A8E2V8I1W2R3,2025-03-13,300,239,0,5,1,300,239,0,5,0,True
PRC_A2N6O0H3U3T1X1P9I5H6X5I3O0S1M3,2026-04-10,295,224,6,7,1,294,223,6,7,1,False
PRC_A2P4B0X9R2X5Q1K4I2J4W5B5O4D3L2,2024-11-14,300,281,4,3,1,300,281,4,3,0,True
PRC_A2P5V0A9T2R3H1C8W2Z7X2S4Q6U0R4,2025-12-02,298,229,0,2,1,298,229,0,2,0,True
PRC_A2Q4P0U9J1H0F1C5X1Y9A0L0E6I4S4,2024-09-26,300,195,0,5,1,300,195,0,5,0,True
PRC_A2Q5I1R2E0P9I1N3O0Z2P1F2G8G3B0,2026-01-29,296,197,0,0,1,295,197,0,0,1,True
PRC_A2Q6Q0W2C0A5V2D1R1K2C0I9O9G1Q8,2026-03-12,295,179,0,2,1,294,178,0,2,1,False
PRC_A2R6J0I3V1E0I1Q0A5L6A0C1J4P5S3,2026-05-07,286,209,0,1,1,285,208,0,1,1,False
PRC_A2R6U0Y4H1O5I1J3W5W4J4V5N3M8L4,2026-08-20,299,184,0,2,1,284,172,0,2,15,False
PRC_A2S5H1A2H1P6H1F7Q1T0L0F4E9E5Y3,2026-02-12,296,158,0,0,1,295,158,0,0,1,True
PRC_A2T4Y0W6A1H3Y1W6O2T4E3D0L1I1M5,2024-07-26,300,183,0,0,1,300,183,0,0,0,True
PRC_A2U5E0I2Z2I4K1S1O1F9Y5G3Z1C9A9,2025-03-13,300,274,0,1,1,300,274,0,1,0,True
PRC_A2U6M0R3S1I0B1W0H3K1Y2E7X6U5P8,2026-04-23,295,200,0,1,1,294,199,0,1,1,False
PRC_A2V5D1D1C2J1T1I6O0C9G4V4E9C9E8,2026-01-29,296,196,0,2,1,295,196,0,2,1,True
PRC_A2V6V0E9S1C5Z2X0C3U3B3E0O5P0S4,2026-09-17,299,198,2,4,1,283,186,2,4,16,False
PRC_A2W5X1V2W1U5U1T1B4B2A5A2Z8Z5X1,2026-07-23,299,184,2,8,1,284,175,1,8,15,False
PRC_A2W6E0L3N1I0V1P1S0Y3E1N2P2V8F2,2026-04-23,295,177,0,0,1,294,177,0,0,1,True
PRC_A2X5O0E3Q1T9G1Z1Y0F0T4V3K0K0O2,2025-03-20,300,255,0,5,1,300,255,0,5,0,True
PRC_A2X6M0C2A2K5S1P0I2L8B0N3W6F7Q3,2026-04-23,295,174,0,2,1,294,174,0,1,1,False
PRC_A2Y4Z0X8Y0G7E1F1D0D5B0D9K2L4J5,2026-08-20,299,201,6,15,1,284,190,4,15,15,False
PRC_A2Y5N0J7W0L2U1Q8C3H1Y5N0J3K0D9,2025-07-03,298,274,0,1,1,298,274,0,1,0,True
PRC_A2Y5X0X6M2N7L0M9K4L1J2R2R7Q3Q7,2025-12-02,298,226,0,4,1,298,226,0,4,0,True
PRC_A2Y5Z0H2F1G2E1F6D5E1L1K3L7J1K3,2026-03-31,295,184,0,0,1,294,184,0,0,1,True
PRC_A2Y5Z0X5W1W2E1E3D2E2C5C7B9X4X9,2025-08-27,298,162,0,1,1,298,162,0,1,0,True
PRC_A2Y6Z0X1Y2W0W1E3D5D4C5C0A4B6J5,2026-08-20,299,161,14,6,1,284,153,10,6,15,False
PRC_A2Y6Z0X9Y0W8E1F7D0D4C3C1B6J6J9,2026-09-17,299,159,68,0,1,283,150,65,0,16,False
PRC_A2Z4Z1H1I0G7H1F1E2E2M4N1L9M3K0,2026-01-29,296,196,0,1,1,295,196,0,1,1,True
PRC_A2Z5A0Y2Y2X7X1F7E3E1C2D1C8C7Y0,2026-05-07,286,163,0,1,1,285,163,0,1,1,True
PRC_B2A4Y0H6H2G6E1D4E2M4L0J3I4N0L5,2024-11-14,300,285,0,1,1,300,285,0,1,0,True
PRC_B2A4Z1X0F0G1F1D2C5Y0Z0X3W2U2D4,2026-04-23,295,172,0,1,1,294,171,0,1,1,False
PRC_B2A4Z1Z0Y1G1F1E7C5D6L4K0I5H7I7,2026-05-07,286,155,0,2,1,285,155,0,2,1,True
PRC_B2A5A0I4J1H4I1G6G2F7N0N5M3M9K8,2026-05-07,286,160,0,0,1,285,160,0,0,1,True
PRC_B2A5I0J9H1G1E1F9O2M0L5J5F3G7F3,2026-03-31,295,178,0,0,1,294,178,0,0,1,True
PRC_B2A5Z0N1O2H1D1P5O5I6E1E8X5X0Q4,2025-02-27,300,200,0,2,1,300,200,0,2,0,True
PRC_B2A5Z0X3T2U4G0E9A4Z9A4Y4X9F2G9,2025-11-13,298,132,3,19,1,298,132,3,19,0,True
PRC_B2A6B0Z9Z1Y1Z1G4H2G2E0E1C4D4S4,2026-09-17,299,154,45,1,1,283,144,43,1,16,False
PRC_B2A6Y0Y9G0H8F1G7E0F3D3L3L5K9L3,2026-09-17,299,160,68,0,1,283,151,65,0,16,False
PRC_B2B4A0A6Z1Z0H1G8G2E4F2D1E4M5M7,2024-08-28,300,291,0,1,1,300,291,0,1,0,True
PRC_B2B4Z0A8Y1G4H1F4G0E1F1D8E1A4Y4,2025-12-03,298,238,1,4,1,298,238,1,4,0,True
PRC_B2B4Z1A1P1O4O1M6N5M0M4U3T0T3R3,2026-06-18,300,245,0,3,1,285,231,0,3,15,False
PRC_B2B5A0V5W1U5V0T9U5S3T1B7Z3Z6Y5,2026-02-12,296,158,0,0,1,295,158,0,0,1,True
PRC_B2B5W1R2J0X9V1R3N0R5M1A0Q1J0L0,2026-01-15,296,212,0,1,1,295,211,0,1,1,False
PRC_B2B6K0K5T0X6A1G3J2R8G3O6F8O9D3,2026-08-20,299,206,0,3,1,284,193,0,2,15,False
PRC_B2C4A0B7Q1Q2O1N6O0M5M0U2V6T6U6,2025-04-02,300,243,4,11,1,300,243,4,11,0,True
PRC_B2C4A0B8Z2V7V1U0U3T5T2S5S9A8Z8,2025-03-13,300,252,0,5,1,300,252,0,5,0,True
PRC_B2C5A1A0Z1A0Y1Z0G2H2F2G6E9C4D1,2026-08-26,299,205,1,6,1,284,195,1,4,15,False
PRC_B2C5A1A2Z2Z9X0Z9N2O4M1N0L2K0K6,2026-04-23,295,175,1,0,1,294,174,1,0,1,False
PRC_B2C5B0B6Z0A9Y1G1H0F2G1E5F3D6D0,2025-12-02,298,234,0,4,1,298,234,0,4,0,True
PRC_B2C5K0I3J1H2I1G0G2P9N4N6M2N2L1,2025-10-26,298,267,0,1,1,298,267,0,1,0,True
PRC_B2D4K0L9D0O5B1M4N2A9S1V5L7S3R6,2024-09-26,300,220,1,10,1,300,220,1,10,0,True
PRC_B2D6O0E5M1U1T1A7W5E5C5V2V6G0G4,2026-08-26,299,213,0,2,1,284,201,0,2,15,False
PRC_B2E5B1U2S0W2L2Y2L5X1Q5U0Y1Z1S1,2025-12-02,298,255,0,2,1,298,255,0,2,0,True
PRC_B2E6O0W3D3J1I1K8V4Q0M5I0N2R4I0,2026-04-23,295,182,0,0,1,294,182,0,0,1,True
PRC_B2F4E0L5J3I0R1Q4P1V6U3L5K7J2R0,2025-07-23,297,229,0,2,1,297,229,0,2,0,True
PRC_B2H5F0D9Y2U5F1U3U5S2A2N4C1D6A9,2025-09-26,298,176,1,3,1,298,176,1,3,0,True
PRC_B2I6H0A2M2V4C1A3C4U4G1J1M1C7X9,2026-03-31,295,202,0,1,1,294,202,0,1,1,True
PRC_B2I6U0N2J1P1G1H3T4O6B1X7U3F7O6,2026-02-27,296,162,63,0,1,295,162,62,0,1,False
PRC_B2J4J0I8G2H6F1G5N4E5C1D0L3L4J0,2024-12-02,300,285,0,1,1,300,285,0,1,0,True
PRC_B2J4K0I8I0H9F1G7O1O7M4L4M6K0L9,2025-12-02,298,228,0,0,1,298,228,0,0,0,True
PRC_B2J5K0I2J1H2F1G7V2V0U5V5T7T0S0,2025-10-26,298,254,0,6,1,298,254,0,6,0,True
PRC_B2J5K1D1Q2S6K2M0T1V5Z2F6U4Y3F6,2026-02-12,296,158,0,0,1,295,158,0,0,1,True
PRC_B2J5L0H2Z2K0B1B9X1A0I4S1W9P3T0,2025-03-13,300,246,0,1,1,300,246,0,1,0,True
PRC_B2J6K0I1I1H3I1G6G0O0P3N8M8M9K6,2026-05-07,286,177,0,3,1,285,176,0,3,1,False
PRC_B2J6M0J2C2C5P1P0G2Y0O0N3A2L8C2,2026-05-07,286,178,0,3,1,285,178,0,3,1,True
PRC_B2K4P0O5S3T1K2G0Z3W7J2V3B9B8A9,2024-09-26,300,194,0,6,1,300,194,0,6,0,True
PRC_B2K5K0B3S1E1W1G4E0Z9I4L4M4E8B2,2025-03-13,300,155,87,0,1,300,155,87,0,0,True
PRC_B2K5X0X9N2N5E1C1O1X2J1I0R1I9W0,2025-10-26,298,173,76,6,1,298,173,76,6,0,True
PRC_B2L5S0P4W2J1Z1D7Y3A5H1E7V4B7A6,2025-05-01,300,269,0,1,1,300,269,0,1,0,True
PRC_B2M4Z0R9G1V0R1M5E1Q7J3J3I9X7X4,2024-09-26,300,196,0,2,1,300,196,0,2,0,True
PRC_B2P5I1V1L2Q8C0G9D2A7U0D8B9R0J1,2025-12-02,298,224,1,5,1,298,224,1,5,0,True
PRC_B2P5W1M1L2X4P1L6V4M4G0P2A0F9T2,2026-01-29,296,203,0,1,1,295,203,0,1,1,True
PRC_B2Q4E1E1T2V0O1K5R4K2B1P6Y1C3K1,2024-11-28,300,231,0,2,1,300,231,0,2,0,True
PRC_B2Q6J0E4V2K9I1A8P2C3D5F3G9L4P1,2026-05-07,286,167,0,1,1,285,167,0,1,1,True
PRC_B2R5B0M7Y0W7S0C7P4Y8V3E0A7S0X4,2025-08-22,298,179,1,0,1,298,179,1,0,0,True
PRC_B2S5P0H8O2V6D1J1I3B2W5D9H3F5N8,2025-12-02,298,219,0,3,1,298,219,0,3,0,True
PRC_B2S6B0Q2S0R3P1B8W3M0H2D5A5W5R5,2026-02-12,296,161,0,0,1,295,161,0,0,1,True
PRC_B2T5O0Q2E1I9I1L5O5C1V2K1P0P8M5,2025-03-13,300,241,0,2,1,300,241,0,2,0,True
PRC_B2T6J0X3S3J1Q1B9S5R6I4N1Y7H3D3,2026-04-10,295,216,5,7,1,294,215,5,7,1,False
PRC_B2U4G0H7Y1F7C1X7H3D1A3O8J9V2Q2,2024-08-05,300,177,2,0,1,300,177,2,0,0,True
PRC_B2U4Z1H1H2U9A1S6C1F9H4G7N6H0X3,2024-12-10,300,260,0,2,1,300,260,0,2,0,True
PRC_B2V4Z1G2K0B3O1I3O3O4C0T1Y7R5Z2,2024-12-27,300,185,0,0,1,300,185,0,0,0,True
PRC_B2V6Z0J5V1C3M1O7N5P7Z3R9W8T0A1,2026-08-20,299,232,0,0,1,284,218,0,0,15,False
PRC_B2W5X0U6Y2G3C1I5V3S6D4C4L4J5T6,2025-07-04,298,179,2,0,1,298,179,2,0,0,True
PRC_B2W6S0D3P1C0D1W4G0P1G0A7Q1B1T4,2026-03-31,295,179,0,0,1,294,179,0,0,1,True
PRC_B2W6Y0L5Z0Z5L1A8X5V5C4J1S6V1I0,2026-05-07,286,201,1,3,1,285,200,1,3,1,False
PRC_B2X4W0J9E2K5U1X4E1P2L3J6Y0N5K1,2024-11-14,300,282,0,6,1,300,282,0,6,0,True
PRC_B2Y4K0K6M1Q3U1V6C5S5T2M7F3I8F2,2024-07-25,300,225,0,0,1,300,225,0,0,0,True
PRC_B2Y4W0V6T2U7C1A5Z3Y4Z0H0F1E5F0,2024-09-26,300,203,0,0,1,300,203,0,0,0,True
PRC_B2Z4H0I6G0H7F1E3E5M6N0L5L2K4I6,2024-08-28,300,293,0,0,1,300,293,0,0,0,True
PRC_B2Z4Y0Y6G1H0F1G9E3F1D0Z6Z1Y9Y7,2024-11-28,300,243,0,0,1,300,243,0,0,0,True
PRC_B2Z4Y0Z6X1F8E1F4E0C4Y4W2X6W3V7,2025-03-20,300,246,1,11,1,300,246,1,11,0,True
PRC_B2Z4Z0X8W1X2E1F1D1E6D3B3B5J2K3,2024-12-10,300,285,0,0,1,300,285,0,0,0,True
PRC_B2Z5A0Y1Z0X2Y1G6E2F0D4E8C6D8K2,2025-10-26,298,254,0,4,1,298,254,0,4,0,True
PRC_B2Z5A0Z3X2N7M1N5L0Z2V0U7S9R7S8,2026-02-12,296,155,0,2,1,295,155,0,2,1,True
PRC_B2Z5A1D2M1R6P1J6H2K5Q2Z9N8R0P3,2026-02-12,296,158,0,0,1,295,158,0,0,1,True
PRC_B2Z5B0I1J2H2G1G6E3F0N3O8M6M1L5,2025-12-02,298,229,0,2,1,298,229,0,2,0,True
PRC_B2Z5Z0C1Z2F2B1S8L4I5R5N2Q4V3R3,2025-04-02,300,264,0,1,1,300,264,0,1,0,True
PRC_B2Z6N0G3I1V0R1J7F4L0O1R0M4L1O8,2026-07-23,299,197,0,0,1,284,187,0,0,15,False
PRC_C2A4A0Y7Z1H7I1G0H1F7D5E2M0N9L7,2025-08-27,298,158,0,1,1,298,158,0,1,0,True
PRC_C2A4B1Z2A2Y4U1U1T0T0S3S8Q5R3Z0,2025-11-13,298,142,0,14,1,298,142,0,14,0,True
PRC_C2A4E1W1J2B5Z1A1Y1T8O5Q3D8S5D8,2024-12-31,300,287,0,3,1,300,287,0,3,0,True
PRC_C2A4Z0X6Y0G3F1E9C0Y5G2F3G0E2C5,2024-08-28,300,290,0,2,1,300,290,0,2,0,True
PRC_C2A5B0Z6A1I0I1G0H2F7E5E4A5A2Y8,2026-03-12,295,210,1,3,1,294,209,1,3,1,False
PRC_C2A5J0H3G2H8G0O7M5K5L0K5S4Q9P6,2025-08-27,298,161,0,1,1,298,161,0,1,0,True
PRC_C2A5Z0A4H0I1G1H2F0G5E3A0B6Z9Z7,2025-12-02,298,230,0,2,1,298,230,0,2,0,True
PRC_C2B4B0A9A0Z9Z1H5G0G0E0F7D9E8M0,2024-12-26,300,270,0,3,1,300,270,0,3,0,True
PRC_C2B4K0G6Q1N4J1I5H1N5M1L7K6Q1P6,2024-12-02,300,289,0,0,1,300,289,0,0,0,True
PRC_C2B4X1X1V2W6V0V9T4U5C5A4B8Z2A1,2026-01-29,296,204,0,0,1,295,204,0,0,1,True
PRC_C2B5B0Z9A2V9W2U0V5T5U4S2T0B7Z1,2026-04-23,295,173,0,1,1,294,172,0,1,1,False
PRC_C2B5B1A1Y1Y7G0H9F2G2E3D4D6Z9A9,2026-03-12,295,206,0,0,1,294,205,0,0,1,False
PRC_C2B5J0I3H1P7O1L5U2T3R1R5N0V5V0,2026-01-29,296,196,0,3,1,295,196,0,3,1,True
PRC_C2B5J0I9H1F7O1M6N2M1K0G2F8G2E0,2026-02-12,296,157,0,0,1,295,157,0,0,1,True
PRC_C2B5N0Q3R0B4D0Y9N5R2S5J0R3J8B7,2025-04-02,300,257,0,1,1,300,257,0,1,0,True
PRC_C2B6I0F4N2A9U1F8F2D5S3L3O9R7H3,2026-05-07,286,169,0,0,1,285,169,0,0,1,True
PRC_C2B6I0X3Z2P3S1L8Q2Q2U2C5U1U0N7,2026-08-20,299,139,60,16,1,284,131,54,16,15,False
PRC_C2C4A0W7X1V5W1U8V0T8T0B6A5A2Y4,2025-02-27,300,204,0,2,1,300,204,0,2,0,True
PRC_C2C5A0C1A0A6I1I5H1F2G5E7F5N6L3,2026-01-29,296,213,0,0,1,295,213,0,0,1,True
PRC_C2C5L0L6J2I3I1H6H2P8Q3O4P2N5L4,2026-03-31,295,191,1,0,1,294,191,1,0,1,True
PRC_C2D4C0C8A1B4X0V9W1U0V3T4U4B1A1,2025-03-13,300,237,0,2,1,300,237,0,2,0,True
PRC_C2D5B0B4J0K2I1J5H2I5G1W9X0V6V1,2026-03-12,295,189,0,1,1,294,188,0,1,1,False
PRC_C2D5B0B6A2Y6Z1H4H2F9G4F2D1E3L1,2026-08-20,299,174,2,6,1,284,167,2,3,15,False
PRC_C2D5B1A2A1Y6Z1H4H0G2H0F0F9E7E8,2026-07-23,299,178,1,5,1,284,170,0,4,15,False
PRC_C2E4C1C2A1Z1A1V0W4U6V4T3U1S7A7,2026-08-26,299,218,0,0,1,284,206,0,0,15,False
PRC_C2E5C0J9O2H3A1V8L2V9R3D0I5A1M9,2025-12-02,298,227,0,0,1,298,227,0,0,0,True
PRC_C2F5H0D2U2P7K1E6M5N4Q1Q2W1S9G1,2025-03-13,300,151,85,0,1,300,151,85,0,0,True
PRC_C2G4A1N2W0X3G1P3A2Z5G5Z0G2W6D9,2024-12-27,300,174,0,0,1,300,174,0,0,0,True
PRC_C2G4P1J0B0A8W1S0I4A3R2F5R5W7X3,2024-11-14,300,282,0,10,1,300,282,0,10,0,True
PRC_C2G5P0C7S0K7P0P7P0W9F1U3J9S9F7,2025-08-21,298,170,1,0,1,298,170,1,0,0,True
PRC_C2G6Z0A4W0U2O1J5N1U5H4N7A2L2S3,2026-05-07,286,165,2,1,1,285,165,2,1,1,True
PRC_C2G6Z0E2N2Y4M1I3M5O3N3I6H4S4Z4,2026-03-31,295,197,0,1,1,294,197,0,1,1,True
PRC_C2I6S0W5A2F0N1J1R0O3Z1T0M6I4I8,2026-09-03,299,251,1,10,1,283,237,1,10,16,False
PRC_C2J5I0G9L0Q5N1J8G5F3N4N2M7S5R6,2026-01-29,296,194,0,0,1,295,194,0,0,1,True
PRC_C2J6K0I9J0H8I1G7H2P7N4O2M4N9L5,2026-09-17,299,145,52,0,1,283,139,49,0,16,False
PRC_C2J6W0R8C2U7C1T6U3O4U3O1C8Y3H5,2026-09-17,299,205,0,1,1,283,193,0,1,16,False
PRC_C2K4J0H7G2V9W0V9U4S3A3B6A6Y2X3,2024-12-10,300,284,0,3,1,300,284,0,3,0,True
PRC_C2K4K0J8H2I3G1H7O3P0O5O6M8N5L4,2025-02-27,300,221,0,7,1,300,221,0,7,0,True
PRC_C2K5L1J0J2I2G2H0P3P6N2O6M0N4L5,2026-03-31,295,210,0,0,1,294,210,0,0,1,True
PRC_C2K5L1J2J1I5J1H6H4P1Q5O5N8N4L1,2026-09-03,299,268,0,2,1,283,252,0,2,16,False
PRC_C2K5V0K2H2B5G1K4W3D5A3E0C1Q6P3,2025-02-27,300,271,0,5,1,300,271,0,5,0,True
PRC_C2K6Z0G8K2M7U1Q6W4Y1O2F1N1Y9S3,2026-09-17,299,202,1,1,1,283,191,1,1,16,False
PRC_C2L4K0I5K3S0R1P6O0W6X1W6U2T9P7,2024-12-31,300,225,14,36,1,300,225,14,36,0,True
PRC_C2L5F0X4S0W8X1I6S0K5C5D5Y6Z0T3,2025-05-01,300,266,1,2,1,300,266,1,2,0,True
PRC_C2L6B0L3E2U5S2W2B5B1P0N0S4S0F8,2026-06-18,300,252,0,0,1,285,238,0,0,15,False
PRC_C2L6X0E3V1K9F1Z7O4U1F5R5B4S6W9,2026-05-07,286,196,0,2,1,285,195,0,2,1,False
PRC_C2M5I0G4Q1A6Q1P5N0V1J2Z9Z2L4O2,2025-05-01,300,262,0,3,1,300,262,0,3,0,True
PRC_C2M5T0B8S0C4D1I3I3X8X0G0V4C7W8,2025-08-04,298,173,92,0,1,298,173,92,0,0,True
PRC_C2M5T0T6A0K2P1O6U4U6H3M7L2Y2J8,2025-12-03,298,252,0,1,1,298,252,0,1,0,True
PRC_C2N5M0H8C2J7B1K3S5U3P2T9L3B0A9,2025-10-26,298,255,0,5,1,298,255,0,5,0,True
PRC_C2N5Q0M9J1X7J1J2U4V6T5Y0Z4T0H4,2025-10-26,298,252,0,4,1,298,252,0,4,0,True
PRC_C2O4A1M1Q2D5F1D2Q2P4P2A9F5S5F9,2024-12-31,300,278,2,8,1,300,278,2,8,0,True
PRC_C2O6M0F9W1O7T1Z6E3H6R3X1W0T6B1,2026-09-17,299,151,11,1,1,283,141,9,1,16,False
PRC_C2P5R0E2S1T9G1R5N5F8T5C5P6H4J8,2025-03-13,300,228,0,12,1,300,228,0,12,0,True
PRC_C2Q6S0V3Q2H5G2T2V5I0Q0T7N2H5V4,2026-05-07,286,193,0,0,1,285,192,0,0,1,False
PRC_C2R5K0E4P2H1H1S7P3P3G1U7O2X7S2,2025-05-01,300,264,0,0,1,300,264,0,0,0,True
PRC_C2R6Y0K8C2N7G1Z6I3J2H5Z7Q9G4R2,2026-09-17,299,197,0,4,1,283,185,0,4,16,False
PRC_C2T4J1N1Q0T5B1Y5A1F9R4F8V0G2U0,2024-11-28,300,244,8,9,1,300,244,8,9,0,True
PRC_C2T6N0J2N2B4Q1C3X5B0J3L6L0X8I3,2026-04-23,295,189,0,0,1,294,188,0,0,1,False
PRC_C2U4R0Q9L2B5N1L6E1X4I3V0M9C3W9,2024-11-14,300,275,4,8,1,300,275,4,8,0,True
PRC_C2U5B0L8Z2U6C1E1G3F5N3S4T7W4F4,2025-12-02,298,223,0,3,1,298,223,0,3,0,True
PRC_C2V5D1L1X2H8L2I2T1N2W4M8V3S7U0,2026-05-07,286,164,0,0,1,285,164,0,0,1,True
PRC_C2W4J1R1U2W7W2Q0A3Z9N4Y7S1R4P4,2024-12-10,300,286,0,1,1,300,286,0,1,0,True
PRC_C2X6E0Q4T2N1Q2N0F5C6X4I1S4G0G1,2026-08-20,299,216,1,15,1,284,204,0,14,15,False
PRC_C2X6R0H3H1K2L2K0H4H3T0T6T2Y0Z9,2026-05-07,286,163,0,0,1,285,163,0,0,1,True
PRC_C2Y4X0K6I2H7G1O1M2K9T3U1S5R2P4,2024-12-31,300,279,1,7,1,300,279,1,7,0,True
PRC_C2Z6C0G3O2M5N2E2P4F5M3G9F8U6Y7,2026-07-23,299,186,0,0,1,284,176,0,0,15,False
PRC_D2A5C0V1A0G9Y1S1C3J7I1T6Z3C4M9,2025-01-17,300,181,97,1,1,300,181,97,1,0,True
PRC_D2A5D0K7J3Q1P1O8U0T9S0R1P2V6V0,2026-03-12,295,181,0,1,1,294,181,0,1,1,True
PRC_D2A6R0A3H2L5P2C2J4N3X1H3C5A4R1,2026-08-20,299,144,25,12,1,284,137,21,12,15,False
PRC_D2B4A1A1Y0Z8H1I8G1E2F0D5E5M8M0,2025-10-26,298,241,2,16,1,298,241,2,16,0,True
PRC_D2B4D0K7L1J5J1I0G1H6P1Q0O0O8N2,2025-04-02,300,250,1,7,1,300,250,1,7,0,True
PRC_D2B4J0K7I1J2H1G3G1O4P0N4N8M9K4,2024-11-28,300,256,0,4,1,300,256,0,4,0,True
PRC_D2B5C0K1L2J1I1I0G0H3P4P4O4M8N4,2025-08-27,298,162,0,1,1,298,162,0,1,0,True
PRC_D2B5C1A2B2J3J1H4I5H0F1F8N4O6M5,2026-08-20,299,155,5,11,1,284,149,3,9,15,False
PRC_D2B6C0X3E2I4L1U3P4H2K3N5Y5C7T3,2026-03-31,295,203,3,2,1,294,203,3,2,1,True
PRC_D2B6K0A3G1H9P2Q1H4N2H3Y6O2P9Q1,2026-04-23,295,174,0,1,1,294,173,0,1,1,False
PRC_D2C4B0M9Y0U5O1C4Y2K4W5A6E5P5N7,2024-09-26,300,226,0,3,1,300,226,0,3,0,True
PRC_D2C4B1J1I0H1F1N7M0G2F5E5D8L9K4,2024-12-26,300,184,91,5,1,300,184,91,5,0,True
PRC_D2C4L0I7H1Q8M1L3U1I5I2Q0M1M3U8,2024-11-14,300,284,0,1,1,300,284,0,1,0,True
PRC_D2C5A0B7W1X8V1V7U1V1T0T1B8A8A4,2026-04-23,295,183,3,1,1,294,182,3,1,1,False
PRC_D2C5B0J9H1I1H1F1N4M4L0L3O6N7U5,2026-09-17,299,197,1,2,1,283,186,0,2,16,False
PRC_D2C5C0K9J0J2H1I6G1H9P5N9O2M9N5,2026-04-23,295,208,1,4,1,294,207,1,4,1,False
PRC_D2C5D0B3B0J6I0I9G1H6G5G2O4O3N2,2026-05-07,286,188,0,3,1,285,188,0,3,1,True
PRC_D2C5Z0V8V0D6C2Z1I5G4C2B2K6J3G9,2026-05-07,286,167,0,0,1,285,167,0,0,1,True
PRC_D2C6E0J4J1T5I1J3C5N6V1R1M3C8W2,2026-05-07,286,160,0,3,1,285,160,0,3,1,True
PRC_D2D5A1Z2B1Z6Q1F6G2C9P3N4L3E0E4,2026-03-12,295,194,0,0,1,294,193,0,0,1,False
PRC_D2D5C0D4K2L3K1I6I0G0H0P6Q6O2M0,2026-08-26,299,212,0,1,1,284,200,0,1,15,False
PRC_D2D5C1A0B2Z4A1H3I5H2H2F1G5E5M6,2026-05-07,286,211,0,2,1,285,210,0,2,1,False
PRC_D2D5Y1Y1P2H6W1Z3W5A6Q2U6B5F4I8,2026-01-29,296,243,0,1,1,295,243,0,1,1,True
PRC_D2D6B0C9B0Z8Z1H7I2G7H1F3D6E4A1,2026-09-17,299,137,82,13,1,283,129,78,13,16,False
PRC_D2E4C0C8B3B0Z1H6I1G7H2F8F1E5F7,2024-12-31,300,282,0,1,1,300,282,0,1,0,True
PRC_D2E4C0D8B0B1J1K6I3J9H3I1G9O4P6,2025-02-27,300,206,0,1,1,300,206,0,1,0,True
PRC_D2E4C1D1B1C3K1I4I4H8I3G4G6O1N3,2026-03-12,295,191,0,0,1,294,190,0,0,1,False
PRC_D2E4D1C0A0I7J0I9G5F2N5M8M9L3J3,2024-11-28,300,179,102,0,1,300,179,102,0,0,True
PRC_D2E4L1M1L2J0J1I1I4Q4R0P1N5O9N9,2024-11-28,300,138,59,1,1,300,138,59,1,0,True
PRC_D2E5C0C1B2Z3A1V0W5U6V3T2U5S4S1,2026-01-29,296,209,0,0,1,295,209,0,0,1,True
PRC_D2F4D0D8Z1Z4Y1W6X2V2W4D6E0D4D4,2024-12-31,300,265,1,15,1,300,265,1,15,0,True
PRC_D2F5A0Y9H2Z4W1T8N0S6C5P7R8Y4J5,2025-12-02,298,236,0,4,1,298,236,0,4,0,True
PRC_D2F5K1Z1N2V6D1K3Y5L9Q0N6O2Y7W5,2026-01-29,296,248,0,0,1,295,248,0,0,1,True
PRC_D2F5T1D1S2K8V2I2H2S6R1D9I2I7E5,2026-03-12,295,195,0,1,1,294,194,0,1,1,False
PRC_D2F6J0C2V0E5Y1T3R4S1O1C6T7J4B2,2026-06-18,300,238,1,12,1,285,224,1,12,15,False
PRC_D2G5W0A2X2E4C1T1M2I9H3M3V0Q1M3,2025-02-27,300,245,0,8,1,300,245,0,8,0,True
PRC_D2G6M0T5R1Y3O1V7M5V8E4I9Y7Y4K5,2026-08-20,299,164,3,6,1,284,154,3,5,15,False
PRC_D2H5L0K6C2R3D1E5Y4G2Y4R6T5K8K5,2025-07-04,298,181,2,0,1,298,181,2,0,0,True
PRC_D2H5X0R9Y1X6N2K0G0L8Z3A9K3T5S0,2025-10-26,298,250,1,3,1,298,250,1,3,0,True
PRC_D2H6F0Q2K0E5Y1S4I1M9Z5Q3J3Y3E5,2026-02-12,296,152,1,4,1,295,152,1,4,1,True
PRC_D2I6S0S2Y0I5A2F0U2U0H3X1L3T9K9,2026-03-12,295,177,1,1,1,294,176,1,1,1,False
PRC_D2I6Z0X3Z1M2V2T0Y5W4R5X3V1X3N0,2026-04-23,295,183,0,0,1,294,182,0,0,1,False
PRC_D2J5P1W1G2K8U2Q2X1K9C2U8C4N2E1,2026-03-12,295,197,0,0,1,294,196,0,0,1,False
PRC_D2K5L0J7J1I4G1H7P2P8N2O0N0N5L8,2026-07-23,299,178,2,5,1,284,169,2,4,15,False
PRC_D2K5L0K2K2I0J1I7P5Q1O4P6N6O1M2,2025-05-01,300,263,0,0,1,300,263,0,0,0,True
PRC_D2L4J0K7I0J1H1I7E5C1C2B2C7A3I4,2024-12-31,300,275,2,6,1,300,275,2,6,0,True
PRC_D2L5K0K2I2J1I1I7U4V7U3S4S2Q2S7,2026-02-12,296,158,0,0,1,295,158,0,0,1,True
PRC_D2M4E0H9N2L6U1K8C0N3C3F8B1Y7O5,2024-09-26,300,242,0,8,1,300,242,0,8,0,True
PRC_D2M4G1Z2D0P2C1L7T0Y6A4Z7X2K9N3,2024-12-05,300,185,3,0,1,300,185,3,0,0,True
PRC_D2M4O0C6L1C7Q1N3H2F9I3O4Z1L2F5,2024-09-26,300,228,0,2,1,300,228,0,2,0,True
PRC_D2M5H0X9A1W6T2H0B0V9O3B8P6S2N9,2025-10-26,298,242,2,8,1,298,242,2,8,0,True
PRC_D2M5K0J8R1Q3O0P9O1K9J0I1G9P6N8,2026-01-29,296,184,0,7,1,295,184,0,7,1,True
PRC_D2M5O0G6Y2K3N1D5R4L2R2C0R9H6F9,2025-07-04,298,180,2,0,1,298,180,2,0,0,True
PRC_D2M5P0A9F1G7E1V2M3Z8N4F9J7Y7O0,2025-10-26,298,254,0,3,1,298,254,0,3,0,True
PRC_D2M6Z0U4E2N9F0L9Y5D9E2H5P3S6T9,2026-05-07,286,166,0,0,1,285,166,0,0,1,True
PRC_D2N5L0P9G0C3D1Q6P1R0O3I6B4V3I0,2025-12-09,298,266,0,0,1,298,266,0,0,0,True
PRC_D2O4K1A2B0X5S1V0G5A1D1U2V5V8B7,2024-12-05,300,164,3,0,1,300,164,3,0,0,True
PRC_D2O5A1I2O1O1W1T1F3A7P4C5R7D7X5,2025-12-11,298,250,0,1,1,298,250,0,1,0,True
PRC_D2P4A1P2G1X0F1K4Z3B6B5A4D7L7C5,2024-12-10,300,185,94,1,1,300,185,94,1,0,True
PRC_D2Q5D0D1Z0F6Q1H0H4H7H4A5M6U5X8,2025-02-27,300,167,78,0,1,300,167,78,0,0,True
PRC_D2R4G0H8P2B7P1V2D5H7Y0P3S7B2C4,2024-08-28,300,287,0,0,1,300,287,0,0,0,True
PRC_D2R5X0O4D2J1B1G7X3V4W5S2G6D4K8,2025-05-01,300,266,0,0,1,300,266,0,0,0,True
PRC_D2R6O0Z3A1K0V1F0N1E4A2E1F2S8E0,2026-04-23,295,191,0,0,1,294,190,0,0,1,False
PRC_D2S6Y0Z8L2S7X1G6M3C0F5E5X4F3U0,2026-09-17,299,198,2,3,1,283,187,2,2,16,False
PRC_D2W5T0B9K1U1M1I5C3J8P2I8W8J8R7,2025-09-11,298,168,0,0,1,298,168,0,0,0,True
PRC_D2W6E0E4I2O9Y2C0O1M9K3W4U6Z4K0,2026-05-07,286,207,0,0,1,285,206,0,0,1,False
PRC_D2X5U0H1H1X7U2F3Z1H5F1F2E5P7Q0,2025-02-14,300,160,0,0,1,300,160,0,0,0,True
PRC_D2Y5V1V1C2R1L1C7Q1X2P2S3D8W6K1,2026-03-12,295,205,0,0,1,294,204,0,0,1,False
PRC_D2Z4G0P9D1B0N1P4G4P6S3T5H0I9B4,2024-09-19,300,170,0,0,1,300,170,0,0,0,True
PRC_D2Z5C1W1G2W8I0R7N5M9C2T7F8K5Y4,2025-12-02,298,221,4,9,1,298,221,4,9,0,True
PRC_E2B5G1Z1F1V9G1I0T5W2V0N6E0O3S8,2026-08-20,299,95,34,49,1,284,89,30,48,15,False
PRC_E2C4D0B8J0K2I1I3G0H8F3G9O9O3N9,2024-12-31,300,222,28,31,1,300,222,28,31,0,True
PRC_E2C4D0L9M1K9K1I6J3H4I3Q1O2P8N8,2025-02-27,300,214,1,5,1,300,214,1,5,0,True
PRC_E2C4L1K0I1J1H1P7O5P8N3M1I5H1H3,2025-02-27,300,193,3,7,1,300,193,3,7,0,True
PRC_E2C4L1X1C2P7G2P0G3D4F4F5E9B3K6,2024-12-27,300,166,0,1,1,300,166,0,1,0,True
PRC_E2C5D0Z2Z2Y1Y1W6V3W8D5E8D8D3B4,2025-03-20,300,179,85,0,1,300,179,85,0,0,True
PRC_E2C5D1B2B0J1I2I1G4H8F4G4N6P1N0,2026-04-23,295,183,0,1,1,294,182,0,1,1,False
PRC_E2C5D1B2B3J0K1I6H1H9G1G1C0D3B5,2026-09-03,299,248,13,4,1,283,234,12,3,16,False
PRC_E2D4B0A7I2H6G1H6F4C2A4Z9X8G7H5,2025-01-08,300,263,1,4,1,300,263,1,4,0,True
PRC_E2D4B0C7A0B1J1J0I3G4G3F8G5N2O2,2025-05-01,300,265,0,1,1,300,265,0,1,0,True
PRC_E2D4B0J6I2H6I1G5O1N2M4M0L9T8S2,2025-04-02,300,252,0,0,1,300,252,0,0,0,True
PRC_E2D4C1C0B2J8I1H0F2G1O3N4L0K3L0,2025-01-08,300,263,1,9,1,300,263,1,9,0,True
PRC_E2D4E0C7C1A0B1X1X1W3U3V4T3U8C8,2025-02-27,300,237,0,2,1,300,237,0,2,0,True
PRC_E2D4E1D0Y1X0W1X1V4D6C3B6B6A9I2,2025-03-13,300,245,0,0,1,300,245,0,0,0,True
PRC_E2D4L1K0I0J8H1E7C1B2C3A4I2H8H4,2025-11-13,298,153,0,2,1,298,153,0,2,0,True
PRC_E2D4Z1A0Y2X5W1E8D5E6C1B9J2H5I4,2025-02-27,300,225,0,2,1,300,225,0,2,0,True
PRC_E2E4D0J5F3E0D1C0K1H3G2O3O1M1L1,2026-04-23,295,179,0,0,1,294,178,0,0,1,False
PRC_E2E5J0U9R2G9Y2B0I0A8Q5H0U5N1M3,2025-09-29,298,177,0,0,1,298,177,0,0,0,True
PRC_E2F4D0C6C0R4S1Q5R1P5P3O4W9X6V8,2025-02-27,300,212,1,5,1,300,212,1,5,0,True
PRC_E2F4D0E7M1M0K1J6K0I3I2R5R7P1O3,2026-02-12,296,155,0,1,1,295,155,0,1,1,True
PRC_E2F4J1V1W2O7B2Y0A3V2Z0O6E4M0T2,2024-12-10,300,263,0,2,1,300,263,0,2,0,True
PRC_E2F5D0D4Z1Y0Y1W8X0V4W5E0E9D8D1,2026-03-12,295,175,0,2,1,294,174,0,2,1,False
PRC_E2F5N1N0L1M5K1L6J3F6G5E4F4C2K7,2026-04-23,295,167,0,1,1,294,166,0,1,1,False
PRC_E2H4P0U9I0Q2J1C7S1B2I2X6D7Y8T4,2024-12-26,300,260,0,0,1,300,260,0,0,0,True
PRC_E2H6U0E7R3Y0C1C4R4P6N1N6O0O4B1,2026-07-30,299,226,2,0,1,284,215,2,0,15,False
PRC_E2I5R0E2E2A4O1O6F4S8Q2N8E6H2Y1,2025-03-13,300,254,0,0,1,300,254,0,0,0,True
PRC_E2K4Z1V2T0G3B1B3D3G6C0I5X2A4N5,2024-12-27,300,182,0,2,1,300,182,0,2,0,True
PRC_E2K5Q1E2L1B8F1T6B4R9H1T5K3E8K4,2026-03-31,295,181,0,6,1,294,181,0,6,1,True
PRC_E2L4K0I9I2Q6P1O8N1J4G1F4N9M1L0,2024-12-10,300,257,3,3,1,300,257,3,3,0,True
PRC_E2L4K0S7R2P5O1K6J3J5I4H8P1N2M0,2024-12-02,300,286,0,3,1,300,286,0,3,0,True
PRC_E2L4K0U9R2Q4Z1V0V1D3C4Z5V7W6F6,2025-02-27,300,200,0,2,1,300,200,0,2,0,True
PRC_E2L6A0P3E2L5P2V2B4S9Z3O0V7U6Y3,2026-05-07,286,186,0,1,1,285,185,0,1,1,False
PRC_E2M4F1W1H2E7P1D9L4V2Y3N2U2B8H2,2024-12-26,300,277,0,1,1,300,277,0,1,0,True
PRC_E2M4G1C2J0J9Y1C1W5M6G0W1Y6Q3B4,2024-12-10,300,272,0,0,1,300,272,0,0,0,True
PRC_E2M4L0K7J2J5S1R8P1O3W0V6U0S9T1,2024-11-14,300,288,1,0,1,300,288,1,0,0,True
PRC_E2M4L0K9J2F6E1C0C0K3J1I3H8P1M3,2025-02-27,300,212,0,6,1,300,212,0,6,0,True
PRC_E2M5K0J3I2Q7P1O7N5J2I0H7F9N1M3,2025-10-26,298,261,0,1,1,298,261,0,1,0,True
PRC_E2M5N1L1M1K1I1J4Q3R6Q1Q6O8P6N8,2026-09-17,299,199,0,1,1,283,187,0,1,16,False
PRC_E2M6G0L4Y0F2M0Z7R3Y5X4F9H3T5K3,2026-04-23,295,213,0,0,1,294,212,0,0,1,False
PRC_E2N5E0V9N2R2P1D6R5N9F4T2L5D8I6,2025-11-13,298,225,0,2,1,298,225,0,2,0,True
PRC_E2O4H0L9S2F4Y1Q7L3J6F2Q2H6F8K6,2025-02-27,300,221,0,0,1,300,221,0,0,0,True
PRC_E2O6I0Q3W1N7J1E9W3M8D5N2U3W8V6,2026-03-21,295,166,1,0,1,294,166,1,0,1,True
PRC_E2O6Z0T3I1K0Q1E1E0K9N0D9B3V7F3,2026-06-18,300,249,0,1,1,285,235,0,1,15,False
PRC_E2P5B0Y8T2K8Q1L4O0Q5T0B3N0F2I2,2025-11-27,298,250,4,3,1,298,250,4,3,0,True
PRC_E2P5J0A9D2H9B1Y7H4X0T5B3O1V8D2,2025-12-02,298,243,0,5,1,298,243,0,5,0,True
PRC_E2Q5H0X3W0U4O1E0E1A6P3B7E2W2G2,2025-03-20,300,270,0,1,1,300,270,0,1,0,True
PRC_E2Q6E0S5G2L0Z1N1R0A6I3R6H5K7H5,2026-09-03,299,270,0,0,1,283,255,0,0,16,False
PRC_E2Q6F0Y3V1K0Q1U7W3P8J4Z3K5T0W1,2026-05-07,286,213,0,0,1,285,212,0,0,1,False
PRC_E2R6W0M3S1Q2A2J0T4N7S3W7O7K2L2,2026-04-23,295,178,1,0,1,294,178,1,0,1,True
PRC_E2S5N1C1D1T9B1X7G2T0Q2B0Z5Q5S0,2025-12-02,298,235,1,4,1,298,235,1,4,0,True
PRC_E2S6X0U3P1P2H2C0R5L0T0X0J5V9A6,2026-04-23,295,182,0,0,1,294,181,0,0,1,False
PRC_E2U4U0H8V2S8M1G7I4G5W1D3D3W4B1,2024-09-26,300,146,61,0,1,300,146,61,0,0,True
PRC_E2U5B0J7G2I9Y1R4E4V2J1K9C6S8Q8,2025-08-04,298,205,13,19,1,298,205,13,19,0,True
PRC_E2U5D0F8Y2Z7T1C1O0Y2P0P3K7Q5B9,2025-10-26,298,253,0,6,1,298,253,0,6,0,True
PRC_E2U5N0L3O0Q7J0A9L5D9R4U1T0G8O8,2025-03-20,300,266,0,6,1,300,266,0,6,0,True
PRC_E2U5O0Z7M0C4C2A0R2F6T2H4T9Q3H1,2025-07-04,298,168,3,11,1,298,168,3,11,0,True
PRC_E2V5A1T1C2C4S1B6I3M6W1I1A2T4M2,2026-03-31,295,200,0,0,1,294,200,0,0,1,True
PRC_E2V5Q1X1A2U5R1O5C0N6I2U2V7E5H1,2025-12-02,298,223,0,7,1,298,223,0,7,0,True
PRC_E2W4R1Q2I0U4B0O0Y5Q5Z4N6H5E8O7,2024-12-04,300,190,0,0,1,300,190,0,0,0,True
PRC_E2X4U1B2S0I5U1O0H5X0E0P9W1V9M2,2024-12-05,300,157,3,0,1,300,157,3,0,0,True
PRC_E2X5E0D2O1B9S1C5Q5F7B2E4Y7F0C2,2025-03-13,300,241,0,2,1,300,241,0,2,0,True
PRC_E2Y6P0Z4D2I8D1E7O2O6Z0G4L2U3I7,2026-08-20,299,165,13,13,1,284,156,10,13,15,False
PRC_E2Y6R0O3J2T5F2A2J3Z9O4M3M1X7B0,2026-05-07,286,183,1,1,1,285,182,1,1,1,False
PRC_E2Z4I1D1M2S6Z1F8T2M7B2D3M0R5H9,2024-11-28,300,266,0,2,1,300,266,0,2,0,True
PRC_E2Z6Q0O6A1B8M1L3P2D6Q1E2T6B1H8,2026-06-18,300,250,1,0,1,285,237,1,0,15,False
PRC_F2C4A1B0Z3Y0G1F3G2F7D5L2K0N2M0,2025-12-02,298,229,0,3,1,298,229,0,3,0,True
PRC_F2C6S0V4D0D2T0A7U4P3P4T4I9P2C3,2026-08-20,299,229,0,2,1,284,216,0,2,15,False
PRC_F2D4C0D7B1B5J1K5I2J8H0F0G7C0D1,2024-09-26,300,192,0,5,1,300,192,0,5,0,True
PRC_F2D4C0D7Z2F5G1F1E4C2L2J9I1H3I9,2025-07-23,297,222,1,3,1,297,222,1,3,0,True
PRC_F2D4C1D1K1L5K1K1J1H0H5Q3Q2O3P9,2026-02-12,296,157,0,1,1,295,157,0,1,1,True
PRC_F2D4L0M7K1L5J1I7I3E9F2D0D3C7A4,2025-07-03,298,262,0,0,1,298,262,0,0,0,True
PRC_F2D4L0M8K2K9J1J4I3I4E5F0D5B5C5,2025-02-27,300,201,0,2,1,300,201,0,2,0,True
PRC_F2D5E0C5A2B6Q1Q2P3Q9O5M0N6V3V9,2026-06-18,300,239,1,9,1,285,227,0,9,15,False
PRC_F2E4D0C6W1V4U1D4B2B1Z4I0G4D3L1,2024-11-28,300,234,0,6,1,300,234,0,6,0,True
PRC_F2E4E1C1D2C6C1K4I1J4I5I2G1O5P0,2026-06-18,300,247,0,5,1,285,234,0,5,15,False
PRC_F2E5E0D3B2K7I1J1I5G0C5B5C4A4N2,2026-03-12,295,169,1,6,1,294,168,1,6,1,False
PRC_F2E5Y1Y1P2R6O2J0Y0I1B0D9V1L0P4,2026-01-15,296,214,0,0,1,295,213,0,0,1,False
PRC_F2E6D0B3J2K6J1I7J0R1Q3O6N3J9I2,2026-05-07,286,162,1,2,1,285,162,1,2,1,True
PRC_F2E6F0D9D1L1K1K7I1J5I4I0Q0Q0P2,2026-09-17,299,156,1,0,1,283,147,1,0,16,False
PRC_F2E6Q0N2J2I4F1X3J4G5Q1G7U6I7G2,2026-03-31,295,201,0,0,1,294,201,0,0,1,True
PRC_F2F5D0E4C2C3B1J0K3I0I2G6H6G8G4,2026-04-23,295,193,0,0,1,294,192,0,0,1,False
PRC_F2G4B1A1B2Z8A1Y7Z3G4F2F7E3F6D0,2025-07-23,297,175,7,21,1,297,175,7,21,0,True
PRC_F2G4N0O8M2N0L1L4K5S6S2R7R3Q5Q2,2024-11-14,300,254,0,1,1,300,254,0,1,0,True
PRC_F2G5C0V2S1W8W1D8S0L6A3W3N1O0V7,2025-02-27,300,192,0,1,1,300,192,0,1,0,True
PRC_F2G5E1F1D0E5A1Y4Z3X8X2W8W4E6F4,2026-09-17,299,196,0,1,1,283,186,0,1,16,False
PRC_F2G6E0F9D0E8C1K6L5J8J4I0I9H5H5,2026-09-17,299,146,54,0,1,283,140,51,0,16,False
PRC_F2H5M1Q1Y2R6A1J3G4I4K0T5S3H5P8,2026-01-15,296,212,0,2,1,295,211,0,2,1,False
PRC_F2I5E0E9L1G1B2M0V0W9Y4K8H8A4F7,2025-11-13,298,221,2,3,1,298,221,2,3,0,True
PRC_F2K4A0O8L2B3Z1A0C0T6I1A0V2U1F9,2024-09-26,300,185,3,3,1,300,185,3,3,0,True
PRC_F2K4E1S1W2Q0J2W0P5B5M3M3A9Q0Y0,2024-12-02,300,280,0,6,1,300,280,0,6,0,True
PRC_F2K4K0E8A2Z7U1G1J2Q8E4U1J7A6E4,2024-11-14,300,284,0,3,1,300,284,0,3,0,True
PRC_F2K5P0F6H2D4X0S8P3R1V5C6G8G4J5,2025-07-03,298,265,0,1,1,298,265,0,1,0,True
PRC_F2M5G0E2U1D1F1P4F4H3U1A3R7S7D1,2025-02-27,300,183,91,0,1,300,183,91,0,0,True
PRC_F2M5P0Y4D2A1S1I5J2F3G0F0Y3Z8X0,2025-05-01,300,265,0,0,1,300,265,0,0,0,True
PRC_F2N4K0C6O2F8F1P3Y1X5O5A5P8D3B1,2024-12-02,300,239,14,26,1,300,239,14,26,0,True
PRC_F2N6X0C5F1E9F1S5W1B9K3B3P8H5C8,2026-08-20,299,205,0,0,1,284,192,0,0,15,False
PRC_F2O5F0I1C1B5R1D7C4M5X4R0E3L2I3,2025-01-17,300,274,0,0,1,300,274,0,0,0,True
PRC_F2O5G0P6F2C4P0C8M2P9N2R2S6W8X8,2025-07-03,298,256,0,3,1,298,256,0,3,0,True
PRC_F2O5G1E1E2X6T1V9J4K6F1U1J5P4A6,2025-12-02,298,235,4,10,1,298,235,4,10,0,True
PRC_F2P6N0I2D2H5E1O6M5R7U1C3R3O7H0,2026-03-31,295,99,38,34,1,294,99,38,34,1,True
PRC_F2Q4G1S1S2N0G2F1V0C8F0W5X5H5R7,2024-12-02,300,287,0,1,1,300,287,0,1,0,True
PRC_F2Q5F0A7P0Z8H1Q5D0F0T3Q5O3N0U9,2025-07-23,297,231,0,1,1,297,231,0,1,0,True
PRC_F2S5D0O4B2F1P1M7F3U3O3N8B6R8C7,2025-05-01,300,268,0,1,1,300,268,0,1,0,True
PRC_F2S5M1X2C1P6A1B6Z2S0G4A7Q1E2K4,2026-03-31,295,180,0,0,1,294,180,0,0,1,True
PRC_F2S6A0P4F1S7I1U4A5G2J2T6S3N9A9,2026-05-07,286,167,0,0,1,285,167,0,0,1,True
PRC_F2S6G0G5S1D3I1F7U5R6F3M3T7R1M0,2026-08-20,299,162,5,8,1,284,154,5,5,15,False
PRC_F2S6P0T5O1Y9C1R5Y3D1S0K6I5X2Z5,2026-08-20,299,204,0,1,1,284,191,0,1,15,False
PRC_F2S6U0F4V3M0W1N2P5L8P4G4K3C6W1,2026-08-20,299,151,18,7,1,284,141,16,7,15,False
PRC_F2T5T0H2D1Z9T1W5M5Z2B4C6R8D1T2,2025-03-13,300,239,0,3,1,300,239,0,3,0,True
PRC_F2U5E0V9T1P7H1K0R1B0L4N4T0O8X9,2025-10-26,298,250,0,4,1,298,250,0,4,0,True
PRC_F2V5O1X1T2A6X1H3M3S7Y5J8H4L5S7,2026-01-29,296,246,0,1,1,295,246,0,1,1,True
PRC_F2V6U0V3P3D1N1S9X5L7T1Z8Q6H6L7,2026-04-10,295,218,7,12,1,294,217,7,12,1,False
PRC_F2X4N0B9H2M4X1D7K3Y8M2Q1Z8Y7R6,2024-11-14,300,287,0,0,1,300,287,0,0,0,True
PRC_F2X5T1W2J1D8M1O2K3J3N3I2P8C5V5,2026-03-12,295,166,0,2,1,294,165,0,2,1,False
PRC_F2Y4Z1N2G0Y5Q1A4M1O0P4N2I4P3N1,2024-12-10,300,209,64,14,1,300,209,64,14,0,True
PRC_F2Y6R0G5W0P6L0G8K3X6D1F0D9D5V2,2026-05-07,286,187,0,1,1,285,187,0,1,1,True
PRC_F2Z5U0D6K0X5H0Q9H0G6L3E1Q2Y3N0,2025-06-05,296,194,3,1,1,296,194,3,1,0,True
PRC_G2B6H0K3Q2J0V1X5E2B4O1E8S9W7V7,2026-03-31,295,174,0,0,1,294,174,0,0,1,True
PRC_G2C4G1F1Y2S0Q2R0C5W8C3F1C5Z6M3,2024-12-02,300,280,0,0,1,300,280,0,0,0,True
PRC_G2C4J0I6H1F8N1M4L4K4S1R2Q4Q3P5,2024-12-31,300,277,6,8,1,300,277,6,8,0,True
PRC_G2C4Z1D1G0G5K1N5U1T6L1S4Y3R7Z6,2024-11-28,300,253,0,1,1,300,253,0,1,0,True
PRC_G2C6R0R5Q0J6O1W4U5H2T3E9F6Q6B9,2026-08-20,299,201,0,4,1,284,187,0,4,15,False
PRC_G2D4D1Z0Y2V2E1D1G0F5C4L3J2J8P5,2026-06-18,300,249,1,2,1,285,235,1,2,15,False
PRC_G2D4X1O1R2F1Q1I7V2B4O5Z2L9I5B5,2024-11-28,300,175,87,0,1,300,175,87,0,0,True
PRC_G2D4Z0W9Y0C2U1E6Y4I7B1D7J8L1Y8,2024-12-10,300,270,1,1,1,300,270,1,1,0,True
PRC_G2D5H0F4N0Q8B1C6S1W5W1M6Q3Z5K8,2025-05-01,300,266,0,1,1,300,266,0,1,0,True
PRC_G2E4E1N1L1L3J1L4J3J9Y5X1X0V8W6,2026-03-31,295,203,0,0,1,294,203,0,0,1,True
PRC_G2E4F0B6B0Z7Y1Z2X5Y4G2G4E2D0D2,2024-12-31,300,216,15,44,1,300,216,15,44,0,True
PRC_G2E4S0T5R3Q1P1X0Y3W5V0U5B0A2B5,2024-12-26,300,242,6,13,1,300,242,6,13,0,True
PRC_G2E5D0E3M2L5J0I9D0C5A4Z6V3U8S8,2025-11-13,298,155,0,0,1,298,155,0,0,0,True
PRC_G2E5F0D2C0C3K1K7J2K2I0I3H6D0D5,2025-10-26,298,250,1,6,1,298,250,1,6,0,True
PRC_G2E5J0R2B1U4K1A5P0I2B1D8F6I1E7,2025-12-03,298,251,0,1,1,298,251,0,1,0,True
PRC_G2E6F0D9C0C8K1L7J0K0I0J8H1H7P8,2026-09-17,299,157,65,0,1,283,149,62,0,16,False
PRC_G2F4D1D2Z2A7Y1Z2X0V4W2E1E0C7D2,2025-11-13,298,141,1,13,1,298,141,1,13,0,True
PRC_G2F4E0D9L2I6H1Q0P1O0M2J8G9E1N7,2025-04-02,300,256,0,3,1,300,256,0,3,0,True
PRC_G2F4E0L9K2J5I1Q5P4O2N2J4G6F6N2,2025-01-08,300,261,2,1,1,300,261,2,1,0,True
PRC_G2F4F1N1O0M6N1L6J4K9S2S1R1R5P9,2025-02-27,300,228,1,0,1,300,228,1,0,0,True
PRC_G2F4G0O7N2L5K1K6T2R0T2S8A0Z6X3,2024-12-26,300,275,0,1,1,300,275,0,1,0,True
PRC_G2F4Z0Y6X1W4E1D7A0I6H5H3F6O9N1,2024-12-10,300,285,2,0,1,300,285,2,0,0,True
PRC_G2F5G0W9D2M9K2A1D0G2Y2X0U4L2P1,2025-12-02,298,241,0,0,1,298,241,0,0,0,True
PRC_G2F5T0K2I1L8P1K8S1Z1P5M9G2M0I1,2025-02-27,300,187,0,0,1,300,187,0,0,0,True
PRC_G2G4F1B1B2Z5A1Y1Z2X6F1G9E0F9D5,2025-03-13,300,256,3,6,1,300,256,3,6,0,True
PRC_G2G5L0H3T0B4U0A9C5B9Q1Z6B3B2H6,2025-04-02,300,260,0,1,1,300,260,0,1,0,True
PRC_G2G5Y0J9W0F3N1L6A1K3I2K2M8F1D5,2025-12-02,298,243,0,0,1,298,243,0,0,0,True
PRC_G2G6R0O5Q0C6T1P3N3V0A2H9T2F6F7,2026-08-20,299,209,0,2,1,284,196,0,1,15,False
PRC_G2H4F0G9E0F2D1L9M3K7K2I5J3I3I9,2026-01-29,296,234,0,4,1,295,234,0,4,1,True
PRC_G2H5A0N2V2W5T1S4L3O3P2V8U6E9F1,2025-02-27,300,268,0,5,1,300,268,0,5,0,True
PRC_G2H5E0M6W2E3J1T5O3W9M5N1L5Y0B6,2025-07-04,298,180,2,0,1,298,180,2,0,0,True
PRC_G2H5F0G7V2V8U1S4T2R0R5A3A2Y9Z6,2026-02-12,296,156,0,1,1,295,156,0,1,1,True
PRC_G2H5F0N2O0M5M1L1M5K9K3G0F4F4D5,2026-03-31,295,185,1,4,1,294,185,1,4,1,True
PRC_G2H5G0T6T2F3H1V5F3J9V1D6V1C3O1,2025-07-04,298,181,2,0,1,298,181,2,0,0,True
PRC_G2H6M0F3M1V0D1O1B1W8W5G0R6V0V6,2026-04-23,295,175,0,0,1,294,174,0,0,1,False
PRC_G2I6X0D3F3A1M1R9L5U7G4X2L0C2G6,2026-04-10,295,216,6,14,1,294,216,6,13,1,False
PRC_G2K4I1A2K0L9J1O0V4D2K1Y4P3I7H7,2024-12-12,299,195,86,2,1,299,195,86,2,0,True
PRC_G2K6P0V3E1Z0M1L0X5K0Q5D9T7A8V6,2026-05-07,286,214,0,3,1,285,213,0,3,1,False
PRC_G2L5C0O9X2I2S1F7Y1M9X5H5X9Y8P4,2025-10-26,298,240,1,12,1,298,240,1,12,0,True
PRC_G2L5C1K1A2Q6S1B3G5L7J4X4L1C0A0,2026-01-29,296,249,0,0,1,295,249,0,0,1,True
PRC_G2L6B0Q7M2B8D1S7N0Y7T1Y2B9L7C7,2026-08-20,299,152,82,0,1,284,144,76,0,15,False
PRC_G2L6O0B7A2B8D1S7O0I3R3X8O8I9R7,2026-07-30,299,142,87,0,1,284,135,83,0,15,False
PRC_G2N4M1L0K2E3D1C0L2U1T1S2R6L8K2,2025-03-13,300,273,0,0,1,300,273,0,0,0,True
PRC_G2N5S0F7Z3B0X1R0C2H3F0M8W3Z3S4,2025-08-27,298,166,0,0,1,298,166,0,0,0,True
PRC_G2O4O0N8N2M8K1L4G0H9F3G2E1F6D3,2025-02-27,300,184,0,5,1,300,184,0,5,0,True
PRC_G2O4P1N2N1M7K1L0A0A9Z1Z6Y6Y8X5,2025-11-13,298,217,0,5,1,298,217,0,5,0,True
PRC_G2O5O0N3L0M6K1K4T3T8R5S1Q5R9P1,2026-02-12,296,159,0,0,1,295,159,0,0,1,True
PRC_G2O5O1M0N1M0M1K5L2T9R1S2Q9R8P7,2025-11-27,298,252,0,3,1,298,252,0,3,0,True
PRC_G2O6R0W4F0J3A1V8E2A5U3F3P8X8N2,2026-05-07,286,200,0,0,1,285,199,0,0,1,False
PRC_G2P5F0J6T2K3C1V5Q4D0C4B9U2A6X9,2025-07-04,298,181,2,0,1,298,181,2,0,0,True
PRC_G2P6O0N4X0D2X0U7K4K5I1T6S1X0L3,2026-08-20,299,232,0,0,1,284,218,0,0,15,False
PRC_G2R4A0W8N2T7X1F9F3X4D2D1Y2V4C7,2024-08-28,300,283,2,5,1,300,283,2,5,0,True
PRC_G2R5B0M9N2C7C1B8C5B6V1D9D6N2B4,2025-09-28,298,180,0,0,1,298,180,0,0,0,True
PRC_G2R6N0L3S2K0M1H5G2Q8I1C6M9V3U4,2026-03-31,295,176,0,0,1,294,176,0,0,1,True
PRC_G2T5F1J2L0R9L1J2P5M9D4V6T6C2S7,2026-01-29,296,199,0,0,1,295,199,0,0,1,True
PRC_G2T5L1C1G2S8I0K9I2J4Z1O3J1N1N2,2025-12-02,298,241,0,0,1,298,241,0,0,0,True
PRC_G2T6G0R3U1F2C2W0C5Z3E0Z2C8R4W5,2026-04-23,295,173,2,6,1,294,173,2,6,1,True
PRC_G2U4T0D6C1R8Y1J1U5N1T2W6M3Y3K0,2024-07-30,300,189,0,0,1,300,189,0,0,0,True
PRC_G2V5F1P1I2S5X2G0X1W8S4U0P5H4Y2,2025-12-02,298,188,22,29,1,298,188,22,29,0,True
PRC_G2V5H0N2C2S0D1W9C0M9P1H1S8D3T9,2025-03-13,300,246,0,2,1,300,246,0,2,0,True
PRC_G2X5J1T2O0K1D1H8N4J7P2I1I5A2N1,2026-05-07,286,163,0,0,1,285,163,0,0,1,True
PRC_G2Y4Y0P9E0L2Q0R9V1U5B1E5Q3E0L6,2024-09-26,300,204,1,1,1,300,204,1,1,0,True
PRC_G2Y5D1W1D2Z6L1R6O3E9Q1J3N8N7B7,2025-12-14,298,174,0,0,1,298,174,0,0,0,True
PRC_G2Y6D0K1T2A6G1T6Q0B4L0B0Q2J2X8,2026-02-12,296,155,0,0,1,295,155,0,0,1,True
PRC_G2Y6R0Q2C0I3O1M8W2K1C5G5T2X4M3,2026-02-12,296,159,0,0,1,295,159,0,0,1,True
PRC_G2Z4M1D2P0H3W1U3D3Z7Q1S6Y2F6K1,2024-12-27,300,184,0,1,1,300,184,0,1,0,True
PRC_G2Z5L1L1C2F1O1S6A0I6O4J4T5B8G3,2026-01-29,296,195,0,2,1,295,196,0,1,1,False
PRC_H2A5A0Y8H2G7O1H0D5R1M1G2T6P6Q8,2025-10-26,298,255,0,3,1,298,255,0,3,0,True
PRC_H2A5D1Z1P2K1S1G6X0P8N1A6D3T7E3,2026-01-29,296,191,0,2,1,295,191,0,2,1,True
PRC_H2A5N0B1L2X3U1W5T0Q0X1Z6V4F8U5,2025-02-27,300,199,0,3,1,300,199,0,3,0,True
PRC_H2B4B1A0G1F8J1I7I1G4N5M6L2U0Q2,2025-12-02,298,197,2,20,1,298,197,2,20,0,True
PRC_H2B4E1J2C1Y9D1O5B3H8P0F1K6Q0O5,2024-12-31,300,287,0,1,1,300,287,0,1,0,True
PRC_H2C5D1C0C1A3B2Z1H0I7G4H4F8G4E5,2026-08-20,299,182,0,4,1,284,172,0,2,15,False
PRC_H2C6S0J4R1G5Z1J3N4Z9S1N9E3N1H7,2026-04-23,295,182,0,0,1,294,181,0,0,1,False
PRC_H2D4B0C7A0B5Z1H3I4G8G3F2G0E3M1,2024-12-10,300,279,0,4,1,300,279,0,4,0,True
PRC_H2D4S0V9L1P0C1U4K4O4O3D0J4G1C3,2024-09-19,300,167,0,0,1,300,167,0,0,0,True
PRC_H2D5B0C2A2B5Z1A1H3G8H1F5G9E1M7,2025-10-26,298,247,1,5,1,298,247,1,5,0,True
PRC_H2D5C0J2I1A1E1F5Z1S1S5A8B2G1O9,2025-03-20,300,175,76,4,1,300,175,76,4,0,True
PRC_H2D5F0V9A2T4T1H2T3W3C5B9G1O3L1,2025-11-13,298,147,0,3,1,298,147,0,3,0,True
PRC_H2E4A0B9U2Z4B1B7L2T9Q2B8J3J8W9,2024-11-14,300,283,0,4,1,300,283,0,4,0,True
PRC_H2E5T0U3P1U7H0W9X0G0O3P4E6G1A4,2025-04-02,300,246,12,8,1,300,246,12,8,0,True
PRC_H2F4G0E8E2C9L2L2J3K8I5J3H4I9D7,2024-12-31,300,284,0,1,1,300,284,0,1,0,True
PRC_H2F4G0E8F0D1Z1A6Y4Y3X1X2W3W5E6,2024-12-31,300,260,5,23,1,300,260,5,23,0,True
PRC_H2F5B1B2A2A2Z1Z1Y1Y8G3E1F6E3E5,2026-01-16,296,172,2,0,1,295,172,2,0,1,True
PRC_H2F5C0D2I1T9N1C9M0E1Y0S1N9K7Z2,2025-02-27,300,214,5,3,1,300,214,5,3,0,True
PRC_H2F5D0E4C1D8K1L3J4K4J5J7H8I0D7,2025-12-02,298,231,0,3,1,298,231,0,3,0,True
PRC_H2F5E1F0M3N0M0M9K3L3K0F6G9E2E2,2026-04-23,295,175,0,0,1,294,174,0,0,1,False
PRC_H2F5F0E7M2M3K0L9K1K5I3J7R8P5Q0,2026-06-18,300,239,0,5,1,285,227,0,4,15,False
PRC_H2F5G0E1F0N8N1L6K2L7J4K1R6S0R5,2025-12-02,298,241,0,3,1,298,241,0,3,0,True
PRC_H2F5G0E1M2M2L1M0K3K3J4J9R5P0Q9,2025-11-13,298,152,0,6,1,298,152,0,6,0,True
PRC_H2F5G0E3M1M3L0M9K1K1I2R7R9P4Q1,2025-12-02,298,232,0,0,1,298,232,0,0,0,True
PRC_H2F5G0F6F0N9L1M6K2L5J5K2S6Q3R1,2026-05-07,286,182,0,3,1,285,182,0,3,1,True
PRC_H2F5G1E2F1N8N1M4M5K9J4K5R6S8Q1,2026-08-26,299,204,2,9,1,284,192,2,8,15,False
PRC_H2G4F0F6E1A8Z1Y7W5X7F4F0E2F2D8,2025-03-13,300,240,0,0,1,300,240,0,0,0,True
PRC_H2G4G0F9G0E5E1A1Z3Z0X2Y2W7X7F6,2025-02-27,300,190,0,1,1,300,190,0,1,0,True
PRC_H2G5C0I7I1L6F1N3U1W2M0U2E8D0Q1,2025-08-04,298,236,0,0,1,298,236,0,0,0,True
PRC_H2G5E0D3E1M8K1J6I3J5F0D9B9B4B5,2026-06-18,300,253,0,1,1,285,238,0,1,15,False
PRC_H2G5H0F3F1N2O1M4N2L6K5K9S3S2R3,2026-04-23,295,168,1,0,1,294,167,1,0,1,False
PRC_H2H4G1H1F1F2O1M7M4L5L1K3S6S2Q2,2026-03-31,295,203,0,4,1,294,203,0,4,1,True
PRC_H2H4P1P2O0M2N1L8M1B6B0A1A4Z6X4,2026-01-29,296,194,0,5,1,295,194,0,5,1,True
PRC_H2H5C1Y1Z2K6L1I3B5O0Y5B0E2D4P8,2025-12-30,298,228,0,0,1,298,228,0,0,0,True
PRC_H2H5G0H5F1F2B1A5A0Y6Z5X2Y0G2G5,2025-12-02,298,235,0,2,1,298,235,0,2,0,True
PRC_H2H5V1J1W2Z5E2B0C1G0I4I6Z6P9G4,2025-12-02,298,243,0,3,1,298,243,0,3,0,True
PRC_H2H6F0G1B2C6B0Z9Z0Y3Y2G9H8F1G7,2026-04-23,295,155,0,10,1,294,155,0,10,1,True
PRC_H2I4G0G8E0D8E1L6M2L1L2J0Q8P3Q2,2025-04-02,300,248,0,0,1,300,248,0,0,0,True
PRC_H2I4G0H6P1O1O0M9N4M3T0U6S9T8R5,2024-12-31,300,258,7,12,1,300,258,7,12,0,True
PRC_H2I4H1D0B2A5B1Z5H3G5H2F8E5M2L4,2025-02-27,300,219,1,5,1,300,219,1,5,0,True
PRC_H2I5D0J3T0E4S1K0A1P8C4N7H1A3J7,2025-03-20,300,259,1,5,1,300,259,1,5,0,True
PRC_H2I5G0H7F1G8O1O7N0L9M4K4L3G2H9,2026-04-23,295,180,1,3,1,294,179,1,3,1,False
PRC_H2I5P0Q6O2P6N0O9M2N6U2V1T8R0Z4,2025-12-02,298,234,0,1,1,298,234,0,1,0,True
PRC_H2I6H0F1F3E0E1T7U1S2T1R3S1Q2Q5,2026-09-03,299,268,0,2,1,283,252,0,2,16,False
PRC_H2J5F1G1N2W6V1W9P3T8P5Z1O5B7Q6,2026-01-29,296,224,2,5,1,295,224,2,5,1,True
PRC_H2J5R1R2S0W8Z2Z1J1I4E1F6U7Y9W8,2026-03-31,295,173,0,0,1,294,173,0,0,1,True
PRC_H2K5I0A9D2C3I2L2Q1W5L0P6I2Z0V8,2025-10-26,298,259,0,0,1,298,259,0,0,0,True
PRC_H2K5V0G2I1A9V1F5E5T5V4N6Y6F1D3,2025-03-13,300,243,0,0,1,300,243,0,0,0,True
PRC_H2L4M0U6T1R8Q1R4Z0X3W1W8W2E2C8,2025-03-20,300,242,2,10,1,300,242,2,10,0,True
PRC_H2L5L1K2L1N6L1D6W1X7N2P6X7S2P9,2026-02-12,296,158,0,0,1,295,158,0,0,1,True
PRC_H2L5Z1Z1D2H8G1A5D1X1Z2H9I2P6L3,2025-12-02,298,201,18,24,1,298,201,18,24,0,True
PRC_H2L6I0K5H1D3Z1Y7Q5J2N1J5T9V7Z7,2026-08-20,299,174,5,7,1,284,166,3,6,15,False
PRC_H2L6V0Z3L1P0U1Y8S0O5P0V9E5F5G5,2026-04-23,295,170,1,2,1,294,169,1,2,1,False
PRC_H2L6X0P4N1K5I1P3R5C7P4N4L6B1O5,2026-05-07,286,171,0,0,1,285,171,0,0,1,True
PRC_H2M4A1A1J2P7L2H0N3N4N5K3G9Q6Z2,2024-12-10,300,278,0,4,1,300,278,0,4,0,True
PRC_H2M5X0X9H0G9I1L8N3S6Z1V1X0L0W8,2025-11-13,298,233,0,1,1,298,233,0,1,0,True
PRC_H2N6V0L5W1L1G1X7P4T5U5C2Q8F6M1,2026-08-26,299,213,0,0,1,284,200,0,0,15,False
PRC_H2P4O0N6M1U9S1R5S4R4Z1Y5X0F1E0,2024-12-26,300,161,94,6,1,300,161,94,6,0,True
PRC_H2P4O1O2M0N6L1M0I4I2G5F9G1E0F9,2025-03-20,300,251,3,13,1,300,251,3,13,0,True
PRC_H2P4P0O6U2T0S1Q0P5M7U0U7S3R1Y1,2024-12-27,300,155,1,4,1,300,155,1,4,0,True
PRC_H2P4X0W6U2V6T1Q5O2N8N4M2U5S5R4,2025-12-02,298,221,3,12,1,298,221,3,12,0,True
PRC_H2Q4S0H9I1P0R2H0D0N7M0F7X5J8J2,2024-09-26,300,203,0,1,1,300,203,0,1,0,True
PRC_H2R6G0R4O0W1J1H7T0Q4J4N1K5A8V5,2026-05-07,286,171,0,3,1,285,171,0,3,1,True
PRC_H2S4Y1U1Z2Y7H1Z1H0D8K3K9M5F1P6,2024-12-31,300,276,1,3,1,300,276,1,3,0,True
PRC_H2S5U1Q2Z0P9O1V0D2S0N5I6X7B0T2,2026-01-29,296,230,0,0,1,295,230,0,0,1,True
PRC_H2T4H0C8S2F3R1U1B5H3V2Z5H9I0A5,2024-09-26,300,193,0,0,1,300,193,0,0,0,True
PRC_H2T6X0O1J2B8V1W3S2Q0E0Y1E9P8Q9,2026-03-12,295,196,1,19,1,294,196,1,18,1,False
PRC_H2W4Q0Y5K3I0J1S6X4T5O0T4M2E7C3,2024-09-26,300,210,0,0,1,300,210,0,0,0,True
PRC_H2W5P0Q2X1B9L1T5M5G6M3L0J2O5Y0,2025-03-13,300,235,1,7,1,300,235,1,7,0,True
PRC_H2W5V0Q2K1Q7W1L4I3J0Q5L2G5Z1R1,2025-02-27,300,248,1,4,1,300,248,1,4,0,True
PRC_H2W6L0O5F1K9W1D8Y1J4N4F0C1O2Y7,2026-08-20,299,198,0,3,1,284,185,0,3,15,False
PRC_H2W6O0K2D1T1Y2B0O5J2K5Q5A8Z0Y3,2026-02-28,296,173,73,1,1,295,173,72,1,1,False
PRC_H2X5Z0U1D2P2N1X6Z3L0I2D4Z7Q0R3,2025-12-03,298,251,0,4,1,298,251,0,4,0,True
PRC_I2A5W0K2N2Q0S1J9E1H1B2Y8O5S3R9,2025-03-13,300,246,0,3,1,300,246,0,3,0,True
PRC_I2B4R0J8Q2I3C1P1A5T1R4L1R9T4J6,2024-11-14,300,281,0,4,1,300,281,0,4,0,True
PRC_I2C5P1P1F2R8X0D9J2R8L0F2D6R8H7,2025-12-02,298,231,2,3,1,298,231,2,3,0,True
PRC_I2C6Y0S5D1F1B1R7V5T3W0Y1A2K6J8,2026-08-26,299,225,0,0,1,284,212,0,0,15,False
PRC_I2D5T1A2J0Z9V1I8R3S1S0Y5G2D2R7,2025-12-12,298,160,0,0,1,298,160,0,0,0,True
PRC_I2E5N1S1V2A0A1C5Z4F3F2H8D9K1P6,2025-12-02,298,234,0,0,1,298,234,0,0,0,True
PRC_I2E5X0D7T0A2G1L0M3R2X1G8B4A6J9,2025-07-23,297,231,0,1,1,297,231,0,1,0,True
PRC_I2F4B0Z7Z1X7G1P4L2B9A5X0F4F2D6,2025-07-03,298,256,0,1,1,298,256,0,1,0,True
PRC_I2F6K0X3S2Y5D2V2C4W6O2L6X1Z7L9,2026-05-07,286,186,3,8,1,285,186,3,7,1,False
PRC_I2G4F0F7N3O0M1L7L0J5K1S7S5R0R7,2025-10-26,298,199,42,18,1,298,199,42,18,0,True
PRC_I2G4I0G6G1O3O1N0L2M3K5L8S3T2S4,2025-03-13,300,245,1,8,1,300,245,1,8,0,True
PRC_I2G4N1B2K2C0Q1O6U1Y5J5E6Y7C6N4,2024-12-26,300,263,0,1,1,300,263,0,1,0,True
PRC_I2G5A0C9H2E4C1C2W3C3D2N2Y9T1T8,2025-11-13,298,156,0,2,1,298,156,0,2,0,True
PRC_I2G5G0M9P2F3X1Y0J3Z2O1W4K0A2C3,2025-12-02,298,223,0,3,1,298,223,0,3,0,True
PRC_I2G5H0F1G0E6F1N5N5L0K3K1J8K8R2,2026-03-31,295,198,0,2,1,294,198,0,2,1,True
PRC_I2G6X0U2K2F4E1T3X5Y1X3E2D3B4B3,2026-03-31,295,198,0,3,1,294,198,0,3,1,True
PRC_I2H4E0D6C2K6J0P9O5N4M1U8U7S7Z8,2025-02-27,300,248,1,7,1,300,248,1,7,0,True
PRC_I2H4F0F8E1E2M1L7L5J0K1I6J0R2P4,2024-11-28,300,260,0,2,1,300,260,0,2,0,True
PRC_I2H4H1Q0O0N8M1U6S1A0Y0X3Y3U9T2,2025-03-20,300,261,0,0,1,300,261,0,0,0,True
PRC_I2H5C1L2T0K4O1G5F1O7V3B6R8A0X5,2026-01-29,296,199,0,7,1,295,199,0,7,1,True
PRC_I2H5F0G2N2O5N1N5L0M4L2S0T6R3S7,2025-06-05,296,186,17,0,1,296,186,17,0,0,True
PRC_I2H5G0F8F1O1N1L0J5F3O2M9L9M7K2,2025-12-02,298,236,0,0,1,298,236,0,0,0,True
PRC_I2H5J0O1Y1T7D2Q2E5Q2G2G1D5N6G2,2025-01-17,300,188,86,0,1,300,188,86,0,0,True
PRC_I2H5T0S4T2Q1N1F7M3V4T3X6E2J3C1,2025-05-01,300,262,0,2,1,300,262,0,2,0,True
PRC_I2I4G0F7G0N3O1M6N4M0K4K4G0H5F4,2025-02-27,300,185,0,2,1,300,185,0,2,0,True
PRC_I2I4H1P2P1N8O1N7N5L2U5U1S5T7R9,2025-05-01,300,252,1,5,1,300,252,1,5,0,True
PRC_I2I4S0D9A2Q4N2O1M2W5U1E3L1Q6D1,2024-11-14,300,288,0,0,1,300,288,0,0,0,True
PRC_I2I6S0A2X2B8Y2H0Q0V0T0C3V9Q6E2,2026-03-01,296,176,0,0,1,295,176,0,0,1,True
PRC_I2J4H0H7Q1O1O1N2O5M3U4U4T3U9S9,2024-12-10,300,280,0,3,1,300,280,0,3,0,True
PRC_I2J4H1I1G2F9F1V6W5U2V2T4R4S7A1,2025-01-08,300,258,1,11,1,300,258,1,11,0,True
PRC_I2J4R0V6U2Q4O1N1O2N3V4U4S5R9S4,2025-12-11,298,238,0,3,1,298,238,0,3,0,True
PRC_I2J5H0I6G2H7F1F7O4M1M5L4L2K5K9,2026-03-12,295,187,0,13,1,294,186,0,13,1,False
PRC_I2J5H0P9Q2O3O0M9N3M9M5U3U2S1S3,2025-12-02,298,247,0,2,1,298,247,0,2,0,True
PRC_I2J5I1I2G3H0W1Z5X5Y2F0G2F8D5D0,2026-07-23,299,212,0,1,1,284,201,0,1,15,False
PRC_I2J6P0F4L0Z2B0M7M3H3Q1P4Y9S4Y2,2026-04-23,295,210,0,1,1,294,209,0,1,1,False
PRC_I2J6R0P9Q1O4O0N7O5J7K1I8H8H3F6,2026-09-17,299,153,47,0,1,283,143,45,0,16,False
PRC_I2M5M0Y9B1J0J1B7T4U0E5Y7R5C7A9,2025-11-13,298,216,0,8,1,298,216,0,8,0,True
PRC_I2N6M0Z2U0W3N1W8X1B5H1F9M5B9K9,2026-02-12,296,160,0,0,1,295,160,0,0,1,True
PRC_I2O5N0M9L0H4G1F7E2K4J3I1R0Q4N5,2026-08-20,299,125,54,2,1,284,117,50,2,15,False
PRC_I2O6T0Y5U1U1L1W7H5S5J0Z8L8E8S1,2026-08-26,299,213,0,1,1,284,201,0,1,15,False
PRC_I2P5Q0W3R0N4G1Z0T2C0R3W3G3L7W2,2025-03-20,300,259,0,9,1,300,259,0,9,0,True
PRC_I2Q4Q0X9X1J0Z2F0Q1U7J0S4G3O2U1,2024-09-26,300,207,0,0,1,300,207,0,0,0,True
PRC_I2Q6R0P9Q0O8P1N7N1V3U5U5T4T8P2,2026-09-17,299,154,64,0,1,283,147,61,0,16,False
PRC_I2R6N0V2Y0J9X1R3I1H5T5K8Z8Y3M2,2026-02-09,296,160,3,1,1,295,160,3,1,1,True
PRC_I2S4Q1Z0R3L0Y1Q8D2Y7A5W2X8C9B7,2024-11-28,300,171,97,2,1,300,171,97,2,0,True
PRC_I2S5C1A1K2R0E1K5J4X1W5V9D5L8B6,2025-12-02,298,232,0,1,1,298,232,0,1,0,True
PRC_I2T4O0D8W2J0S1B1R5J4K5W2T0V9C2,2024-08-28,300,295,0,0,1,300,295,0,0,0,True
PRC_I2T6G0S4Z1A0S1A0B4B2H5R1Y0J8U8,2026-07-23,299,190,0,0,1,284,180,0,0,15,False
PRC_I2U4H1E1T2K7M0R9P5S8N2S0K3V4K2,2024-12-27,300,166,0,0,1,300,166,0,0,0,True
PRC_I2U6A0X4S1Y7O1F4H4M9U5H3H6A5E6,2026-05-07,286,165,0,1,1,285,165,0,1,1,True
PRC_I2U6G0B5F1E3G1M8G0F0H1E3U3N8C2,2026-08-20,299,226,0,1,1,284,215,0,0,15,False
PRC_I2V5K1T1K2X0X1L5F5Y1Q0J0J9C8P4,2026-01-29,296,199,1,1,1,295,199,1,1,1,True
PRC_I2V6Y0I4K3A0G1Y5G5Y6C1O7R6Y1U4,2026-08-20,299,180,0,1,1,284,168,0,1,15,False
PRC_I2W5N0E7X0L9B1L8A5Y5P5N3S6C6X6,2025-07-23,297,210,1,7,1,297,210,1,7,0,True
PRC_I2W6W0O3Q1B0I1W1B0U2M1S0U8F6C0,2026-04-23,295,185,0,0,1,294,184,0,0,1,False
PRC_I2Y6H0B2X2B5V1Q0S2J8X5L9T1W8U2,2026-03-31,295,176,0,1,1,294,176,0,1,1,True
PRC_I2Y6V0Z3M1K2X2E0T3X5C2J7W0S5B8,2026-04-23,295,170,1,5,1,294,169,1,5,1,False
PRC_I2Z5Z1Z1N1L8D1V2R0I6S4D5Y2R1W2,2025-11-27,298,251,0,4,1,298,251,0,4,0,True
PRC_I2Z6I0F3S1K0B1F1B0B8X0N8O8C4M0,2026-06-18,300,225,10,12,1,285,214,10,11,15,False
PRC_I2Z6W0M4T0Y2B0B7D3N9V1J1E5F4S4,2026-04-23,295,216,0,0,1,294,215,0,0,1,False
PRC_J2A5I0Z1L2F1H1S5E5I8N5D0N4N9I8,2025-08-04,298,210,5,9,1,298,210,5,9,0,True
PRC_J2B4S1T2C0V4T1E5P2O2E5H2U3F7D3,2025-04-02,300,266,0,0,1,300,266,0,0,0,True
PRC_J2B5O1U1J2K1I1P5I4L8M3S4T3R7Y0,2026-01-29,296,194,0,0,1,295,194,0,0,1,True
PRC_J2C4N1D1M0L8Q1W3W0D9M1C2M8B3H4,2024-11-28,300,259,0,0,1,300,259,0,0,0,True
PRC_J2C5P0P9M2Q4X1Q2K3U7E2S3O7K1B2,2025-11-13,298,153,0,2,1,298,153,0,2,0,True
PRC_J2D4U0X8X2N3S1N5N2T0A0H5R5I7S7,2024-09-26,300,199,0,0,1,300,199,0,0,0,True
PRC_J2D5V1A2M1J6I1L7T1Z4P1T4M2U0T3,2026-03-31,295,206,0,6,1,294,206,0,6,1,True
PRC_J2E5J0F1V1H6M1Y4T1G7G4Q9D9N2D8,2025-02-27,300,202,0,8,1,300,202,0,8,0,True
PRC_J2F4K0Z9J0R2C0A9Y1A9W1D8A5W9A2,2024-09-26,300,191,0,2,1,300,191,0,2,0,True
PRC_J2F6H0Y2M0L5K2S0T2F2A0Q6M5G5G1,2026-02-12,296,156,0,0,1,295,156,0,0,1,True
PRC_J2G4X1O1Z2W1X1W3C4E9I4P1G5A9O1,2024-11-28,300,227,0,1,1,300,227,0,1,0,True
PRC_J2G5X0U7F1H2U1Y4R0L0T1V3B3G2V7,2025-07-23,297,183,4,15,1,297,183,4,15,0,True
PRC_J2G6G0E2L0L5T1U3A5I0I0R4C2A5M8,2026-03-12,295,178,0,2,1,294,178,0,2,1,True
PRC_J2H4Q0Q8O1P9N1O4M2N0I2H6I0G6G2,2024-12-31,300,281,1,1,1,300,281,1,1,0,True
PRC_J2H5I0G1H1F3B1B5Z2B4Z4Z5Y0G0G6,2025-08-27,298,160,1,1,1,298,160,1,1,0,True
PRC_J2H6H0F9G0C8D1B6B5A4Y3Z3G4H3G6,2026-09-17,299,145,54,0,1,283,139,51,0,16,False
PRC_J2I4G0G7F1G0N1M6M1K3M2K4K9G7E9,2024-12-27,300,169,0,1,1,300,169,0,1,0,True
PRC_J2I4I0G9H0G4N0O8M2N5L2M1K7S4T5,2026-03-31,295,179,0,2,1,294,179,0,2,1,True
PRC_J2I4Q0P6N0O4M1J6H3G7F0G6O5O5N7,2024-09-26,300,190,1,5,1,300,190,1,5,0,True
PRC_J2I4R0P7Q1O9N1V4W4U7T1R3S0O7M6,2024-09-26,300,205,0,0,1,300,205,0,0,0,True
PRC_J2J4H1I2G1H2G1N5O1M2N4L4M1K6S0,2025-03-13,300,238,0,2,1,300,238,0,2,0,True
PRC_J2J4I0G7H1P6P1O5O5M1L2M3H9I3G0,2025-07-03,298,255,0,5,1,298,255,0,5,0,True
PRC_J2J4I1E1E2D8D0B8A4B6I2J6I3I7H4,2025-03-13,300,246,1,3,1,300,246,1,3,0,True
PRC_J2J4Q0P8K2D7P1M1F2W1H0P2C4E0Q5,2024-11-14,300,292,0,1,1,300,292,0,1,0,True
PRC_J2J5I1J2H0H9G1V5W4U8U0S6T2S3S4,2026-05-07,286,165,0,0,1,285,165,0,0,1,True
PRC_J2J5R0Q5Q0O7P0N9O1W0U5V7U8U3S4,2026-03-12,295,171,0,4,1,294,171,0,4,1,True
PRC_J2K4I0G9H1F9G1O0O0N8N2M3K1L0S9,2026-03-31,295,200,0,0,1,294,200,0,0,1,True
PRC_J2K4I0I8G1P6P1N0O5N9N0L1B9B8Z8,2025-05-01,300,266,0,1,1,300,266,0,1,0,True
PRC_J2K4I0J9H0I1G1O6O4N0N0M7M4L4L9,2025-08-04,298,225,2,7,1,298,225,2,7,0,True
PRC_J2K4I1I1H1P5P0N9P3N1N2L3U5U6S8,2025-07-03,298,262,1,5,1,298,262,1,5,0,True
PRC_J2K4I1J1H0I8P1O1P0N8N4M1M0U6V7,2025-03-20,300,269,0,0,1,300,269,0,0,0,True
PRC_J2K4K0O9L0L5Q1W4W2N5B4H4F7Z1A6,2024-09-26,300,218,2,6,1,300,218,2,6,0,True
PRC_J2K5I0J6H1H1G2O2O0M9N1M2M6K3L9,2026-04-23,295,194,0,1,1,294,193,0,1,1,False
PRC_J2K5L0X2J1J8K1L0T3U7P2T4A1L6N4,2025-02-27,300,130,59,0,1,300,130,59,0,0,True
PRC_J2K5R0T5R2R0P1Q5O4W0X5V0W3U0V3,2025-12-02,298,231,0,0,1,298,231,0,0,0,True
PRC_J2K6I0H9H0P8P1O8P1N3N1M8U8U7S7,2026-09-17,299,153,36,1,1,283,143,34,1,16,False
PRC_J2K6I0J7H2I8P1O1P2N9N2M5N4I0J2,2026-08-26,299,210,5,13,1,284,199,3,13,15,False
PRC_J2L5Q1W2J1Z2A1M3L2U2K0C3V5U2A0,2025-12-13,298,170,1,0,1,298,170,1,0,0,True
PRC_J2M5S1Y2L1T6U1A6J2P2K5V8J6O5E4,2026-03-12,295,196,0,0,1,294,195,0,0,1,False
PRC_J2M5U1Q2N0U9Y1W3J0D3D1O4J6B9R2,2026-02-12,296,157,0,0,1,295,157,0,0,1,True
PRC_J2M5X0R4H1A7E1P3E3M5J3M2S4P1Q3,2025-05-01,300,253,1,3,1,300,253,1,3,0,True
PRC_J2M6E0F4Y0K2Y1Y1H3W8E3F7Y5J1V5,2026-06-18,300,251,0,1,1,285,237,0,1,15,False
PRC_J2N5P1G2V0W2X2A2U5U1P0Z5R8G4W0,2025-12-02,298,254,1,6,1,298,254,1,6,0,True
PRC_J2N5T0Z7C3N0D1Y0M2U1Z0V6L9M2M7,2025-08-27,298,159,0,6,1,298,159,0,6,0,True
PRC_J2O6J0S9E1H6F1A8O3E4U5N4O4E7D6,2026-09-17,299,149,3,0,1,283,141,3,0,16,False
PRC_J2P6C0A3K3B1T1K9R5C4W5H4W0V6K1,2026-04-10,295,213,12,19,1,294,212,12,19,1,False
PRC_J2Q5J1B2J1X5S1I4O1Y4K4T0G0Z7E6,2025-12-30,298,229,2,1,1,298,229,2,1,0,True
PRC_J2S5C1P2L0Z4I1N2O0H5U1X9F5X8N3,2026-02-12,296,157,0,0,1,295,157,0,0,1,True
PRC_J2T5V0F1V2H3Q1Q3S4E5I4L7G8N3S6,2025-01-23,300,144,35,6,1,300,144,35,6,0,True
PRC_J2T5Y0Q5S2U7V1N7A0S8K2W1G7Q6T4,2025-11-27,298,259,0,1,1,298,259,0,1,0,True
PRC_J2U4H1J1I2W1O1L8K0A6B4E5H9Y6H7,2024-11-28,300,166,85,2,1,300,166,85,2,0,True
PRC_J2U5V1Z1L2F1T1Y5X4X5L3L5C0Y9R3,2026-02-12,296,157,0,0,1,295,157,0,0,1,True
PRC_J2V5N0N1Y1V6R1Q4J1D5F5C7I2E8E3,2025-02-27,300,204,0,3,1,300,204,0,3,0,True
PRC_J2V6R0L3V2K0Y1N3W4H9J5G6Z9H3P5,2026-03-22,295,176,0,0,1,294,176,0,0,1,True
PRC_J2W4W1K1Q2D7I2R0O3C7S1N5L1G0F5,2024-11-28,300,200,0,2,1,300,200,0,2,0,True
PRC_J2W5O1O2Z0R9A1B2V5Y6K5D5G4V9B1,2026-02-12,296,156,0,0,1,295,156,0,0,1,True
PRC_J2X5F1Y1S2J1Z1N7F2G0Y1S3H3W9E6,2026-03-12,295,201,0,1,1,294,200,0,1,1,False
PRC_J2Y5D0L2Q2K4Q1M1W2T8L0P6A7L5L5,2025-03-13,300,274,0,0,1,300,274,0,0,0,True
PRC_J2Y5J0K9K2H2C1U6K4K5Z2Y3V1I0X9,2025-12-02,298,247,0,3,1,298,247,0,3,0,True
PRC_J2Z5N1G1P2Q0X1Y5U4Z1K0A9N4V9K4,2026-01-29,296,205,0,0,1,295,205,0,0,1,True
PRC_K2A5M1S1T1A9A1U9X0X0D2U8R7Z6A1,2025-12-02,298,215,2,21,1,298,215,2,21,0,True
PRC_K2B4A0M9X2V4T1P7W3Q3A2P9S0P8F2,2024-11-14,300,280,0,3,1,300,280,0,3,0,True
PRC_K2B5Z0A9H2L3F1I8P3O1N1S5N5D5D6,2026-02-12,296,157,0,1,1,295,157,0,1,1,True
PRC_K2C4F1Y1X2K7G0O9Y5Y9C2U6S5K1O8,2024-12-27,300,165,0,2,1,300,165,0,2,0,True
PRC_K2C5W1K1T1C8P1B1I1X2M2I9K8X6G6,2026-08-20,299,181,0,6,1,284,170,0,5,15,False
PRC_K2C6Y0I4S0K1R1S1J5C0D5S0T1O7E0,2026-05-07,286,177,0,0,1,285,177,0,0,1,True
PRC_K2D5I0T2O1A8A1Q7Q5O9G4M8N2I0J5,2025-02-27,300,185,0,2,1,300,185,0,2,0,True
PRC_K2E5E1J1P1W9S1K3H0D1K2T6Z9B9B3,2026-03-31,295,179,0,0,1,294,179,0,0,1,True
PRC_K2E6W0T5Y1G3Y1H8S0I0L4H8I8E8W3,2026-08-20,299,228,0,6,1,284,216,0,4,15,False
PRC_K2F4B0Y5C3G1C2H0H3S3V2U5H5L5M2,2024-09-26,300,140,61,5,1,300,140,61,5,0,True
PRC_K2F6Y0J4Q0I2N1X1K2T7Z0A9O8W5Z7,2026-06-18,300,238,0,7,1,285,226,0,6,15,False
PRC_K2G4G1F2G1E6C1D7L1M0K0K5J7H4I9,2025-10-26,298,244,5,7,1,298,244,5,7,0,True
PRC_K2H6R0A5H1M8W0J9V5Z0J3Z4M0Q7N8,2026-08-20,299,162,7,3,1,284,152,7,2,15,False
PRC_K2I4H0H9G1G1O1P1N2O7M5M4K2T9T8,2025-01-08,300,273,0,4,1,300,273,0,4,0,True
PRC_K2I4I1H1I2G6O1O5N5N2M3M8K2T8T1,2026-08-26,299,221,0,1,1,284,209,0,1,15,False
PRC_K2I4J1H2I1E3C1C3B4C5A2A0J1H7H4,2025-02-27,300,224,0,1,1,300,224,0,1,0,True
PRC_K2I4P1Q1P2P6N1O0N1I0J5H4I9G0H7,2026-02-12,296,160,0,0,1,295,160,0,0,1,True
PRC_K2I4S1R1H2E0R1Q7D4K1W3N1D6N6C0,2024-12-31,300,277,0,5,1,300,277,0,5,0,True
PRC_K2I5I0H4I1P4Q1O7N5N7L3M3U8V8T6,2026-05-07,286,194,1,4,1,285,194,1,4,1,True
PRC_K2I5J1R1P0Q7O1P4N1O8K0I3I7H0I5,2026-03-31,295,186,0,3,1,294,186,0,3,1,True
PRC_K2I5K0D3Q0S7I1J0Q0M1N3N4G7U7Z4,2025-03-13,300,201,17,23,1,300,201,17,23,0,True
PRC_K2I6A0O5Q2X0M1F1P0N3Q5S4M7K0H9,2026-09-03,299,267,0,0,1,283,251,0,0,16,False
PRC_K2I6A0X9N1O5Q1Y1N3R4K1M0U6E3T0,2026-09-17,299,152,34,3,1,283,142,32,3,16,False
PRC_K2J4H1G0O1P7O1M3L0T0T5S1R8P8X5,2026-05-07,286,168,0,0,1,285,168,0,0,1,True
PRC_K2J4I0P6O1N7K1I4F1N0M1M6V8P2P5,2025-07-23,297,209,11,12,1,297,209,11,12,0,True
PRC_K2J4J0H8Q1Q9O1P1O4O7M3U5V0T5U3,2024-12-31,300,266,6,11,1,300,266,6,11,0,True
PRC_K2J4Y1X0Y2W9V1D1E1C3B1A5I2I8H0,2025-11-13,298,237,0,1,1,298,237,0,1,0,True
PRC_K2J5J0R4R1P5O1P9N0N0V2W7U2V7T7,2025-11-13,298,231,0,6,1,298,231,0,6,0,True
PRC_K2J5J1I1I0Q4O1P8N3O2M2N9V9T6U8,2026-03-31,295,184,1,2,1,294,184,1,2,1,True
PRC_K2K5I1J2H0I4Q1Q3O1P8O1M5M3I3I9,2026-04-23,295,175,0,0,1,294,174,0,0,1,False
PRC_K2K5S1R0R1P0Q1P4P1X3X0W7U2V2T1,2026-05-07,286,169,0,0,1,285,169,0,0,1,True
PRC_K2K6I0H9H0P8Q1O7P1N4M2M5U7V4T0,2026-09-17,299,158,69,1,1,283,149,66,1,16,False
PRC_K2L4J0J9I0I9H1P4P5N8O5N3N2L2M6,2025-08-04,298,236,0,2,1,298,236,0,2,0,True
PRC_K2L4J1K2I2J4E1F4D3B9C0A6B1J8J3,2026-04-23,295,162,7,5,1,294,161,7,5,1,False
PRC_K2L5J1K2I3J0E1F5D5C4C3A6B1J5K1,2026-07-23,299,210,1,0,1,284,200,0,0,15,False
PRC_K2L5K0G3E2D7B1K4L2J1I4H4D0M0K6,2025-10-26,298,256,0,2,1,298,256,0,2,0,True
PRC_K2L6F0X3I1X2D2Q0S4V5T1V9O6Z1D2,2026-04-23,295,175,0,0,1,294,174,0,0,1,False
PRC_K2M5C1D1N2L1A1X7U0U2J3A9Q1U7L9,2026-01-29,296,211,1,6,1,295,211,1,6,1,True
PRC_K2M5X0P9V1E0X1G6M4A9W2U0L6S4S5,2025-11-13,298,237,0,1,1,298,237,0,1,0,True
PRC_K2N5C0W6A2A3Z1G5X3X6Z5R8V5K0D9,2025-07-04,298,181,2,0,1,298,181,2,0,0,True
PRC_K2N5W1N2M1T8L1D6P5Y3B4P5X7D1D8,2026-03-31,295,181,0,1,1,294,181,0,1,1,True
PRC_K2O5D0G2F1A9H1X5A5O2X0G4B8G0X2,2025-03-13,300,234,0,3,1,300,234,0,3,0,True
PRC_K2O6C0M3N1L0M1C3S5C9E1L1I1B5D1,2026-03-31,295,175,0,2,1,294,175,0,2,1,True
PRC_K2P4P1J2C0R3N1U3N2Y7R4Y9N0E0X3,2024-12-27,300,169,0,0,1,300,169,0,0,0,True
PRC_K2P6C0V4M1B0T1O7C3R8W2I4W2C0Y4,2026-05-07,286,218,0,0,1,285,217,0,0,1,False
PRC_K2P6F0V4G0L3Y1L8N2W4Q4S1S4I5J3,2026-05-07,286,199,0,2,1,285,198,0,2,1,False
PRC_K2R4O0U8J2A6E1J7I4Y1Y3O2Z0P3O6,2024-08-28,300,288,0,0,1,300,288,0,0,0,True
PRC_K2R6Z0M5C1M1F1H7S5Q6Z4P5F1U9F2,2026-08-26,299,215,0,0,1,284,202,0,0,15,False
PRC_K2S5P1N1B2V0M1Y5H4D2N4R4Y9X1N9,2025-12-02,298,237,0,1,1,298,237,0,1,0,True
PRC_K2S6L0G4V1G7J2S0P0M2U5G4P5D6D4,2026-04-18,295,184,4,25,1,294,183,4,25,1,False
PRC_K2S6O0M4V1Q3M1A1F4S0V0N3C8P7T6,2026-04-23,295,205,3,4,1,294,204,3,4,1,False
PRC_K2T5M0Y9Z2R3I1D0U3P2V5V3L1B5E5,2025-12-02,298,229,0,2,1,298,229,0,2,0,True
PRC_K2U4Q0P6N2M8M1V0T2S6R5Z3A7Z7X7,2025-12-02,298,224,0,1,1,298,224,0,1,0,True
PRC_K2V4N0X8X2I1V1I7K4K2Y5L0K6E6M5,2024-08-28,300,290,0,1,1,300,290,0,1,0,True
PRC_K2V4Q0A9W0M4H1Y9R4R5T2H2J4M8Q3,2024-09-19,300,166,3,0,1,300,166,3,0,0,True
PRC_K2V5Y1F1D2F1T1B6O1G3O1J2S6M9N8,2026-03-12,295,179,0,0,1,294,178,0,0,1,False
PRC_K2W5A1K1O1U8Q1I5K5D2M2J5G2A1X9,2026-01-29,296,195,0,1,1,295,195,0,1,1,True
PRC_K2W6X0A5R0U6L1A3B2R7J1J6G6B7R8,2026-08-20,299,209,0,3,1,284,195,0,3,15,False
PRC_K2X5N0J9B2D3W2F2V1D8F3R2K1I5F4,2025-10-26,298,260,0,1,1,298,260,0,1,0,True
PRC_K2X6F0C5P2X0X1O1F0I4I4X3D6X8K0,2026-09-03,299,268,0,2,1,283,252,0,2,16,False
PRC_K2X6P0O4G0R2C0C7W4O4D4P2I3O3Z9,2026-08-20,299,220,0,7,1,284,209,0,5,15,False
PRC_K2Z4S0G9D2V4O2L1P2C3S0A6U5O6Y6,2024-11-14,300,289,0,1,1,300,289,0,1,0,True
PRC_K2Z6F0A5S1K1M1A7M4B9K2X4M4P0U5,2026-09-03,299,257,0,0,1,283,243,0,0,16,False
PRC_L2A5K0E9E2N5O1B5V2K3T5B3H7H3I7,2025-09-25,298,195,0,7,1,298,195,0,7,0,True
PRC_L2C4R1D2E0V2F1D1K3M2T3W3C4D9L5,2025-01-08,300,268,1,3,1,300,268,1,3,0,True
PRC_L2C5L1N2M2W4L1N0V3P3B5V3X0L8J7,2026-03-12,295,167,0,4,1,294,166,0,4,1,False
PRC_L2C6H0G2N2C5D1Q6B1C6K2J5N0A4Y1,2026-02-26,296,163,3,4,1,295,163,3,4,1,True
PRC_L2D5Q0B1D2C2Y1H5J2B8A2O6X4I5K2,2025-03-13,300,251,0,0,1,300,251,0,0,0,True
PRC_L2D6G0F4Y2T9V2X0U1K8B1P0N3B6A3,2026-05-07,286,212,0,1,1,285,211,0,1,1,False
PRC_L2D6W0U3A1G0D1B4R1A2T1V1P8C7N2,2026-04-23,295,170,1,1,1,294,169,1,1,1,False
PRC_L2G4H0F9G0E9F1D3L2L6K1L4J0J3I2,2024-11-28,300,241,0,0,1,300,241,0,0,0,True
PRC_L2I5H0I3H2P6N0M9L0M7B3Z3Y1X8Y6,2026-01-29,296,194,0,3,1,295,194,0,3,1,True
PRC_L2I5R0Q8P0R8X1W2V5U0B5A9Z8P6Y7,2026-04-23,295,168,0,3,1,294,167,0,3,1,False
PRC_L2I6V0S4T0P2K1I0N5Y2R1X8C1P9P0,2026-04-23,295,177,0,0,1,294,176,0,0,1,False
PRC_L2J4I0E6D0D4C1A6I4H2I2H6F2O2I7,2024-09-26,300,216,0,2,1,300,216,0,2,0,True
PRC_L2J4J0I8J2Q6R1P9O1O5M4N0V3W1U8,2025-04-17,300,278,0,11,1,300,278,0,11,0,True
PRC_L2J4R1Q0P1P1O0W9V3T3A3Z1H1I2H1,2024-12-31,300,271,1,8,1,300,271,1,8,0,True
PRC_L2J5I1I2Q0Q3P1Q6O3O4N0V4V1U7U6,2026-04-23,295,173,0,1,1,294,173,0,1,1,True
PRC_L2J5K0I2I0R4R1P1Q1P4N0N3W1W2U1,2025-10-26,298,255,1,2,1,298,255,1,2,0,True
PRC_L2J5K0I6J1H0P1Q7O0P6N0N9M8U8U7,2026-03-12,295,181,0,0,1,294,180,0,0,1,False
PRC_L2J5K0I8J2I7P1Q1O2P1N2M6M8U0V7,2026-01-15,296,208,0,5,1,295,207,0,5,1,False
PRC_L2J5K1J2H2H3P1P2O1P5N1N5M1U5U1,2026-01-29,296,166,46,27,1,295,166,46,27,1,True
PRC_L2J5Y1R2O0O9F1C2D5G8Y3W2O8B2V0,2026-01-29,296,197,0,1,1,295,197,0,1,1,True
PRC_L2J6J0I1I1A3A0I9J4I4I1G6H7G1N5,2026-09-03,299,269,0,1,1,283,253,0,1,16,False
PRC_L2J6K0I9J0H8P1Q7O5O0N3O8M3U0U7,2026-09-17,299,156,49,0,1,283,146,47,0,16,False
PRC_L2J6R0R9Q0R8P1P7O1W0W5U0W3U6U8,2026-09-17,299,158,70,0,1,283,149,67,0,16,False
PRC_L2J6R0Y2E0X5L1Z3P4B8E3Q5T6E7S8,2026-05-07,286,174,0,1,1,285,174,0,1,1,True
PRC_L2K4J1I0I1Q6P1O0M2N1V4U5S1T8S1,2024-12-10,300,260,0,4,1,300,260,0,4,0,True
PRC_L2K4K0G8G1F3D1E0C5D6K4J9K7I3J6,2025-02-27,300,246,0,9,1,300,246,0,9,0,True
PRC_L2K4K0I7J1R2P1Q2O1P0N3O2W6U7V0,2024-09-26,300,229,0,0,1,300,229,0,0,0,True
PRC_L2K4S0S7R1R5P1O0P1W3X2V5W1V8T4,2024-11-14,300,290,0,1,1,300,290,0,1,0,True
PRC_L2K5K0J4J2R9R1Q0O0P5N4O6W5W9U2,2026-04-23,295,162,0,1,1,294,162,0,0,1,False
PRC_L2K5N1W1M2B6R1T9V4N7L3G7T9A6B4,2026-01-29,296,232,0,2,1,295,232,0,2,1,True
PRC_L2K6F0G8E2F4D0C8C5K7L3J9K2I6I6,2026-09-17,299,156,63,0,1,283,148,60,0,16,False
PRC_L2K6K0G2E0F5D1E1C2D1L2L7J9K4I3,2026-09-03,299,268,0,0,1,283,252,0,0,16,False
PRC_L2L4E0E6D1L4K1H4P2O0E5D6L2I7I3,2024-11-28,300,234,0,3,1,300,234,0,3,0,True
PRC_L2L4J0L6S1T1R1Q3Q0O8P5X0Y1W1U6,2025-02-27,300,246,0,1,1,300,246,0,1,0,True
PRC_L2L4K1L2J0H2I0D9E5D7D0B1A6A2I4,2025-11-13,298,139,1,16,1,298,139,1,16,0,True
PRC_L2L4L1X2T1Y0Q1A0K3F2S3S1B7R4M8,2024-12-11,300,177,81,0,1,300,177,81,0,0,True
PRC_L2L4T0T6S1T2R1R7Q5Q0Y3X8X9V8W0,2026-02-12,296,160,0,0,1,295,160,0,0,1,True
PRC_L2L4T0U8S1T2R1Q0Q4Y1Y3X9Y7W0U6,2024-12-10,300,278,0,6,1,300,278,0,6,0,True
PRC_L2L5Q0A9T1G7H1K0R1Y1B4H0E7B3H0,2025-10-26,298,254,0,3,1,298,254,0,3,0,True
PRC_L2L6H0F9G1E1F1D7E1M6K2L2J0K1I4,2026-09-17,299,151,0,0,1,283,143,0,0,16,False
PRC_L2L6J0K2I2E6F1D0E1C4C1B4C4J0K2,2026-09-03,299,195,17,40,1,283,183,16,38,16,False
PRC_L2L6K0K9J1J0H1Q6Q0O2P5O1O1M2N5,2026-09-17,299,151,1,0,1,283,142,1,0,16,False
PRC_L2M4K0J6H1I9E0D9B4A0I3J2H8G4E9,2024-08-28,300,297,0,0,1,300,297,0,0,0,True
PRC_L2M4K0K7J0K3I1I4X2W2W2U1V9T2U8,2025-07-23,297,180,20,31,1,297,180,20,31,0,True
PRC_L2M4K0L6Z1Y0Z0X8X5V3W1E8F7D8D2,2025-03-13,300,249,1,3,1,300,249,1,3,0,True
PRC_L2M4K0L8J2J7I0Q9Q5P5P0N1O7N5N4,2024-09-26,300,145,53,2,1,300,145,53,2,0,True
PRC_L2M4K0L9J1K0R1Q3Q2P0Q2O3O3K2J4,2025-10-26,298,263,0,2,1,298,263,0,2,0,True
PRC_L2M4K1I1J1R9S1Q4Q1P9N3O8W7W9V0,2025-08-25,298,180,0,2,1,298,180,0,2,0,True
PRC_L2M5K0L9T1T8R1Q4R1P6P3L8M4K6L9,2026-05-07,286,176,0,0,1,285,175,0,0,1,False
PRC_L2N5R0K8F2J6K1Q3K4O0N4L1F0U0K3,2025-10-26,298,254,0,3,1,298,254,0,3,0,True
PRC_L2N5T1Q1P2S1O1W6F0O5L4X8N0M2N9,2026-01-29,296,197,0,0,1,295,197,0,0,1,True
PRC_L2N6T0Z3Y3K1J1R9K5T8W3C0K2R4N4,2026-04-10,295,211,8,16,1,294,211,8,15,1,False
PRC_L2O4B1L1K0W7T1S4Z5W4T4C0G5W5A4,2024-11-14,300,272,1,0,1,300,272,1,0,0,True
PRC_L2O5Y0C1D0D8F1Z3F2B9Y2Z9G5B2Z3,2025-01-08,300,272,0,0,1,300,272,0,0,0,True
PRC_L2P4B1H0V3J0M1P7O4A4M5Y9X0C7X2,2024-11-28,300,171,101,0,1,300,171,101,0,0,True
PRC_L2R5X0P4V0X8J1S6Y0Y4Q4V1X9L6D7,2025-05-01,300,250,2,10,1,300,250,2,10,0,True
PRC_L2S4Q1U2M0A2J1I1S3N4H3B0Z5M9U8,2024-12-26,300,260,0,11,1,300,260,0,11,0,True
PRC_L2S5A1G2U0Z9O1Y2W5F8K0A1C7D2Z6,2026-01-15,296,207,3,0,1,295,206,3,0,1,False
PRC_L2S5B0K4F2Y3C1P6G0Y6G1S0U6V6A7,2025-07-03,298,252,0,7,1,298,252,0,7,0,True
PRC_L2S5U0O2M2E4G1O6T4Q9X4O1D3S1M9,2025-03-13,300,254,0,2,1,300,254,0,2,0,True
PRC_L2T4S0Q6R2P4M1L4J0H0Q2R8P7O5M6,2025-03-13,300,262,0,5,1,300,262,0,5,0,True
PRC_L2T5T0S4Q2R5P1P7L2M7K4L8J4J6I9,2026-04-23,295,187,0,0,1,294,186,0,0,1,False
PRC_L2T6B0W4O0Q2A0L7U3F4I5V9G1S3P3,2026-04-23,295,214,2,2,1,294,213,2,2,1,False
PRC_L2T6K0E3O2V5M2I0I1M0J3P5R8Z4A7,2026-03-31,295,194,2,3,1,294,194,2,3,1,True
PRC_L2U5C0N5H0P1I2K1O3A7S2C2U0P3E5,2025-05-01,300,182,3,0,1,300,182,3,0,0,True
PRC_L2U6I0P3Y1G0N1N1Z0J1T2R6Y9Y0C9,2026-05-07,286,168,0,2,1,285,168,0,2,1,True
PRC_L2U6S0S7Q2R8Q1Q1Y2Y8X1V4W2U5U4,2026-08-26,299,213,3,12,1,284,201,2,12,15,False
PRC_L2V5P1X2F1O6D1J6G2C9V1X1A1M8X1,2026-03-31,295,174,0,0,1,294,174,0,0,1,True
PRC_L2V6J0C5Y1E9X1A8K1R6R1D6F8M8V7,2026-08-20,299,203,0,0,1,284,190,0,0,15,False
PRC_L2V6W0F3X2K3O1I8H3G2I1F8I1J3J4,2026-05-07,286,214,0,0,1,285,213,0,0,1,False
PRC_L2W6Z0S3B2C3H1J8I3F4F0D3L1Y1O4,2026-05-07,286,214,0,2,1,285,213,0,2,1,False
PRC_L2X5R0Q1P2L2Y1Z4X5D8N0B2B2E5N9,2025-03-13,300,256,0,0,1,300,256,0,0,0,True
PRC_L2Y5E0T6T2E3S1U5Q4G1Q1C5R0R6K8,2025-07-04,298,180,2,0,1,298,180,2,0,0,True
PRC_L2Y5X0B9R1J7K1L1B4Y8J0P0B1M6E0,2025-10-26,298,253,0,1,1,298,253,0,1,0,True
PRC_L2Y6C0Q8S2M7D1F6E3D5Z1J4E6B9K5,2026-09-17,299,201,0,1,1,283,190,0,0,16,False
PRC_L2Y6M0J3E1Z0V1N0C3B6B4K1O9P2W8,2026-04-23,295,191,0,2,1,294,190,0,2,1,False
PRC_L2Y6Q0I2G0D3U1R8I2E7T4C7K1I5D0,2026-02-12,296,161,0,0,1,295,161,0,0,1,True
PRC_L2Y6R0R4H2O9M1E8H2H4J3L5J9J5H0,2026-08-26,299,205,0,9,1,284,193,0,8,15,False
PRC_L2Y6R0U9B1Z7A1S2C1Y0M3Q7V6J9R5,2026-09-17,299,150,0,0,1,283,141,0,0,16,False
PRC_M2A5D1C1N2T4I1Y6I4C0H4W4P6J0Z7,2026-01-29,296,168,8,18,1,295,168,8,18,1,True
PRC_M2A6V0Z4T0Q2G0S7K4K5T5E6C2E1X8,2026-08-20,299,231,0,0,1,284,217,0,0,15,False
PRC_M2E6W0P9R0H2E1B9C2C6M0Y1T8U0T2,2026-09-17,299,195,1,5,1,283,184,0,5,16,False
PRC_M2F5B0B2J1S8S1M7R5A8Y0H4Q4V3G8,2025-02-27,300,190,0,1,1,300,190,0,1,0,True
PRC_M2F6X0U8X2M7G1Y6R4B0P3M4M2H4O2,2026-09-17,299,204,0,1,1,283,193,0,1,16,False
PRC_M2H4F0U9C0C2M0U9C1Y7H5K7V0O7C5,2024-09-26,300,191,0,0,1,300,191,0,0,0,True
PRC_M2H5L0T9P1W6E2K0X0J1D0U9J8J3E9,2025-10-26,298,196,34,24,1,298,196,34,24,0,True
PRC_M2H5V0B2P2K5W1P4E3N6I5U5F9E4K9,2025-02-27,300,274,0,1,1,300,274,0,1,0,True
PRC_M2H5W1F1K2N6J1M3I4G7B5V0I1C9L4,2026-01-29,296,237,0,6,1,295,237,0,6,1,True
PRC_M2H6Q0E3A2L3O1B8C3F1Q2C4C2Q5C2,2026-04-23,295,199,0,1,1,294,198,0,1,1,False
PRC_M2I4I0H9H0F3H1F3F2N7O1M9M8L5J3,2025-02-27,300,245,0,0,1,300,245,0,0,0,True
PRC_M2I4K0R8B2G6B1B7C4B0Y3V4H9Y6D0,2024-08-28,300,289,1,0,1,300,289,1,0,0,True
PRC_M2I4X0P9W0E2F0T9I1N3F5D1M1E6D0,2024-09-26,300,208,0,2,1,300,208,0,2,0,True
PRC_M2I5I0G9H0G2G1F5M3N5M4M2K5J1J8,2026-05-07,286,167,0,0,1,285,167,0,0,1,True
PRC_M2I6E0L4Z0P2F1F2K5X7D4Z7O6U5W6,2026-04-23,295,212,0,4,1,294,211,0,4,1,False
PRC_M2J4A1L0C3U0C1P7D3Q9B0Y1Y4S1Q8,2024-11-14,300,253,2,9,1,300,253,2,9,0,True
PRC_M2J4M1D1F2U7F0O9P5K4J0U2N5O3H7,2024-12-27,300,166,0,2,1,300,166,0,2,0,True
PRC_M2K4J1J2R0S2Q1R2P2N6O0K9L0J8H1,2025-03-20,300,240,8,18,1,300,240,8,18,0,True
PRC_M2K4L0K7K1S6Q1R3P5Q4O1P1E6C4D5,2024-11-28,300,249,2,8,1,300,249,2,8,0,True
PRC_M2K4L1J2K2S3S1Q4R0P2O3O7D0E5C7,2025-05-01,300,262,1,2,1,300,262,1,2,0,True
PRC_M2K5C1G2U1F6A1T6A3G3T2C2V2M9P8,2026-07-23,299,173,4,5,1,284,165,2,5,15,False
PRC_M2K5K0J3H0I4Q0Q9P0P1N1M5N3U8V4,2025-07-23,297,205,5,10,1,297,205,5,10,0,True
PRC_M2K6L0J9J0G8E1E8C4D6C0C6K4I6J5,2026-09-17,299,154,38,3,1,283,144,36,3,16,False
PRC_M2L4K1T0U2U2S1S7Y3X8W1E6D6C1A5,2025-10-26,298,259,0,5,1,298,259,0,5,0,True
PRC_M2M4K0L8J0K7S1S7R2P4Q4O3P0X6X1,2026-01-29,296,234,2,6,1,295,234,2,6,1,True
PRC_M2M5G0F9E0D9L1I4H4P6O3N9M4V7U1,2026-05-07,286,165,0,1,1,285,165,0,1,1,True
PRC_M2M5I0J9H2H4G1E4F2N8O0M8M5L0J8,2026-04-23,295,196,0,1,1,294,195,0,1,1,False
PRC_M2M5U0V7T2S8S1Q5R2N2N4L9M4L4J3,2026-04-23,295,171,3,3,1,294,171,3,3,1,True
PRC_M2M6F0D4E1Q5V1Q4I0H0Z1Y6K5R3D4,2026-05-07,286,163,0,0,1,285,163,0,0,1,True
PRC_M2M6K0L9T1R1S1Q4Q2P2Q2L5M4K2J1,2026-09-17,299,152,48,1,1,283,142,46,1,16,False
PRC_M2M6L0L2J1K0S2T0R3R8Q2Q7P9K0L2,2026-09-17,299,196,0,4,1,283,185,0,3,16,False
PRC_M2N4I0J8H2H1G1E0F0N2N1L8M4L6L8,2025-04-02,300,239,0,5,1,300,239,0,5,0,True
PRC_M2N4L1L2K0S5Q1R3P5Q2O5P9K8J5J5,2026-08-26,299,217,0,3,1,284,204,0,3,15,False
PRC_M2N4U0T9U1S0S1Q3R1Z9A4Y0Z5X3X8,2025-12-02,298,224,0,3,1,298,224,0,3,0,True
PRC_M2N5R0C9J0Z3J1U6M1S1D0D5N9P6B9,2025-12-09,298,271,0,0,1,298,271,0,0,0,True
PRC_M2N5W0U8T2R1A1Y4Z3Y7W0S1R2S1Q2,2026-03-31,295,192,0,1,1,294,192,0,1,1,True
PRC_M2N6E0J2Q2P5D1Y6Q5R8C2P9J1M2F4,2026-03-31,295,191,0,0,1,294,191,0,0,1,True
PRC_M2O6B0U4S2E0C1A0H4X0E1H8F9C7M6,2026-05-07,286,167,0,0,1,285,167,0,0,1,True
PRC_M2P5R0K9Q2Z9Y1H7L4B1N3F8B0Y0N1,2025-12-02,298,244,1,2,1,298,244,1,2,0,True
PRC_M2Q5G0I9M0A9V1X7D3Q3P3S7P1E5F4,2025-11-13,298,237,0,0,1,298,237,0,0,0,True
PRC_M2Q5X0P9H1I0Y1U7F4K0V0F2D8A3X9,2025-11-13,298,219,0,2,1,298,219,0,2,0,True
PRC_M2R5R0E9M1M6L2B0S1N0R3J0Y3A3T5,2025-10-26,298,251,1,3,1,298,251,1,3,0,True
PRC_M2S4F1P1C2J8N1I0O4E3U3M5B1L0B6,2024-12-26,300,178,93,5,1,300,178,93,5,0,True
PRC_M2S5A0V2Q1W9X1H9D0O4L2M0Q7O7Q5,2026-05-07,286,204,0,1,1,285,203,0,1,1,False
PRC_M2S5U0L9O1K7H1V2G4G4H4J4E6Y3N5,2025-10-26,298,256,0,1,1,298,256,0,1,0,True
PRC_M2S5U0Z2U2F4Y1L4O3K8I1K3I0T3F5,2025-03-13,300,273,1,0,1,300,273,1,0,0,True
PRC_M2T4F1T1D2B0L1F7F3K6Y5G4D5Z3Y2,2024-12-31,300,272,7,10,1,300,272,7,10,0,True
PRC_M2T5E1F1G2J4H1A6O4V1O1C4C7R7O7,2026-01-29,296,199,0,3,1,295,199,0,3,1,True
PRC_M2T6N0I3M3Q1Q1F9M5O8E0T8J3L0X1,2026-04-10,295,214,10,10,1,294,214,10,9,1,False
PRC_M2U4S1R0Q2Y5X1Y6X1V4K0J6Z1Y4W2,2025-02-27,300,226,0,12,1,300,226,0,12,0,True
PRC_M2U4T1R0S1Q4Z1X4X5F3E3D4E8C5Y0,2026-01-29,296,232,0,6,1,295,232,0,6,1,True
PRC_M2U4V0T7U0S1T1R0Z5A7Y2Z2X4X3W6,2024-11-14,300,290,0,3,1,300,290,0,3,0,True
PRC_M2U5P1D1T2F8D2S2S2L7G5J5M4K8Y0,2026-02-12,296,158,0,0,1,295,158,0,0,1,True
PRC_M2U5V0T6S2S5Q1R0Z0A0Y5Y1W2V5W7,2026-04-23,295,180,0,5,1,294,179,0,5,1,False
PRC_M2U6F0R5R0T6P1O3L2E9C3Y3U4P9L3,2026-08-20,299,212,0,2,1,284,199,0,1,15,False
PRC_M2V4T1U0S1R5Z1Y8X0X9W2E1C8D1C6,2026-01-29,296,203,0,0,1,295,203,0,0,1,True
PRC_M2V5H0B9O1J7E1N2B4I5A4Q6Y1X1V2,2025-10-26,298,230,6,13,1,298,230,6,13,0,True
PRC_M2V5T0U3T2R5Z1A3Z5Y5G1F3G4E3D2,2025-07-23,297,187,2,10,1,297,187,2,10,0,True
PRC_M2W4A1Z2E3F0H1X8F0Z2X2Q4B9H7Z1,2024-12-31,300,181,107,1,1,300,181,107,1,0,True
PRC_M2X5M0Z6W2I3I1V5O4B2M0F7B8V9I4,2025-07-04,298,180,2,0,1,298,180,2,0,0,True
PRC_M2Y5O0L9A2S3B1A8C2H5I3D1A0V2I7,2025-12-02,298,223,2,4,1,298,223,2,4,0,True
PRC_M2Y6P0F3F1T0F1B1S1T2J5X2W1W1I0,2026-04-23,295,197,0,1,1,294,196,0,1,1,False
PRC_M2Y6P0U3V2I5W2A2D4N8K2R5E3G4H1,2026-05-07,286,192,0,0,1,285,191,0,0,1,False
PRC_M2Z5H0S4J1P7C1U3C3B2T0T7X9J3Q9,2025-04-17,300,188,106,0,1,300,188,106,0,0,True
PRC_M2Z5S0S7D0B2O1G0D4G2X2B6F3H8D5,2025-07-23,297,189,12,32,1,297,189,12,32,0,True
PRC_M2Z5X1Q1U2D6M1P9A5U0W0W9U4K8A8,2026-01-29,296,234,0,2,1,295,234,0,2,1,True
PRC_M2Z5Z1R1T2R6D2D0X0S8K4D7I7T6V9,2026-01-29,296,213,0,1,1,295,213,0,1,1,True
PRC_N2A6J0R4M2M9C1I8I1A8B3X8X9A7E5,2026-08-26,299,218,0,1,1,284,205,0,1,15,False
PRC_N2B5X1P1A2B6Q1V6S3P7D4U1A4H7A9,2026-01-29,296,203,0,2,1,295,203,0,2,1,True
PRC_N2B6W0Z3M2W3Q1F9Z2P4U0O7T2Q2R3,2026-05-07,286,206,0,0,1,285,205,0,0,1,False
PRC_N2C4C1O1V2V0N2G0J5X0V5Z3L7Z5Z0,2024-12-02,300,287,0,0,1,300,287,0,0,0,True
PRC_N2D6L0L7D1Q5A1O4O2U1Z5P6T0E9S0,2026-07-21,299,173,0,0,1,284,165,0,0,15,False
PRC_N2F5H0P5S3V0C1M4U2U4E2N2Z6K7Q3,2025-11-27,298,261,0,1,1,298,261,0,1,0,True
PRC_N2F5T0R2Z1N9B1B5C3V8J5F5F0H2U6,2025-02-27,300,217,4,4,1,300,217,4,4,0,True
PRC_N2F6G0B9S1I6N1N8Q3E3E0A3F8B5W4,2026-09-17,299,149,1,0,1,283,140,1,0,16,False
PRC_N2F6O0U5V1A3B1E7R5V9C0C2G3Y2L0,2026-08-20,299,233,0,1,1,284,220,0,0,15,False
PRC_N2H6C0Q5S1G2O1P6Q2F2O0E3S4G7W1,2026-08-26,299,180,10,25,1,284,171,8,24,15,False
PRC_N2I4T1H1M2K7D1S0P0O1G0B3K9Y2O1,2024-12-27,300,151,2,9,1,300,151,2,9,0,True
PRC_N2J5C0Q9I2M9R1O7B5T2V3C6D7P0U5,2025-09-29,298,175,0,1,1,298,175,0,1,0,True
PRC_N2J5J0J9D2B4K1C2E3H1W0O7L6A9B7,2025-11-13,298,148,2,7,1,298,148,2,7,0,True
PRC_N2J6L0B3Q2Y6T1T3D3K1A2E6T4D6F9,2026-05-07,286,178,0,3,1,285,178,0,3,1,True
PRC_N2K5A0H6E2S3W1J5Y4F4R5H2U4B1T2,2025-07-04,298,181,2,0,1,298,181,2,0,0,True
PRC_N2K5H1S1Q2C6T1O3V5U2N1L0D1L6O7,2026-01-29,296,243,0,2,1,295,243,0,2,1,True
PRC_N2K5X1Y1T2L6C1H4X0T0F3P1S6P0R7,2026-01-29,296,244,0,1,1,295,244,0,1,1,True
PRC_N2K5Z1M1T2X0V1B5F4P4E0K6G8M4W2,2025-12-02,298,238,0,0,1,298,238,0,0,0,True
PRC_N2K6S0G3M2U3M1A9C2M5S2X7R6Z3U3,2026-05-07,286,201,0,3,1,285,200,0,3,1,False
PRC_N2L4L0K7S0S9R1R4Q2Q1P5W4X0W8W2,2024-09-26,300,196,0,1,1,300,196,0,1,0,True
PRC_N2L4M0H9G2H3F1F5E1E4M0N0L1K4K6,2026-08-20,299,196,0,0,1,284,183,0,0,15,False
PRC_N2L4M0K7K0T3R1R0Q3Q2P2L8L4J8K4,2024-09-26,300,181,0,2,1,300,181,0,2,0,True
PRC_N2L4M0K8J2J7R1R3Q3R2P2P6O4W6W8,2024-12-27,300,145,1,13,1,300,145,1,13,0,True
PRC_N2L4M0U9U1T1T1S4S1Q9Y2Z5X0Y3W7,2026-01-29,296,191,1,0,1,295,191,1,0,1,True
PRC_N2L4M1K2L1T2T1R7Q3R4P4P3Y9Y3W6,2025-07-23,297,235,0,3,1,297,235,0,3,0,True
PRC_N2L5M1K1L0T5T1S1Q3R4P3Q4Y7Y1W5,2026-04-23,295,166,0,1,1,294,165,0,1,1,False
PRC_N2L6Z0Z3E3O1J1Z9K5B9V4L7Z8G1W0,2026-04-10,295,225,5,5,1,294,224,5,5,1,False
PRC_N2M4N0I8J1H3I1G1H0F1G1N5O4N3L9,2025-12-02,298,210,3,8,1,298,210,3,8,0,True
PRC_N2M4N0L7L0K3K1S3Q1R9Q3Q2O5W0X6,2024-12-02,300,285,0,1,1,300,285,0,1,0,True
PRC_N2M4U0T7Q1Z7X1X4W0E5B5Z9W8V7U3,2026-03-31,295,186,1,0,1,294,186,1,0,1,True
PRC_N2M5T0Z9N2S3Q1E0A3Z3F4T9P8P7Z6,2025-12-02,298,230,0,2,1,298,230,0,2,0,True
PRC_N2N4L0M8L1L2K1R6S3R4R0P2O1O6K0,2025-02-27,300,196,1,1,1,300,196,1,1,0,True
PRC_N2N4V1U1U2S7T1R4S3A6A0Z2X3Y5W8,2025-04-02,300,260,0,1,1,300,260,0,1,0,True
PRC_N2N5O0W3O0Q4V0M9R4W6P5S3N0Q5R2,2025-04-02,300,255,0,1,1,300,255,0,1,0,True
PRC_N2N5V0U5U2S0T1R0S5O7O3M2L6M5K8,2025-10-26,298,257,4,4,1,298,257,4,4,0,True
PRC_N2N6Z0H5O1H1Q1Q7G5Q4L2E7Z8V4B6,2026-08-26,299,210,0,0,1,284,198,0,0,15,False
PRC_N2O4M0N8L2L7K1S6S2R2S2Q4Q5P4X2,2026-03-12,295,169,1,2,1,294,169,1,2,1,True
PRC_N2O4M1N1L1M1K1S4S1Q2S3Q2Q8O7X7,2026-01-29,296,201,0,0,1,295,201,0,0,1,True
PRC_N2O4W1V0T3S0A1B3Z3Y8X0F7E3C7D0,2025-02-27,300,195,0,2,1,300,195,0,2,0,True
PRC_N2O5O1W1T2N1R1G6E4N8D5V6V7Z7A2,2026-03-12,295,197,0,6,1,294,197,0,5,1,False
PRC_N2Q6Z0H4H0L2E1Z1A2L1W3F6J9D5L2,2026-05-07,286,160,0,5,1,285,160,0,5,1,True
PRC_N2R4A0Y9Y1R0G2K0P2O7O5C5L7H4G0,2024-09-26,300,206,0,0,1,300,206,0,0,0,True
PRC_N2R6C0E2U2V0Z1M8N3K2V5H0N9L2L8,2026-02-25,296,175,0,1,1,295,175,0,1,1,True
PRC_N2S4T1S0H2G8E1D9L1K1L0K3I4Q8P3,2026-05-07,286,185,0,1,1,285,185,0,1,1,True
PRC_N2S5E1K2O0K4N1N1Q5F4P0Q2Q0F6V7,2026-02-12,296,157,0,0,1,295,157,0,0,1,True
PRC_N2S6G0D2Y1Q2G0W8T0Q3B2B9Z2U8Q8,2026-09-03,299,268,0,2,1,283,253,0,2,16,False
PRC_N2T4C1Q1Z1X1S1H4D0T1X3P2S5S7Q6,2025-07-03,298,256,0,3,1,298,256,0,3,0,True
PRC_N2T5N1U2Y0G9B1Y3T0F1M2U6E7Y6W5,2026-01-29,296,194,0,0,1,295,194,0,0,1,True
PRC_N2T5S0R3N1M4L1K3Q3P4P0X2U6T9C5,2026-04-18,295,198,1,14,1,294,197,1,14,1,False
PRC_N2T5W0J9Q2R4L1O2Y2H9R2P0B6U8H7,2025-11-13,298,151,1,2,1,298,151,1,2,0,True
PRC_N2U4V0P9M0S2O0K9O1S8K2S6Q1V6D4,2024-09-26,300,198,0,1,1,300,198,0,1,0,True
PRC_N2V4V0U6U2S8R1S9A0A6Z1Z0Y5W2W4,2025-08-27,298,164,0,0,1,298,164,0,0,0,True
PRC_N2V4W0U6U1T0T1S5S3O1M5N2M4M5K9,2025-07-03,298,256,0,2,1,298,256,0,2,0,True
PRC_N2V5R1K1D2L4M0R8H3M2D5U6F1U6K9,2026-01-29,296,223,0,0,1,295,223,0,0,1,True
PRC_N2V5W0U3V3T1T1S6A0A2Y5Z6Y5Y4W5,2025-11-13,298,119,8,29,1,298,119,8,29,0,True
PRC_N2V5W1U1U0T4R1S0Z5A1Z2Z2Y0W0W6,2026-08-20,299,182,0,2,1,284,172,0,1,15,False
PRC_N2W4T0R9A2Z5Y2X2F1E4B5X8W5V3U9,2024-12-26,300,259,0,1,1,300,259,0,1,0,True
PRC_N2W4Z1G2N0B3B1Y3C2X8C5R8J4V2Z2,2024-12-27,300,170,0,1,1,300,170,0,1,0,True
PRC_N2W4Z1Z2X0H9V1B1J5J6I5D8C8Z2M4,2024-12-10,300,272,0,2,1,300,272,0,2,0,True
PRC_N2W6J0P2F0X5I1V3O4S6G5K7N0O3L4,2026-05-07,286,174,0,0,1,285,174,0,0,1,True
PRC_N2W6S0L7W2J9D1I8A1B1I5I1G6H8F5,2026-07-31,299,175,2,1,1,284,166,2,1,15,False
PRC_N2W6X0B3U1M0M1U1I2M2Z2Z6J7E0A2,2026-05-07,286,164,0,0,1,285,164,0,0,1,True
PRC_N2Z4L0R9D2C5O1C4N1I2Q0X0G6W3X4,2024-11-14,300,273,0,10,1,300,273,0,10,0,True
PRC_O2A5B0M4Z1A7N1J3R3D3A4E7A6B2Z2,2025-05-01,300,261,0,1,1,300,261,0,1,0,True
PRC_O2B4E1Y1A0F5Q1K5U1C4Y3T1N1X3P8,2024-11-28,300,253,1,5,1,300,253,1,5,0,True
PRC_O2B6O0J4D2D9J1M8L3I2K1K5V4I2X2,2026-05-07,286,155,0,3,1,285,155,0,3,1,True
PRC_O2C5J0H9H1H0P1O0M1N9M3G4G6M5N6,2026-05-07,286,197,0,2,1,285,196,0,2,1,False
PRC_O2D4D1C2C1B8B1A1H3I2H5H1F4G7E5,2026-04-23,295,172,1,2,1,294,171,1,2,1,False
PRC_O2E5Z0I9P1A1I0S8K5T3A0J2C9F5W7,2025-09-27,298,176,1,0,1,298,176,1,0,0,True
PRC_O2F5V1L2L0C9L1C3G0H0I5L5E2D0U0,2026-01-29,296,199,0,2,1,295,199,0,2,1,True
PRC_O2F6Y0I3L1G7D0X9S2B6T4P8W1C8A6,2026-03-31,295,206,2,2,1,294,206,2,2,1,True
PRC_O2G5M1Z2H1D6R1T6J1I0B0S2T3V4J2,2026-02-12,296,156,0,2,1,295,156,0,2,1,True
PRC_O2H5K1E2T0I9Y1J2Z5W9Z0S5Q9H4M3,2026-05-07,286,170,0,0,1,285,170,0,0,1,True
PRC_O2H5V1T1A2F5Y2B0D0K6J2L8A8L9R4,2025-12-02,298,238,0,6,1,298,238,0,6,0,True
PRC_O2I4G0I9N0M2I1J7Q1Y2K5O3I9B4Q5,2024-12-26,300,259,0,1,1,300,259,0,1,0,True
PRC_O2I5G0T2A1A8O1X8O0A5Y0Z4R9G9W0,2025-02-27,300,188,0,0,1,300,188,0,0,0,True
PRC_O2I5J0R9Y2F2G0H9D5B0E2M4P3V7T5,2025-09-25,298,260,0,0,1,298,260,0,0,0,True
PRC_O2I5K0X8U2M7Y1J0R3L4R3B9I2B4K4,2025-10-26,298,255,0,0,1,298,255,0,0,0,True
PRC_O2J4B1Z1R2M7N2F0B3J6Z2K1Z2F3W7,2024-12-10,300,276,0,1,1,300,276,0,1,0,True
PRC_O2J5N0T2G1Y7V1B9N3L6Y2R3X9R6Z0,2025-02-27,300,190,8,27,1,300,190,8,27,0,True
PRC_O2J5Y0E5H2D7P1Z7T0O6H4E4W3O5A4,2025-11-27,298,257,0,0,1,298,257,0,0,0,True
PRC_O2J6X0X4V3C0Z1R2S5X9C5F3D2L4O8,2026-08-20,299,164,3,4,1,284,157,1,3,15,False
PRC_O2K4A1L1L2Z5P1B7I0A4R2Q3E3Y4V4,2024-12-26,300,263,0,0,1,300,263,0,0,0,True
PRC_O2K5M0M9A2X2M1Y7A0O1C4F3S0I6E2,2025-11-13,298,223,0,1,1,298,223,0,1,0,True
PRC_O2L5J0K2S0T7R1R3Q5O8P3K8L9K9K9,2025-10-26,298,236,3,10,1,298,236,3,10,0,True
PRC_O2M4N0L7J1K6S1T3R2P7Q1O9P3X6X9,2025-02-27,300,200,0,1,1,300,200,0,1,0,True
PRC_O2M4N0V6W0U5U1T0R1S3O5O3M9N5M3,2025-01-08,300,221,20,27,1,300,221,20,27,0,True
PRC_O2M4N1L1K2L7S1T3R5Q1Q5O5P1X1Y5,2026-08-20,299,165,8,12,1,284,157,6,10,15,False
PRC_O2M4V0T7U3T1R1A6Y0X9W0W6M5K0J4,2024-12-10,300,286,0,0,1,300,286,0,0,0,True
PRC_O2M5A0C6M1Q8Y1X3L2C4F0P2M0K3I5,2025-07-03,298,262,0,1,1,298,262,0,1,0,True
PRC_O2M5M0K3T0T5R1S3Q2R3P3Q3Y6W2X4,2025-12-02,298,227,0,3,1,298,227,0,3,0,True
PRC_O2M5N1V2T0U9S1T5R4R8A4A5Y9Z3X5,2026-05-07,286,163,0,2,1,285,163,0,2,1,True
PRC_O2M5V0U8T1R9Z0Y9Z2Y3H5F7E0C8Z4,2026-06-18,300,226,9,14,1,285,215,8,13,15,False
PRC_O2N4L1M1U2U0T1T6S1S0R3Y4Z9Y3Y9,2024-12-26,300,257,0,0,1,300,257,0,0,0,True
PRC_O2N4U1V2U1U1S1R0R4Z6A0Y4Z2X5W1,2026-03-31,295,181,0,2,1,294,181,0,2,1,True
PRC_O2N5B0A2A2G5E1H4Z3B8V3K4T3R5P6,2025-03-13,300,186,91,3,1,300,186,91,3,0,True
PRC_O2N5H0E3Q0Q4O0F9N5D3B5L0R1V9G0,2025-04-02,300,258,0,2,1,300,258,0,2,0,True
PRC_O2N5O0M2M1L2T1T1R2T6R5R6P1Y1Y2,2025-07-23,297,227,0,1,1,297,227,0,1,0,True
PRC_O2N5U0T7A3Z1Y1F0Z1G9F1M8L7I7E3,2026-01-29,296,230,0,10,1,295,230,0,10,1,True
PRC_O2N6C0C1B2B0Z1A0Y4Z9H5H8F5E7F0,2026-04-23,295,202,3,2,1,294,201,3,2,1,False
PRC_O2N6N0V1V2U0V1T4T4S0A5A4Z4Z9Y9,2026-06-18,300,229,7,14,1,285,215,7,14,15,False
PRC_O2N6O0J8K2I4J0H9I3G2G5P6N5N6M4,2026-09-17,299,150,2,4,1,283,141,2,4,16,False
PRC_O2O4N0M6I2G7H0V9T1U9T5I7G8H5G0,2024-11-28,300,257,2,8,1,300,257,2,8,0,True
PRC_O2O5N0O4M1M8U0T9N0L6M5L6J1J2R2,2026-04-23,295,176,0,0,1,294,175,0,0,1,False
PRC_O2O6M0N9L0M8K1S9T1R4S4Q0R1P0P2,2026-09-17,299,154,49,0,1,283,144,47,0,16,False
PRC_O2P4N0L8M0S9S1Q8R3Q5X4Y1W5X3V2,2024-12-26,300,273,1,5,1,300,273,1,5,0,True
PRC_O2P4N0M7M1K7L1T0S2S2Q3R8P4Q8Y7,2025-04-02,300,257,0,0,1,300,257,0,0,0,True
PRC_O2P4N0O6M0N7L1T6U1S6T4R5S6Q1Q3,2026-01-29,296,242,0,0,1,295,242,0,0,1,True
PRC_O2P4T0B8B0Z9Y0Z9X5X6T3T6S2T3R8,2025-10-26,298,256,1,2,1,298,256,1,2,0,True
PRC_O2P5L0L2J1I0J0H8H0Q8Q2O2P2O8M0,2026-03-12,295,210,0,0,1,294,209,0,0,1,False
PRC_O2P5N1V2W1U0U1T6U3S2S4O8N0N5L3,2026-08-20,299,184,1,0,1,284,172,1,0,15,False
PRC_O2P5W0X2W2W5U1V0U1B9C0A6B4Z5A4,2025-11-13,298,237,0,0,1,298,237,0,0,0,True
PRC_O2P5X0X2W1U0V0T7U4P9Q3O8P2N5L8,2026-03-12,295,211,0,0,1,294,210,0,0,1,False
PRC_O2P5X0X8W2W9V0V8U5B3C5B4B2Z7A8,2026-08-20,299,187,0,1,1,284,176,0,1,15,False
PRC_O2Q5U0E7A0A9H1F8O5J4F0Q3I1J3Y5,2025-07-23,297,205,3,15,1,297,205,3,15,0,True
PRC_O2Q5Z1O2I1X7Q1N7K2O8Y1G0B6F6X6,2026-01-29,296,201,9,24,1,295,201,9,24,1,True
PRC_O2Q6I0Q3C3M1G1L9R5O7O5G2U3E7Y8,2026-04-10,295,221,5,7,1,294,220,5,7,1,False
PRC_O2R5Y1V1L2S4H1C6Q3A3M1H8K6B8Z2,2026-01-29,296,203,0,2,1,295,203,0,2,1,True
PRC_O2S5G1K1J2B0A1V5V4T9M2E3D2E5R8,2026-01-29,296,202,0,0,1,295,202,0,0,1,True
PRC_O2S5L1M0H0B1G1N7R2I2G5Z3V9T8M5,2025-12-03,298,243,2,6,1,298,243,2,6,0,True
PRC_O2T4Y0R9S0D2K0J9U1J7I2K8N3H2N4,2024-09-26,300,197,0,2,1,300,197,0,2,0,True
PRC_O2T5Y0M6Y2B3V1T5K4D4Y0B6O2C6S6,2025-07-04,298,180,2,0,1,298,180,2,0,0,True
PRC_O2T6W0O4P1J0G1R0M4Q5A1X0Q2L4O3,2026-06-18,300,248,0,2,1,285,234,0,2,15,False
PRC_O2V5P1T1V1P9Y1G0N5R4O1W6E6H8R2,2025-12-02,298,229,0,4,1,298,229,0,4,0,True
PRC_O2V5W0J9K2Q2D1K6Y5O7R4M2R8L2R9,2025-11-13,298,223,0,1,1,298,223,0,1,0,True
PRC_O2W4F0D6C2D7C1K6J4H9G4C7D1B1A5,2024-12-26,300,277,0,4,1,300,277,0,4,0,True
PRC_O2W6T0P4E0B2I0P7I4D6P2B5A2R2M8,2026-08-20,299,227,0,1,1,284,213,0,1,15,False
PRC_O2X5X0P1P0C7B1V3K0F1K1F1P1D7Y5,2025-02-27,300,238,0,4,1,300,238,0,4,0,True
PRC_O2Y4B1M1S2O1D1Y7S2A2P5T0X2N1N2,2024-11-28,300,175,84,0,1,300,175,84,0,0,True
PRC_O2Z6G0Y3Z2P5Q2A2N4M4M2V3P9G9R3,2026-05-07,286,197,0,0,1,285,196,0,0,1,False
PRC_P2A5Q0E4K2P1U1X7Q3O5O3R7R1V6O8,2025-05-01,300,269,0,0,1,300,269,0,0,0,True
PRC_P2C5R0Z9V0C3E1S6Q1N1V3N3C9J5R0,2025-12-09,298,270,0,0,1,298,270,0,0,0,True
PRC_P2D6O0C4P2V0N1E0F4Z4B0C9O7R3X8,2026-06-18,300,247,0,4,1,285,233,0,4,15,False
PRC_P2E4S1X2G0S3K1I3I4O1Y3V4R4V9M6,2024-12-27,300,184,0,0,1,300,184,0,0,0,True
PRC_P2F5G1T1Y2Q1X1X7T1Y8Z3N7T6S4H6,2026-02-12,296,157,0,0,1,295,157,0,0,1,True
PRC_P2F5R1K1I2H6T1Y9P5B1U2W8O1P6T7,2026-01-29,296,231,0,1,1,295,231,0,1,1,True
PRC_P2F5W1P2C2R2F0W9Y4E9T1W5L3X2R4,2025-12-23,298,175,2,2,1,298,175,2,2,0,True
PRC_P2G4V1P1M2Y7N1S1U0Q9T0O8S4T5S5,2024-12-31,300,279,0,2,1,300,279,0,2,0,True
PRC_P2G4Z0A9H2E3N1F7Q0R3H4U4G0U1B2,2024-09-26,300,212,0,0,1,300,212,0,0,0,True
PRC_P2G5I1C1Y2C5J2F0T0V3T0X3K3V8H0,2025-12-02,298,243,0,3,1,298,243,0,3,0,True
PRC_P2H5B1O1B1E8E1L4L1H4G2R7Q6A4R8,2025-12-02,298,238,0,0,1,298,238,0,0,0,True
PRC_P2H5H1R1Z2H6K1L9B4S9Y0I8C2W1Z3,2026-01-29,296,231,0,3,1,295,231,0,3,1,True
PRC_P2I5J1I1F2X6O1F6Q3H8N3U9Q0Y8Z8,2026-01-29,296,119,39,39,1,295,119,39,39,1,True
PRC_P2I5R0U7F0Y7D1O3V1W6W4L6C1K2C2,2026-01-29,296,222,0,2,1,295,222,0,2,1,True
PRC_P2I5U0V6D2Q3A1J5Q3N7I0L7K0B9R2,2025-07-04,298,181,1,0,1,298,181,1,0,0,True
PRC_P2J5W0H7J0F9H1R8R5Z2H0Y9Q4J4E5,2025-07-23,297,203,6,12,1,297,203,6,12,0,True
PRC_P2M5I0P7H0Z2V1Q8N3K0C1E0U1L4S6,2025-07-03,298,218,29,25,1,298,218,29,25,0,True
PRC_P2M5L0O8G2H6A1G2L2J3B5U5Y6Z8R0,2025-10-26,298,260,0,1,1,298,260,0,1,0,True
PRC_P2M5U0T8A0Z1W0F9E1D7X5W5G5D0M1,2025-11-13,298,211,2,1,1,298,211,2,1,0,True
PRC_P2M6Y0Z4N1O7K2D0V0H3F4A6H3K4E6,2026-04-18,295,214,0,1,1,294,213,0,1,1,False
PRC_P2N4M1G1X0I5Y1Y4J1Y3V3U2W5K9U8,2024-11-28,300,173,36,25,1,300,173,36,25,0,True
PRC_P2N4N0M7N0L1L1T0S5S8Q4R4Q1Q7M2,2024-08-28,300,276,5,5,1,300,276,5,5,0,True
PRC_P2N4O0N6N1L0T1U0S5T3R1S5Q2R0Z7,2024-11-28,300,235,0,1,1,300,235,0,1,0,True
PRC_P2N4O1M1N0L6L1B8Z5Z0Y1Y9X2X9F8,2025-11-13,298,124,6,23,1,298,124,6,23,0,True
PRC_P2N4W1U0T2U9T0P9N1L7K4L9T4S9Q0,2025-02-27,300,200,0,4,1,300,200,0,4,0,True
PRC_P2N5G0B4C2W1O1C7U3C3X5K9R0U9S4,2025-05-01,300,263,0,0,1,300,263,0,0,0,True
PRC_P2N5N0V9V1U7S1T4R2S3A0A3Z7Z8Y5,2026-03-12,295,185,5,12,1,294,185,5,12,1,True
PRC_P2O4K0L6J2I5G1P3Q5O4V2W4S9Q8P9,2024-08-28,300,274,2,11,1,300,274,2,11,0,True
PRC_P2O4N0I6J2I7H1F3N5O1N2L6K5K6T1,2024-12-27,300,158,0,0,1,300,158,0,0,0,True
PRC_P2O4N0O6J0I3H1F1O2P4N2M6S0R6Z6,2025-01-08,300,245,9,11,1,300,245,9,11,0,True
PRC_P2O4O0M6N0V7W1U4U1S5R5S4N8O0M8,2024-09-26,300,234,0,2,1,300,234,0,2,0,True
PRC_P2O5H0X2B1I7K1O4N2D8H5B2C9Q3J7,2025-02-27,300,254,0,2,1,300,254,0,2,0,True
PRC_P2O5I0K8J1G1P1O1N1T9S1R9Q1A2Z9,2026-01-29,296,203,0,1,1,295,203,0,1,1,True
PRC_P2O5M0N3J3J1H1I6G0F4F5N4O1M0N8,2025-11-13,298,116,18,20,1,298,116,18,20,0,True
PRC_P2O5W0U3V1U8S1B5C1B0A1B8Z6I9G3,2025-12-02,298,237,0,1,1,298,237,0,1,0,True
PRC_P2P4O1O2W2X7V1W4U4T2T5B5B8A4B5,2025-11-13,298,152,0,3,1,298,152,0,3,0,True
PRC_P2P4T0C8H2P3A1B1K5A2E4C0Y8M9F8,2024-08-28,300,294,0,0,1,300,294,0,0,0,True
PRC_P2P5S0I5D3B0P1O4W2C3J2A4G7U2Y0,2025-11-27,298,260,0,1,1,298,260,0,1,0,True
PRC_P2P6O0O9M0L8L1H9I1G5H4F2E1E9M2,2026-09-17,299,148,21,2,1,283,139,19,2,16,False
PRC_P2Q4O0M8N0L7M1U7U2S0T0S5Q6Q2Y8,2024-12-26,300,274,0,0,1,300,274,0,0,0,True
PRC_P2Q4O1N2N0V2W1U5V3T9S4S3A8B9Z9,2025-03-13,300,232,1,7,1,300,232,1,7,0,True
PRC_P2Q4O1W1X0V8V1U1V0T9T3C9A3A7Y8,2025-03-20,300,271,0,1,1,300,271,0,1,0,True
PRC_P2Q4P0X5V3U0T1U6C5A2Y3X3Y9V3T0,2024-09-26,300,164,8,36,1,300,164,8,36,0,True
PRC_P2Q4X1W1W2V7V1U4U3J4K1I2H6H4G9,2025-04-02,300,256,0,1,1,300,256,0,1,0,True
PRC_P2Q5O0O2N1O9V1W6V3T4T5S8S3A2B5,2026-01-29,296,228,0,3,1,295,228,0,3,1,True
PRC_P2Q5O1P0N1N2V1W6U0T8T5S4S7A6A1,2026-01-29,296,205,0,0,1,295,205,0,0,1,True
PRC_P2Q6F0K3H1I0T1J8S0P9Q5D4F1I3T9,2026-04-23,295,174,0,0,1,294,173,0,0,1,False
PRC_P2Q6O0P1N1O5M1M8U3T7T4R6S2R4R2,2026-04-23,295,196,0,3,1,294,195,0,3,1,False
PRC_P2Q6W0D4C3V0P1S2P5Y6H0Y9Z2G0L4,2026-08-20,299,179,1,0,1,284,167,1,0,15,False
PRC_P2S4C1J1U2Z7B1N0Z0D1T4G1J9B9B3,2024-12-27,300,163,0,3,1,300,163,0,3,0,True
PRC_P2S6K0P9O1A6K1U0I4F1C5A1E4I3B7,2026-09-17,299,155,49,0,1,283,145,47,0,16,False
PRC_P2S6N0I3W1A7B1Z3M3Z3S4R2X7A1V1,2026-05-07,286,197,0,3,1,285,196,0,3,1,False
PRC_P2T5N0V4P2T1T1B7L3A5I5Y4I7D6L7,2025-05-01,300,264,0,2,1,300,264,0,2,0,True
PRC_P2T6N0F4H1G5P1N3N5H9R1T8L8O0B5,2026-05-07,286,164,0,2,1,285,164,0,2,1,True
PRC_P2U6F0K3O1K2S2Y0P3R7Z3H4O9W0W7,2026-04-23,295,175,1,1,1,294,175,1,1,1,True
PRC_P2V5P0R2V0R3M1T6V3Z4S2C6E1G0S2,2025-02-27,300,206,0,1,1,300,206,0,1,0,True
PRC_P2V6C0W3S2X3L1B8D3R4J4R6W8Q0K3,2026-05-07,286,215,0,0,1,285,214,0,0,1,False
PRC_P2V6Z0B8J2U7M1D6K3J9F2V0Z4N3X0,2026-09-17,299,196,1,3,1,283,186,1,3,16,False
PRC_P2W4X1W0V0T8P1O4P2N2M1U9T6S9S2,2025-02-27,300,249,1,5,1,300,249,1,5,0,True
PRC_P2W5O1F1N1Q9K1V0Y4G1P4V4U6C6V5,2025-12-02,298,226,4,4,1,298,226,4,4,0,True
PRC_P2W6X0V9U0U8S1T6B5C7A4A9Y5X4Y8,2026-09-17,299,147,30,0,1,283,141,29,0,16,False
PRC_P2X4L1A1M2D7V1C9P3U5H5J5E4Z2Q5,2024-12-26,300,269,0,8,1,300,269,0,8,0,True
PRC_P2X4X0W6U1V0T2U1Q3Q6O4N5N7L4N5,2024-12-02,300,281,0,0,1,300,281,0,0,0,True
PRC_P2X5X0E3D1C7B1H7H1G8C2B1K3H8Q4,2026-02-12,296,156,0,0,1,295,156,0,0,1,True
PRC_P2Z4N1A1J2R7P2M0I3C7V5T3Z6J1X0,2024-12-10,300,284,0,3,1,300,284,0,3,0,True
PRC_P2Z6O0Z3H1E0B1Y1U1B2D5L6I4T7U5,2026-04-23,295,175,0,0,1,294,174,0,0,1,False
PRC_Q2A5X1E1N2R1K1H5N5L0P0W5U9X3S4,2026-02-12,296,158,0,0,1,295,158,0,0,1,True
PRC_Q2B5W1F1R1V9Q1B0Q5E7H3V1S8J7L2,2025-12-02,298,216,6,9,1,298,216,6,9,0,True
PRC_Q2B6O0L5P1D3A1N7V2E7W5N7F7B9K7,2026-08-20,299,164,7,9,1,284,156,7,5,15,False
PRC_Q2D5C0Y9X1W2V1D6B5A3B3A4I9G3H4,2026-05-07,286,176,0,2,1,285,175,0,2,1,False
PRC_Q2D5E0A9I1D7G1W2L4X1H2H8X8B9H2,2025-10-26,298,231,12,9,1,298,231,12,9,0,True
PRC_Q2D5E1A2Z1G5Y1P7G0P1M4F7I6V2K4,2026-02-12,296,155,0,1,1,295,155,0,1,1,True
PRC_Q2E5N1P1F2M8T2T1N5E8P5P7V8S4O5,2026-01-29,296,203,0,1,1,295,203,0,1,1,True
PRC_Q2E6P0A4E0D1E1A4H2A5W4U4C0R4K2,2026-05-07,286,171,0,2,1,285,171,0,2,1,True
PRC_Q2H4O1A1L2F1O1E3O5S4C4Q1P5R2F5,2024-11-28,300,243,0,2,1,300,243,0,2,0,True
PRC_Q2H6N0C5H1Q3F1V7C5H6S0L3N0B5I9,2026-08-20,299,235,0,0,1,284,221,0,0,15,False
PRC_Q2I6A0P3E1H0S1B7R4L5Y5L8W0Q8J4,2026-04-23,295,187,0,0,1,294,186,0,0,1,False
PRC_Q2J4H1A1A2Q0F2E1P0V2V1B6K5S2G6,2024-12-02,300,288,0,1,1,300,288,0,1,0,True
PRC_Q2L5K1J2T1V6Y1P6A2Y4A1X7A0Y7A5,2026-03-31,295,179,0,0,1,294,179,0,0,1,True
PRC_Q2M4M0L8J0J8I1J6Q2R2Q3O6O5N3N3,2025-04-02,300,253,0,0,1,300,253,0,0,0,True
PRC_Q2M4N0L7L0K2L0J9R4S8Q1Q2P7Q3O9,2024-09-26,300,206,0,0,1,300,206,0,0,0,True
PRC_Q2M4Y1R0L0X8W1L0V3J8Q3X4M8K3W5,2024-11-14,300,263,9,11,1,300,263,9,11,0,True
PRC_Q2M5G0X2J2A5N1M4U3W4C4Q5E1N8K8,2025-02-27,300,266,1,7,1,300,266,1,7,0,True
PRC_Q2M5H0M7I0B9H1C9C0C5P3Q7M5P7E5,2025-07-23,297,208,0,3,1,297,208,0,3,0,True
PRC_Q2M5M0K9M0K1K0I9R5R6P3Q2O5P3O9,2026-07-23,299,210,0,0,1,284,199,0,0,15,False
PRC_Q2M5N0W2L1Z7I1B4W3G4L5F5E8F6F8,2025-02-27,300,251,0,3,1,300,251,0,3,0,True
PRC_Q2N4M0U9T2Q4Z0Y9U3B3A0Z0G7F7E9,2025-05-01,300,259,0,2,1,300,259,0,2,0,True
PRC_Q2N5S0A2Z1F7J1S9G3J7B2A2U3M1J9,2025-02-27,300,180,6,17,1,300,180,6,17,0,True
PRC_Q2N6D0O5Z1W1Y1K7S4Y8L1C4N8G8E4,2026-08-26,299,224,0,0,1,284,211,0,0,15,False
PRC_Q2O4N0V5W3V0U1S5R1Q8Y1X4V2Y2W0,2024-08-28,300,296,0,0,1,300,296,0,0,0,True
PRC_Q2O5N0O1M0M9V1V6D2D0C3A4B7X4W2,2025-10-26,298,251,0,7,1,298,251,0,7,0,True
PRC_Q2O5W0X2V2W7U1V0T0B8C0A2B0Z6A4,2025-10-26,298,256,0,0,1,298,256,0,0,0,True
PRC_Q2O5W0X4V1V7U1V5T0T4P0O7O7M2N1,2025-11-13,298,146,1,9,1,298,146,1,9,0,True
PRC_Q2P4N1M0N1V6U1S9R4R9Z5Y7W8X2W9,2025-02-27,300,224,6,22,1,300,224,6,22,0,True
PRC_Q2P4O0V6W2V1U1S4A1Z3Y2Z8Y6H4G1,2025-01-08,300,250,2,15,1,300,250,2,15,0,True
PRC_Q2P4Z1U1B2D7X2F0W3U4Z1S3S8Y3L8,2024-12-10,300,271,0,5,1,300,271,0,5,0,True
PRC_Q2P5Q0O2O2N5J0J9H3I4H1H8F2G6O9,2025-10-26,298,255,4,0,1,298,255,4,0,0,True
PRC_Q2Q5J0Q2U2D5M1C4W3V2Y3M6H4J4K8,2025-02-27,300,274,0,0,1,300,274,0,0,0,True
PRC_Q2Q5P1P2X1Y9W1V5V3T2U3C2D7B4B9,2026-05-07,286,209,0,1,1,285,208,0,1,1,False
PRC_Q2R4N0L7J1K0R1Q0R0P7P0N7O0W6X0,2025-01-08,300,258,1,4,1,300,258,1,4,0,True
PRC_Q2R4Q1Q2P1N1N1V1W0U6T3T6S1S1A0,2025-03-20,300,272,0,1,1,300,272,0,1,0,True
PRC_Q2R5N0H3N0K5V1C6M2X1W0L1J6Q8C5,2025-04-02,300,242,0,2,1,300,242,0,2,0,True
PRC_Q2R5P0Q1Y2W2X1V6W3U1U3C2B3B8A2,2025-12-02,298,203,1,14,1,298,203,1,14,0,True
PRC_Q2R6S0E8Z1U2I0V7J4P0E1A4P0N7C9,2026-08-26,299,198,0,9,1,284,187,0,9,15,False
PRC_Q2R6W0J3A2K5S2I2F4V6L5G6A0T3A4,2026-04-23,295,175,4,4,1,294,174,4,4,1,False
PRC_Q2S4A0F9V1X0Q1Q5F2Q2R1V0J4U4D1,2024-09-26,300,193,2,6,1,300,193,2,6,0,True
PRC_Q2S4I1N2I2G0U1K6M1K4G5P5L5O9G1,2024-12-26,300,256,2,3,1,300,256,2,3,0,True
PRC_Q2S5T0J6Z2E3Y1U5Q4A3P2I7G6I8W6,2025-07-04,298,180,2,0,1,298,180,2,0,0,True
PRC_Q2T5D0X9I2M2N1J6N4H7T4K2U0R9I1,2025-12-02,298,223,1,21,1,298,223,1,21,0,True
PRC_Q2T6N0U2U0X3U1E8O1C9U1Q4S7Z1P4,2026-02-12,296,158,0,0,1,295,158,0,0,1,True
PRC_Q2T6V0M2Q0K5T2K0O2Q8B1G9B8X5W8,2026-02-12,296,158,0,0,1,295,158,0,0,1,True
PRC_Q2V5C0F7I1U2C1X3V5F5G2E9O1V4G6,2025-07-23,297,179,9,17,1,297,179,9,17,0,True
PRC_Q2V5H0T9W2B2B1G7M0B0U5Z0X4N9B1,2025-11-13,298,223,0,1,1,298,223,0,1,0,True
PRC_Q2W5X0T1L0G6R1Z0C2Y7S1P3L4T2C5,2025-02-27,300,238,0,6,1,300,238,0,6,0,True
PRC_Q2W5Y0I2U1N3Y1N7G0H9Z0Y0F5R0P5,2025-02-14,300,161,0,2,1,300,161,0,2,0,True
PRC_Q2W6W0W1P2S9N1S1K4P0O1O8J7S4F7,2026-01-29,296,186,41,12,1,295,186,41,12,1,True
PRC_Q2X4W0V7T1C7Z1E6D5A7J4I2H1N0M4,2024-09-26,300,226,0,2,1,300,226,0,2,0,True
PRC_Q2Y4E0I9O2V4I2L1M0L0R1Y9O7P7E7,2024-09-26,300,220,12,12,1,300,220,12,12,0,True
PRC_Q2Y4Y0X8V2W9U1C3D2B6C3A2B3Z4H9,2025-03-13,300,240,0,1,1,300,240,0,1,0,True
PRC_Q2Y5V1I2N1T6Z1J6E1I8P5D9Z9Y1T7,2026-02-12,296,157,0,2,1,295,157,0,2,1,True
PRC_Q2Z5P0F1K2M2K1C5W1U6I2E1P3L8R8,2025-03-13,300,244,0,1,1,300,244,0,1,0,True
PRC_R2A4Y0X6L0J3I0E8C3B4C3B3J1H6G5,2024-09-26,300,229,0,6,1,300,229,0,6,0,True
PRC_R2B4G0U6Q1T8O1H1B5U1L0C0S2E6N0,2024-07-29,300,187,0,0,1,300,187,0,0,0,True
PRC_R2B6A0H2D2W5S1T7N2N1P3Y8B2O7E3,2026-03-31,295,133,12,9,1,294,133,12,9,1,True
PRC_R2C4R0F5Q3N0N1H4N5T0N0T4N2Y0U7,2024-09-26,300,207,0,0,1,300,207,0,0,0,True
PRC_R2C5V0B8A2T6G1A1B1S4H0N3T4G9K8,2025-10-26,298,249,1,3,1,298,249,1,3,0,True
PRC_R2C6L0B3W2I3C1I8A2M9Y3M9E8O6J0,2026-05-07,286,218,0,0,1,285,217,0,0,1,False
PRC_R2D5B1V2U1M6M1N7V1A5M5S3V3S2U9,2026-02-12,296,158,0,0,1,295,158,0,0,1,True
PRC_R2E5H0K6O2W7L1J1M5R7H2I8B2E1M0,2025-06-27,298,170,0,0,1,298,170,0,0,0,True
PRC_R2F4Y1G2K1Y0O1I4L3G7H4M3V5J8K5,2024-12-10,300,178,85,3,1,300,178,85,3,0,True
PRC_R2G5P0Z2A1X4U1T1D1O7J1I4P9Y5D7,2025-02-14,300,168,0,0,1,300,168,0,0,0,True
PRC_R2G5Z1X1V2P8N0S9X2K9K2U3X6P7A6,2026-01-15,296,207,0,1,1,295,206,0,1,1,False
PRC_R2G6C0X3I1N2L2B0R4G0J4E5E7J7G2,2026-05-07,286,161,0,0,1,285,161,0,0,1,True
PRC_R2H5M0T3U0V7Q1D0J0T2N3S4X2X7H3,2025-03-20,300,270,0,3,1,300,270,0,3,0,True
PRC_R2I4I0G8F2F0E1F7M0N0L5K0K5J8J1,2024-11-28,300,245,0,1,1,300,245,0,1,0,True
PRC_R2I5Q0C2B1K8L1M8O0Y7H3V1Z0V2G6,2025-02-27,300,191,0,0,1,300,191,0,0,0,True
PRC_R2J5J1G1M2Z6M1U4T0V3J2W5X4U2F0,2026-01-29,296,249,0,0,1,295,249,0,0,1,True
PRC_R2K5N1V1I2J6F1M9X4M4T3N2M4G5K3,2026-02-12,296,156,0,1,1,295,156,0,1,1,True
PRC_R2K5P0M2V2J4D1R6C0T3F5A1C4V2Q4,2025-03-13,300,265,2,2,1,300,265,2,2,0,True
PRC_R2L4N1J0Z2N4Z2Y0V5B8W3W4E0Z8W2,2024-11-14,300,191,98,0,1,300,191,98,0,0,True
PRC_R2M4N1M1M1K3L1K4R2S0Q5R0P2Q5O4,2026-02-12,296,155,0,0,1,295,155,0,0,1,True
PRC_R2N5G1U1E2X4U1R6V3N8V5D4G2Z6U7,2026-03-31,295,188,3,6,1,294,188,3,6,1,True
PRC_R2O4E0V9X1K0Y1N5G2U1E0K9S8I3C8,2024-09-26,300,193,6,7,1,300,193,6,7,0,True
PRC_R2O5J0I9B2F3A1L8J2J8S3H5K8K2G8,2025-12-02,298,223,0,4,1,298,223,0,4,0,True
PRC_R2O6N0Z3E1R0L1W1P1Y1I4R8B9X5Z7,2026-04-23,295,177,1,1,1,294,176,1,1,1,False
PRC_R2P4Q1X2Y2X7V1V3U2V2J4K9I2H8H3,2025-03-13,300,245,0,3,1,300,245,0,3,0,True
PRC_R2P5E1M1Y2J6U1Y9Z4E0Q5D3R2I8Z2,2026-01-29,296,221,2,7,1,295,221,2,7,1,True
PRC_R2P5Q0Y2Y0X7X1V1U1V2C1D8C3C2A2,2025-05-01,300,257,2,4,1,300,257,2,4,0,True
PRC_R2P5Q0Y3Y0X6X1W5U4V5K1L7J9K5J1,2025-11-13,298,237,0,0,1,298,237,0,0,0,True
PRC_R2P5Q1P0P3N0O1W5U2V3T0U5S8T2A1,2026-05-07,286,165,0,0,1,285,165,0,0,1,True
PRC_R2P6P0O9P0N8N1W7U1U4S3T0T1R3S0,2026-09-17,299,158,69,0,1,283,149,66,0,16,False
PRC_R2P6W0M3C1J7W1H9A3R6N4J9L7G8P8,2026-03-31,295,199,0,1,1,294,199,0,1,1,True
PRC_R2Q4O0N6V0T4S1T5S4A1Z2X3W9X6T7,2025-02-27,300,211,0,5,1,300,211,0,5,0,True
PRC_R2Q4P0P5Y3W0P1Y3W4V3W2U8Q1P3N4,2025-05-01,300,256,1,2,1,300,256,1,2,0,True
PRC_R2Q4P0W7W3U0D1E6D0B1Z5I8H7F5E8,2025-07-03,298,256,0,2,1,298,256,0,2,0,True
PRC_R2Q4Q0Z5X3W0V1D5E1C8B0A2V0W8V4,2024-09-26,300,255,0,2,1,300,255,0,2,0,True
PRC_R2Q4R1Q0Y1W7V0W9U5Q4P3O0O9N0V7,2025-02-27,300,196,0,0,1,300,196,0,0,0,True
PRC_R2Q5P0P8V0U7T1Q3M3L6U5T5S5Y6X9,2026-03-12,295,195,1,6,1,294,195,1,6,1,True
PRC_R2Q5P1A2G1C6M1M6G2B7O0A3N4Q9C7,2026-03-12,295,194,0,0,1,294,193,0,0,1,False
PRC_R2Q6Q0Y9Z0X9W1W0U0V0D4E8C3C3A0,2026-09-17,299,157,72,1,1,283,147,70,1,16,False
PRC_R2R4A1J1S0W5U1F5C1U8K0Q5N2S9Q6,2024-11-28,300,253,1,7,1,300,253,1,7,0,True
PRC_R2R4P0O7P0I8I1H6H5G8E4F9M3O2M0,2024-09-26,300,219,1,5,1,300,219,1,5,0,True
PRC_R2R4P1R1P0P4X0W9W4U4V4T3U4Q2O6,2025-08-04,298,240,0,0,1,298,240,0,0,0,True
PRC_R2R4Q0O6P0W5Y1W4W0U6T2U8B6C1A1,2024-08-28,300,290,0,1,1,300,290,0,1,0,True
PRC_R2R4Q0Q8P1P2O1O0K4K0I1H5I1G8G1,2024-12-26,300,262,0,11,1,300,262,0,11,0,True
PRC_R2R4Z1A1Y2Z2X1Y0W0S1S1R0R9Q9R9,2026-03-31,295,171,0,6,1,294,171,0,6,1,True
PRC_R2R5E1V2B1D2B1I7P1N4H1P2J0I0W9,2025-12-22,298,223,14,7,1,298,223,14,7,0,True
PRC_R2R5I0H9I2A2B0V8B5N9U2W0C8R0I2,2025-10-26,298,188,42,25,1,298,188,42,25,0,True
PRC_R2R5P0Q8P2W9T1U6B1C3B3Z5Z4Y9Y2,2026-08-26,299,216,0,2,1,284,204,0,1,15,False
PRC_R2R5P1Q1P1P4L1L4K2K5J1H6I2P2Q3,2026-05-07,286,189,0,0,1,285,188,0,0,1,False
PRC_R2R6Z0A1Y2Z8X1Y6W1W5E2D7D6B4C9,2026-04-23,295,166,3,4,1,294,165,3,4,1,False
PRC_R2R6Z0B3I1K0Q1O8V1C0T4M8D5O3K5,2026-04-23,295,168,1,3,1,294,167,1,3,1,False
PRC_R2S5Q0Q3P1X2X1V5W1V4V5T4C5C0A2,2025-10-26,298,255,0,3,1,298,255,0,3,0,True
PRC_R2S5Q0R9M2N5L2M1K0L1J3J9S7Q2Q5,2026-04-23,295,169,0,0,1,294,168,0,0,1,False
PRC_R2S5Q0R9P2Q3X2W0X2V8V4U0V9Q7R0,2026-05-07,286,185,0,8,1,285,185,0,8,1,True
PRC_R2T4O1S1H2I7K2Q0S3G3H4A7J4Y6A3,2024-12-10,300,271,0,1,1,300,271,0,1,0,True
PRC_R2T4X0K6I0Y5A1T4H2G5F5O2I9V2R0,2026-03-12,295,186,0,0,1,294,185,0,0,1,False
PRC_R2T5B1O2S0Z1K1R9S1D7P2P0N9M5C1,2026-01-29,296,203,0,1,1,295,203,0,1,1,True
PRC_R2T6M0T2M0U3X1Y8D3R1F3C8X0I8Q1,2026-02-12,296,160,0,0,1,295,160,0,0,1,True
PRC_R2U4G0Y9L2W4N2S1A2G4Z3P4T6T7J6,2024-11-14,300,286,0,3,1,300,286,0,3,0,True
PRC_R2U6A0T3Y1Q2P2E0L2U0T4Z1Y8A0B1,2026-04-23,295,177,0,3,1,294,176,0,3,1,False
PRC_R2V4H1W1T2K5M1O6E4Q9T0V7Q9S0U0,2024-12-26,300,260,1,3,1,300,260,1,3,0,True
PRC_R2V4R1V1X2H6Y1C8B2X9E0F6D5G6N5,2024-11-28,300,270,0,0,1,300,270,0,0,0,True
PRC_R2W5X1N1R2Z6J1J3J4K1U1W5H4Z6J5,2026-01-15,296,210,0,1,1,295,209,0,1,1,False
PRC_R2X4J0R9O3L0E1L1F3A1T5X7T9S5N0,2024-11-14,300,281,0,0,1,300,281,0,0,0,True
PRC_R2Y4G0F9D2E6D1L8K0J5H2I8Q5P8N7,2024-12-10,300,217,33,13,1,300,217,33,13,0,True
PRC_R2Z5X0W3X2V0R0Q9P3Q6O5V2D9C0A5,2026-06-18,300,239,0,7,1,285,225,0,7,15,False
PRC_S2B4C0A9Z2X7F1E1F2E1D3Y3X4Y7X5,2025-02-27,300,233,0,6,1,300,233,0,6,0,True
PRC_S2B5B1Z2A2Y2Z1X5T5T1S0S5Q6R7P3,2026-05-07,286,164,0,3,1,285,164,0,3,1,True
PRC_S2B6B0Z2A1Y0X2X0M3N9L1L6K6L3J0,2026-09-17,299,197,0,3,1,283,186,0,2,16,False
PRC_S2B6R0K2D0H5R2T0Z3G9Z0Y4N0O0P2,2026-02-12,296,156,0,0,1,295,156,0,0,1,True
PRC_S2B6S0E3C1I2Q2F0T5D1N5D2W2Q0P5,2026-04-23,295,182,0,0,1,294,181,0,0,1,False
PRC_S2C5L1C2Y0R9X1D3B0H2N4C5N8I4Z9,2026-02-12,296,149,3,3,1,295,149,3,3,1,True
PRC_S2C6L0Q4U0T1E1D4P2B5E1Z3Z4L5Z4,2026-05-07,286,172,0,3,1,285,172,0,3,1,True
PRC_S2C6R0U3J3O1T1B8J1C8E5Z8U0V5T5,2026-04-10,295,223,6,6,1,294,222,6,6,1,False
PRC_S2D5B0N3T1L1G1M4D1E7K5U0F1P6G1,2025-03-13,300,153,87,0,1,300,153,87,0,0,True
PRC_S2F5S1Q1I2S1G1M5U4E6C4S6U0B9K9,2025-12-30,298,227,0,3,1,298,227,0,3,0,True
PRC_S2G6C0H3W1V2W2M0T4L3Z5G2Q2H0W9,2026-04-23,295,181,0,0,1,294,180,0,0,1,False
PRC_S2I6K0O2S0Z4B1Q8Y0X7G0U7M7Y6X1,2026-03-12,295,175,0,0,1,294,174,0,0,1,False
PRC_S2J5Q1C2W0F9G1N8M2R7W3C5Q1A3H4,2025-12-30,298,227,0,1,1,298,227,0,1,0,True
PRC_S2J6E0R8S2S7L1F6L3E8W3I2I5M5B5,2026-09-17,299,202,1,1,1,283,191,1,1,16,False
PRC_S2M4C0P8Q2N8T1I3P2J8G4Z0Z7L8B1,2024-09-26,300,244,0,1,1,300,244,0,1,0,True
PRC_S2M4X1X2K1S9N1M3N5U5J3U1A5C1O1,2025-01-08,300,268,0,1,1,300,268,0,1,0,True
PRC_S2M6V0Y2N0X5D2U0U1E4B4F2H1F6Z6,2026-03-12,295,177,1,3,1,294,176,1,3,1,False
PRC_S2N6V0W4V0L3Q1O8N2J6L1W7D7L9S6,2026-04-23,295,181,1,0,1,294,180,1,0,1,False
PRC_S2O4H0N9E0Q5G1B4T2S9A5I2S1S2X8,2024-09-26,300,223,0,4,1,300,223,0,4,0,True
PRC_S2O4O1X0V1U1S1T4I3H9F4E5F4N6M3,2025-02-27,300,202,0,1,1,300,202,0,1,0,True
PRC_S2O6P0O4W3B0O1I5F4G4M5Q3T5R9D5,2026-07-23,299,181,0,6,1,284,171,0,6,15,False
PRC_S2O6X0W3M1F0P1J0P4S2O1Y4W5D8U2,2026-04-23,295,199,0,1,1,294,198,0,1,1,False
PRC_S2P5I0Q3I2C0M1N5E1O6T0F1T0M9Q2,2025-03-20,300,219,11,9,1,300,219,11,9,0,True
PRC_S2Q4M0L6J2K7J1R4Q1X4T1T7S8R0P5,2025-03-20,300,230,10,25,1,300,230,10,25,0,True
PRC_S2Q4O1P2N0O3V0W9V2V7T0S6T0O9P7,2025-08-04,298,236,0,2,1,298,236,0,2,0,True
PRC_S2Q4R0P9Q0P9K1L7J3K9I2J4H7P8P1,2025-05-01,300,251,0,5,1,300,251,0,5,0,True
PRC_S2Q4R1M2N2L6M1K7J2J6R5S4Q7R4P6,2025-10-26,298,256,2,5,1,298,256,2,5,0,True
PRC_S2Q5Q0M2N2L0M1K0J1J9R4R8Q7Q4P7,2025-12-02,298,234,0,2,1,298,234,0,2,0,True
PRC_S2Q5Q0R2H1H9G1X9J0L5F5V7B1O3R7,2025-02-27,300,216,0,3,1,300,216,0,3,0,True
PRC_S2Q5R0P7Q1O8O1L4J0J9H5I5H4H0P4,2026-01-29,296,190,1,5,1,295,190,1,5,1,True
PRC_S2Q5R0Z4X0Y2W1W5V4W5D0E7C8D6B9,2026-01-29,296,203,0,0,1,295,203,0,0,1,True
PRC_S2Q5R1P0Q0O1P1L8J1J1H3J5H8H2P8,2026-07-23,299,183,1,2,1,284,174,0,2,15,False
PRC_S2Q5R1P1Q0O4P2X0X3W2U3V9T1T9C2,2026-06-18,300,251,0,0,1,285,237,0,0,15,False
PRC_S2Q5T0V4Z2U1P1K5V2H3P2E9X4C3X1,2025-05-01,300,261,0,1,1,300,261,0,1,0,True
PRC_S2Q6R0P1Q1Y2Y0W9X4W2U1V7C3D7B6,2026-08-26,299,222,0,0,1,284,209,0,0,15,False
PRC_S2Q6R0P1X2Y6W1W8V0W7U1U9C2D7B0,2026-09-03,299,265,1,1,1,283,250,0,1,16,False
PRC_S2R4N0L6J1K9J0R9Q4R0Q5Y7W2X2W2,2024-08-28,300,288,0,0,1,300,288,0,0,0,True
PRC_S2R4P0Q6Y2W1V1U5U1D4C3A4Z4Z8H1,2026-02-12,296,158,0,0,1,295,158,0,0,1,True
PRC_S2R4P1Q1O2O1W1X3V5W1U0V9T3G3G7,2025-02-27,300,202,0,0,1,300,202,0,0,0,True
PRC_S2R4Q0Z9W2U4Q0Q9O3N0Z4X6E4C1C1,2025-05-01,300,252,0,3,1,300,252,0,3,0,True
PRC_S2R4R0Q8Q3M0K0L9J4K0I0J8Q4P0Q7,2024-12-31,300,235,12,35,1,300,235,12,35,0,True
PRC_S2R4R1Q1Q2P5P0X9W2W3U5V5T0U7Q1,2025-08-04,298,231,0,1,1,298,231,0,1,0,True
PRC_S2R4S1R0Z2X5W1V7W0E1D1B5Z1W7X3,2026-03-12,295,192,0,0,1,294,191,0,0,1,False
PRC_S2R5O1J2M0J4Y1Q0Y5J2G4A9K4X0B8,2026-01-29,296,241,1,0,1,295,241,1,0,1,True
PRC_S2R5P1Q1O0O6W1X5V4W5U4T3T4P0Q5,2026-04-23,295,178,0,0,1,294,177,0,0,1,False
PRC_S2R5R1Z2Z3Y0Z1X0X0W8W5E5E9D5B4,2026-04-23,295,172,2,2,1,294,172,2,2,1,True
PRC_S2R5S1Q1Q0Y6Z1X0Y2W8X4V6R3R1Q1,2026-08-20,299,200,0,1,1,284,187,0,1,15,False
PRC_S2S4A1Y2Z2X6Y1W6X2E6D2E8C2C0B4,2026-06-18,300,247,0,5,1,285,233,0,5,15,False
PRC_S2S4Q0R9Q0Q9O1P3L2J7J5I6J7H4H4,2026-03-12,295,198,0,0,1,294,197,0,0,1,False
PRC_S2T4M0E9H2D0C1V6P4L1K0R6M8Q1P8,2024-09-26,300,208,0,0,1,300,208,0,0,0,True
PRC_S2T4R0S7Q1Q1Z1X0X4W8X2V9V9D9C1,2025-03-13,300,241,0,3,1,300,241,0,3,0,True
PRC_S2T4R1S1Q1R3Z1Z6Y5W1X3V9V9D8E8,2025-10-26,298,254,0,5,1,298,254,0,5,0,True
PRC_S2T4S1A0Y3X0V1E5F1D9C2A4J5J9I5,2025-07-03,298,253,0,5,1,298,253,0,5,0,True
PRC_S2T5R0S5Q1R2P1X7X0W5X3V6V1T9Q6,2026-07-23,299,182,2,3,1,284,174,1,2,15,False
PRC_S2T5R0S7Q2R2G1G0F0F1E4C9C2K4L7,2026-01-29,296,218,0,1,1,295,218,0,1,1,True
PRC_S2T5S0S1Q2R0Z0X9Y4W3W4V0W2R3S6,2025-12-02,298,233,0,2,1,298,233,0,2,0,True
PRC_S2T6B0B1Z2A1Y1Z5X2Y3G5G0E5D2E2,2026-06-18,300,251,0,2,1,285,236,0,2,15,False
PRC_S2T6D0L2I0W5G2V0R3G3O5P0A9S2G2,2026-02-12,296,158,0,0,1,295,158,0,0,1,True
PRC_S2T6Q0I2W0C3N1D8E2P5M4F7E5R0J4,2026-02-12,296,161,0,0,1,295,161,0,0,1,True
PRC_S2U4U0G9W0C3H0C9M2W8M5C9C5N7T0,2024-09-26,300,193,0,1,1,300,193,0,1,0,True
PRC_S2U5X0W4Y2E1H1L5F2Y2M0X8W5M4R2,2025-05-01,300,254,1,8,1,300,254,1,8,0,True
PRC_S2V4G0V9O0K2K0X9U1U4D2W2D2B9I0,2024-09-26,300,191,0,1,1,300,191,0,1,0,True
PRC_S2V6F0L3M1E0F1E4Y1Q1M2O2C7A9Z1,2026-03-31,295,171,5,3,1,294,171,5,3,1,True
PRC_S2W5X0N6T2X3N1L5X4A1N4J1V3P0W4,2025-07-04,298,180,2,0,1,298,180,2,0,0,True
PRC_S2W5Z0V9N2W2V1F6V4O0S4N0A1V9Z8,2026-01-29,296,236,0,3,1,295,236,0,3,1,True
PRC_S2X6X0C8K2F0I1U4R0J7K4X0L8J1M6,2026-08-20,299,167,5,5,1,284,156,4,5,15,False
PRC_S2Y6Z0J4F1P7F1P4G3R7A1U0X9I1V8,2026-05-07,286,157,0,7,1,285,157,0,7,1,True
PRC_S2Z5X0W9V2D9R2L0B4W8O0C1J8N1K2,2025-11-27,298,250,1,6,1,298,250,1,6,0,True
PRC_T2A4J1S1J2N2H1A3U5R4N2C7K2E1W1,2024-12-27,300,156,0,0,1,300,156,0,0,0,True
PRC_T2A4P1I1G2V0K2C1I0X1C0M4I1Q4H3,2025-10-26,298,256,0,0,1,298,256,0,0,0,True
PRC_T2A5J0X2P2X4S1M6O0J4A4Q9Q1T5L0,2025-03-13,300,268,1,2,1,300,268,1,2,0,True
PRC_T2B4O1Y1P2S7V2O0Y3Q2X3H8N5T3E0,2024-12-10,300,253,0,5,1,300,253,0,5,0,True
PRC_T2B5A0A3Z2Y1U1T0R4S5Q0Y9X9Z6A7,2026-07-23,299,195,0,2,1,284,185,0,2,15,False
PRC_T2B5C0A4B1Z4Z1Y1G1G1F0G6E4E5C5,2025-08-27,298,160,0,1,1,298,160,0,1,0,True
PRC_T2B5C1A0Y1Z5X1Y0F1G2F3F2D3E4D9,2026-01-29,296,212,2,7,1,295,212,2,7,1,True
PRC_T2B5O0H9C1M7J1L4T1M5N1F3R8Y3P5,2025-10-26,298,253,1,2,1,298,253,1,2,0,True
PRC_T2B6B0Z9B1Z1Z1X7Y4G1E3F5D3E4C2,2026-09-17,299,154,46,1,1,283,144,44,1,16,False
PRC_T2B6T0B3I0U6O1M0T5T1N2C3C2L7N1,2026-03-12,295,226,8,8,1,294,225,8,8,1,False
PRC_T2C5S1N2G1I5T1A4Q0N2M0L6M7E0R9,2026-01-29,296,198,0,3,1,295,198,0,3,1,True
PRC_T2D4D0V9J1W0C2K0E1A2Y1Z2Y2X1A7,2024-09-26,300,203,0,1,1,300,203,0,1,0,True
PRC_T2D5E0B2U1S7R1N4S0R5U5N7R0S9E2,2025-02-27,300,253,0,1,1,300,253,0,1,0,True
PRC_T2D5M1Z2Z1D0Q1N0M0H7A0O9F5N8E5,2026-01-29,296,225,0,0,1,295,225,0,0,1,True
PRC_T2D5T0U8A2F8X1E4V0G4B2E1Z8Z7W2,2025-11-27,298,248,7,3,1,298,248,7,3,0,True
PRC_T2E4V1L2D2C3J1F4T3T2R3J3L4Q6A5,2024-12-31,300,179,105,5,1,300,179,105,5,0,True
PRC_T2E5F0A2N1A8P1W5M1C3H4R0L9J2S3,2025-03-13,300,265,1,5,1,300,265,1,5,0,True
PRC_T2E5P0C7K0W9W1Y8D5O5Y1B1X1B4Z7,2025-08-04,298,161,61,14,1,298,161,61,14,0,True
PRC_T2F6A0W3A2V0U1O5D3I0W4L3L0C3D5,2026-03-31,295,173,0,0,1,294,173,0,0,1,True
PRC_T2F6O0M6X1Y1S0K9R0E0Q1M7C7Y5L3,2026-06-11,300,232,0,0,1,285,218,0,0,15,False
PRC_T2G5X0R2G1Y8X1D7A5Q5Q0S4K5H9R2,2025-02-27,300,186,2,0,1,300,186,2,0,0,True
PRC_T2G5Y0K7L3D0F1Q0I2C0L0R3F8J3Q5,2025-08-27,298,164,0,1,1,298,164,0,1,0,True
PRC_T2I5B1C1E1M9J1T7E1S6A5J5E7L2P9,2025-12-02,298,238,0,1,1,298,238,0,1,0,True
PRC_T2I5G0R7I2H9E1Y4V4I7V1K3U8N3V4,2025-08-04,298,199,15,22,1,298,199,15,22,0,True
PRC_T2I5R0X4A0E2M1A1F3H6A0G0F7Y8A1,2025-04-02,300,184,2,0,1,300,184,2,0,0,True
PRC_T2I6I0Z4O3M0Q1S5X5U2N3J6U5X2I7,2026-08-20,299,118,53,0,1,284,112,49,0,15,False
PRC_T2M4J1U1M2X2Q1A3I5D0D0L8F0V7I1,2024-12-27,300,157,0,2,1,300,157,0,2,0,True
PRC_T2M4R1C1Q2T7H1M1Q3S1V1E2H5X6F8,2025-12-02,298,240,1,11,1,298,240,1,11,0,True
PRC_T2M5H0A2M1B8O1D8S0A8I5Y1L5O5K0,2025-02-27,300,192,0,1,1,300,192,0,1,0,True
PRC_T2M5T1W1C2E5S1J7G2I0Z4Z0F8J7F8,2026-02-12,296,159,0,0,1,295,159,0,0,1,True
PRC_T2M6W0F2I1W2T1X7T4K2Q5A9J4P2M5,2026-03-01,296,165,2,6,1,295,165,2,6,1,True
PRC_T2N4M0O9E2I4I1I7N3D1V1N8V0N0S3,2024-11-14,300,284,0,1,1,300,284,0,1,0,True
PRC_T2N6Q0C2A1L2A1U7V4Y1E4X3K6J7J9,2026-03-01,296,159,2,14,1,295,159,2,14,1,True
PRC_T2P6R0Q4S0K2D1J5L1G9D2Y7N0U6Q6,2026-05-07,286,169,0,0,1,285,169,0,0,1,True
PRC_T2Q5F0Q1I1P6J1C4Y1I9G0O5W6X5A3,2025-02-27,300,195,7,12,1,300,195,7,12,0,True
PRC_T2Q6C0N3P1N0H1G7Q3J7T3Q6X9E0Q2,2026-07-23,299,188,1,6,1,284,179,1,5,15,False
PRC_T2Q6K0W2M2U4P1J5Y2R2K1A3S4B1W1,2026-04-23,295,188,1,0,1,294,187,1,0,1,False
PRC_T2R4A1A2Y0Z3X1W6X5S0R2S0Q0R7P6,2025-10-26,298,258,0,6,1,298,258,0,6,0,True
PRC_T2R4Q1Q2P0P3X1Y6W4X7V1T2U3C0D4,2025-11-13,298,237,0,1,1,298,237,0,1,0,True
PRC_T2R4R1Q2R1P0P1L1K2K1I4J6H2I1Q4,2025-11-13,298,227,0,0,1,298,227,0,0,0,True
PRC_T2R4S0Q6R0P7Q1X0W2X9V2V2U1U0C5,2026-01-29,296,199,0,1,1,295,199,0,1,1,True
PRC_T2R4Z0A6Z0Z7X0W9W5E9F5D2E6C5B4,2024-12-10,300,279,0,4,1,300,279,0,4,0,True
PRC_T2R5Q0Q2Y1Z0X1Y4W5X3V5D1D8C1D5,2026-03-31,295,197,0,5,1,294,197,0,5,1,True
PRC_T2R5R0H3F1F0D1F1D2D4L5M7K9I5J4,2026-08-20,299,213,0,1,1,284,198,0,1,15,False
PRC_T2R5S0Q2R1Z7Z0X9Y2X7V3V5R1S8Q8,2026-01-29,296,202,0,0,1,295,202,0,0,1,True
PRC_T2S4A1A2Z1Z1Y1W1X0F8F1E0E9C5D3,2026-03-31,295,210,0,0,1,294,210,0,0,1,True
PRC_T2S4O0M7L2M2L1Y0U2T5U0T7R2A2Y3,2024-12-27,300,154,2,6,1,300,154,2,6,0,True
PRC_T2S4O1N1M0K5T1S0Q5P9X1W3X5W6U8,2025-03-20,300,258,3,7,1,300,258,3,7,0,True
PRC_T2S4Q1R1P0Q5X1Y0X5V7V5T1V8C3D2,2026-05-07,286,180,0,1,1,285,179,0,1,1,False
PRC_T2S4T0A7B0Z3Y1Y0X0X0T4T6S3Q4R4,2026-08-26,299,225,0,0,1,284,212,0,0,15,False
PRC_T2S4T0A9B2Z3Y1Y5W1X2T3U5S4S8R5,2026-08-20,299,197,0,0,1,284,185,0,0,15,False
PRC_T2S5Q0C3F0D5D1P6X1M8U1R3G9O1Y9,2025-04-02,300,237,2,6,1,300,237,2,6,0,True
PRC_T2S5R0Q3Y1X7W1V0E4C0C0A3J3H7E7,2026-03-12,295,186,0,1,1,294,185,0,1,1,False
PRC_T2S5S0Q4R1Z6X1W1D3E0C2D7B0C2A6,2025-08-27,298,162,0,1,1,298,162,0,1,0,True
PRC_T2S5X0S2Z0R6H2H1K0Y7U5A8F7R0Q3,2025-02-12,300,129,58,2,1,300,129,58,2,0,True
PRC_T2T4R0S8R1P2P1L4M0K8K2J4K6I9I6,2025-02-27,300,195,0,5,1,300,195,0,5,0,True
PRC_T2T4S0S9Q1R1Z1Z6Y0W5X4V2V1L6L4,2026-08-20,299,199,0,0,1,284,186,0,0,15,False
PRC_T2T4S0S9R1R9Z1A0Y1W1X0W4W6S6S2,2025-02-27,300,198,1,4,1,300,198,1,4,0,True
PRC_T2T4S0Y6X2W0E1D6C3B9X3U8T8C1B8,2025-02-27,300,191,0,3,1,300,191,0,3,0,True
PRC_T2T6S0Q9R0M8N1L7M1K0L1J0R9S9Q5,2026-09-17,299,146,52,1,1,283,140,49,1,16,False
PRC_T2U4S0C9Y0Y1W1X6V4U1U3C7D7B9B2,2025-11-13,298,132,1,21,1,298,132,1,21,0,True
PRC_T2U5S0T3R3R1Q1Q1Y0X4X5V5W0U6V0,2025-10-26,298,253,0,8,1,298,253,0,8,0,True
PRC_T2U5S1A2B1Z5A1Y6Z2X2Y5T8U8S1R1,2026-08-26,299,215,0,3,1,284,203,0,2,15,False
PRC_T2W4G1C2I1C0R1P3U2S5V3V8X2C2O4,2024-12-10,300,190,95,3,1,300,190,95,3,0,True
PRC_T2X6R0B3A2O6T1D3I3M5W0Y9C5N0D9,2026-05-07,286,172,0,1,1,285,171,0,1,1,False
PRC_T2Y5R0U9R1Y7J1V2F4L3O1Q5D7H7L0,2025-10-26,298,252,0,5,1,298,252,0,5,0,True
PRC_T2Y6G0T1A2J0F1S3O5K6S3W2Y0G9D4,2026-02-12,296,155,0,0,1,295,155,0,0,1,True
PRC_T2Z5K0V7L0N8O1Z4I4H6G0Z3C8F5N2,2025-08-04,298,203,28,28,1,298,203,28,28,0,True
PRC_U2A4K0T9U0V2C0V9F1Z3P1L1K1X0T5,2024-09-26,300,194,0,2,1,300,194,0,2,0,True
PRC_U2A5Y0B9V2W9B2G0L5Y8E5N4S0D8K2,2025-12-02,298,233,0,3,1,298,233,0,3,0,True
PRC_U2B4A0P5D3I0R1F4G5A0N4H6N3D1W4,2024-09-26,300,211,0,0,1,300,211,0,0,0,True
PRC_U2B4C1B2Z2Z4Y1Y0G2H8F2G0E2C4D3,2026-06-18,300,241,0,9,1,285,227,0,9,15,False
PRC_U2B5G0T9W1I6S1A9N5O6H1V7K2M8D6,2025-10-26,298,209,29,16,1,298,209,29,16,0,True
PRC_U2B5S0F2P2S4S1X5D5Y6S3Z2F7E4K5,2025-03-13,300,271,0,3,1,300,271,0,3,0,True
PRC_U2B6M0W9G0D2L1X9W2Z4E3N7I6J0X2,2026-09-17,299,193,0,0,1,283,181,0,0,16,False
PRC_U2C4D0B9C1A3Z0Z9V4W1U2U0S6R9S6,2025-03-13,300,270,1,3,1,300,270,1,3,0,True
PRC_U2C6W0N9Q1D5D2V0X3Q1G4J5V5P0H4,2026-09-17,299,154,49,1,1,283,144,47,1,16,False
PRC_U2D5F0U2Z1R8S1I5N1A1G3B3P9H9I7,2025-02-27,300,241,0,1,1,300,241,0,1,0,True
PRC_U2D5Q1C2Q1Q5G1J4K0Y3E5T0K1I2O9,2025-12-30,298,225,2,2,1,298,225,2,2,0,True
PRC_U2D6E0X4M1L4V1R1K0Q9L4L9G3M5E4,2026-04-23,295,190,2,1,1,294,189,2,1,1,False
PRC_U2E5U0O9X2I3N1F0Z2K9T5S8R2W6U5,2025-12-02,298,212,6,6,1,298,212,6,6,0,True
PRC_U2E6I0M3R1H7C1Z5B2W6S1M7H7M7L0,2026-03-31,295,209,1,1,1,294,209,1,1,1,True
PRC_U2E6K0O9W1Q5W1X1G0R3C1Y8C2F8B6,2026-09-17,299,152,3,0,1,283,142,3,0,16,False
PRC_U2E6N0T3M1B0K1P1S1F7R5Y1K9W1M9,2026-03-12,295,189,2,2,1,294,188,2,2,1,False
PRC_U2G5N1Y1C2K6D2H0K2Y1F2Q2Q8Q2D3,2026-02-12,296,157,0,2,1,295,157,0,2,1,True
PRC_U2H5G0F8E0M5L1K3J4P4O1N4V4U4T0,2026-01-29,296,228,0,1,1,295,228,0,1,1,True
PRC_U2H5O1Q1E0O4N1W4A2L9T4A6E9V4A1,2025-11-27,298,255,1,0,1,298,255,1,0,0,True
PRC_U2H6G0O2P0N5A2F0P3B7U1S6O3V5L9,2026-02-12,296,155,0,0,1,295,155,0,0,1,True
PRC_U2I5O0E9I2N4S1C8Q0L5B4K5H1V9V2,2025-12-02,298,237,0,4,1,298,237,0,4,0,True
PRC_U2I6R0O5H0W6E1E3W3F1D1C5R7C9G4,2026-08-20,299,207,0,1,1,284,194,0,0,15,False
PRC_U2J6M0P3I3U1S1O9Q5Y7U0E9K4Q9L8,2026-04-10,295,226,5,6,1,294,225,5,6,1,False
PRC_U2K5N0N7L0M8S1F4F5Z5H4D4Z8T9V2,2025-07-23,297,236,0,1,1,297,236,0,1,0,True
PRC_U2K6K0Q4V1Q5I1U3J5M5A3L5H2O4E4,2026-05-07,286,165,0,1,1,285,165,0,1,1,True
PRC_U2L4J1F2G0N5N1S0G4K9V2C8X0A5W9,2024-12-05,300,157,3,0,1,300,157,3,0,0,True
PRC_U2N6D0P5W0B6D1Y3D3X2M0I7K8C5H5,2026-08-20,299,206,0,1,1,284,192,0,0,15,False
PRC_U2P5H0D9V2P9X2W0W5U5X2Y2F3O2D5,2025-12-02,298,231,0,1,1,298,231,0,1,0,True
PRC_U2P5O1N1H1E9W1K3Y0X5U3Y4Q3E6D5,2026-03-12,295,169,1,5,1,294,169,1,5,1,True
PRC_U2P5W1I1O2N8J0B9E3A3S0O8E4A0S7,2025-12-02,298,234,0,3,1,298,234,0,3,0,True
PRC_U2P6G0F2E0K3V1E8X0L5L0L0M9J1P7,2026-02-12,296,157,0,0,1,295,157,0,0,1,True
PRC_U2P6W0L8K1A2D0P7V3I8C2K6Y7M1O9,2026-08-26,299,174,15,15,1,284,165,14,14,15,False
PRC_U2Q5C0U2S2P8H1D5K0Z6G3D3C2O7Q9,2025-06-05,296,195,3,1,1,296,195,3,1,0,True
PRC_U2R5B1F2W1O6A1P6B3W4L3L9D8H9H2,2026-03-12,295,175,0,9,1,294,174,0,9,1,False
PRC_U2R5K1P1Q2U4Z1F6C4L4N4C7K7Q5I4,2026-01-15,296,212,0,0,1,295,211,0,0,1,False
PRC_U2S4R1R1P2Q6Y0Z9X5V0W3U4V9D9D9,2026-02-12,296,159,0,0,1,295,159,0,0,1,True
PRC_U2S5S0A8Z0W5E1D5C0B3X3W9T2B3B9,2026-08-26,299,214,0,0,1,284,202,0,0,15,False
PRC_U2S5S1G2V1D6B1M7P1E2G5R8R0J9I3,2026-03-12,295,210,0,6,1,294,209,0,6,1,False
PRC_U2S5T0B4Z0A3Y1Y5X4Y9F0G5E5D6D2,2026-01-29,296,222,1,0,1,295,222,1,0,1,True
PRC_U2S5T0R7P0Q4Y1Y7X0Y6W0W0U7Q2U9,2026-06-18,300,253,0,0,1,285,238,0,0,15,False
PRC_U2S6S0A9Z0Z8X1Y7W1X5T2T3R3Q6R5,2026-09-17,299,157,63,0,1,283,149,60,0,16,False
PRC_U2S6T0R1Z2A0Y1Y0X1X5V1W4E7F7D6,2026-03-31,295,202,1,4,1,294,202,1,4,1,True
PRC_U2T4U0T6R2Z1Y1Y5X2W6E3C9D5C8A0,2024-09-26,300,197,1,5,1,300,197,1,5,0,True
PRC_U2T5R1S2Q2Q3Z1Z6X2Y8X0V4V7D5E2,2026-04-23,295,183,1,2,1,294,183,1,1,1,False
PRC_U2T5S0O3N1M4S1R1Q1P8X4W4V6U4C1,2026-03-31,295,199,0,0,1,294,199,0,0,1,True
PRC_U2T6I0G3O3F1F1L9D5W6Y0T0O7A6H3,2026-04-10,295,217,7,9,1,294,216,7,9,1,False
PRC_U2T6K0M4S0H2R1X0V5P5Y1A6R0N6I3,2026-05-07,286,167,0,0,1,285,167,0,0,1,True
PRC_U2T6T0B9Z0A8Z1Z9X1F3G5E6F9D9E0,2026-09-17,299,157,47,0,1,283,147,45,0,16,False
PRC_U2U4T0U6S1T0R1Z4Z2Y3Y3W5X9W9W7,2025-02-27,300,194,0,3,1,300,194,0,3,0,True
PRC_U2U5T0T9S3Q0Q1G0H5F6G3E4D0D9L1,2026-09-03,299,271,0,0,1,283,255,0,0,16,False
PRC_U2U6S0U9S0S8O1N8N1L1M1K4L9T5T9,2026-09-17,299,155,34,3,1,283,145,32,3,16,False
PRC_U2V4T0B6C2A8A1Z4A4Y4G2H4F6G3E7,2025-12-02,298,239,1,4,1,298,239,1,4,0,True
PRC_U2V4T0U8C3A0B1Z3A3Y9Y3H4F0F0E6,2025-05-01,300,257,0,2,1,300,257,0,2,0,True
PRC_U2V4T1U1S2T7R1S0N5O5M1K4L7J3K3,2025-07-03,298,249,2,6,1,298,249,2,6,0,True
PRC_U2V4T1U2S1A6A1Z4Z1Y4Y4W2F9F8D0,2025-03-13,300,240,0,3,1,300,240,0,3,0,True
PRC_U2V5T0T3S0T5O1N4N3L1M4L5L7T3R1,2026-03-12,295,189,0,0,1,294,188,0,0,1,False
PRC_U2V5U1Y1S2E4H1G6L3Q4X5N4F6S2U3,2026-01-29,296,203,0,3,1,295,203,0,3,1,True
PRC_U2V6R0C5L1F1C1P7J4W6G5Y1I2X9R2,2026-08-26,299,215,0,3,1,284,202,0,3,15,False
PRC_U2W4U1V1R2W7H1O1Z2M7G2S9O1W4D5,2024-12-10,300,280,0,5,1,300,280,0,5,0,True
PRC_U2W5F0P4X2X1I1P7A3H4P1W8K9K6S1,2025-05-01,300,265,0,4,1,300,265,0,4,0,True
PRC_U2W6H0M4B2M9F1I8R1A9J1J1X9H4F4,2026-08-26,299,208,0,3,1,284,196,0,3,15,False
PRC_U2X4W1J2K1F0K1K4C3H8E4W0E3G1A1,2024-12-10,300,178,93,0,1,300,178,93,0,0,True
PRC_U2Y6S0D7E3X0F1V4G3W1D0R2R2W1V5,2026-07-30,299,225,0,0,1,284,215,0,0,15,False
PRC_U2Z5Y0D8L2R6H1Z2I2X8R0Y8F0U1R3,2025-10-26,298,256,1,2,1,298,256,1,2,0,True
PRC_V2A6Y0F9S1P7A1G6I3K4Z0B3Z9B9O8,2026-09-17,299,150,15,2,1,283,141,13,2,16,False
PRC_V2B4N1B2P1L0L1D4I3M7S2Z5B1U3X2,2024-12-10,300,183,94,1,1,300,183,94,1,0,True
PRC_V2B6X0K3Y1L7X1E9P3U8Q0N0U6N8O4,2026-03-31,295,193,0,4,1,294,193,0,4,1,True
PRC_V2C6D0M3B1F1R1S6P0A2F3S5T3R1M1,2026-09-03,299,268,1,3,1,283,253,1,2,16,False
PRC_V2C6I0F4Y0K2N0Z7G4B1Y4Y8C7S1C6,2026-08-20,299,227,0,1,1,284,213,0,1,15,False
PRC_V2D4C0B6Z2A4W1V4T4R4A3B3A3Y2X1,2024-12-27,300,179,0,2,1,300,179,0,2,0,True
PRC_V2D4E0D7B2A5I1H0G3H4G5C1A1Z7X0,2024-12-27,300,151,5,9,1,300,151,5,9,0,True
PRC_V2D4E1D0C0A4W1X4W0U0T3B2C2B9Z5,2025-12-02,298,208,4,8,1,298,208,4,8,0,True
PRC_V2D5E0N3A0N4E0C9B5F0W4V7F4H1A2,2025-04-02,300,252,2,2,1,300,252,2,2,0,True
PRC_V2D5N0A1G1K6F1I4Y2T0R0N7F6O0M1,2025-02-27,300,210,0,1,1,300,210,0,1,0,True
PRC_V2D6D0H4H1E7R1Z9K2W0S3F5I4G9P6,2026-04-18,295,212,0,2,1,294,211,0,2,1,False
PRC_V2D6O0Q2W2Y5Z1T0X2V9K4P1S4Y2C1,2026-03-31,295,178,0,1,1,294,178,0,1,1,True
PRC_V2E5B0G9Z0U9I1Z8W3D8S0P3F6A5R6,2025-11-13,298,233,1,3,1,298,233,1,3,0,True
PRC_V2E6C0R4E2I8C1C8Y1M7J5P3G9G0W9,2026-08-20,299,188,0,0,1,284,177,0,0,15,False
PRC_V2E6S0J4P0L1S1G4U3T0H4X8P5K0N6,2026-06-18,300,234,0,9,1,285,221,0,9,15,False
PRC_V2F6Q0J5P1G3B1I7P2G5S1T6X8L3K5,2026-08-20,299,173,5,9,1,284,163,5,8,15,False
PRC_V2G4P1U1A2L2O1E3J5W2U0Q2C4Z9X9,2024-12-27,300,157,0,1,1,300,157,0,1,0,True
PRC_V2G4W1P2P2V0G1Q6P0J5R3Y3E6V8T0,2024-12-26,300,233,5,22,1,300,233,5,22,0,True
PRC_V2G5Q1I2C0L9Z1F5D0U1M3A2A7G2O1,2026-01-15,296,207,3,0,1,295,206,3,0,1,False
PRC_V2G6F0F3Z3B1A1E9P5Z3E4A2Q0S2A5,2026-04-10,295,222,5,7,1,294,221,5,7,1,False
PRC_V2G6Z0Z9V1L5C2O0A3O0D5X6O9U2F3,2026-09-17,299,157,37,4,1,283,147,35,4,16,False
PRC_V2H4K1L1N2O7F1Y0R0M0K1G4Q5E2E7,2024-12-27,300,157,2,6,1,300,157,2,6,0,True
PRC_V2H5J0N2E1N4V1W4S5T0W3U4A1S5K6,2025-03-13,300,259,0,0,1,300,259,0,0,0,True
PRC_V2I4I1T1G2K0Y2W0S5Q7W4I5Z6F4V1,2024-12-02,300,285,0,0,1,300,285,0,0,0,True
PRC_V2K4W1T1T2P6R1I8Y2Q6Q1W8U5P0U1,2024-11-28,300,268,0,0,1,300,268,0,0,0,True
PRC_V2L5L1T1R1O9F1B7C0E7D1H2G5T6P8,2025-11-27,298,255,1,2,1,298,255,1,2,0,True
PRC_V2M5O1V2S1M5X1D4F0R4E2G2Z0B0Z0,2026-01-29,296,204,0,1,1,295,204,0,1,1,True
PRC_V2M5T0C3S1V3R1R3C4C1R3G8I8N7T3,2025-03-13,300,269,0,1,1,300,269,0,1,0,True
PRC_V2M6Y0C3G1L0W1I1J0Z7H4B3L8X7N3,2026-04-23,295,196,0,1,1,294,195,0,1,1,False
PRC_V2M6Z0O4Q2Y8V1I8P1R9G1Y5H1E7Z0,2026-08-20,299,184,0,2,1,284,174,0,1,15,False
PRC_V2P4S1N0V0H2V1D4Z1V9J4L4Q7T8Q0,2024-11-28,300,203,4,15,1,300,203,4,15,0,True
PRC_V2R5L0V1K0Q8G1O3V4I4B0J2X0G1P6,2025-01-08,300,202,3,25,1,300,202,3,25,0,True
PRC_V2S5J0Q9A1N1Z1A5M4K0Z2N8Y2F3L7,2025-09-11,298,168,0,0,1,298,168,0,0,0,True
PRC_V2T4T0S6I1I1G1H3G0G9F4N0N5M5M8,2025-02-27,300,245,1,2,1,300,245,1,2,0,True
PRC_V2T4U0S8A0B7Z1Z7Y1Z6X4X5F8G5E5,2024-12-31,300,282,0,4,1,300,282,0,4,0,True
PRC_V2T4U1S2R0R2N1N6M5M4K5J9K4R8S5,2025-10-26,298,255,1,3,1,298,255,1,3,0,True
PRC_V2T4U1T1R2R1N1O0M2N5L4J3K5S8T2,2026-04-23,295,215,0,0,1,294,214,0,0,1,False
PRC_V2T6H0L4Q1P0C1G0U4P7R1B1P5E8T8,2026-05-07,286,201,0,2,1,285,200,0,2,1,False
PRC_V2U4B0A6Z2I0D1M0J0I9R3Q1M4S7R2,2024-11-28,300,247,4,8,1,300,247,4,8,0,True
PRC_V2U4C0B7C3B0Z1H4G1E1D0E2B7Z6Y0,2024-12-31,300,243,31,16,1,300,243,31,16,0,True
PRC_V2U4C0C9B1B9Z1A6Z3Z5H0H5F6E9F4,2025-01-08,300,264,0,0,1,300,264,0,0,0,True
PRC_V2U4C0D5C3A0Z1U3V4U5T2R4Z0H9F9,2025-05-01,300,257,1,3,1,300,257,1,3,0,True
PRC_V2U4S0T9S2O6M1N8L1K4T5R6S1Q4P7,2024-12-10,300,258,1,4,1,300,258,1,4,0,True
PRC_V2U4S1T0S0N9M2L1K2S6S0R1Q8O5X3,2025-01-08,300,270,0,1,1,300,270,0,1,0,True
PRC_V2U5C1C2A2B4Z1A2Z2Z2V2V0T1U3T4,2026-04-23,295,174,0,0,1,294,173,0,0,1,False
PRC_V2U5G0F9U1Y7Z1C4D2T1V2X1Z2X6T5,2025-09-25,298,213,0,5,1,298,213,0,5,0,True
PRC_V2U6U0S2T1S0S2A0B4Z0X0Y1W5X8T6,2026-09-17,299,200,0,4,1,283,189,0,3,16,False
PRC_V2U6W0V2S0T4U1X8J0F2L2N9I9C2M7,2026-02-12,296,155,0,0,1,295,155,0,0,1,True
PRC_V2V4T0P9Q2O3O1N7O2M6M1Z4A6Y8Y3,2025-02-27,300,236,0,5,1,300,236,0,5,0,True
PRC_V2V4T0U8C2D7B1B4A0A2Z4H9H5G0G4,2026-04-23,295,173,0,0,1,294,172,0,0,1,False
PRC_V2V4T1S2T0R2R1Z7A0Y6Z3X1W8W3E7,2025-12-02,298,230,0,1,1,298,230,0,1,0,True
PRC_V2V5R0V9L2B4O1F2N3U2X4K2U7M6C3,2025-11-13,298,110,23,23,1,298,110,23,23,0,True
PRC_V2V5T0U2T2T4R1S7N3M9N4L9L7K6L6,2025-11-13,298,226,0,1,1,298,226,0,1,0,True
PRC_V2V5U0C8C2A7C1A1A3Z7G4H2G0G3E7,2026-01-29,296,221,0,0,1,295,221,0,0,1,True
PRC_V2V6S0J3H1C3S1X2J3A8D2G0O7F4G2,2026-04-23,295,178,1,3,1,294,177,1,3,1,False
PRC_V2W4U0C9D2B3B1Z0A4V9W3U1V1T4S8,2025-01-08,300,267,1,1,1,300,267,1,1,0,True
PRC_V2W4U1U1T2R7S1A5A5Y4Z5X0Y9X8E2,2026-08-26,299,223,0,0,1,284,211,0,0,15,False
PRC_V2W5E0F4D1D0C1A5B0J3J3I9I6G8H4,2026-07-23,299,187,1,7,1,284,179,0,6,15,False
PRC_V2W5U0C6D0B9C0A9B3Z8A4I4G2G7F9,2025-06-26,298,248,1,2,1,298,248,1,2,0,True
PRC_V2W5U0U4T1R8S1Z1A1Z0Z2X2W1W2E0,2026-08-26,299,215,0,0,1,284,203,0,0,15,False
PRC_V2W5U1U1S2T7B0C9A4A0Z5Z5Y6G1G8,2026-07-23,299,171,3,7,1,284,163,1,7,15,False
PRC_V2W5U1U2C1D9B1C8A2B9Z1V6V4U0V4,2026-09-03,299,265,0,0,1,283,249,0,0,16,False
PRC_V2W5U1V2C1D1B1C4A3B1Z3H3I0G5H4,2026-08-20,299,177,0,7,1,284,167,0,6,15,False
PRC_V2W5U1V2T1T8B1C5A5B3Z0A1Y4Y0G2,2026-04-23,295,215,0,0,1,294,214,0,0,1,False
PRC_V2W6U0V9D0D8B1A9B1Z3A0V2W9V2T9,2026-09-17,299,154,49,0,1,283,144,47,0,16,False
PRC_V2X4O1Y1Q2E1C1K7A2X7J2V0M3F7K2,2024-11-28,300,171,83,1,1,300,171,83,1,0,True
PRC_V2X5S0P2S1F8N1K8E0P1S4V0B5I5Q7,2025-02-27,300,187,0,1,1,300,187,0,1,0,True
PRC_V2X6E0Z3G1E7L2P0N0A0B4W9O2W3V3,2026-03-20,295,164,1,0,1,294,164,1,0,1,True
PRC_V2X6R0E5I1T3Z1P7I5O7R0R2Q2R5T1,2026-08-20,299,234,0,0,1,284,220,0,0,15,False
PRC_V2Y5P0Z6X2I3J1D5C4N4J4V6C1D5O9,2025-07-04,298,179,2,0,1,298,179,2,0,0,True
PRC_V2Z6M0D5U1C4Y0K9G4W4B0I1J6T4D9,2026-08-20,299,217,9,7,1,284,205,9,5,15,False
PRC_W2B5E1N1E2B6U1G3Q5D5Q2D9T3C9D1,2026-01-29,296,245,1,0,1,295,245,1,0,1,True
PRC_W2C5U0C4Z2M1M1W7K3N1Z3J3E4Y8W3,2025-05-01,300,265,0,2,1,300,265,0,2,0,True
PRC_W2D5E0D7D2B1C0A8W4X8V2V1U8V4T0,2026-04-23,295,214,0,0,1,294,213,0,0,1,False
PRC_W2D5M1F1S2A4F0Y8I3L1A4G4T5M6H2,2026-02-12,296,156,0,1,1,295,156,0,1,1,True
PRC_W2E4E1D1B0B5A1B4I0J2H0G6G2E3G5,2024-12-10,300,270,1,0,1,300,270,1,0,0,True
PRC_W2E4F0D6D1C3A1B0W3X6W3W4U0V0T5,2024-08-28,300,291,0,1,1,300,291,0,1,0,True
PRC_W2E4F0D7E1C6A1B1W4Y0W5W1U5T2U4,2026-01-29,296,203,0,2,1,295,203,0,2,1,True
PRC_W2E4F0D9E0C9D0B9B2J3K5I5H0H8F9,2026-03-12,295,181,0,5,1,294,180,0,5,1,False
PRC_W2E4Q1D1Y1L4Y1L2C4Q6E2M1C7U0T7,2024-11-14,300,191,0,0,1,300,191,0,0,0,True
PRC_W2E5C0Z7F0M7U0Q7R4F5A1E1D8I2H5,2025-08-05,298,178,2,0,1,298,178,2,0,0,True
PRC_W2E5E0D4B0C3A1B0W2X5W2U0U2S1T3,2025-10-26,298,252,0,6,1,298,252,0,6,0,True
PRC_W2E5F1D2C0C9J1H6I4G9H5F7G1C8C1,2026-04-23,295,186,0,0,1,294,185,0,0,1,False
PRC_W2G5H1C1W1W8K1S6T0L3F1I3S6S5X3,2025-12-02,298,231,0,2,1,298,231,0,2,0,True
PRC_W2I6T0L3J1E0D1C1O1I0F2K8M9K4O5,2026-05-07,286,173,0,1,1,285,173,0,1,1,True
PRC_W2J4G0R7Q1P8Q1G7B4C4K3G4A7L7V6,2024-08-02,300,186,1,0,1,300,186,1,0,0,True
PRC_W2J5B0I4P1S7S1K3O5Z1D2S5K6K4H7,2025-05-01,300,257,3,5,1,300,257,3,5,0,True
PRC_W2J5Z0Q7R1V6U1O3J0D5T5O2K5P5E8,2025-08-04,298,228,0,4,1,298,228,0,4,0,True
PRC_W2J6S0M3S2U3J1B9B2V8A2R3J6W0J8,2026-05-07,286,197,0,4,1,285,196,0,4,1,False
PRC_W2J6X0K7H2P4Y1C9V4V5N5M1P0E2H3,2026-07-30,299,218,0,5,1,284,207,0,5,15,False
PRC_W2L4X1B2N0Z5X1S0M5P0S4D1W5J6N7,2024-12-05,300,160,3,0,1,300,160,3,0,0,True
PRC_W2L5Q0O8H0O4I1M3W3M7M5D1F4U5F5,2025-08-04,298,162,87,1,1,298,162,87,1,0,True
PRC_W2L5V0D9A1S1W1T5G4F4S1Q8N7B6D8,2025-09-11,298,164,0,2,1,298,164,0,2,0,True
PRC_W2L5W0V9F2I4P1V8O0M6T2O7U3J7Z3,2025-12-02,298,237,0,0,1,298,237,0,0,0,True
PRC_W2M5Z0K7J1N6I1H3T0X7B3N0K2T9U1,2025-08-04,298,231,0,2,1,298,231,0,2,0,True
PRC_W2M6C0D4B2E1B2P1X0X1W1E6G9S0R2,2026-04-23,295,212,0,1,1,294,211,0,1,1,False
PRC_W2N4M0L8E0A2F1D3M4Z9T1M2W7E8L2,2024-08-02,300,188,0,0,1,300,188,0,0,0,True
PRC_W2N5E0X4S2F1R1H5B2Z4L1T7O4L8X2,2025-05-01,300,260,2,2,1,300,260,2,2,0,True
PRC_W2O5V0N7I2N8G1J9L0H0Q4K2K0U3V6,2025-08-24,298,183,3,0,1,298,183,3,0,0,True
PRC_W2P5T0W4Z2C1X1G7Z3E2H5G5F1C3C3,2025-05-01,300,267,0,2,1,300,267,0,2,0,True
PRC_W2P6F0D3T1X2C2T0K3T9B3L7K5E1G5,2026-03-31,295,175,0,2,1,294,175,0,2,1,True
PRC_W2R4D1V2O3C1F1X3Z3P5Z5P6P9Y1Z7,2024-12-31,300,192,71,23,1,300,192,71,23,0,True
PRC_W2R5E1S1H2W4I1M6A4Q5B4E2R4R2V6,2026-05-07,286,185,1,6,1,285,185,1,6,1,True
PRC_W2R6V0F3A3Q1Q1Q9I5O8O3F8F2L3E7,2026-04-10,295,224,6,5,1,294,223,6,5,1,False
PRC_W2S4Q0Q8P0Q2O1O6W2V7V1T4U0T0T9,2025-12-02,298,217,0,3,1,298,217,0,3,0,True
PRC_W2S5K0R9Q1T6J1N3R3W9J1D8M2X4J5,2026-08-26,299,152,74,1,1,284,145,68,1,15,False
PRC_W2S5L0N6A2F3V1A5D4D3G2H8H5T8K8,2025-07-04,298,180,2,1,1,298,180,2,1,0,True
PRC_W2S5U1S1M2E5V2Y0K1V7C3F9D1L8Q5,2025-12-02,298,242,0,3,1,298,242,0,3,0,True
PRC_W2T5B0C4I2A5R1V6C2P6V2V8T5R1T6,2025-06-05,296,195,3,0,1,296,195,3,0,0,True
PRC_W2T5E0V3A0T4P0M9Z5Z1I5A0D7S0W6,2025-04-02,300,257,0,1,1,300,257,0,1,0,True
PRC_W2T5F0M6Q2X3I1G5V4C3S4Q7S7Y8Q9,2025-07-04,298,181,2,0,1,298,181,2,0,0,True
PRC_W2U4T0V6U0T4A1Z0A2Z5X4G4E3D5C7,2024-12-26,300,278,0,1,1,300,278,0,1,0,True
PRC_W2U4U0C8D2B1A1A0Y2Z7H5I3G7G8E7,2025-01-08,300,257,3,15,1,300,257,3,15,0,True
PRC_W2U4U0T6B1B0Z1A9Y2Z2Y0F3G0F0F9,2025-01-08,300,255,5,3,1,300,255,5,3,0,True
PRC_W2U5U0C2D0B6C1A1Z4Z2H4G3G7F5G0,2025-12-02,298,226,0,2,1,298,226,0,2,0,True
PRC_W2U5U0T6B0B9Z1A1Y0Z1Y2Y4G4G5F4,2025-12-02,298,236,0,4,1,298,236,0,4,0,True
PRC_W2U5V0D4B0C4A1B0Z1A5I3I3G2H8F1,2026-08-26,299,215,0,0,1,284,202,0,0,15,False
PRC_W2U5V0T1T1C3A1A7Y4Z3Y3Y4G4F2F6,2026-03-12,295,176,6,3,1,294,175,6,3,1,False
PRC_W2U5V0T2U1S7T1B3B1Z0A3Z2X9X7F9,2025-10-26,298,248,5,4,1,298,248,5,4,0,True
PRC_W2U5V0T6T1P9O1O4M1N8M2M3U1U7T6,2026-08-20,299,208,0,4,1,284,194,0,3,15,False
PRC_W2U5V1T1P0P6N1P5N5N7L3U7U8S6T3,2026-03-31,295,209,0,1,1,294,209,0,1,1,True
PRC_W2U6R0A3I2C3U1O9O3A4O2O1N8V6G7,2026-05-07,286,199,0,1,1,285,198,0,1,1,False
PRC_W2U6S0O4B2V0K1C0K4F2T4D8H4J7K6,2026-05-07,286,164,0,1,1,285,164,0,1,1,True
PRC_W2V4A0U6T2T0Z1Z4Y0E2D2V8U6B2A6,2024-11-28,300,229,0,1,1,300,229,0,1,0,True
PRC_W2V4U0B7B1H8G0G9M1L8K1J5P0N3M4,2024-12-10,300,256,0,5,1,300,256,0,5,0,True
PRC_W2V5D0B9A1B5A1I1G5H0G1I0G5O3N1,2026-05-07,286,208,0,0,1,285,207,0,0,1,False
PRC_W2V5E0C8E0C6L2H2H0D3C5B8H4H5Q1,2026-05-07,286,166,0,0,1,285,166,0,0,1,True
PRC_W2V5I0Y2N1T7O1V4H2B7D4W7U7F0M0,2025-02-27,300,239,14,4,1,300,239,14,4,0,True
PRC_W2V5V1U0U1C9D2B0B2A6Y0Z1U6V9T5,2026-06-18,300,249,0,2,1,285,236,0,1,15,False
PRC_W2V6T0T4S2T0A0B9A5Y5Y4X9X5F5E0,2026-04-23,295,153,0,11,1,294,153,0,11,1,True
PRC_W2W4U0C8C0A5B0Z9A5Y7G4H0F1F0E5,2024-12-02,300,284,0,1,1,300,284,0,1,0,True
PRC_W2W4V0U7C2B6I1H9I4H1F0V9U5T8S0,2024-11-28,300,252,2,5,1,300,252,2,5,0,True
PRC_W2W4V0W8U2C8D1B4C1A8A5Z5V7V4U3,2024-12-27,300,161,0,4,1,300,161,0,4,0,True
PRC_W2W5C0M1A2H1G1V8Y4E4P0V0A7X8V9,2025-02-27,300,203,0,1,1,300,203,0,1,0,True
PRC_W2W5U0V1T0U3S1T4B0Z2A3Y8Z4X5Y8,2025-12-02,298,224,3,12,1,298,224,3,12,0,True
PRC_W2X4F0F8E1E9D1D1B2C9K4I8J6H3I5,2024-12-31,300,279,0,5,1,300,279,0,5,0,True
PRC_W2X4V0V8D0E5C1B6B5Z4A5W9X9V5V7,2024-11-28,300,239,1,7,1,300,239,1,7,0,True
PRC_W2X4W1U1U0T7T1B7C0A4Y5Z6Y5Y4G0,2026-01-29,296,195,0,0,1,295,195,0,0,1,True
PRC_W2X4W1W2E2E7D1B5C4A7B3J7J0H0I1,2025-11-13,298,145,1,10,1,298,145,1,10,0,True
PRC_W2X5E1X1Y2C0W1X5P5H0M3C0P2V7F4,2026-01-29,296,194,2,2,1,295,194,2,2,1,True
PRC_W2X5W0U8D1K1I1H4G3C6B5B6A1Z6H9,2026-04-23,295,217,0,0,1,294,216,0,0,1,False
PRC_W2Y4N1C1P2I7R2C0Y3V5L2D8R8H1K3,2024-12-10,300,273,0,5,1,300,273,0,5,0,True
PRC_W2Y5J1A1K2T4I1Y6N4B3C2D1Z2N0I6,2026-01-29,296,198,2,3,1,295,198,2,3,1,True
PRC_W2Y5Q1R2S0D2H2I2C5C0X1V4Q4M5U3,2025-12-02,298,249,8,6,1,298,249,8,6,0,True
PRC_W2Y6W0K3A2L3T1A9R3F0B1L0Z9Q9Q2,2026-05-07,286,198,0,1,1,285,197,0,1,1,False
PRC_W2Y6Z0W8G2L7B1U6W3D1T5U0C6L3P7,2026-09-17,299,192,2,4,1,283,180,2,4,16,False
PRC_W2Z5C0L6Y2U3B1Z5C4M0F2O5G2U7N1,2025-07-04,298,180,2,0,1,298,180,2,0,0,True
PRC_W2Z5X0S1Y2Z2E1M7M1C4Q0T5G1G2B5,2025-04-02,300,251,5,5,1,300,251,5,5,0,True
PRC_W2Z5X1O1U1K8S1P6U0W4D4C0T7P0T4,2025-12-02,298,233,0,6,1,298,233,0,6,0,True
PRC_X2A4X0I5U3L0T1D6L5T2K1D9G6Q3S4,2024-07-04,300,189,1,0,1,300,189,1,0,0,True
PRC_X2C4K1F1V1K3U1X3D5W7O0N3N9W8V9,2024-11-28,300,202,6,39,1,300,202,6,39,0,True
PRC_X2C6V0Q3W3Q1O1W8E3C9X3V9G6M7I3,2026-04-23,295,173,3,2,1,294,172,3,2,1,False
PRC_X2D5E0W2Q1A4F1S4J5Z8J0R7F4A0C9,2025-12-03,298,252,0,2,1,298,252,0,2,0,True
PRC_X2E4D0C7Y1X8U1L5K4E2E4C9B4K5J3,2025-04-02,300,257,0,2,1,300,257,0,2,0,True
PRC_X2E4F1D1E2C5B1B3J5K6I3J2H3F2G9,2025-10-26,298,263,0,3,1,298,263,0,3,0,True
PRC_X2E5F0D7E1C8D1B1C5J0I5J8H7H7G4,2026-08-20,299,182,0,0,1,284,171,0,0,15,False
PRC_X2E5T0T9N1E6K2B0E0P2K4G9P9A5T8,2025-10-26,298,194,34,27,1,298,194,34,27,0,True
PRC_X2F4F0E9E0D5D1C0C4K8I4J9H6I4G4,2024-12-10,300,284,1,3,1,300,284,1,3,0,True
PRC_X2F4G0E7F1D1E1C0C5K1J0J1I2I9G4,2024-12-27,300,159,0,0,1,300,159,0,0,0,True
PRC_X2F5G1E2E0D8B0C6X4Y3W1X3V2W7U2,2026-05-07,286,210,0,0,1,285,209,0,0,1,False
PRC_X2F6D0E3F1J0T1W1J3G0K4C3A4H4O0,2026-04-23,295,138,11,22,1,294,137,11,22,1,False
PRC_X2G5E0T9U2C4G1M2C3Z0H1N0K2S6G6,2025-11-13,298,156,0,1,1,298,156,0,1,0,True
PRC_X2H4L1L1G2N7C2C0J3Y7B2Z8E4W1M7,2024-12-10,300,249,26,5,1,300,249,26,5,0,True
PRC_X2H4V1D1I2I0Y1Z5E4H4F2O5L7N9Y1,2024-11-28,300,238,1,0,1,300,238,1,0,0,True
PRC_X2H5L0K1X2K2Q1R7U1V1C5K3T2G4M9,2025-02-27,300,193,3,6,1,300,193,3,6,0,True
PRC_X2H5N1C0L0X1X1W7R2G1P3S4S8Q5K4,2025-12-03,298,242,5,5,1,298,242,5,5,0,True
PRC_X2I5P1X1S2F6N1V4U0A2V0G1R1V8I3,2026-01-29,296,230,0,4,1,295,230,0,4,1,True
PRC_X2J5P0G9W0T9E1L8T4S0I3H5A0V3S7,2025-11-13,298,233,0,2,1,298,233,0,2,0,True
PRC_X2J6U0Z4T0L2M1C0R5N4I2Z0T8C0G6,2026-04-23,295,176,0,1,1,294,175,0,1,1,False
PRC_X2K5E1X1J2P1Y1Q7O0W8F1P9L8H5M2,2025-12-30,298,221,0,4,1,298,221,0,4,0,True
PRC_X2K5K0H9Y2T2G1Z6X4J9Z1D5Z0L6I0,2025-12-02,298,230,3,14,1,298,230,3,14,0,True
PRC_X2K5Q0Q9A2K4H1K8Y0V7U1H9W8Y3W2,2025-12-02,298,240,1,1,1,298,240,1,1,0,True
PRC_X2M5F1I1U2Y6R2R0I1W3H4Y8D0J7T6,2026-02-12,296,158,0,0,1,295,158,0,0,1,True
PRC_X2M5K0D4D1N4T1K4H1L8E5X3Z0I1K5,2025-04-15,300,168,0,0,1,300,168,0,0,0,True
PRC_X2N4P0X8D2O7U1V1O2G4X5G1P7A1P0,2024-11-14,300,291,0,0,1,300,291,0,0,0,True
PRC_X2O4P0F6H2U8T1O0K5T3P0I0A2K2Q3,2024-12-02,300,276,1,6,1,300,276,1,6,0,True
PRC_X2P6H0M3Z3O1B1H8O1N6T2C8G0Z3J7,2026-04-10,295,222,5,7,1,294,221,5,7,1,False
PRC_X2Q4E1I1O2J7U2U0P3P3Z1J1O4M5X7,2024-12-10,300,270,0,2,1,300,270,0,2,0,True
PRC_X2Q6H0O4Z2U0Y1H0Q4Y5H1L8Q3B5M4,2026-05-07,286,165,0,1,1,285,165,0,1,1,True
PRC_X2S5N0X9I2H4G1J4Z3G7B4Y8G6B3E0,2025-11-13,298,156,0,0,1,298,156,0,0,0,True
PRC_X2T4R0S6Q1R0P1Q1Y0Y8W1X7W0U1U1,2025-02-27,300,209,0,1,1,300,209,0,1,0,True
PRC_X2T4R0S7Q1R7P1X0Y2W3X2V9W4U8V1,2024-09-26,300,195,0,2,1,300,195,0,2,0,True
PRC_X2U4D0C5F3E0B0J9J1G8P4O3L4H1I4,2024-09-26,300,228,0,3,1,300,228,0,3,0,True
PRC_X2U4T0Q7T1S8R0Z9W1V9E5D1A5I7G0,2024-12-10,300,258,1,3,1,300,258,1,3,0,True
PRC_X2U5T0U9J1I8H0F8O2M7N5M3K4S7R2,2026-01-29,296,221,2,14,1,295,221,2,14,1,True
PRC_X2V4W0L8L0K9K1J0J5I3I1Q2O6P0N1,2024-12-31,300,270,1,12,1,300,270,1,12,0,True
PRC_X2V4W0U6V1T3U1P6Q1O0P2N7L9M6U1,2024-09-26,300,242,0,1,1,300,242,0,1,0,True
PRC_X2V4W0U7V0C3B1C3A1A8Z3A9H8I9G1,2025-03-13,300,244,0,2,1,300,244,0,2,0,True
PRC_X2V4W0U8Q2Q2P0P9O1O3N0N5V2U6U1,2025-05-01,300,257,0,7,1,300,257,0,7,0,True
PRC_X2V5W0U4V1C0D1B5A0A4Z5Z0V2W3U9,2026-07-23,299,188,1,4,1,284,180,0,3,15,False
PRC_X2V5W0U4V1D1D1B5C1A4Z2Z1V8V4T9,2025-11-13,298,226,1,3,1,298,226,1,3,0,True
PRC_X2V5W0U7V2D9D1B1C3A4B0Z2H9I6G9,2026-07-23,299,193,1,2,1,284,185,0,2,15,False
PRC_X2V5W1U2V0C3D1B0A3B1Z0Z5L3N4L9,2026-06-18,300,252,0,0,1,285,238,0,0,15,False
PRC_X2V6W0E8C1D1C1C0A2I9J4H0I9G2H4,2026-09-17,299,153,47,0,1,283,143,45,0,16,False
PRC_X2W4E0D9A2I6H0G9F5N9M1M6K7E6D8,2026-03-12,295,188,0,1,1,294,187,0,1,1,False
PRC_X2W4E1D1D0C5B1I6Q2P6N2M0I1H1I0,2025-04-02,300,255,0,5,1,300,255,0,5,0,True
PRC_X2W4L1M0L2J8I0Q9P3O7O1N2V6U9T4,2025-10-26,298,248,2,11,1,298,248,2,11,0,True
PRC_X2W4U0T7B1C9A1Z3Y1G4H0G1E2D0L7,2026-07-23,299,183,1,3,1,284,174,0,3,15,False
PRC_X2W4V0R6P2O7P1N4U3C0B5A6A2Z3I5,2024-12-27,300,158,0,0,1,300,158,0,0,0,True
PRC_X2W5S1I2J2K3A1G1A3M0N0R4A0Q3D2,2025-12-24,298,170,3,4,1,298,170,3,4,0,True
PRC_X2W5V0B2V1B7K1M9Y3P3A3O6A2Y2U3,2025-02-27,300,191,5,19,1,300,191,5,19,0,True
PRC_X2W5V0T3P1Q8P1O5M1V1T1U8T9R9Z2,2026-04-23,295,168,0,0,1,294,167,0,0,1,False
PRC_X2W5W0U5V0T1B1C4A5B2Z5A3Y5Z1U4,2025-11-13,298,156,0,0,1,298,156,0,0,0,True
PRC_X2W5W0V4T2U4B1C5A5B5Z1A1Y7Y5U1,2026-03-31,295,189,0,1,1,294,189,0,1,1,True
PRC_X2W6P0A3C1Z7M1I6V0Y1E1R8O6G0U5,2026-03-31,295,207,1,1,1,294,207,1,1,1,True
PRC_X2X4V0W7U1C1D1B0C5A3Z1Z8H6I3G1,2025-11-13,298,236,0,1,1,298,236,0,1,0,True
PRC_X2X4Y1Z1D2C7K2K0K3K8W2V9Q5F8B5,2024-12-10,300,283,0,3,1,300,283,0,3,0,True
PRC_X2X5V0K6B2Z3S1Y5J4X4G3W2N3E9H2,2025-07-04,298,180,2,0,1,298,180,2,0,0,True
PRC_X2X5W0W6U3V0D1E2C1C9A3B7Z1H0I1,2026-03-31,295,195,0,1,1,294,195,0,1,1,True
PRC_X2X5W1K2I1Y9S1P6W5X8D5A6P0V8Q4,2025-12-22,298,245,0,1,1,298,245,0,1,0,True
PRC_X2X6T0T9S1Q1R1P7Q1Y6Y0W4V6W9U7,2026-09-17,299,152,1,0,1,283,144,1,0,16,False
PRC_X2X6V0W2V1V1D2E0C1C0A2B7A0H0I0,2026-04-23,295,175,0,1,1,294,175,0,0,1,False
PRC_X2X6Z0Z4O2P8N2L0U2E2Q0U4J0A4V6,2026-08-20,299,172,4,11,1,284,163,1,11,15,False
PRC_X2Y4W0X6V1W2D1C6D1B8B2A8A3I2J3,2025-10-26,298,261,0,1,1,298,261,0,1,0,True
PRC_X2Y4W1E2F1D6D1C7D0B0B4K9I4I9G3,2026-06-18,300,255,0,0,1,285,240,0,0,15,False
PRC_X2Y5W0W7F0D8D1C3C5B5B4X4X0W0U7,2025-11-13,298,122,5,27,1,298,122,5,27,0,True
PRC_X2Y5W0X1T0T6S1Q4Q0P3Q1X7Y3W1X5,2025-10-26,298,234,4,15,1,298,234,4,15,0,True
PRC_X2Y6F0E1F2D1D0B9C3K3L5J8J5I4G1,2026-08-20,299,178,0,7,1,284,168,0,5,15,False
PRC_X2Y6Q0Q3I3M0Y1V3B5A2X0B6M6H0S4,2026-03-31,295,213,0,0,1,294,213,0,0,1,True
PRC_X2Y6X0E3H2A6V1N3T3I0B2T0G5I5N9,2026-05-07,286,177,0,0,1,285,176,0,0,1,False
PRC_X2Z5Y0T9K1A7R1I2U4W7Y4Y4P7K5M7,2025-10-26,298,257,0,4,1,298,257,0,4,0,True
PRC_Y2A4J0Y9I2L0O1F6H5H2R5Q5B1K5R2,2024-09-26,300,204,0,1,1,300,204,0,1,0,True
PRC_Y2C5K1D1Y1F4G0P9W4Q2L1U9Y2U4B8,2025-12-03,298,171,36,21,1,298,171,36,21,0,True
PRC_Y2C6L0T3Z1J9M2O1Y4Q3T4J2V0U7Y0,2026-04-23,295,173,0,2,1,294,172,0,2,1,False
PRC_Y2E5D0R7S3Q0A1E0C1V8J2E0E4W7E0,2025-08-27,298,167,0,0,1,298,167,0,0,0,True
PRC_Y2E5M0N7V1A6G1F3U0W6X5P3I2N5H5,2025-08-04,298,224,1,3,1,298,224,1,3,0,True
PRC_Y2F5G0E4D2D4B1C5K1L3J4J0I3G8H1,2026-08-26,299,213,0,2,1,284,200,0,2,15,False
PRC_Y2F5Z0C9J2K3Z1M8Y2A4X2R4D5O5K2,2025-12-02,298,224,0,2,1,298,224,0,2,0,True
PRC_Y2F6K0P3B2C3O1R8E3K3J0N1W8W8Q3,2026-05-07,286,214,0,7,1,285,214,0,7,1,True
PRC_Y2G5F0D8C1Y9Z1X4W1V9D1E1C9B0F6,2026-02-12,296,155,0,0,1,295,155,0,0,1,True
PRC_Y2G5H0F4F2E4C1D3Y2Z8X1Y9W0X2V0,2026-03-31,295,181,0,0,1,294,181,0,0,1,True
PRC_Y2G5Z0Y7V3W0B1E0H2M2O0Z6I2F8I8,2025-11-27,298,261,0,1,1,298,261,0,1,0,True
PRC_Y2H4M1M1J2J5C1D7E0L0Q5J3M3S3O8,2024-12-26,300,255,4,4,1,300,255,4,4,0,True
PRC_Y2J4B0J8K2H7G1E1K1K0W5L6I1N5Q3,2024-11-14,300,290,0,1,1,300,290,0,1,0,True
PRC_Y2J4T1U1I2W7R1N8O1P8E5T9P6J5W1,2024-12-26,300,272,0,3,1,300,272,0,3,0,True
PRC_Y2J4Y1E1K2I7R1I1I2G4H5A3D5D4R7,2024-12-10,300,282,1,0,1,300,282,1,0,0,True
PRC_Y2J5M1E2A1L0X1N0U1Z5A4O6H3K9O2,2026-02-12,296,139,10,10,1,295,139,10,10,1,True
PRC_Y2J5P0C6O1D8D1L3K3T5Y0Q8G8E5H9,2025-07-03,298,263,0,3,1,298,263,0,3,0,True
PRC_Y2K4G0I8V2K7G1T1M0B1Z5W9G5F2Z8,2024-11-14,300,286,3,3,1,300,286,3,3,0,True
PRC_Y2K4Y1U2E0G3S1F3U3O5A0J7H0V3U8,2024-12-27,300,184,0,1,1,300,184,0,1,0,True
PRC_Y2L4A0W8L1E9F1H6H4Y4Y1U1J5I4D6,2024-08-28,300,295,0,0,1,300,295,0,0,0,True
PRC_Y2L4B1A2B0P2P1Q1F2K6E5G2E6O0K2,2024-12-26,300,262,1,12,1,300,262,1,12,0,True
PRC_Y2L5E0D9N0P9E1M8D3M9D2G4K6Q0N0,2025-11-13,298,234,1,1,1,298,234,1,1,0,True
PRC_Y2M4S1J1O2T7Z1F5V1V8H3U4Y1A2D7,2024-11-28,300,162,25,29,1,300,162,25,29,0,True
PRC_Y2M6E0K3D2Z3N1J9Q2V6K5C7N0V8I2,2026-05-07,286,207,0,0,1,285,206,0,0,1,False
PRC_Y2M6G0C2G0G6K1Z4P3N9W1D0V0G6B9,2026-03-12,295,164,1,13,1,294,164,1,12,1,False
PRC_Y2N5G0V4F2J8H1H5D5B0Y0F4P4L1C8,2025-05-01,300,259,0,0,1,300,259,0,0,0,True
PRC_Y2N5Q0F3N1H3R1K3J4F1Q2K0P6K2E0,2025-03-13,300,260,0,0,1,300,260,0,0,0,True
PRC_Y2N6U0X4T1U7U1L4J4C6S2G8Y3H4G2,2026-05-07,286,163,1,2,1,285,163,1,2,1,True
PRC_Y2O5X1F2P0F9D1E0O1R8M3C6A3K1B9,2026-02-12,296,159,0,0,1,295,159,0,0,1,True
PRC_Y2O6S0W3C1N2X2Z0M3G0H0Q0N2N2C4,2026-05-07,286,163,0,0,1,285,163,0,0,1,True
PRC_Y2Q5C0B8C2X6B1Y1A1H8R5O5K5D7Z8,2025-10-26,298,258,1,2,1,298,258,1,2,0,True
PRC_Y2Q6I0G2X0V4U1H8N0W3C4I4G7O8V7,2026-03-12,295,178,0,0,1,294,177,0,0,1,False
PRC_Y2R5N1T0G0J1V1W6G0V2Y1G1W0C0Q6,2025-12-03,298,252,0,1,1,298,252,0,1,0,True
PRC_Y2R6L0K3P2B5U2U2T4W5Z0K8D7H8E2,2026-06-18,300,252,0,1,1,285,238,0,1,15,False
PRC_Y2R6W0O3B1D0B1F7B4G1E5T1F6G5K9,2026-04-23,295,178,0,6,1,294,178,0,5,1,False
PRC_Y2R6X0Y1R0L7O1W3Q1G8V0B1A1H3O4,2026-03-01,296,173,2,0,1,295,173,2,0,1,True
PRC_Y2S5L1W1F2N8S1G4A2C0F1D2S4I7Q7,2025-12-02,298,224,5,4,1,298,224,5,4,0,True
PRC_Y2T4Q1D1X2J7W1N9W5K0N2K0F8Z1J8,2024-12-26,300,278,0,1,1,300,278,0,1,0,True
PRC_Y2U5W0A4H2Y1L1P7D2A5G0O9C6J1U1,2025-05-01,300,241,6,25,1,300,241,6,25,0,True
PRC_Y2V5G0F6A2B3O1O5R4U2J5A5X0J3Z3,2025-07-04,298,181,2,0,1,298,181,2,0,0,True
PRC_Y2V5H0R9J2Q4F1D2K4X8O5E8P9J1J2,2025-12-02,298,156,77,1,1,298,156,77,1,0,True
PRC_Y2V6E0B4T2E8K1V7I3W2G1I6W5I8C7,2026-08-20,299,186,0,3,1,284,175,0,2,15,False
PRC_Y2V6X0K2Y0E3A1A8R2L3K5B7Q3U4A0,2026-02-12,296,158,0,0,1,295,158,0,0,1,True
PRC_Y2W4V0U6V1R9P0O9T0R5S5A8Z8X6W9,2024-09-26,300,192,0,2,1,300,192,0,2,0,True
PRC_Y2W4W0J8I0I8G1H6F4G7B3C2B8B9Z7,2025-01-08,300,266,1,3,1,300,266,1,3,0,True
PRC_Y2W4W0V8V0U8U1Q4O2P4N4O4M6N7V2,2024-11-14,300,289,0,0,1,300,289,0,0,0,True
PRC_Y2W4X0F7G0E1E1C3B5C8J5K7J7J1H5,2024-11-14,300,283,0,2,1,300,283,0,2,0,True
PRC_Y2W4X0V8W0V1C1D6B4C1A1Z7Z0H1H1,2026-04-23,295,169,0,1,1,294,168,0,1,1,False
PRC_Y2W5V0W9F1D1B1A0I4J7I3H8F4N3O9,2025-12-02,298,238,2,12,1,298,238,2,12,0,True
PRC_Y2W5V1V1T0U6P1Q0P3P7N4O0M7U4V1,2025-12-02,298,238,2,12,1,298,238,2,12,0,True
PRC_Y2W6X0F4D1E3C1D7B4J2K5I2J4H0H8,2026-08-26,299,205,2,17,1,284,194,1,16,15,False
PRC_Y2X4F0D7C2D5B1Y6X1V9T4U0D3B4B4,2025-02-27,300,238,0,2,1,300,238,0,2,0,True
PRC_Y2X4V1V1R2R6Q0R9P4P7O0W7W4U1V6,2025-04-02,300,260,0,1,1,300,260,0,1,0,True
PRC_Y2X4Y0W9V2D6C1C3B0Z7H1A9B0J3I3,2024-12-26,300,264,1,8,1,300,264,1,8,0,True
PRC_Y2X5Q1D1N2M1I1A5P4C0I3Y2V2H2F5,2026-02-12,296,156,0,0,1,295,156,0,0,1,True
PRC_Y2X5R1Y1B2A5Z1X2B0U4U0A0D3I5K4,2026-02-12,296,152,0,4,1,295,152,0,4,1,True
PRC_Y2X5T1T2T3N0N1S0S4C0O5W8E2O0A3,2025-12-30,298,227,1,0,1,298,227,1,0,0,True
PRC_Y2X5X0V2W1E9C0D9B1C6A3B1J7H1I1,2026-05-07,286,213,0,0,1,285,212,0,0,1,False
PRC_Y2Y4X0F6F1D3F1D4D0B5C0K4I9J5H3,2024-11-14,300,286,0,0,1,300,286,0,0,0,True
PRC_Y2Y5M1O2D0E9K1F5X0A2V2D1D0W1N1,2026-02-12,296,151,0,0,1,295,151,0,0,1,True
PRC_Y2Y5W0X4V1U0U1C5C0B5C5A3A9Z3Z7,2026-07-23,299,188,1,5,1,284,180,0,4,15,False
PRC_Y2Y6G0H2F2D3E1C1D3K6M5K7K8I5J4,2026-08-20,299,196,0,1,1,284,184,0,1,15,False
PRC_Y2Z4X0Y7W1X1T1R4R3P5Q2P5P7X3W8,2024-12-27,300,178,0,5,1,300,178,0,5,0,True
PRC_Y2Z5F0U9Y2N3L1N9N1I7Z2V1H8F9O1,2025-10-26,298,179,89,1,1,298,179,89,1,0,True
PRC_Y2Z5H0H7F0G3F1F6D1M7M4K1L9J4K2,2026-07-23,299,166,9,11,1,284,158,7,11,15,False
PRC_Y2Z6D0S3R1O2J2H0Q3V2Z1K4Z8T3B9,2026-04-23,295,175,0,1,1,294,174,0,1,1,False
PRC_Y2Z6D0X3D1A0I1P1U0E0O0F2F8D0W5,2026-03-31,295,174,0,1,1,294,174,0,1,1,True
PRC_Y2Z6F0J9P1V5A1S1T0T2F3Z3Z0M8P8,2026-09-17,299,151,18,0,1,283,141,17,0,16,False
PRC_Y2Z6G0H9G0E8E1D6D5T5U0S9R5R5Q4,2026-09-17,299,143,50,0,1,283,137,48,0,16,False
PRC_Z2A4I0N6L2U4S1R4P3Q8Y5X7V9W0V8,2024-12-27,300,184,0,0,1,300,184,0,0,0,True
PRC_Z2A4Y0G8H1F2F1E1F1D5D1L8J8K3I0,2024-12-10,300,270,0,0,1,300,270,0,0,0,True
PRC_Z2A4Y0U7U1S1U1S0S4Q7R0Z6X7Y1W0,2024-12-27,300,182,0,0,1,300,182,0,0,0,True
PRC_Z2A4Y0U9V1T0T0R9S5Q7R0Z3A3Y3Y9,2025-10-26,298,253,0,3,1,298,253,0,3,0,True
PRC_Z2A4Y0X6F1G8F1D4C0K2I3J9I2K4J0,2025-03-20,300,247,1,8,1,300,247,1,8,0,True
PRC_Z2A4Z1U0T1S0R1Y7Y4Y1X1W6E5C6B4,2025-02-27,300,244,0,1,1,300,244,0,1,0,True
PRC_Z2A5Y0Y2X0Y3T1U5S4R9R2P6Q6Y9Y2,2025-07-23,297,210,0,2,1,297,210,0,2,0,True
PRC_Z2A6S0N4X0I2C1X1B0A0M4B4A2A1I7,2026-05-07,286,162,1,4,1,285,162,1,4,1,True
PRC_Z2A6Y0Y1X2X1W1E1E4C1D5C5C1A5B4,2026-08-20,299,198,0,0,1,284,185,0,0,15,False
PRC_Z2B4E0C9A0X3Y0T9J5Q0U3J4B5K0K1,2024-09-26,300,235,1,2,1,300,235,1,2,0,True
PRC_Z2C5V0D4L2K3Z1J7G0Y0I1G2A2R4U7,2025-04-24,300,207,0,2,1,300,207,0,2,0,True
PRC_Z2E4M1L2M0X4L1X5K2X9U0U2W9X4I8,2024-12-31,300,284,0,4,1,300,284,0,4,0,True
PRC_Z2E5F0U6N2T3C1I5K4E2Y0V4Q4P3R7,2025-07-04,298,181,2,0,1,298,181,2,0,0,True
PRC_Z2E6S0X9P0W2A1Z9T1A8J2T0C4A4O9,2026-09-17,299,174,0,2,1,283,165,0,1,16,False
PRC_Z2F5E0D3C1L7I1G1C0B7A5A9I8H8E6,2025-12-02,298,220,0,3,1,298,220,0,3,0,True
PRC_Z2F5H0I7Y2H9G1Q4O4D8T4F4O6I9X9,2025-08-27,298,163,0,1,1,298,163,0,1,0,True
PRC_Z2F5I0E4C0Q4D1H3W5V6H0F7B3G7E7,2025-04-17,300,290,0,0,1,300,290,0,0,0,True
PRC_Z2F5T0O1O1T6Z1F4Q1Z5I2R3R7J8I6,2025-02-27,300,207,0,1,1,300,207,0,1,0,True
PRC_Z2G5E1M1T2G4Q1A6Z3H6M5U7P5F1G5,2026-03-31,295,197,1,1,1,294,197,1,1,1,True
PRC_Z2G5H0T6M2X3X1H5V3E8A5X4W1S3R8,2025-07-04,298,181,2,0,1,298,181,2,0,0,True
PRC_Z2H4F1T1Y2E7Q2F0P3C9W1C8U6F3M2,2024-12-10,300,284,0,2,1,300,284,0,2,0,True
PRC_Z2H5I0G5G1E3F1E0E2A3A0Z0Z3X0W4,2026-06-18,300,246,0,1,1,285,232,0,1,15,False
PRC_Z2H6E0H3W2W0U1W5X2M3C0B1N6B4H9,2026-04-23,295,220,0,0,1,294,219,0,0,1,False
PRC_Z2I4Y0O9A0B3B0E9O3J1E1S0S3S6Z0,2024-09-26,300,193,0,4,1,300,193,0,4,0,True
PRC_Z2I5I0H4G1E0F1N5M0L6J5R4Q9R6P3,2026-07-23,299,185,1,5,1,284,178,0,4,15,False
PRC_Z2J4E1Q1H2S0L1H9O5W5C4G1G4W4T2,2024-11-28,300,146,76,0,1,300,146,76,0,0,True
PRC_Z2J6M0O3U3V1Y1D9R5O6I2I7W6H7P6,2026-04-10,295,220,5,10,1,294,219,5,10,1,False
PRC_Z2J6P0Q3I1V0K1Q0E2Q3D5H1V2J9S7,2026-03-31,295,208,0,0,1,294,208,0,0,1,True
PRC_Z2L4K1A1I2Q2K1H3Q5A3F1D9W0H6K0,2024-12-27,300,154,0,3,1,300,154,0,3,0,True
PRC_Z2L6E0Q8A2T7V1W6Z3X7N3B3Z5M7D7,2026-09-03,299,220,5,6,1,283,209,4,5,16,False
PRC_Z2M4M1B2J1J3J1G6C3J3N0Y4E9M6M7,2024-12-26,300,170,92,1,1,300,170,92,1,0,True
PRC_Z2N5S0V8K2B6I1M2G2Z4A5D9U2O3R7,2025-10-26,298,262,0,0,1,298,262,0,0,0,True
PRC_Z2R5B0F8I2N6J1Z1W2O1V1R7A8I5M9,2025-10-26,298,257,0,3,1,298,257,0,3,0,True
PRC_Z2R5K1C0D2Q4Z1H6U5Q1X3B3C4V3P9,2025-10-26,298,200,42,20,1,298,200,42,20,0,True
PRC_Z2R5S1F1Y2I1G1W5Y5K1V5E7Y0Y3P4,2026-02-12,296,158,0,0,1,295,158,0,0,1,True
PRC_Z2S4T0T9X0B3P0J9L1Y6S3N0L9S7V1,2024-09-26,300,195,1,2,1,300,195,1,2,0,True
PRC_Z2S5T0Q9H2C3J1R9N1G1F4V0V6I8Z5,2025-10-26,298,181,84,2,1,298,181,84,2,0,True
PRC_Z2T5Q1B1J2E6N1K3V4G3M1J5R9K8J0,2026-01-15,296,211,0,1,1,295,210,0,1,1,False
PRC_Z2U6A0S3H3E1N1V9V5L4N3O1W6L3L2,2026-04-10,295,219,6,5,1,294,218,6,5,1,False
PRC_Z2V4L1D2U1Z9X1L3D5M6G0P2P9D2G4,2025-01-08,300,265,0,3,1,300,265,0,3,0,True
PRC_Z2V4M1A2M0E4F1K5Y2F5V5L3O7M4D5,2026-01-15,296,212,0,0,1,295,211,0,0,1,False
PRC_Z2V5K0G9G1R1S2Z0Z1V1U3D7C3W0Q8,2025-11-13,298,220,0,4,1,298,220,0,4,0,True
PRC_Z2W4O1U1O2M0D1H7M4N0R4P1P1N7W2,2024-12-31,300,285,0,3,1,300,285,0,3,0,True
PRC_Z2W5K0H4R0W4T1E2S3Q4C0Z2W6T8R2,2025-04-04,300,187,0,0,1,300,187,0,0,0,True
PRC_Z2W6T0T4W0R1G1T5Z2C9D2P4Q6G2I4,2026-06-18,300,248,0,2,1,285,235,0,2,15,False
PRC_Z2X4Y0W9E1F1D0E9C2C7B2J5J5H1J4,2026-05-07,286,188,1,4,1,285,188,1,4,1,True
PRC_Z2X4Y1F2E2F4D1D5C0D8K0L5J3I6I3,2025-11-13,298,130,2,22,1,298,130,2,22,0,True
PRC_Z2X5A0W7B1W6N1Y3Q0Q8I1B0Y4K7G2,2025-07-23,297,230,0,2,1,297,230,0,2,0,True
PRC_Z2X5F0G3F2D4C1Y1Z5X3W3U3V4D9C2,2025-10-26,298,260,0,1,1,298,260,0,1,0,True
PRC_Z2X5G0D9P2L2E1L6G1Y2X5H7K0O6C1,2025-09-25,298,260,0,0,1,298,260,0,0,0,True
PRC_Z2X5W0X4E2F1D1E5C0D8B3J1K9I7I0,2026-04-23,295,186,0,2,1,294,185,0,2,1,False
PRC_Z2X5X0V2W2S6S1R0P1Q9O3P4X0X4V6,2025-12-02,298,219,0,10,1,298,219,0,10,0,True
PRC_Z2Y4N0K9J2R6R1P8O1X3V0V1U0C8Z1,2024-12-10,300,201,33,25,1,300,201,33,25,0,True
PRC_Z2Y4Z1H2F2G0E1E5D2E4Z2Y9Y9X5Y9,2025-03-13,300,244,0,2,1,300,244,0,2,0,True
PRC_Z2Y5R0L9E2C4C1Z2Q3M6H3V7E8G7S5,2025-11-13,298,75,45,35,1,298,75,45,35,0,True
PRC_Z2Y5W0X3V2D4C1B6C5D8K0J4I1H8I9,2026-04-23,295,210,0,1,1,294,209,0,1,1,False
PRC_Z2Y5Z0H7K0D8H1H4M5Q1O1V2J6D1V5,2025-08-27,298,113,32,18,1,298,113,32,18,0,True
PRC_Z2Y6D0Q3T1I1I1Z6E0G4Y1B4S0R5M8,2026-04-23,295,173,0,0,1,294,172,0,0,1,False
PRC_Z2Y6K0Z4W2W7T1B7U5L9I4C7F6N8C3,2026-04-28,295,234,0,12,1,294,233,0,12,1,False
PRC_Z2Z4X0W9W2V3W1D5E1C3B1B9Z0A7I4,2026-08-20,299,197,0,1,1,284,185,0,0,15,False
PRC_Z2Z4X1Y1W2X8V1W9R0Q1R1P4P0O6O8,2025-10-26,298,259,0,1,1,298,259,0,1,0,True
PRC_Z2Z5I0V3W0D5I1T6N2E1C5T4P6D4U7,2025-04-02,300,246,0,3,1,300,246,0,3,0,True
PRC_Z2Z5Y0E9D0C5B1J6I5H3G5O8N6M2L3,2026-03-12,295,180,0,0,1,294,179,0,0,1,False
PRC_Z2Z6D0E4X0F8L1F3V5Y2B3P6B4H0W9,2026-05-07,286,176,7,18,1,285,175,7,18,1,False
