"member_id","member_name","party","party_bloc","term","wnom_1d","wnom2d_dim1","wnom2d_dim2","vintage"
"09I2323E","김한정","더불어민주당","liberal",20,-0.323711454868317,-0.296687573194504,0.0100536793470383,"v20260312"
"0W194007","김영주","더불어민주당","liberal",20,-0.310839474201202,-0.277044594287872,-0.166157513856888,"v20260312"
"1MU99298","김철민","더불어민주당","liberal",20,-0.235167935490608,-0.203082129359245,-0.0499786622822285,"v20260312"
"1WE5693J","김태년","더불어민주당","liberal",20,-0.287681668996811,-0.257324516773224,0.100945323705673,"v20260312"
"AFQ26679","주광덕","새누리당","conservative",20,0.275973498821259,0.302657425403595,0.32906985282898,"v20260312"
"DKB8522X","정인화","국민의당","independent",20,-0.16291768848896,-0.128049954771996,-0.289319008588791,"v20260312"
"LH97552Q","김도읍","새누리당","conservative",20,0.475719302892685,0.48701423406601,0.122665040194988,"v20260312"
"Q6G2914I","윤종필","새누리당","conservative",20,0.588649690151215,0.586984753608704,0.554558098316193,"v20260312"
"SQ36001H","송기헌","더불어민주당","liberal",20,-0.430714935064316,-0.404997646808624,0.67597621679306,"v20260312"
"W168182V","김관영","국민의당","independent",20,-0.205702275037766,-0.170396402478218,-0.0407518818974495,"v20260312"
"YOG1280B","안철수","국민의당","independent",20,0.0017656316049397,0.033420417457819,-0.148827493190765,"v20260312"
"0E97245Y","정양석","새누리당","conservative",20,0.299487173557281,0.316113471984863,-0.200494274497032,"v20260312"
"0ID22746","이진복","새누리당","conservative",20,0.579575419425964,0.594791352748871,0.309222251176834,"v20260312"
"0VU8517U","황희","더불어민주당","liberal",20,-0.33357098698616,-0.303992301225662,0.17584790289402,"v20260312"
"11N7618M","이종명","새누리당","conservative",20,0.374887138605118,0.393901139497757,-0.170381352305412,"v20260312"
"1KD95875","함진규","새누리당","conservative",20,0.222880616784096,0.254856884479523,0.523374617099762,"v20260312"
"2SE64657","이장우","새누리당","conservative",20,0.528118908405304,0.530566096305847,-0.699126839637756,"v20260312"
"2XI97689","이종구","새누리당","conservative",20,0.473132371902466,0.493247151374817,0.38004544377327,"v20260312"
"3ZR4438W","이인영","더불어민주당","liberal",20,-0.471386641263962,-0.444610863924026,0.417966187000275,"v20260312"
"5765663F","김영진","더불어민주당","liberal",20,-0.229600891470909,-0.195666149258614,0.0365977175533772,"v20260312"
"5K343700","김수민","국민의당","independent",20,-0.012990084476769,0.0173121001571417,0.228117659687996,"v20260312"
"5KV82250","조경태","새누리당","conservative",20,0.497819632291794,0.517102539539337,-0.238020956516266,"v20260312"
"60490713","강병원","더불어민주당","liberal",20,-0.255187600851059,-0.226211905479431,0.0823310911655426,"v20260312"
"6DG91769","원혜영","더불어민주당","liberal",20,-0.261439502239227,-0.230003222823143,-0.133654370903969,"v20260312"
"6RP89579","김정우","더불어민주당","liberal",20,-0.268158972263336,-0.23738731443882,0.085055485367775,"v20260312"
"6V37131U","고용진","더불어민주당","liberal",20,-0.197209864854813,-0.161923199892044,0.0351615063846111,"v20260312"
"7AN97172","이정현","새누리당","conservative",20,0.175637304782867,0.195110931992531,0.329362839460373,"v20260312"
"7BM2933Y","김영호","더불어민주당","liberal",20,-0.474266022443771,-0.452016264200211,0.364146649837494,"v20260312"
"7XY7109I","성일종","새누리당","conservative",20,0.465550929307938,0.476944148540497,0.630751371383667,"v20260312"
"8DK7238W","백재현","더불어민주당","liberal",20,-0.38580995798111,-0.362295210361481,0.178743377327919,"v20260312"
"8EL9225R","박준영","국민의당","independent",20,-0.396898657083511,-0.369221299886703,0.00705222226679325,"v20260312"
"8IN46764","이주영","새누리당","conservative",20,0.348651021718979,0.367513954639435,0.0238815173506737,"v20260312"
"8KB8281W","제윤경","더불어민주당","liberal",20,-0.439927667379379,-0.40744811296463,0.0221973937004805,"v20260312"
"8WC7967F","김승희","새누리당","conservative",20,0.656993389129639,0.66269451379776,0.0541156902909279,"v20260312"
"8X46899U","윤소하","정의당","progressive",20,-0.96911096572876,-0.852466285228729,-0.522782325744629,"v20260312"
"9CR4440H","배덕광","새누리당","conservative",20,0.440006643533707,0.466312319040298,-0.14237380027771,"v20260312"
"9WQ7845Z","강효상","새누리당","conservative",20,0.744992852210999,0.715942442417145,-0.698159396648407,"v20260312"
"9YO73104","전재수","더불어민주당","liberal",20,-0.368808507919312,-0.344540536403656,0.123662620782852,"v20260312"
"A3H7195R","박완주","더불어민주당","liberal",20,-0.286031514406204,-0.255229979753494,-0.0544311553239822,"v20260312"
"A935446Z","김종훈","무소속","independent",20,-1,-0.900499641895294,-0.434856683015823,"v20260312"
"B6F5266B","엄용수","새누리당","conservative",20,0.484726637601852,0.491354405879974,0.406338632106781,"v20260312"
"B7R2742J","기동민","더불어민주당","liberal",20,-0.29208317399025,-0.260079950094223,0.191463887691498,"v20260312"
"BT62420K","박찬대","더불어민주당","liberal",20,-0.366527706384659,-0.335385024547577,-0.398223072290421,"v20260312"
"C7E79345","권칠승","더불어민주당","liberal",20,-0.302376806735992,-0.271705895662308,0.341685622930527,"v20260312"
"CNW5754J","송석준","새누리당","conservative",20,0.312715172767639,0.335513830184937,-0.256131589412689,"v20260312"
"CXA6162I","김현아","새누리당","conservative",20,0.443003714084625,0.453160911798477,-0.287213444709778,"v20260312"
"D397960C","조훈현","새누리당","conservative",20,0.388861328363419,0.400429666042328,0.417904287576675,"v20260312"
"DCR84445","김동철","국민의당","independent",20,0.0250642336905003,0.0280891451984644,-0.356939941644669,"v20260312"
"DTG4846A","김선동","새누리당","conservative",20,0.478354185819626,0.489422082901001,-0.0616349913179874,"v20260312"
"EH27538E","임이자","새누리당","conservative",20,0.245205372571945,0.275264859199524,0.632896602153778,"v20260312"
"EUR98126","박맹우","새누리당","conservative",20,0.321036666631699,0.346113324165344,0.162851929664612,"v20260312"
"EX94352K","표창원","더불어민주당","liberal",20,-0.311994254589081,-0.285245835781097,0.0885458365082741,"v20260312"
"FGX4881A","심재철","새누리당","conservative",20,0.438380479812622,0.457998186349869,0.0277265254408121,"v20260312"
"GFF1986K","김병욱","더불어민주당","liberal",20,-0.274880021810532,-0.244211226701736,0.0815308541059494,"v20260312"
"GX38539O","유동수","더불어민주당","liberal",20,-0.258123904466629,-0.22743333876133,0.364722043275833,"v20260312"
"HTK5293K","김종회","국민의당","independent",20,-0.214492186903954,-0.180690735578537,-0.259287655353546,"v20260312"
"I0F2578R","김종대","정의당","progressive",20,-0.866639673709869,-0.862714946269989,-0.480839163064957,"v20260312"
"I7R13867","이개호","더불어민주당","liberal",20,-0.309623897075653,-0.281834125518799,0.177031487226486,"v20260312"
"I7Z3068X","유성엽","국민의당","independent",20,-0.230124682188034,-0.20296137034893,-0.30408501625061,"v20260312"
"IH436704","강석진","새누리당","conservative",20,0.258201122283936,0.281554371118546,0.433182716369629,"v20260312"
"IQ54138I","박인숙","새누리당","conservative",20,0.454188138246536,0.473660796880722,-0.421480804681778,"v20260312"
"K5F2023J","이학영","더불어민주당","liberal",20,-0.395011901855469,-0.369393408298492,0.204666271805763,"v20260312"
"KA04352K","최경환","국민의당","independent",20,-0.339726984500885,-0.29405215382576,-0.384504377841949,"v20260312"
"KR14136C","홍영표","더불어민주당","liberal",20,-0.313787013292313,-0.280923008918762,-0.063382051885128,"v20260312"
"LSK9789D","이철희","더불어민주당","liberal",20,-0.326477408409119,-0.294627130031586,-0.196163162589073,"v20260312"
"N6C1899K","김진태","새누리당","conservative",20,0.716777980327606,0.717412650585175,0.696648478507996,"v20260312"
"NTT8182Q","김민기","더불어민주당","liberal",20,-0.523774921894073,-0.494930267333984,-0.384003102779388,"v20260312"
"OC037566","김규환","새누리당","conservative",20,0.505045175552368,0.510757327079773,-0.156837821006775,"v20260312"
"OQO34632","이동섭","국민의당","independent",20,-0.09860460460186,-0.0689151585102081,0.0198723562061787,"v20260312"
"Q6A9034Q","곽대훈","새누리당","conservative",20,0.670959532260895,0.67286604642868,-0.739764332771301,"v20260312"
"QB390802","김병관","더불어민주당","liberal",20,-0.413518965244293,-0.386073231697083,-0.0102056758478284,"v20260312"
"QZF33498","전희경","새누리당","conservative",20,1,0.905342221260071,-0.424682676792145,"v20260312"
"RCF90176","김성식","국민의당","independent",20,-0.187591180205345,-0.148306712508202,-0.306689500808716,"v20260312"
"RH454994","권미혁","더불어민주당","liberal",20,-0.511114478111267,-0.480951994657516,0.473581373691559,"v20260312"
"RQQ3807K","위성곤","더불어민주당","liberal",20,-0.523252189159393,-0.497485160827637,0.198622092604637,"v20260312"
"SY09851R","김중로","국민의당","independent",20,0.1118970438838,0.146696299314499,0.157330825924873,"v20260312"
"TKJ4800F","서영교","더불어민주당","liberal",20,-0.320136100053787,-0.29358583688736,0.237467244267464,"v20260312"
"TRE2429O","강훈식","더불어민주당","liberal",20,-0.479632437229156,-0.453734695911407,0.429569959640503,"v20260312"
"TST4507I","안규백","더불어민주당","liberal",20,-0.324032068252563,-0.298702657222748,0.0502059012651443,"v20260312"
"U9G5099O","윤영일","국민의당","independent",20,-0.175181984901428,-0.142510563135147,-0.213259756565094,"v20260312"
"UDB4825U","박주현","국민의당","independent",20,-0.580460667610168,-0.554808795452118,-0.281579613685608,"v20260312"
"UQ282145","이재정","더불어민주당","liberal",20,-0.593552768230438,-0.562915802001953,-0.514440596103668,"v20260312"
"V8I36226","장병완","국민의당","independent",20,-0.195197001099586,-0.167015790939331,-0.327343106269836,"v20260312"
"WV97281W","문진국","새누리당","conservative",20,0.195970892906189,0.224200814962387,0.356571763753891,"v20260312"
"X9Y63914","이용주","국민의당","independent",20,-0.27882045507431,-0.245399683713913,-0.103752486407757,"v20260312"
"XEF29171","안호영","더불어민주당","liberal",20,-0.222568467259407,-0.189138397574425,0.0263106394559145,"v20260312"
"XQ98168F","강길부","무소속","independent",20,0.0256062280386686,0.0431097112596035,0.118311770260334,"v20260312"
"XT18076X","박주선","국민의당","independent",20,-0.279594510793686,-0.252883702516556,0.348635107278824,"v20260312"
"Y3E8697I","민경욱","새누리당","conservative",20,0.473067790269852,0.485140800476074,0.436078399419785,"v20260312"
"YBM9779M","김한표","새누리당","conservative",20,0.289259523153305,0.308317333459854,0.195385217666626,"v20260312"
"YLM92014","박순자","새누리당","conservative",20,-0.0449666380882263,-0.0183817781507969,-0.0275452565401793,"v20260312"
"ZBX31520","손혜원","더불어민주당","liberal",20,-0.556155860424042,-0.532646596431732,-0.10398019105196,"v20260312"
"ZDR63255","소병훈","더불어민주당","liberal",20,-0.420070350170135,-0.398545801639557,0.277531921863556,"v20260312"
"ZJI5740K","최운열","더불어민주당","liberal",20,-0.294926792383194,-0.263266503810883,0.2592493891716,"v20260312"
"ZKU88693","김경협","더불어민주당","liberal",20,-0.571638345718384,-0.562849223613739,0.395002484321594,"v20260312"
"06X3845L","김종석","새누리당","conservative",20,0.448065280914307,0.461510628461838,0.100233040750027,"v20260312"
"0AI7568W","장정숙","국민의당","independent",20,-0.477820068597794,-0.451372712850571,-0.309905648231506,"v20260312"
"0GF6251P","정유섭","새누리당","conservative",20,0.434273272752762,0.444660693407059,0.64366489648819,"v20260312"
"16D7652C","이원욱","더불어민주당","liberal",20,-0.378279060125351,-0.353953391313553,0.394427359104156,"v20260312"
"16I8621J","최연혜","새누리당","conservative",20,0.620456457138062,0.633728981018066,-0.53149551153183,"v20260312"
"1PZ8289D","송희경","새누리당","conservative",20,0.299290359020233,0.320537954568863,-0.0283190999180079,"v20260312"
"1Y73132H","김상훈","새누리당","conservative",20,0.406751573085785,0.419200152158737,0.529534697532654,"v20260312"
"21N57758","오영훈","더불어민주당","liberal",20,-0.353759258985519,-0.323615491390228,0.0944328978657722,"v20260312"
"24E9427D","박남춘","더불어민주당","liberal",20,-0.273521453142166,-0.240593865513802,-0.0338388346135616,"v20260312"
"3249208I","송옥주","더불어민주당","liberal",20,-0.358789771795273,-0.331154018640518,0.0252582840621471,"v20260312"
"3NM5411H","김광수","국민의당","independent",20,-0.544991552829742,-0.517988741397858,-0.402595669031143,"v20260312"
"3TP65086","윤종오","무소속","independent",20,-0.737205922603607,-0.723117172718048,-0.630623400211334,"v20260312"
"4019850M","박정","더불어민주당","liberal",20,-0.404990553855896,-0.383261948823929,0.479817062616348,"v20260312"
"5CO4531H","유은혜","더불어민주당","liberal",20,-0.487181574106216,-0.460573434829712,0.318075507879257,"v20260312"
"6AU2417B","박주민","더불어민주당","liberal",20,-0.316775888204575,-0.282252281904221,0.0818687453866005,"v20260312"
"6N28669V","서형수","더불어민주당","liberal",20,-0.440189003944397,-0.420174449682236,0.240806221961975,"v20260312"
"6QU2958D","김해영","더불어민주당","liberal",20,-0.210481286048889,-0.174559816718102,-0.0357980541884899,"v20260312"
"7KD2317D","김순례","새누리당","conservative",20,0.507776200771332,0.517370760440826,-0.640558540821075,"v20260312"
"8BF5855P","박지원","국민의당","independent",20,-0.168712213635445,-0.128510013222694,-0.219484552741051,"v20260312"
"8Q88373R","김병기","더불어민주당","liberal",20,-0.376189470291138,-0.348532944917679,-0.24482986330986,"v20260312"
"8X15119P","윤한홍","새누리당","conservative",20,0.947119772434235,0.936181426048279,0.19926193356514,"v20260312"
"9D939735","김성원","새누리당","conservative",20,0.259752452373505,0.276443302631378,0.0690182149410248,"v20260312"
"9EA39580","김명연","새누리당","conservative",20,0.4005286693573,0.417419254779816,-0.0250564906746149,"v20260312"
"A486635H","안상수","무소속","independent",20,0.533184349536896,0.550971865653992,0.0571398586034775,"v20260312"
"ARP89147","정동영","국민의당","independent",20,-0.291529774665833,-0.253685891628265,-0.204216942191124,"v20260312"
"BQS2021C","김성태","새누리당","conservative",20,0.157925456762314,0.17642317712307,0.229602634906769,"v20260312"
"C7Z8238W","황영철","새누리당","conservative",20,0.111754611134529,0.134133636951447,0.0821445286273956,"v20260312"
"DBA1057Z","이용호","국민의당","independent",20,-0.381429016590118,-0.349418640136719,-0.366354048252106,"v20260312"
"DCN7433W","정세균","더불어민주당","liberal",20,-0.21834908425808,-0.18285621702671,-0.0610389672219753,"v20260312"
"E6U4345C","임종성","더불어민주당","liberal",20,-0.404844701290131,-0.371755838394165,-0.493378251791,"v20260312"
"EVH1507C","이헌승","새누리당","conservative",20,0.490877896547318,0.498523235321045,0.0513859204947948,"v20260312"
"FYI20317","조승래","더불어민주당","liberal",20,-0.468435347080231,-0.445133030414581,0.314776480197906,"v20260312"
"G1570880","신동근","더불어민주당","liberal",20,-0.448298066854477,-0.427048742771149,0.0712584257125854,"v20260312"
"GDN7894V","채이배","국민의당","independent",20,0.209913924336433,0.300767034292221,-0.953697621822357,"v20260312"
"GN240959","노회찬","정의당","progressive",20,-0.777529001235962,-0.657218754291534,-0.753699779510498,"v20260312"
"GW55008L","홍의락","무소속","independent",20,-0.523385584354401,-0.501744449138641,0.136684224009514,"v20260312"
"GXT11570","김성수","더불어민주당","liberal",20,-0.40730819106102,-0.387873470783234,0.12583327293396,"v20260312"
"HE838063","신보라","새누리당","conservative",20,0.424714207649231,0.436176508665085,0.499274849891663,"v20260312"
"HSS7466Y","백혜련","더불어민주당","liberal",20,-0.349537312984467,-0.315546214580536,-0.309946537017822,"v20260312"
"IN328264","조정식","더불어민주당","liberal",20,-0.235043779015541,-0.202704697847366,0.0631226375699043,"v20260312"
"JMD3241I","박경미","더불어민주당","liberal",20,-0.379454910755157,-0.35474306344986,0.148948684334755,"v20260312"
"M0A1658U","윤호중","더불어민주당","liberal",20,-0.257563561201096,-0.224801704287529,-0.0300155729055405,"v20260312"
"M6K7940A","오세정","국민의당","independent",20,0.0177914947271347,0.0535614378750324,-0.408172369003296,"v20260312"
"MBS2896E","이현재","새누리당","conservative",20,0.618331909179688,0.629408061504364,0.133938610553741,"v20260312"
"MC32279F","박선숙","국민의당","independent",20,-0.295846074819565,-0.263541549444199,-0.0772704631090164,"v20260312"
"MHK9919B","곽상도","새누리당","conservative",20,0.867189347743988,0.863885164260864,0.503688931465149,"v20260312"
"MPV9321A","김현권","더불어민주당","liberal",20,-0.505856215953827,-0.479878753423691,-0.0203344207257032,"v20260312"
"NNP30098","김기선","새누리당","conservative",20,0.628357708454132,0.649136662483215,-0.493877232074738,"v20260312"
"O8E1566L","최도자","국민의당","independent",20,-0.287686765193939,-0.251587241888046,-0.321573972702026,"v20260312"
"PAO22428","송영길","더불어민주당","liberal",20,-0.397923797369003,-0.371279835700989,0.0590697228908539,"v20260312"
"PP08673W","김경수","더불어민주당","liberal",20,-0.275691241025925,-0.245804339647293,0.0662269368767738,"v20260312"
"QTW6852F","이태규","국민의당","independent",20,0.261237859725952,0.292023301124573,0.0792304947972298,"v20260312"
"QUO78839","박재호","더불어민주당","liberal",20,-0.443645238876343,-0.425341725349426,0.500266790390015,"v20260312"
"S824682L","박홍근","더불어민주당","liberal",20,-0.465907752513885,-0.442196518182755,0.0509373843669891,"v20260312"
"SSF6805Q","염동열","새누리당","conservative",20,0.322379440069199,0.338328838348389,0.368387579917908,"v20260312"
"TGL10010","문미옥","더불어민주당","liberal",20,-0.440542995929718,-0.414605677127838,0.705624401569366,"v20260312"
"TIS61927","양승조","더불어민주당","liberal",20,-0.177514001727104,-0.148253485560417,-0.189215764403343,"v20260312"
"TZP9391O","이철규","무소속","independent",20,0.453098326921463,0.469998061656952,0.110666453838348,"v20260312"
"UM51067K","인재근","더불어민주당","liberal",20,-0.415617525577545,-0.389951765537262,0.134467139840126,"v20260312"
"WDS6044S","이채익","새누리당","conservative",20,0.321802616119385,0.350565254688263,0.0484634116292,"v20260312"
"YKW37422","권은희","국민의당","independent",20,-0.137314558029175,-0.108135633170605,0.608149766921997,"v20260312"
"YVN3115U","김경진","국민의당","independent",20,-0.27897521853447,-0.232355117797852,-0.24482436478138,"v20260312"
"ZA54991S","안민석","더불어민주당","liberal",20,-0.243017643690109,-0.207591786980629,-0.0121879745274782,"v20260312"
"0582116P","이우현","새누리당","conservative",20,0.41442534327507,0.432313591241837,0.117835193872452,"v20260312"
"23D73143","경대수","새누리당","conservative",20,0.408969670534134,0.423113256692886,0.415743380784988,"v20260312"
"5HG31863","지상욱","새누리당","conservative",20,0.199589520692825,0.236620172858238,0.155923798680305,"v20260312"
"6YT83269","이명수","새누리당","conservative",20,0.217577636241913,0.246294632554054,0.0354144126176834,"v20260312"
"7R156073","박범계","더불어민주당","liberal",20,-0.352341771125793,-0.327436149120331,0.116348266601562,"v20260312"
"8WV8289I","이완영","새누리당","conservative",20,0.333404868841171,0.34515991806984,0.299115151166916,"v20260312"
"ABT2266H","이용득","더불어민주당","liberal",20,-0.442570269107819,-0.414815783500671,-0.1738570779562,"v20260312"
"BM63269Y","전해철","더불어민주당","liberal",20,-0.261479169130325,-0.228365406394005,0.0885886698961258,"v20260312"
"BWD92364","이찬열","더불어민주당","liberal",20,-0.267063438892365,-0.230119302868843,-0.386341214179993,"v20260312"
"CDL93608","조응천","더불어민주당","liberal",20,-0.283469021320343,-0.235540613532066,-0.559756278991699,"v20260312"
"CI15627C","김두관","더불어민주당","liberal",20,-0.481429994106293,-0.455796271562576,-0.282507121562958,"v20260312"
"CZB4125D","장제원","무소속","independent",20,0.197750732302666,0.221427664160728,0.197228088974953,"v20260312"
"D0C85236","박완수","새누리당","conservative",20,0.592590153217316,0.581698298454285,0.574934124946594,"v20260312"
"DVD2735W","이은권","새누리당","conservative",20,0.722503364086151,0.729296028614044,0.102290607988834,"v20260312"
"E1J8836Y","김정재","새누리당","conservative",20,0.412304490804672,0.421279966831207,0.401719659566879,"v20260312"
"GD131760","홍문표","새누리당","conservative",20,0.260036885738373,0.276145756244659,0.33367270231247,"v20260312"
"GDG1847Z","권성동","새누리당","conservative",20,0.774096608161926,0.789379835128784,0.548979341983795,"v20260312"
"HSW1214Q","이종배","새누리당","conservative",20,0.428440809249878,0.442108303308487,0.181017860770226,"v20260312"
"I5V5327I","유민봉","새누리당","conservative",20,0.386474102735519,0.404766947031021,0.507755279541016,"v20260312"
"IDV9108J","진영","더불어민주당","liberal",20,-0.298475533723831,-0.262577474117279,0.0209082514047623,"v20260312"
"IWK63872","조배숙","국민의당","independent",20,-0.11739443987608,-0.0681618973612785,-0.22853884100914,"v20260312"
"IYD4143Y","문희상","더불어민주당","liberal",20,-0.19156052172184,-0.161570861935616,-0.0265771970152855,"v20260312"
"JMY9959W","윤관석","더불어민주당","liberal",20,-0.289161264896393,-0.260861992835999,0.108620762825012,"v20260312"
"JOY4394O","황주홍","국민의당","independent",20,-0.187215343117714,-0.159438252449036,-0.457971453666687,"v20260312"
"LPB30152","최인호","더불어민주당","liberal",20,-0.223475411534309,-0.188059508800507,-0.0353461690247059,"v20260312"
"MTK2954E","신용현","국민의당","independent",20,0.0282411351799965,0.0618385933339596,0.270227372646332,"v20260312"
"O6D8329R","민홍철","더불어민주당","liberal",20,-0.357011407613754,-0.331229239702225,0.220917120575905,"v20260312"
"OSV9142K","이만희","새누리당","conservative",20,0.432082206010818,0.4407679438591,0.15846660733223,"v20260312"
"OTE19384","박명재","새누리당","conservative",20,0.784321486949921,0.806700766086578,0.346620708703995,"v20260312"
"OW53107J","설훈","더불어민주당","liberal",20,-0.493255913257599,-0.467839628458023,0.000224101735511795,"v20260312"
"PEP6922S","박용진","더불어민주당","liberal",20,-0.477577060461044,-0.447477996349335,-0.275176912546158,"v20260312"
"PLR62452","김영우","새누리당","conservative",20,0.269163489341736,0.289296299219131,-0.0499444119632244,"v20260312"
"Q9H5708M","김진표","더불어민주당","liberal",20,-0.228149220347404,-0.192271083593369,-0.146206274628639,"v20260312"
"QKY38290","여상규","새누리당","conservative",20,0.467042863368988,0.493219971656799,0.354107826948166,"v20260312"
"R365233W","홍철호","새누리당","conservative",20,0.253496110439301,0.27193021774292,-0.188679486513138,"v20260312"
"SEK1881Q","유재중","새누리당","conservative",20,0.740116000175476,0.752196788787842,0.528728187084198,"v20260312"
"SNJ6318D","김무성","새누리당","conservative",20,0.729034900665283,0.730834603309631,0.682554662227631,"v20260312"
"TZD17894","원유철","새누리당","conservative",20,0.255051881074905,0.271573454141617,0.401552021503448,"v20260312"
"UGH6481E","김상희","더불어민주당","liberal",20,-0.521083891391754,-0.494018286466599,0.177916586399078,"v20260312"
"V2R7430Z","이춘석","더불어민주당","liberal",20,-0.412183970212936,-0.387503147125244,0.12491325289011,"v20260312"
"V429892C","정성호","더불어민주당","liberal",20,-0.231280118227005,-0.20937742292881,-0.0102724395692348,"v20260312"
"VXQ28579","심재권","더불어민주당","liberal",20,-0.30294543504715,-0.275058805942535,-0.1031259521842,"v20260312"
"WDR7061Y","이종걸","더불어민주당","liberal",20,-0.426406413316727,-0.417372584342957,-0.0769029408693314,"v20260312"
"WNN9272X","장석춘","새누리당","conservative",20,0.453568369150162,0.466150432825089,-0.106696911156178,"v20260312"
"WYC63862","신창현","더불어민주당","liberal",20,-0.318364143371582,-0.293172538280487,0.202983319759369,"v20260312"
"ZGA4092Y","정용기","새누리당","conservative",20,0.347635924816132,0.367546081542969,-0.388079464435577,"v20260312"
"ZL32287Z","김삼화","국민의당","independent",20,0.0150146391242743,0.0453166104853153,0.283702045679092,"v20260312"
"ZYH1940A","이상민","더불어민주당","liberal",20,-0.395114809274673,-0.368251621723175,0.0480125732719898,"v20260312"
"ZYP7962W","김석기","새누리당","conservative",20,0.318820923566818,0.333960503339767,-0.116262972354889,"v20260312"
"0827740Q","노웅래","더불어민주당","liberal",20,-0.373884618282318,-0.351264834403992,0.153337985277176,"v20260312"
"25G2571T","전현희","더불어민주당","liberal",20,-0.273400843143463,-0.241202339529991,0.0437201410531998,"v20260312"
"2WQ6656P","김세연","새누리당","conservative",20,0.183713108301163,0.210041463375092,-0.291933625936508,"v20260312"
"39P2522W","민병두","더불어민주당","liberal",20,-0.43134069442749,-0.407734125852585,0.275218158960342,"v20260312"
"4Y54669I","서청원","새누리당","conservative",20,0.16558176279068,0.180069833993912,0.0989872515201569,"v20260312"
"68P7228G","진선미","더불어민주당","liberal",20,-0.292530238628387,-0.257691919803619,-0.00753909954801202,"v20260312"
"7BV5480O","송기석","국민의당","independent",20,-0.0332956798374653,0.00193615665193647,-0.347189843654633,"v20260312"
"8FB1535Y","어기구","더불어민주당","liberal",20,-0.307548731565475,-0.277394264936447,0.0642908960580826,"v20260312"
"8I61593E","강석호","새누리당","conservative",20,0.634257197380066,0.645927369594574,0.618439495563507,"v20260312"
"8T51904N","박찬우","새누리당","conservative",20,0.502046406269073,0.515400826931,0.406870603561401,"v20260312"
"9S468336","정재호","더불어민주당","liberal",20,-0.431928813457489,-0.401210159063339,-0.165874555706978,"v20260312"
"9UW75767","김성태","새누리당","conservative",20,0.407919079065323,0.423411667346954,0.282754093408585,"v20260312"
"9XB6464U","김현미","더불어민주당","liberal",20,-0.23770560324192,-0.199689567089081,-0.0185297038406134,"v20260312"
"A8O42480","손금주","국민의당","independent",20,-0.167637556791306,-0.124801069498062,-0.187887281179428,"v20260312"
"AMF4093D","김용태","새누리당","conservative",20,0.807416200637817,0.794843256473541,-0.265305399894714,"v20260312"
"BLC8630L","박병석","더불어민주당","liberal",20,-0.238200142979622,-0.200703576207161,-0.0913979262113571,"v20260312"
"BN49469V","신경민","더불어민주당","liberal",20,-0.429967701435089,-0.405158579349518,0.019863348454237,"v20260312"
"BTP28870","이훈","더불어민주당","liberal",20,-0.594174861907959,-0.566560745239258,0.726895272731781,"v20260312"
"CJX51868","정종섭","새누리당","conservative",20,0.66949337720871,0.679891109466553,0.349278420209885,"v20260312"
"CYD5815E","정갑윤","새누리당","conservative",20,0.51104599237442,0.525731682777405,0.488690167665482,"v20260312"
"FRN1867O","홍익표","더불어민주당","liberal",20,-0.472534000873566,-0.448540151119232,0.239812850952148,"v20260312"
"G152611B","추경호","새누리당","conservative",20,0.776231110095978,0.821063995361328,0.570836186408997,"v20260312"
"GCA42857","주승용","국민의당","independent",20,-0.137259721755981,-0.0913888961076736,-0.00828464236110449,"v20260312"
"H337332S","오신환","새누리당","conservative",20,0.192670613527298,0.221301645040512,0.37690544128418,"v20260312"
"I0S53762","하태경","새누리당","conservative",20,0.131744682788849,0.175354227423668,0.283454388380051,"v20260312"
"IQN7588X","이은재","새누리당","conservative",20,0.447873622179031,0.463786959648132,0.10912074893713,"v20260312"
"IUE5875N","이정미","정의당","progressive",20,-0.894701838493347,-0.86597216129303,-0.500092208385468,"v20260312"
"J2O8643H","도종환","더불어민주당","liberal",20,-0.490540981292725,-0.472238898277283,0.0418004170060158,"v20260312"
"JWW6081H","이상돈","국민의당","independent",20,-0.164300307631493,-0.131169140338898,-0.594232082366943,"v20260312"
"K3W33496","박광온","더불어민주당","liberal",20,-0.363115072250366,-0.337103188037872,0.147764414548874,"v20260312"
"LDY9563L","윤상직","새누리당","conservative",20,0.689570069313049,0.702123641967773,0.190975144505501,"v20260312"
"M2Q9024I","김종민","더불어민주당","liberal",20,-0.370294541120529,-0.347693115472794,0.556009352207184,"v20260312"
"M3Z17237","김재경","새누리당","conservative",20,0.258154571056366,0.286251962184906,0.190763428807259,"v20260312"
"MD083627","정춘숙","더불어민주당","liberal",20,-0.439474284648895,-0.409121513366699,-0.119511052966118,"v20260312"
"MGE7194M","김광림","새누리당","conservative",20,0.644397795200348,0.645337045192719,-0.0334036611020565,"v20260312"
"N4R2421C","박덕흠","새누리당","conservative",20,0.388354480266571,0.403152763843536,0.555199027061462,"v20260312"
"N9X9673B","전혜숙","더불어민주당","liberal",20,-0.342724233865738,-0.313530445098877,0.000727104663383216,"v20260312"
"NQR1206Q","정진석","새누리당","conservative",20,0.534014046192169,0.547251462936401,0.289412498474121,"v20260312"
"NS06841K","이철우","새누리당","conservative",20,0.195568695664406,0.229973092675209,0.143874526023865,"v20260312"
"NZF1659U","정운천","새누리당","conservative",20,0.185539856553078,0.21272523701191,-0.0526500456035137,"v20260312"
"O0G3169T","백승주","새누리당","conservative",20,0.462876826524734,0.467909067869186,0.616635501384735,"v20260312"
"P303213F","정병국","새누리당","conservative",20,0.304736405611038,0.325413286685944,0.194371804594994,"v20260312"
"QZR19240","금태섭","더불어민주당","liberal",20,-0.273216426372528,-0.241090252995491,0.2749083340168,"v20260312"
"S9U45255","이양수","새누리당","conservative",20,0.392869532108307,0.406382203102112,0.17605696618557,"v20260312"
"SVH30067","오제세","더불어민주당","liberal",20,-0.273215979337692,-0.24194110929966,-0.00235662027262151,"v20260312"
"TWL5801D","김영춘","더불어민주당","liberal",20,-0.448970407247543,-0.426461279392242,0.147612735629082,"v20260312"
"U013741R","최명길","더불어민주당","liberal",20,-0.58241730928421,-0.550707876682281,0.43736144900322,"v20260312"
"UIZ3103R","김부겸","더불어민주당","liberal",20,-0.363647013902664,-0.337625980377197,0.102391451597214,"v20260312"
"URV1689Q","추미애","더불어민주당","liberal",20,-0.349875271320343,-0.319010764360428,-0.0712467432022095,"v20260312"
"V0O5343U","우상호","더불어민주당","liberal",20,-0.405645668506622,-0.37629696726799,-0.275658577680588,"v20260312"
"VHK3402G","정우택","새누리당","conservative",20,0.495726644992828,0.50993824005127,0.220457077026367,"v20260312"
"W4X85128","박대출","새누리당","conservative",20,0.917682588100433,0.923173189163208,-0.384384423494339,"v20260312"
"XPP2564T","한정애","더불어민주당","liberal",20,-0.537114262580872,-0.519128024578094,0.395582556724548,"v20260312"
"XTB3104O","추혜선","정의당","progressive",20,-0.992978632450104,-0.877164542675018,-0.461459249258041,"v20260312"
"ZRF3039U","윤재옥","새누리당","conservative",20,0.372621357440948,0.392638713121414,0.337054759263992,"v20260312"
"06571503","정태옥","새누리당","conservative",20,0.529576241970062,0.534341394901276,0.439156353473663,"v20260312"
"71M8132V","신상진","새누리당","conservative",20,0.547069251537323,0.553479671478271,-0.115839585661888,"v20260312"
"8SV6917G","주호영","무소속","independent",20,0.786067068576813,0.817296624183655,0.576217234134674,"v20260312"
"9BE5694R","유승희","더불어민주당","liberal",20,-0.405664592981339,-0.376794159412384,0.166002720594406,"v20260312"
"CAL85655","유기준","새누리당","conservative",20,0.345990628004074,0.360716909170151,0.49077033996582,"v20260312"
"MO52543L","변재일","더불어민주당","liberal",20,-0.412627249956131,-0.389778614044189,0.0412123948335648,"v20260312"
"MRK4871S","유의동","새누리당","conservative",20,0.202797591686249,0.215749070048332,-0.0972216352820396,"v20260312"
"SU53086M","심상정","정의당","progressive",20,-0.911371290683746,-0.886002779006958,-0.46367996931076,"v20260312"
"TO79481Z","최교일","새누리당","conservative",20,0.305061250925064,0.320063263177872,0.196771055459976,"v20260312"
"VNF2868Z","조원진","새누리당","conservative",20,0.86233377456665,0.771994113922119,-0.635629594326019,"v20260312"
"0135473I","이군현","새누리당","conservative",20,0.395105540752411,0.407740831375122,0.343109905719757,"v20260312"
"04T3751T","남인순","더불어민주당","liberal",20,-0.458921730518341,-0.428776144981384,0.335900694131851,"v20260312"
"06L2365K","홍일표","새누리당","conservative",20,0.601654291152954,0.619121313095093,-0.533635914325714,"v20260312"
"64G6894C","김정훈","새누리당","conservative",20,0.217404708266258,0.235181659460068,-0.0651496052742004,"v20260312"
"AJV31724","이학재","새누리당","conservative",20,0.478128671646118,0.527163863182068,-0.734120786190033,"v20260312"
"JG77046J","이언주","더불어민주당","liberal",20,-0.120182864367962,-0.0821276232600212,0.53006911277771,"v20260312"
"LCJ77278","이혜훈","새누리당","conservative",20,0.0776347145438194,0.112490192055702,0.305116176605225,"v20260312"
"PAB29217","김성찬","새누리당","conservative",20,0.422084301710129,0.433902591466904,0.324747323989868,"v20260312"
"PWU27609","유승민","무소속","independent",20,0.000167643433087505,0.0288287978619337,-0.119230791926384,"v20260312"
"T2K9554I","홍문종","새누리당","conservative",20,0.616565823554993,0.707973897457123,-0.706238448619843,"v20260312"
"XBT9550Q","우원식","더불어민주당","liberal",20,-0.468027651309967,-0.445914626121521,0.0689477920532227,"v20260312"
"DAN6731C","박성중","새누리당","conservative",20,0.907973229885101,0.90659236907959,-0.397699773311615,"v20260312"
"O149331C","권석창","새누리당","conservative",20,0.304430186748505,0.31926828622818,-0.243402004241943,"v20260312"
"TOU1222X","강창일","더불어민주당","liberal",20,-0.397831290960312,-0.361531257629395,-0.198449984192848,"v20260312"
"9VR65006","윤영석","새누리당","conservative",20,0.628274500370026,0.682325422763824,0.73104852437973,"v20260312"
"9ZP9014Q","이해찬","무소속","independent",20,-0.360793948173523,-0.334184885025024,0.0640577524900436,"v20260312"
"F5U2979W","김학용","새누리당","conservative",20,0.408559948205948,0.424734532833099,0.246430218219757,"v20260312"
"FJ03481D","최경환","새누리당","conservative",20,0.79807448387146,0.772140502929688,-0.635451853275299,"v20260312"
"S8431719","박영선","더불어민주당","liberal",20,-0.503504931926727,-0.483885079622269,-0.124758154153824,"v20260312"
"ZX71333R","한선교","새누리당","conservative",20,0.655351459980011,0.666989743709564,0.716159760951996,"v20260312"
"MSY7784L","윤상현","무소속","independent",20,0.327190816402435,0.351019561290741,0.466086089611053,"v20260312"
"3SP89633","천정배","국민의당","independent",20,-0.413439065217972,-0.386176735162735,-0.425467252731323,"v20260312"
"GMK1374L","이석현","더불어민주당","liberal",20,-0.260679751634598,-0.231022372841835,0.109725810587406,"v20260312"
"SLW27496","나경원","새누리당","conservative",20,0.631878733634949,0.631249845027924,0.517257153987885,"v20260312"
"O7R5461J","윤후덕","더불어민주당","liberal",20,-0.444161862134933,-0.419421583414078,0.380275011062622,"v20260312"
"TVF3669B","김태흠","새누리당","conservative",20,0.495041459798813,0.510598659515381,-0.177962422370911,"v20260312"
"9414335X","심기준","더불어민주당","liberal",20,-0.328922897577286,-0.299399107694626,0.324542194604874,"v20260312"
"QZU9232M","김재원","자유한국당","conservative",20,0.646943807601929,0.70778489112854,0.706427991390228,"v20260312"
"R7N74579","이수혁","더불어민주당","liberal",20,-0.241087660193443,-0.220845282077789,0.0510566681623459,"v20260312"
"6EN68926","송언석","자유한국당","conservative",20,0.398456931114197,0.458098441362381,0.888901472091675,"v20260312"
"9FL71418","이규희","더불어민주당","liberal",20,-0.304548561573029,-0.275463342666626,0.0768113434314728,"v20260312"
"WVU2479T","이상헌","더불어민주당","liberal",20,-0.284467339515686,-0.254067778587341,0.0360442772507668,"v20260312"
"5DR6334X","윤일규","더불어민주당","liberal",20,-0.437545269727707,-0.422352910041809,0.426640659570694,"v20260312"
"7W35098M","윤준호","더불어민주당","liberal",20,-0.314532577991486,-0.285264819860458,0.0510325320065022,"v20260312"
"FOK3459D","서삼석","더불어민주당","liberal",20,-0.30967253446579,-0.279883742332458,0.0488704517483711,"v20260312"
"QXD2505Y","이후삼","더불어민주당","liberal",20,-0.348839908838272,-0.327197760343552,0.205446124076843,"v20260312"
"RD42006Y","송갑석","더불어민주당","liberal",20,-0.468920737504959,-0.452435582876205,0.229927867650986,"v20260312"
"VE469451","최재성","더불어민주당","liberal",20,-0.325290858745575,-0.293425679206848,0.094679094851017,"v20260312"
"9LD2641Q","김정호","더불어민주당","liberal",20,-0.42055606842041,-0.40045753121376,0.399066299200058,"v20260312"
"FJK3396E","맹성규","더불어민주당","liberal",20,-0.304541200399399,-0.274646818637848,-0.187202572822571,"v20260312"
"XSP20229","김성환","더불어민주당","liberal",20,-0.385470449924469,-0.360653758049011,0.298268795013428,"v20260312"
"BIR8594P","임재훈","바른미래당","independent",20,-0.485369622707367,-0.47350862622261,-0.201143532991409,"v20260312"
"B751170H","여영국","정의당","progressive",20,-0.890790402889252,-0.887121379375458,-0.381952613592148,"v20260312"
"LJK4960Z","정점식","자유한국당","conservative",20,0.205184742808342,0.251606374979019,0.647053956985474,"v20260312"
"DQL3007B","정은혜","더불어민주당","liberal",20,-0.438424170017242,-0.417182356119156,0.17007027566433,"v20260312"
"09I2323E","김한정","더불어민주당","liberal",21,-0.361624598503113,-0.379821389913559,-0.107243716716766,"v20260312"
"0VU8517U","황희","더불어민주당","liberal",21,-0.31698340177536,-0.338641256093979,-0.214873746037483,"v20260312"
"0W194007","김영주","더불어민주당","liberal",21,-0.319512695074081,-0.342146188020706,-0.279568552970886,"v20260312"
"14M56632","강기윤","미래통합당","conservative",21,0.472182303667068,0.457471519708633,0.205380007624626,"v20260312"
"1BX7234U","김경만","더불어시민당","liberal",21,-0.302523732185364,-0.326799064874649,-0.280484586954117,"v20260312"
"1X376850","이영","미래한국당","conservative",21,0.552375376224518,0.541902184486389,0.12134775519371,"v20260312"
"21N57758","오영훈","더불어민주당","liberal",21,-0.474308550357819,-0.492464661598206,-0.2196936160326,"v20260312"
"3ZR4438W","이인영","더불어민주당","liberal",21,-0.457802146673203,-0.469996064901352,-0.206969976425171,"v20260312"
"40S1959J","박영순","더불어민주당","liberal",21,-0.554889500141144,-0.569115102291107,0.0480662025511265,"v20260312"
"4A067125","이광재","더불어민주당","liberal",21,-0.377180397510529,-0.396759569644928,-0.32615277171135,"v20260312"
"6399076T","김민철","더불어민주당","liberal",21,-0.299786001443863,-0.324155211448669,-0.223230063915253,"v20260312"
"8FB1535Y","어기구","더불어민주당","liberal",21,-0.446491718292236,-0.460604786872864,-0.0176064241677523,"v20260312"
"A2V51235","배진교","정의당","progressive",21,-0.999563455581665,-0.862114906311035,0.506712675094604,"v20260312"
"A494529E","천준호","더불어민주당","liberal",21,-0.376860201358795,-0.397917568683624,-0.170674011111259,"v20260312"
"AFH96856","신영대","더불어민주당","liberal",21,-0.354775160551071,-0.376452565193176,-0.2784823179245,"v20260312"
"BM63269Y","전해철","더불어민주당","liberal",21,-0.309764832258224,-0.331303805112839,-0.17022816836834,"v20260312"
"C7E79345","권칠승","더불어민주당","liberal",21,-0.328457772731781,-0.349238902330399,-0.116603866219521,"v20260312"
"CAA7713A","백종헌","미래통합당","conservative",21,0.328807771205902,0.308825314044952,0.0832596123218536,"v20260312"
"CDL93608","조응천","더불어민주당","liberal",21,-0.367116123437881,-0.393273770809174,-0.597210586071014,"v20260312"
"DAN6731C","박성중","미래통합당","conservative",21,1,0.993258595466614,0.115920133888721,"v20260312"
"DAV7257X","이원택","더불어민주당","liberal",21,-0.361580640077591,-0.381347149610519,-0.227267727255821,"v20260312"
"DPZ7685X","전봉민","미래통합당","conservative",21,0.391257882118225,0.372232407331467,0.0518622323870659,"v20260312"
"FDC3144T","이종성","미래한국당","conservative",21,0.600663959980011,0.591934084892273,0.0552464760839939,"v20260312"
"FU87526G","박수영","미래통합당","conservative",21,0.646638870239258,0.637551188468933,0.00418787216767669,"v20260312"
"G152611B","추경호","미래통합당","conservative",21,0.527723968029022,0.516402125358582,0.0926914364099503,"v20260312"
"GF286398","김병주","더불어시민당","liberal",21,-0.315136343240738,-0.336475014686584,-0.154434055089951,"v20260312"
"GKD32201","이용빈","더불어민주당","liberal",21,-0.434127002954483,-0.448709100484848,-0.0541090667247772,"v20260312"
"GX38539O","유동수","더불어민주당","liberal",21,-0.309821993112564,-0.333167672157288,-0.164878502488136,"v20260312"
"HKJ99607","이병훈","더불어민주당","liberal",21,-0.347971767187119,-0.369906157255173,-0.261536478996277,"v20260312"
"I434361W","조태용","미래한국당","conservative",21,0.461910843849182,0.448411047458649,0.213710099458694,"v20260312"
"JNL7001A","김선교","미래통합당","conservative",21,0.557566583156586,0.546817898750305,0.332422643899918,"v20260312"
"K5F2023J","이학영","더불어민주당","liberal",21,-0.347565501928329,-0.368625730276108,-0.107909396290779,"v20260312"
"L2I9861C","강대식","미래통합당","conservative",21,0.637313544750214,0.628235936164856,0.193156614899635,"v20260312"
"LNR7932L","김진애","열린민주당","liberal_minor",21,-1,-0.971411764621735,-0.237401038408279,"v20260312"
"LT72093S","정일영","더불어민주당","liberal",21,-0.3433478474617,-0.364076763391495,-0.259415000677109,"v20260312"
"MR210505","서일준","미래통합당","conservative",21,0.49573940038681,0.484860002994537,0.114788345992565,"v20260312"
"NQR1206Q","정진석","미래통합당","conservative",21,0.298005133867264,0.270347148180008,0.0435968860983849,"v20260312"
"O7R5461J","윤후덕","더불어민주당","liberal",21,-0.331463754177094,-0.352134615182877,-0.108379557728767,"v20260312"
"Q9H5708M","김진표","더불어민주당","liberal",21,-0.312924087047577,-0.338664203882217,-0.212003350257874,"v20260312"
"QKO6165V","박진","미래통합당","conservative",21,0.44832769036293,0.436040759086609,0.107295840978622,"v20260312"
"TP066860","정정순","더불어민주당","liberal",21,-0.446578323841095,-0.461142748594284,-0.262490093708038,"v20260312"
"TST4507I","안규백","더불어민주당","liberal",21,-0.356878846883774,-0.377721309661865,-0.311431378126144,"v20260312"
"WJL30106","조정훈","더불어시민당","liberal",21,-0.023354347795248,-0.0468102619051933,0.0953288376331329,"v20260312"
"XR24352K","서영석","더불어민주당","liberal",21,-0.339511334896088,-0.360936850309372,-0.156160056591034,"v20260312"
"XSP20229","김성환","더불어민주당","liberal",21,-0.333055138587952,-0.356895714998245,-0.137436404824257,"v20260312"
"ZYP7962W","김석기","미래통합당","conservative",21,0.433232635259628,0.416280597448349,-0.0155936582013965,"v20260312"
"04T3751T","남인순","더불어민주당","liberal",21,-0.381258428096771,-0.400116473436356,-0.0694829076528549,"v20260312"
"0827740Q","노웅래","더불어민주당","liberal",21,-0.3390893638134,-0.361967861652374,-0.172836855053902,"v20260312"
"0PK7354M","서동용","더불어민주당","liberal",21,-0.459240943193436,-0.472718924283981,-0.164334505796432,"v20260312"
"0R68099X","이수진","더불어시민당","liberal",21,-0.416963309049606,-0.438064485788345,-0.192395552992821,"v20260312"
"0WL9321T","유정주","더불어시민당","liberal",21,-0.467039495706558,-0.484035819768906,-0.116206936538219,"v20260312"
"0YT3774N","황운하","더불어민주당","liberal",21,-0.482094198465347,-0.499367922544479,-0.0472279526293278,"v20260312"
"16D7652C","이원욱","더불어민주당","liberal",21,-0.331727921962738,-0.355076313018799,-0.0728142410516739,"v20260312"
"17M85910","소병철","더불어민주당","liberal",21,-0.305082768201828,-0.328917682170868,-0.216055065393448,"v20260312"
"1MU99298","김철민","더불어민주당","liberal",21,-0.370201855897903,-0.392070233821869,-0.431521952152252,"v20260312"
"1WE5693J","김태년","더불어민주당","liberal",21,-0.329378932714462,-0.351153135299683,-0.307646036148071,"v20260312"
"1Y73132H","김상훈","미래통합당","conservative",21,0.380429983139038,0.364045143127441,0.131602197885513,"v20260312"
"2385336L","정청래","더불어민주당","liberal",21,-0.294983237981796,-0.319208025932312,-0.154428124427795,"v20260312"
"25I8709Q","조오섭","더불어민주당","liberal",21,-0.471619248390198,-0.486120939254761,-0.286324858665466,"v20260312"
"2N793392","홍성국","더불어민주당","liberal",21,-0.296388357877731,-0.317653626203537,-0.203652739524841,"v20260312"
"2NV6751W","장철민","더불어민주당","liberal",21,-0.542061269283295,-0.556545734405518,-0.0726679861545563,"v20260312"
"2UD1340H","김성주","더불어민주당","liberal",21,-0.475401520729065,-0.483018219470978,-0.00830204878002405,"v20260312"
"3249208I","송옥주","더불어민주당","liberal",21,-0.474422425031662,-0.491374999284744,-0.202227517962456,"v20260312"
"3425169D","정필모","더불어시민당","liberal",21,-0.549715995788574,-0.558489680290222,0.0360135994851589,"v20260312"
"3DK8989T","최춘식","미래통합당","conservative",21,0.467486351728439,0.453592836856842,0.0260088723152876,"v20260312"
"3RW63706","이주환","미래통합당","conservative",21,0.387524038553238,0.369027823209763,0.0352952256798744,"v20260312"
"3TO11703","권인숙","더불어시민당","liberal",21,-0.486539214849472,-0.504320859909058,-0.0628666803240776,"v20260312"
"4019850M","박정","더불어민주당","liberal",21,-0.32215690612793,-0.345848858356476,-0.27503627538681,"v20260312"
"4L695580","김원이","더불어민주당","liberal",21,-0.549230456352234,-0.563565909862518,-0.080553688108921,"v20260312"
"4T026790","임오경","더불어민주당","liberal",21,-0.312033087015152,-0.336393505334854,-0.19957260787487,"v20260312"
"4U29186R","문진석","더불어민주당","liberal",21,-0.336175799369812,-0.358024597167969,-0.0940351113677025,"v20260312"
"4XG1439M","고영인","더불어민주당","liberal",21,-0.307323962450027,-0.328785121440887,-0.205381259322166,"v20260312"
"52P3934K","김희곤","미래통합당","conservative",21,0.29866349697113,0.281477063894272,0.0228401310741901,"v20260312"
"5765663F","김영진","더불어민주당","liberal",21,-0.316599756479263,-0.339458554983139,-0.211859032511711,"v20260312"
"5KV82250","조경태","미래통합당","conservative",21,0.613248586654663,0.60393363237381,0.435525387525558,"v20260312"
"5KV96424","강준현","더불어민주당","liberal",21,-0.305409282445908,-0.329347729682922,-0.199047967791557,"v20260312"
"5MD4184K","홍기원","더불어민주당","liberal",21,-0.312018275260925,-0.337007790803909,-0.185717687010765,"v20260312"
"60490713","강병원","더불어민주당","liberal",21,-0.345843285322189,-0.367239505052567,-0.437288254499435,"v20260312"
"66W6739S","허은아","미래한국당","conservative",21,0.572149336338043,0.561485528945923,0.315084993839264,"v20260312"
"68P7228G","진선미","더불어민주당","liberal",21,-0.351281046867371,-0.371290177106857,-0.239791914820671,"v20260312"
"6AU2417B","박주민","더불어민주당","liberal",21,-0.472291082143784,-0.485581189393997,-0.105045676231384,"v20260312"
"6MO8786S","안병길","미래통합당","conservative",21,0.764909505844116,0.759133994579315,0.0664687752723694,"v20260312"
"6YT83269","이명수","미래통합당","conservative",21,0.323322534561157,0.302473574876785,0.0296411216259003,"v20260312"
"71J2365L","전주혜","미래한국당","conservative",21,0.600635766983032,0.591846227645874,-0.0800450891256332,"v20260312"
"7469929V","구자근","미래통합당","conservative",21,0.438186675310135,0.426007091999054,0.0937635377049446,"v20260312"
"7BM2933Y","김영호","더불어민주당","liberal",21,-0.37823823094368,-0.397114038467407,-0.0872673913836479,"v20260312"
"7I09543O","이장섭","더불어민주당","liberal",21,-0.321858435869217,-0.346505463123322,-0.19810838997364,"v20260312"
"7JC3239L","윤두현","미래통합당","conservative",21,0.898493111133575,0.893725991249084,0.443607449531555,"v20260312"
"7O71647Z","양이원영","더불어시민당","liberal",21,-0.59124106168747,-0.607897222042084,0.0663111731410027,"v20260312"
"7R156073","박범계","더불어민주당","liberal",21,-0.348918557167053,-0.366652637720108,-0.0470467694103718,"v20260312"
"8348421R","엄태영","미래통합당","conservative",21,0.509738147258759,0.497274428606033,0.116778075695038,"v20260312"
"8FC9697X","유기홍","더불어민주당","liberal",21,-0.464618355035782,-0.481471955776215,-0.105335809290409,"v20260312"
"8KF7223D","이성만","더불어민주당","liberal",21,-0.389946728944778,-0.409682631492615,-0.130335748195648,"v20260312"
"8P37634C","강득구","더불어민주당","liberal",21,-0.401939570903778,-0.423744142055511,-0.0691548883914948,"v20260312"
"8Q88373R","김병기","더불어민주당","liberal",21,-0.343818694353104,-0.367907822132111,-0.173087060451508,"v20260312"
"8SV6917G","주호영","미래통합당","conservative",21,0.626109600067139,0.616787195205688,0.222540855407715,"v20260312"
"8VY63414","류성걸","미래통합당","conservative",21,0.378201514482498,0.358830124139786,0.11635384708643,"v20260312"
"9D939735","김성원","미래통합당","conservative",21,0.488829642534256,0.476626306772232,-0.169343739748001,"v20260312"
"9JF4562W","이용선","더불어민주당","liberal",21,-0.396506369113922,-0.414048880338669,-0.245066329836845,"v20260312"
"9L57027L","유경준","미래통합당","conservative",21,0.740391731262207,0.733735978603363,-0.0754082500934601,"v20260312"
"9LD2641Q","김정호","더불어민주당","liberal",21,-0.330835342407227,-0.355038821697235,-0.153444185853004,"v20260312"
"9V18755A","양경숙","더불어시민당","liberal",21,-0.359886854887009,-0.380959838628769,-0.187025174498558,"v20260312"
"9YO73104","전재수","더불어민주당","liberal",21,-0.328167915344238,-0.349484443664551,-0.160212695598602,"v20260312"
"A0P4646G","최형두","미래통합당","conservative",21,0.410079717636108,0.391187280416489,-0.0270774867385626,"v20260312"
"A3H7195R","박완주","더불어민주당","liberal",21,-0.489236623048782,-0.507839679718018,-0.498046725988388,"v20260312"
"ATB59635","김승원","더불어민주당","liberal",21,-0.329412668943405,-0.351699769496918,-0.150475725531578,"v20260312"
"B7D7534L","김영배","더불어민주당","liberal",21,-0.327786564826965,-0.349967986345291,-0.158339366316795,"v20260312"
"B7H6207C","박대수","미래한국당","conservative",21,0.493557989597321,0.48204916715622,0.31239640712738,"v20260312"
"B7R2742J","기동민","더불어민주당","liberal",21,-0.34678840637207,-0.369764685630798,-0.185621201992035,"v20260312"
"BLC8630L","박병석","더불어민주당","liberal",21,-0.325170576572418,-0.345655083656311,-0.156509205698967,"v20260312"
"BT62420K","박찬대","더불어민주당","liberal",21,-0.452053397893906,-0.469759613275528,-0.186848968267441,"v20260312"
"CCU1009B","이해식","더불어민주당","liberal",21,-0.431913644075394,-0.4474036693573,-0.146866679191589,"v20260312"
"CFE3998F","이상직","더불어민주당","liberal",21,-0.195717737078667,-0.219572380185127,0.124623492360115,"v20260312"
"CI15627C","김두관","더불어민주당","liberal",21,-0.581122815608978,-0.595311403274536,-0.0633223578333855,"v20260312"
"CNW5754J","송석준","미래통합당","conservative",21,0.336854189634323,0.31410613656044,0.0710019916296005,"v20260312"
"CNZ51556","김예지","미래한국당","conservative",21,0.510326027870178,0.499060899019241,0.163160964846611,"v20260312"
"CZB4125D","장제원","미래통합당","conservative",21,0.445425897836685,0.434704959392548,0.205860987305641,"v20260312"
"D4L60530","이수진","더불어민주당","liberal",21,-0.322129517793655,-0.346000850200653,-0.211001589894295,"v20260312"
"D6U6678O","김주영","더불어민주당","liberal",21,-0.372876077890396,-0.391303241252899,-0.130784317851067,"v20260312"
"DAY6557K","정동만","미래통합당","conservative",21,0.412867426872253,0.401378780603409,0.0703019872307777,"v20260312"
"E1J8836Y","김정재","미래통합당","conservative",21,0.404309958219528,0.388231962919235,0.0569488145411015,"v20260312"
"E6U4345C","임종성","더불어민주당","liberal",21,-0.589921712875366,-0.601209759712219,-0.112049639225006,"v20260312"
"E9R4507P","권명호","미래통합당","conservative",21,0.600958406925201,0.59103113412857,-0.0284017417579889,"v20260312"
"EH27538E","임이자","미래통합당","conservative",21,0.421757012605667,0.405851811170578,0.247955545783043,"v20260312"
"EMC8812P","홍석준","미래통합당","conservative",21,0.639614582061768,0.63118040561676,-0.011881678365171,"v20260312"
"EVH1507C","이헌승","미래통합당","conservative",21,0.471201628446579,0.462762206792831,0.0803998857736588,"v20260312"
"F5Y4026Q","신현영","더불어시민당","liberal",21,-0.349630147218704,-0.371003240346909,-0.153298437595367,"v20260312"
"FJK3396E","맹성규","더불어민주당","liberal",21,-0.29823648929596,-0.320307403802872,-0.264031827449799,"v20260312"
"FOK3459D","서삼석","더불어민주당","liberal",21,-0.342530250549316,-0.365417271852493,-0.210086569190025,"v20260312"
"FRN1867O","홍익표","더불어민주당","liberal",21,-0.49568846821785,-0.506322979927063,-0.0477205477654934,"v20260312"
"FU53642G","허영","더불어민주당","liberal",21,-0.445685625076294,-0.463923633098602,-0.112151049077511,"v20260312"
"FYI20317","조승래","더불어민주당","liberal",21,-0.37138444185257,-0.39107021689415,-0.355435878038406,"v20260312"
"G1570880","신동근","더불어민주당","liberal",21,-0.416226595640182,-0.432820796966553,-0.277755498886108,"v20260312"
"G7512472","이용우","더불어민주당","liberal",21,-0.505012810230255,-0.522058486938477,0.058760192245245,"v20260312"
"GAV6441G","장혜영","정의당","progressive",21,-0.981359899044037,-0.84380179643631,0.536655068397522,"v20260312"
"GDG1847Z","권성동","무소속","independent",21,0.840990364551544,0.835067689418793,-0.083793081343174,"v20260312"
"GE71932C","용혜인","더불어시민당","liberal",21,-0.825496137142181,-0.839379370212555,0.339213252067566,"v20260312"
"GFF1986K","김병욱","더불어민주당","liberal",21,-0.289522439241409,-0.314360052347183,-0.217967092990875,"v20260312"
"GOC54665","문정복","더불어민주당","liberal",21,-0.366629123687744,-0.39025467634201,-0.125132098793983,"v20260312"
"GP07421U","윤건영","더불어민주당","liberal",21,-0.464951604604721,-0.478111445903778,-0.0351209565997124,"v20260312"
"GX22581L","강민국","미래통합당","conservative",21,0.705422043800354,0.698783099651337,0.235921740531921,"v20260312"
"HSS7466Y","백혜련","더불어민주당","liberal",21,-0.330427348613739,-0.353985786437988,-0.266003161668777,"v20260312"
"HSW1214Q","이종배","미래통합당","conservative",21,0.396453350782394,0.378804087638855,0.12873874604702,"v20260312"
"HXT76735","박상혁","더불어민주당","liberal",21,-0.366514205932617,-0.389510899782181,-0.232919156551361,"v20260312"
"I0S53762","하태경","미래통합당","conservative",21,0.388991445302963,0.37688222527504,-0.0661400854587555,"v20260312"
"I5I2468R","최기상","더불어민주당","liberal",21,-0.405112475156784,-0.41968235373497,-0.246126785874367,"v20260312"
"I7R13867","이개호","더불어민주당","liberal",21,-0.316755533218384,-0.339093536138535,-0.155427619814873,"v20260312"
"ICH23251","최강욱","열린민주당","liberal_minor",21,-0.664503753185272,-0.679526507854462,0.00638255709782243,"v20260312"
"IL74008M","박성준","더불어민주당","liberal",21,-0.289952516555786,-0.315156251192093,-0.217330202460289,"v20260312"
"IN328264","조정식","더불어민주당","liberal",21,-0.303648918867111,-0.331689029932022,-0.257259517908096,"v20260312"
"IOW1101J","김영식","미래통합당","conservative",21,0.683660805225372,0.676455736160278,0.141188591718674,"v20260312"
"IOW8224X","이형석","더불어민주당","liberal",21,-0.396180808544159,-0.414485454559326,-0.102729499340057,"v20260312"
"J2O8643H","도종환","더불어민주당","liberal",21,-0.453280687332153,-0.467278242111206,-0.458556562662125,"v20260312"
"JC14718Q","윤준병","더불어민주당","liberal",21,-0.525277674198151,-0.537387251853943,-0.10791689157486,"v20260312"
"JEZ3130Q","김형동","미래통합당","conservative",21,0.457832813262939,0.441670596599579,-0.128271475434303,"v20260312"
"JMY9959W","윤관석","더불어민주당","liberal",21,-0.297354370355606,-0.325109452009201,-0.198316305875778,"v20260312"
"JQA21112","한기호","미래통합당","conservative",21,0.918007671833038,0.914244055747986,0.122586980462074,"v20260312"
"JZY9937U","김윤덕","더불어민주당","liberal",21,-0.334794640541077,-0.359310477972031,-0.216571822762489,"v20260312"
"K3W33496","박광온","더불어민주당","liberal",21,-0.342461913824081,-0.363692551851273,-0.117022097110748,"v20260312"
"KFS1358P","윤영덕","더불어민주당","liberal",21,-0.430337280035019,-0.449562102556229,-0.200300320982933,"v20260312"
"KR14136C","홍영표","더불어민주당","liberal",21,-0.479368269443512,-0.493368089199066,-0.137977123260498,"v20260312"
"KUO3574J","양기대","더불어민주당","liberal",21,-0.297480881214142,-0.321843802928925,-0.213449999690056,"v20260312"
"L7J93733","서범수","미래통합당","conservative",21,0.344040006399155,0.329098492860794,0.105391182005405,"v20260312"
"L7T64271","김수흥","더불어민주당","liberal",21,-0.319176882505417,-0.342259019613266,-0.140828758478165,"v20260312"
"LM13674V","송재호","더불어민주당","liberal",21,-0.326197504997253,-0.348178714513779,-0.156386613845825,"v20260312"
"LPB30152","최인호","더불어민주당","liberal",21,-0.344947397708893,-0.363420069217682,-0.303981453180313,"v20260312"
"LQW3652K","김웅","미래통합당","conservative",21,0.978656649589539,0.977499425411224,0.107200965285301,"v20260312"
"M0A1658U","윤호중","더불어민주당","liberal",21,-0.304463565349579,-0.328324913978577,-0.266063809394836,"v20260312"
"M2Q9024I","김종민","더불어민주당","liberal",21,-0.391871422529221,-0.410557359457016,-0.0294160004705191,"v20260312"
"M6H1705E","김회재","더불어민주당","liberal",21,-0.293837577104568,-0.318678110837936,-0.121225036680698,"v20260312"
"M7O7878U","신정훈","더불어민주당","liberal",21,-0.437155514955521,-0.451681315898895,-0.0597545318305492,"v20260312"
"M7T9712V","최승재","미래한국당","conservative",21,0.675149857997894,0.664720058441162,0.482146084308624,"v20260312"
"MD083627","정춘숙","더불어민주당","liberal",21,-0.350377827882767,-0.373239785432816,-0.223629832267761,"v20260312"
"MHK9919B","곽상도","미래통합당","conservative",21,0.752926588058472,0.734233200550079,0.460250645875931,"v20260312"
"MLH1404S","김민석","더불어민주당","liberal",21,-0.34892275929451,-0.372275859117508,-0.175129726529121,"v20260312"
"MNZ4401T","강선우","더불어민주당","liberal",21,-0.515661716461182,-0.530462205410004,-0.133406057953835,"v20260312"
"MRK4871S","유의동","미래통합당","conservative",21,0.606983780860901,0.596731603145599,0.249940931797028,"v20260312"
"MSY7784L","윤상현","무소속","independent",21,0.26827546954155,0.235753148794174,0.202522203326225,"v20260312"
"MU69217P","유상범","미래통합당","conservative",21,0.684315264225006,0.677189290523529,-0.0798725113272667,"v20260312"
"MY318392","오영환","더불어민주당","liberal",21,-0.368923842906952,-0.388965666294098,-0.0580813512206078,"v20260312"
"N4R2421C","박덕흠","미래통합당","conservative",21,0.300705373287201,0.263537764549255,0.182351112365723,"v20260312"
"N9X9673B","전혜숙","더불어민주당","liberal",21,-0.355355322360992,-0.378204494714737,-0.201337426900864,"v20260312"
"NAL4555X","홍준표","무소속","independent",21,0.567141115665436,0.55728006362915,0.382793664932251,"v20260312"
"NTT8182Q","김민기","더불어민주당","liberal",21,-0.567885756492615,-0.577607214450836,-0.195826187729836,"v20260312"
"NZF1659U","정운천","미래한국당","conservative",21,0.337440997362137,0.314519166946411,0.124539725482464,"v20260312"
"O0I2045I","이정문","더불어민주당","liberal",21,-0.301295429468155,-0.322700381278992,-0.191923201084137,"v20260312"
"O6D8329R","민홍철","더불어민주당","liberal",21,-0.437553584575653,-0.451999604701996,-0.290676087141037,"v20260312"
"OFE45081","김용민","더불어민주당","liberal",21,-0.402148067951202,-0.416834533214569,-0.174401938915253,"v20260312"
"OIA3741M","오기형","더불어민주당","liberal",21,-0.434081792831421,-0.451250106096268,-0.0364237725734711,"v20260312"
"OSV9142K","이만희","미래통합당","conservative",21,0.479239046573639,0.466482728719711,0.209045320749283,"v20260312"
"OW53107J","설훈","더불어민주당","liberal",21,-0.42475500702858,-0.443630576133728,-0.140652611851692,"v20260312"
"P0F1530P","김태호","무소속","independent",21,0.396453440189362,0.385743498802185,0.04246024787426,"v20260312"
"P2N4585G","김승남","더불어민주당","liberal",21,-0.320363342761993,-0.344934672117233,-0.194476038217545,"v20260312"
"P2N50879","강민정","열린민주당","liberal_minor",21,-0.776644885540009,-0.792525708675385,0.109286315739155,"v20260312"
"PAO22428","송영길","더불어민주당","liberal",21,-0.386392503976822,-0.416353672742844,-0.407717019319534,"v20260312"
"PEP6922S","박용진","더불어민주당","liberal",21,-0.546516358852386,-0.553295373916626,0.0686067417263985,"v20260312"
"PFG2137X","정희용","미래통합당","conservative",21,0.400411576032639,0.383172124624252,0.095939576625824,"v20260312"
"PO64874I","김홍걸","더불어시민당","liberal",21,-0.536163687705994,-0.554103434085846,0.0135137997567654,"v20260312"
"PZA4062H","양정숙","더불어시민당","liberal",21,-0.415807902812958,-0.431520104408264,-0.0345987156033516,"v20260312"
"QD25323M","최혜영","더불어시민당","liberal",21,-0.540054619312286,-0.546270310878754,-0.17705012857914,"v20260312"
"QHL3248U","김남국","더불어민주당","liberal",21,-0.478313565254211,-0.497985154390335,-0.0786512047052383,"v20260312"
"QQP4727N","배준영","미래통합당","conservative",21,0.563200116157532,0.552706658840179,-0.113379649817944,"v20260312"
"QUO78839","박재호","더불어민주당","liberal",21,-0.374778181314468,-0.394377380609512,-0.137196317315102,"v20260312"
"RD42006Y","송갑석","더불어민주당","liberal",21,-0.369015723466873,-0.38870495557785,-0.222894728183746,"v20260312"
"RO593601","이동주","더불어시민당","liberal",21,-0.362102091312408,-0.380086153745651,-0.102596461772919,"v20260312"
"RPN2293B","장경태","더불어민주당","liberal",21,-0.327272593975067,-0.350904732942581,-0.182094320654869,"v20260312"
"RQQ3807K","위성곤","더불어민주당","liberal",21,-0.555821478366852,-0.570772409439087,-0.0688890963792801,"v20260312"
"S741317G","조명희","미래한국당","conservative",21,0.583550810813904,0.57375156879425,0.177675247192383,"v20260312"
"S824682L","박홍근","더불어민주당","liberal",21,-0.31898444890976,-0.342190474271774,-0.364160925149918,"v20260312"
"SBK1544B","정찬민","미래통합당","conservative",21,0.406662344932556,0.391950041055679,0.00202612322755158,"v20260312"
"SE233396","윤재갑","더불어민주당","liberal",21,-0.469928592443466,-0.485308915376663,-0.130749106407166,"v20260312"
"SQ36001H","송기헌","더불어민주당","liberal",21,-0.308851897716522,-0.33192828297615,-0.234419345855713,"v20260312"
"SRP7336N","신원식","미래한국당","conservative",21,0.743427574634552,0.737784028053284,0.167016908526421,"v20260312"
"SU53086M","심상정","정의당","progressive",21,-0.906252503395081,-0.8549023270607,0.518788993358612,"v20260312"
"SVH3899R","김용판","미래통합당","conservative",21,0.499583601951599,0.488837689161301,0.0639501810073853,"v20260312"
"T465023H","주철현","더불어민주당","liberal",21,-0.271306425333023,-0.298907071352005,-0.312382966279984,"v20260312"
"TJW93720","전용기","더불어시민당","liberal",21,-0.391852498054504,-0.408909797668457,-0.236822500824928,"v20260312"
"TKJ4800F","서영교","더불어민주당","liberal",21,-0.333081185817719,-0.351480603218079,-0.149240002036095,"v20260312"
"TRE2429O","강훈식","더불어민주당","liberal",21,-0.369461089372635,-0.386795908212662,-0.281881213188171,"v20260312"
"TZ228122","민병덕","더불어민주당","liberal",21,-0.416271209716797,-0.433023393154144,-0.210185900330544,"v20260312"
"TZP9391O","이철규","미래통합당","conservative",21,0.593677580356598,0.584082901477814,0.314060389995575,"v20260312"
"UB114374","한무경","미래한국당","conservative",21,0.820248603820801,0.815398335456848,0.00610928889364004,"v20260312"
"UGH6481E","김상희","더불어민주당","liberal",21,-0.51082307100296,-0.522825062274933,-0.122996442019939,"v20260312"
"UHB5553T","정태호","더불어민주당","liberal",21,-0.348255008459091,-0.370160728693008,-0.171143934130669,"v20260312"
"UQ282145","이재정","더불어민주당","liberal",21,-0.511059165000916,-0.515165030956268,0.0188879631459713,"v20260312"
"USR7059P","정경희","미래한국당","conservative",21,0.908775389194489,0.903323411941528,0.106930643320084,"v20260312"
"V0O5343U","우상호","더불어민주당","liberal",21,-0.342656672000885,-0.368261575698853,-0.0552735403180122,"v20260312"
"V429892C","정성호","더불어민주당","liberal",21,-0.291935652494431,-0.318713277578354,-0.218466728925705,"v20260312"
"VCP96419","허종식","더불어민주당","liberal",21,-0.36876118183136,-0.390117347240448,-0.02608622610569,"v20260312"
"VG24001G","양금희","미래통합당","conservative",21,0.650273561477661,0.641975104808807,0.0489011518657207,"v20260312"
"VRY5522V","민형배","더불어민주당","liberal",21,-0.659326314926147,-0.666752696037292,0.0283126067370176,"v20260312"
"W1Q6753M","이은주","정의당","progressive",21,-0.907405495643616,-0.827921330928802,0.56084418296814,"v20260312"
"W4X85128","박대출","미래통합당","conservative",21,0.998624980449677,0.967949628829956,0.251144498586655,"v20260312"
"WCD5518S","고민정","더불어민주당","liberal",21,-0.463653147220612,-0.479038566350937,-0.065402515232563,"v20260312"
"WDS6044S","이채익","미래통합당","conservative",21,0.391521483659744,0.374547898769379,0.0629861280322075,"v20260312"
"WFU14784","서정숙","미래한국당","conservative",21,0.728300333023071,0.721503615379333,0.0808697417378426,"v20260312"
"WHV3448W","양향자","더불어민주당","liberal",21,-0.299816131591797,-0.325298488140106,-0.217058628797531,"v20260312"
"WMG57662","강은미","정의당","progressive",21,-1,-0.841314613819122,0.54054582118988,"v20260312"
"WTR5885Y","이소영","더불어민주당","liberal",21,-0.529168784618378,-0.541108191013336,-0.148839339613914,"v20260312"
"WVU2479T","이상헌","더불어민주당","liberal",21,-0.362361162900925,-0.384795635938644,-0.206936806440353,"v20260312"
"X1K3667J","김교흥","더불어민주당","liberal",21,-0.346251875162125,-0.364812403917313,-0.189412444829941,"v20260312"
"X3170462","박성민","미래통합당","conservative",21,0.483167976140976,0.470005601644516,0.117577217519283,"v20260312"
"X7I4680R","김기현","미래통합당","conservative",21,0.39871734380722,0.382218182086945,0.204271748661995,"v20260312"
"XA42275R","홍정민","더불어민주당","liberal",21,-0.307821840047836,-0.331936746835709,-0.319759339094162,"v20260312"
"XBT9550Q","우원식","더불어민주당","liberal",21,-0.411410093307495,-0.429379373788834,-0.00709809409454465,"v20260312"
"XEF29171","안호영","더불어민주당","liberal",21,-0.361312806606293,-0.38255512714386,-0.256285160779953,"v20260312"
"XJC13432","태영호","미래통합당","conservative",21,0.368858098983765,0.348933100700378,0.0406461544334888,"v20260312"
"XPP2564T","한정애","더불어민주당","liberal",21,-0.384009063243866,-0.400616854429245,-0.0523758456110954,"v20260312"
"XWX1513T","윤영찬","더불어민주당","liberal",21,-0.348245114088058,-0.369327187538147,-0.216360598802567,"v20260312"
"Z7Y7827F","최종윤","더불어민주당","liberal",21,-0.324522912502289,-0.349562704563141,-0.191139712929726,"v20260312"
"ZA54991S","안민석","더불어민주당","liberal",21,-0.378095358610153,-0.394544661045074,-0.137586340308189,"v20260312"
"ZDP5704Q","윤주경","미래한국당","conservative",21,0.715922772884369,0.708843410015106,-0.1086011454463,"v20260312"
"ZDR63255","소병훈","더불어민주당","liberal",21,-0.584513068199158,-0.59915441274643,-0.0337284728884697,"v20260312"
"ZKU88693","김경협","더불어민주당","liberal",21,-0.547481298446655,-0.561527669429779,-0.0138347800821066,"v20260312"
"ZRF3039U","윤재옥","미래통합당","conservative",21,0.542117476463318,0.531720995903015,0.211140543222427,"v20260312"
"0767470D","이낙연","더불어민주당","liberal",21,-0.684262096881866,-0.697662353515625,-0.274490892887115,"v20260312"
"3C23171A","진성준","더불어민주당","liberal",21,-0.584364593029022,-0.592330396175385,0.0391745194792747,"v20260312"
"40E3739H","윤창현","미래한국당","conservative",21,0.386870265007019,0.371065229177475,0.101667903363705,"v20260312"
"4X525582","배현진","미래통합당","conservative",21,0.604504704475403,0.595633685588837,-0.087648518383503,"v20260312"
"5K93695T","김승수","미래통합당","conservative",21,0.654928088188171,0.646913051605225,0.167234316468239,"v20260312"
"5UN9725L","이용","미래한국당","conservative",21,0.379263460636139,0.365714251995087,0.197449460625648,"v20260312"
"6U243644","박형수","미래통합당","conservative",21,0.383775353431702,0.366801172494888,0.111530385911465,"v20260312"
"AE685067","이규민","더불어민주당","liberal",21,-0.41964402794838,-0.446765810251236,-0.331168115139008,"v20260312"
"BCQ55105","한준호","더불어민주당","liberal",21,-0.496545642614365,-0.507629454135895,-0.0840414091944695,"v20260312"
"FH777496","임호선","더불어민주당","liberal",21,-0.447921186685562,-0.462517261505127,-0.182485148310661,"v20260312"
"H5476989","한병도","더불어민주당","liberal",21,-0.327748835086823,-0.35148486495018,-0.224967867136002,"v20260312"
"J9S37905","황보승희","미래통합당","conservative",21,0.50846529006958,0.496557652950287,-0.155896231532097,"v20260312"
"NCP9875N","류호정","정의당","progressive",21,-0.983751833438873,-0.837015748023987,0.547178864479065,"v20260312"
"UM51067K","인재근","더불어민주당","liberal",21,-0.391649186611176,-0.409329742193222,-0.0594231858849525,"v20260312"
"ZYH1940A","이상민","더불어민주당","liberal",21,-0.502296209335327,-0.516823947429657,0.10114810615778,"v20260312"
"3BC6890E","김미애","미래통합당","conservative",21,0.732075989246368,0.725631296634674,-0.141363367438316,"v20260312"
"6AR6743G","김희국","미래통합당","conservative",21,0.348971903324127,0.333791851997375,0.165135681629181,"v20260312"
"8X15119P","윤한홍","미래통합당","conservative",21,0.804504752159119,0.799234688282013,0.501122772693634,"v20260312"
"FGI27280","하영제","미래통합당","conservative",21,0.465125054121017,0.450806379318237,0.317964404821396,"v20260312"
"Z6R3959C","조해진","미래통합당","conservative",21,0.379467338323593,0.365391254425049,0.217327371239662,"v20260312"
"6V37131U","고용진","더불어민주당","liberal",21,-0.375444948673248,-0.39714851975441,-0.110591903328896,"v20260312"
"7XY7109I","성일종","미래통합당","conservative",21,0.486854553222656,0.47417014837265,0.145041435956955,"v20260312"
"8VJ8533R","최연숙","국민의당","independent",21,0.462808400392532,0.452487111091614,-0.103970736265182,"v20260312"
"CT85313K","서병수","미래통합당","conservative",21,0.501535356044769,0.490457892417908,-0.0104900421574712,"v20260312"
"D0C85236","박완수","미래통합당","conservative",21,0.411210685968399,0.402551233768463,0.0473182424902916,"v20260312"
"DBA1057Z","이용호","무소속","independent",21,0.274140387773514,0.254482477903366,0.000401460041757673,"v20260312"
"GD131760","홍문표","미래통합당","conservative",21,0.24194124341011,0.226667881011963,0.13226917386055,"v20260312"
"IUL4848V","윤희숙","미래통합당","conservative",21,0.662257075309753,0.649559438228607,0.348547488451004,"v20260312"
"KB04377U","김병욱","미래통합당","conservative",21,0.419779092073441,0.401915848255157,0.122237004339695,"v20260312"
"LG63087O","권영세","미래통합당","conservative",21,0.280388742685318,0.261410713195801,-0.010693552903831,"v20260312"
"LH97552Q","김도읍","미래통합당","conservative",21,0.416802644729614,0.401562839746475,0.128213703632355,"v20260312"
"LJK4960Z","정점식","미래통합당","conservative",21,0.536438226699829,0.525034070014954,0.102458260953426,"v20260312"
"MO52543L","변재일","더불어민주당","liberal",21,-0.323951780796051,-0.34610778093338,-0.396973103284836,"v20260312"
"QTW6852F","이태규","국민의당","independent",21,0.42464753985405,0.410767197608948,0.374440729618073,"v20260312"
"Y7K5946R","지성호","미래한국당","conservative",21,0.506211936473846,0.494136154651642,0.26519849896431,"v20260312"
"YKW37422","권은희","국민의당","independent",21,0.143503755331039,0.11499597132206,0.0740683153271675,"v20260312"
"YLS4431M","조수진","미래한국당","conservative",21,0.537914931774139,0.525895893573761,0.0477463416755199,"v20260312"
"KNM3215T","윤미향","더불어시민당","liberal",21,-0.781806409358978,-0.794174075126648,-0.0561543479561806,"v20260312"
"9VR65006","윤영석","미래통합당","conservative",21,0.327668607234955,0.304440319538116,0.0187511872500181,"v20260312"
"QUM8288K","이달곤","미래통합당","conservative",21,0.47691023349762,0.462253093719482,0.0602425634860992,"v20260312"
"S9U45255","이양수","미래통합당","conservative",21,0.418414562940598,0.402539312839508,0.0920793488621712,"v20260312"
"TVF3669B","김태흠","미래통합당","conservative",21,0.805885255336761,0.826446056365967,0.119235426187515,"v20260312"
"L5P27909","김은혜","미래통합당","conservative",21,0.780834138393402,0.77458918094635,0.459403842687607,"v20260312"
"6EN68926","송언석","미래통합당","conservative",21,0.630471587181091,0.621872901916504,0.126217991113663,"v20260312"
"9S151177","이탄희","더불어민주당","liberal",21,-0.630782425403595,-0.64755243062973,0.0619645342230797,"v20260312"
"FIC9046Z","김의겸","열린민주당","liberal_minor",21,-0.559735000133514,-0.573966324329376,0.024715818464756,"v20260312"
"6RM29022","최재형","국민의힘","conservative",21,0.627245306968689,0.612486302852631,-0.0412889868021011,"v20260312"
"F5U2979W","김학용","국민의힘","conservative",21,0.414657920598984,0.364718824625015,0.0511111319065094,"v20260312"
"NLR6572J","임병헌","무소속","independent",21,0.267363011837006,0.246922045946121,0.0790554508566856,"v20260312"
"VHK3402G","정우택","국민의힘","conservative",21,0.505610704421997,0.453100651502609,0.17625629901886,"v20260312"
"MQU41854","조은희","국민의힘","conservative",21,0.494858592748642,0.4725062251091,0.00919806119054556,"v20260312"
"JVB6983V","노용호","국민의힘","conservative",21,0.499601006507874,0.48750764131546,0.0850828140974045,"v20260312"
"KFM1081G","장동혁","국민의힘","conservative",21,0.507720232009888,0.496672362089157,0.0356245040893555,"v20260312"
"LBC8144B","김영선","국민의힘","conservative",21,0.477002590894699,0.457759767770767,0.427889078855515,"v20260312"
"6RD62559","박정하","국민의힘","conservative",21,0.444891393184662,0.427952289581299,0.0820847973227501,"v20260312"
"DWK26447","이인선","국민의힘","conservative",21,0.606898486614227,0.598611414432526,0.289091736078262,"v20260312"
"IUD9392R","이재명","더불어민주당","liberal",21,-0.320814728736877,-0.344205647706985,-0.149892315268517,"v20260312"
"NUB4941Z","김한규","더불어민주당","liberal",21,-0.409597635269165,-0.42407900094986,0.0265283696353436,"v20260312"
"YTA7297R","최영희","국민의힘","conservative",21,0.353209644556046,0.335003197193146,0.0998742282390594,"v20260312"
"YOG1280B","안철수","국민의힘","conservative",21,0.343559294939041,0.314911484718323,0.355086117982864,"v20260312"
"6FS10566","강성희","진보당","progressive",21,-0.800596415996552,-0.802521347999573,0.310745537281036,"v20260312"
"NCO99988","허숙정","더불어민주당","liberal",21,-0.488280177116394,-0.53206866979599,-0.73091983795166,"v20260312"
"F0I5053J","우신구","국민의힘","conservative",21,1,1,0,"v20260312"
"0YT3774N","황운하","조국혁신당","rebuilding",22,-0.594690322875977,-0.561862230300903,0.607717096805573,"v20260312"
"2NV6751W","장철민","더불어민주당","liberal",22,-0.511938869953156,-0.483448773622513,-0.102179184556007,"v20260312"
"3LP22204","이재강","더불어민주당","liberal",22,-0.513387203216553,-0.485312312841415,0.214491784572601,"v20260312"
"4019850M","박정","더불어민주당","liberal",22,-0.47299125790596,-0.445772618055344,0.0749738365411758,"v20260312"
"5MD4184K","홍기원","더불어민주당","liberal",22,-0.488659560680389,-0.460703879594803,0.0818175822496414,"v20260312"
"5TQ6306B","박수현","더불어민주당","liberal",22,-0.525717377662659,-0.498295694589615,0.40783965587616,"v20260312"
"6I88973D","부승찬","더불어민주당","liberal",22,-0.537013828754425,-0.507412731647491,-0.242401570081711,"v20260312"
"7R156073","박범계","더불어민주당","liberal",22,-0.525143027305603,-0.495970547199249,-0.0647060498595238,"v20260312"
"86R9476S","김문수","더불어민주당","liberal",22,-0.488273680210114,-0.464043319225311,0.0422558970749378,"v20260312"
"88O1334C","김성회","더불어민주당","liberal",22,-0.484567910432816,-0.460396260023117,0.0335388742387295,"v20260312"
"8A05621B","김준형","조국혁신당","rebuilding",22,-0.767279744148254,-0.731810331344604,0.304262161254883,"v20260312"
"8BF5855P","박지원","더불어민주당","liberal",22,-0.489520877599716,-0.462129235267639,-0.00315222656354308,"v20260312"
"8O34202I","김영환","더불어민주당","liberal",22,-0.542484819889069,-0.512984335422516,-0.373524785041809,"v20260312"
"8Q88373R","김병기","더불어민주당","liberal",22,-0.479526966810226,-0.446061313152313,0.0169016513973475,"v20260312"
"95J3282H","이광희","더불어민주당","liberal",22,-0.620455622673035,-0.58216142654419,-0.347264915704727,"v20260312"
"9YO73104","전재수","더불어민주당","liberal",22,-0.526532351970673,-0.499707460403442,0.37981516122818,"v20260312"
"ATB59635","김승원","더불어민주당","liberal",22,-0.485504478216171,-0.457314014434814,0.0021195481531322,"v20260312"
"BCQ55105","한준호","더불어민주당","liberal",22,-0.552445828914642,-0.523253202438354,-0.52990984916687,"v20260312"
"D9I3309M","문대림","더불어민주당","liberal",22,-0.515831232070923,-0.487900495529175,0.0661274194717407,"v20260312"
"DMP1439I","김재원","조국혁신당","rebuilding",22,-0.6811763048172,-0.646362721920013,0.223458081483841,"v20260312"
"FU53642G","허영","더불어민주당","liberal",22,-0.487222492694855,-0.460705488920212,-0.0207697357982397,"v20260312"
"GJ56729D","복기왕","더불어민주당","liberal",22,-0.528346419334412,-0.498282164335251,-0.0732646733522415,"v20260312"
"HSS7466Y","백혜련","더불어민주당","liberal",22,-0.499777585268021,-0.473833620548248,0.0294645540416241,"v20260312"
"I7R13867","이개호","더불어민주당","liberal",22,-0.47072622179985,-0.445443153381348,0.0407226979732513,"v20260312"
"JG77046J","이언주","더불어민주당","liberal",22,-0.484833598136902,-0.453550398349762,-0.0318790152668953,"v20260312"
"JSA8739I","손명수","더불어민주당","liberal",22,-0.505312085151672,-0.478110164403915,-0.0782830342650414,"v20260312"
"M0A1658U","윤호중","더불어민주당","liberal",22,-0.48566061258316,-0.457826554775238,0.00689661875367165,"v20260312"
"M7O7878U","신정훈","더불어민주당","liberal",22,-0.472091197967529,-0.446970671415329,0.0674916878342628,"v20260312"
"MDC3257K","백승아","더불어민주연합","liberal",22,-0.484409302473068,-0.459143429994583,0.0319399610161781,"v20260312"
"N2P9317N","이성윤","더불어민주당","liberal",22,-0.496651858091354,-0.469974249601364,-0.214391931891441,"v20260312"
"NUB4941Z","김한규","더불어민주당","liberal",22,-0.488371014595032,-0.462638676166534,0.0199291724711657,"v20260312"
"P8A4624C","전종덕","더불어민주연합","liberal",22,-0.991074919700623,-0.893516302108765,0.449030816555023,"v20260312"
"QWL7778X","이준석","개혁신당","centrist",22,0.219280555844307,0.203905522823334,0.978990614414215,"v20260312"
"RG972910","송재봉","더불어민주당","liberal",22,-0.514951586723328,-0.487236559391022,-0.0952518209815025,"v20260312"
"RKS3658I","이재관","더불어민주당","liberal",22,-0.477578699588776,-0.452127307653427,0.0342637673020363,"v20260312"
"RUZ25800","노종면","더불어민주당","liberal",22,-0.58025711774826,-0.54224306344986,-0.420405954122543,"v20260312"
"T6A6557F","황정아","더불어민주당","liberal",22,-0.562083065509796,-0.531581103801727,-0.2102090716362,"v20260312"
"TKJ4800F","서영교","더불어민주당","liberal",22,-0.48729857802391,-0.462024241685867,0.0323184207081795,"v20260312"
"UHB5553T","정태호","더불어민주당","liberal",22,-0.476762026548386,-0.449776977300644,0.0436718575656414,"v20260312"
"W8W95421","이상식","더불어민주당","liberal",22,-0.476386368274689,-0.451400488615036,0.0524897612631321,"v20260312"
"XBT9550Q","우원식","더불어민주당","liberal",22,-0.483066558837891,-0.457853317260742,0.0443645641207695,"v20260312"
"XEF29171","안호영","더불어민주당","liberal",22,-0.510598182678223,-0.48298168182373,0.0127645879983902,"v20260312"
"XSP20229","김성환","더불어민주당","liberal",22,-0.59556120634079,-0.56504088640213,0.366023778915405,"v20260312"
"YOG1280B","안철수","국민의힘","conservative",22,0.620490849018097,0.628619968891144,0.454063594341278,"v20260312"
"ZDR63255","소병훈","더불어민주당","liberal",22,-0.516836285591125,-0.4867302775383,-0.151274248957634,"v20260312"
"04T3751T","남인순","더불어민주당","liberal",22,-0.522910237312317,-0.495610505342484,0.276801019906998,"v20260312"
"0698755I","이해민","조국혁신당","rebuilding",22,-0.653222799301147,-0.617936432361603,0.355037748813629,"v20260312"
"0R68099X","이수진","더불어민주당","liberal",22,-0.58958375453949,-0.556964933872223,0.285201579332352,"v20260312"
"0VU8517U","황희","더불어민주당","liberal",22,-0.488604605197906,-0.456015139818192,0.0175016075372696,"v20260312"
"1A82234K","박은정","조국혁신당","rebuilding",22,-0.509586751461029,-0.480918437242508,0.39605987071991,"v20260312"
"1JI2689F","박용갑","더불어민주당","liberal",22,-0.477744519710541,-0.449853599071503,0.0361072234809399,"v20260312"
"1S05899F","채현일","더불어민주당","liberal",22,-0.477591723203659,-0.449902206659317,0.0199711713939905,"v20260312"
"1WE5693J","김태년","더불어민주당","liberal",22,-0.476033717393875,-0.45100924372673,0.027297355234623,"v20260312"
"2385336L","정청래","더불어민주당","liberal",22,-0.484431356191635,-0.459862381219864,0.022470785304904,"v20260312"
"25G2571T","전현희","더불어민주당","liberal",22,-0.477087736129761,-0.447046965360641,0.0445479303598404,"v20260312"
"2S73768V","이훈기","더불어민주당","liberal",22,-0.531498730182648,-0.502704739570618,-0.128881946206093,"v20260312"
"3249208I","송옥주","더불어민주당","liberal",22,-0.555678129196167,-0.525241255760193,-0.30422443151474,"v20260312"
"3C23171A","진성준","더불어민주당","liberal",22,-0.631498456001282,-0.597245156764984,0.537589550018311,"v20260312"
"3CC88975","김기표","더불어민주당","liberal",22,-0.47404682636261,-0.451226979494095,0.0426613166928291,"v20260312"
"3OQ8273H","양문석","더불어민주당","liberal",22,-0.611084997653961,-0.57906973361969,-0.216139197349548,"v20260312"
"3TP65086","윤종오","진보당","progressive",22,-0.967478156089783,-0.947263956069946,0.133090615272522,"v20260312"
"3UI95829","김우영","더불어민주당","liberal",22,-0.523485422134399,-0.49552121758461,-0.136393010616302,"v20260312"
"3ZR4438W","이인영","더불어민주당","liberal",22,-0.500554084777832,-0.474404662847519,0.138823121786118,"v20260312"
"43Q3892U","박희승","더불어민주당","liberal",22,-0.509105265140533,-0.480902403593063,0.0208204053342342,"v20260312"
"4L695580","김원이","더불어민주당","liberal",22,-0.643157780170441,-0.608813107013702,-0.2066610455513,"v20260312"
"4T026790","임오경","더불어민주당","liberal",22,-0.506424486637115,-0.479331374168396,0.295419931411743,"v20260312"
"4U29186R","문진석","더불어민주당","liberal",22,-0.489928662776947,-0.464675784111023,0.036617711186409,"v20260312"
"51A45980","서미화","더불어민주연합","liberal",22,-0.512261390686035,-0.484350323677063,-0.0787078216671944,"v20260312"
"5762459L","이정헌","더불어민주당","liberal",22,-0.486624836921692,-0.460712790489197,-0.134964346885681,"v20260312"
"5765663F","김영진","더불어민주당","liberal",22,-0.482908546924591,-0.457124263048172,0.027011014521122,"v20260312"
"57B28032","김재섭","국민의힘","conservative",22,0.62398761510849,0.632424354553223,0.505417764186859,"v20260312"
"5KV96424","강준현","더불어민주당","liberal",22,-0.480910748243332,-0.45375519990921,0.0175707973539829,"v20260312"
"5N65159P","김윤","더불어민주연합","liberal",22,-0.496989190578461,-0.47068777680397,-0.160314470529556,"v20260312"
"68P7228G","진선미","더불어민주당","liberal",22,-0.488391369581223,-0.457445740699768,0.0308737326413393,"v20260312"
"6AU2417B","박주민","더불어민주당","liberal",22,-0.490765422582626,-0.461855590343475,0.0125029785558581,"v20260312"
"6K79158C","이용우","더불어민주당","liberal",22,-0.597525119781494,-0.563741385936737,-0.143635764718056,"v20260312"
"6VC83722","김현정","더불어민주당","liberal",22,-0.470633536577225,-0.441899865865707,0.0365291759371758,"v20260312"
"6WK3815W","김태선","더불어민주당","liberal",22,-0.522335588932037,-0.495640844106674,-0.0660649389028549,"v20260312"
"7BM2933Y","김영호","더불어민주당","liberal",22,-0.482572674751282,-0.457728236913681,-0.00854407157748938,"v20260312"
"7GW5372Y","김선민","조국혁신당","rebuilding",22,-0.621935486793518,-0.587841749191284,-0.00680861715227365,"v20260312"
"7YC6702R","이건태","더불어민주당","liberal",22,-0.478861778974533,-0.453626394271851,0.0425167009234428,"v20260312"
"7YL9580G","김현","더불어민주당","liberal",22,-0.478580325841904,-0.453169256448746,0.0344858430325985,"v20260312"
"80C5885Z","서왕진","조국혁신당","rebuilding",22,-0.675002217292786,-0.640450775623322,0.384541720151901,"v20260312"
"8FB1535Y","어기구","더불어민주당","liberal",22,-0.502254247665405,-0.475209444761276,0.127456605434418,"v20260312"
"8JG4358H","한민수","더불어민주당","liberal",22,-0.476924002170563,-0.452294379472733,0.0067000831477344,"v20260312"
"8P37634C","강득구","더불어민주당","liberal",22,-0.484609067440033,-0.452295064926147,0.0131051689386368,"v20260312"
"8TU8443O","조계원","더불어민주당","liberal",22,-0.535663485527039,-0.507032573223114,0.221839845180511,"v20260312"
"9HE7226N","정진욱","더불어민주당","liberal",22,-0.507892429828644,-0.473577916622162,-0.268013000488281,"v20260312"
"9JF4562W","이용선","더불어민주당","liberal",22,-0.493272215127945,-0.467776477336884,0.0702924951910973,"v20260312"
"9LD2641Q","김정호","더불어민주당","liberal",22,-0.526788353919983,-0.49750018119812,-0.243373975157738,"v20260312"
"A494529E","천준호","더불어민주당","liberal",22,-0.495156615972519,-0.468656212091446,0.0161685440689325,"v20260312"
"AEO5706C","이강일","더불어민주당","liberal",22,-0.501358211040497,-0.473702281713486,0.0314403213560581,"v20260312"
"AFH96856","신영대","더불어민주당","liberal",22,-0.535261571407318,-0.506008088588715,-0.385812789201736,"v20260312"
"ARP89147","정동영","더불어민주당","liberal",22,-0.52538788318634,-0.497159391641617,0.113599322736263,"v20260312"
"B7D7534L","김영배","더불어민주당","liberal",22,-0.515817821025848,-0.487859576940536,0.424659341573715,"v20260312"
"BNV6535N","정혜경","더불어민주연합","liberal",22,-0.964822292327881,-0.942674338817596,0.238914906978607,"v20260312"
"BRU2690F","오세희","더불어민주연합","liberal",22,-0.520455956459045,-0.485089004039764,-0.275877773761749,"v20260312"
"BT62420K","박찬대","더불어민주당","liberal",22,-0.503784239292145,-0.476236164569855,-0.0582534298300743,"v20260312"
"C7E79345","권칠승","더불어민주당","liberal",22,-0.488963842391968,-0.458603203296661,0.233867540955544,"v20260312"
"CCU1009B","이해식","더불어민주당","liberal",22,-0.503746151924133,-0.474910140037537,-0.0733174160122871,"v20260312"
"CIZ8557P","장종태","더불어민주당","liberal",22,-0.499343454837799,-0.471860378980637,-0.18706502020359,"v20260312"
"CK143054","양부남","더불어민주당","liberal",22,-0.504625499248505,-0.477614879608154,-0.00287449592724442,"v20260312"
"CST4991F","임광현","더불어민주연합","liberal",22,-0.495733320713043,-0.470079332590103,-0.0919287949800491,"v20260312"
"D6U6678O","김주영","더불어민주당","liberal",22,-0.483336359262466,-0.458229064941406,0.0555256754159927,"v20260312"
"DAV7257X","이원택","더불어민주당","liberal",22,-0.487539917230606,-0.462207943201065,0.0337334722280502,"v20260312"
"E2B3753X","박해철","더불어민주당","liberal",22,-0.521457076072693,-0.491625815629959,-0.102074652910233,"v20260312"
"EB16073M","안도걸","더불어민주당","liberal",22,-0.478436201810837,-0.453060388565063,0.0400642342865467,"v20260312"
"EBH1101V","이연희","더불어민주당","liberal",22,-0.552579164505005,-0.522756457328796,-0.336900055408478,"v20260312"
"EFU76868","권향엽","더불어민주당","liberal",22,-0.563783228397369,-0.53331869840622,-0.304122626781464,"v20260312"
"EMH4976E","박지혜","더불어민주당","liberal",22,-0.562601029872894,-0.531980395317078,-0.314141690731049,"v20260312"
"FH777496","임호선","더불어민주당","liberal",22,-0.588944017887115,-0.556721270084381,-0.241960048675537,"v20260312"
"FIE6569O","곽상언","더불어민주당","liberal",22,-0.551152467727661,-0.522306978702545,-0.0248552523553371,"v20260312"
"FJK3396E","맹성규","더불어민주당","liberal",22,-0.480698883533478,-0.451772898435593,0.0995135605335236,"v20260312"
"FOK3459D","서삼석","더불어민주당","liberal",22,-0.502974450588226,-0.476103454828262,0.123572736978531,"v20260312"
"FYI20317","조승래","더불어민주당","liberal",22,-0.499439984560013,-0.471189856529236,-0.0787240862846375,"v20260312"
"GE71932C","용혜인","더불어민주연합","liberal",22,-1,-0.974340379238129,-0.0393220782279968,"v20260312"
"GF286398","김병주","더불어민주당","liberal",22,-0.473672121763229,-0.448287636041641,0.00732834869995713,"v20260312"
"GOC54665","문정복","더불어민주당","liberal",22,-0.485327243804932,-0.460348427295685,-0.048240527510643,"v20260312"
"GP07421U","윤건영","더불어민주당","liberal",22,-0.493635356426239,-0.465927869081497,0.0364474542438984,"v20260312"
"GRP3908I","문금주","더불어민주당","liberal",22,-0.556546330451965,-0.525801360607147,-0.330638587474823,"v20260312"
"GX38539O","유동수","더불어민주당","liberal",22,-0.539636611938477,-0.509707868099213,-0.20084322988987,"v20260312"
"H5476989","한병도","더불어민주당","liberal",22,-0.485214173793793,-0.460928648710251,0.0788072422146797,"v20260312"
"HFV52269","이병진","더불어민주당","liberal",22,-0.48040634393692,-0.455324918031693,0.029741570353508,"v20260312"
"HHB5652A","허성무","더불어민주당","liberal",22,-0.520819008350372,-0.493981540203094,-0.0845823138952255,"v20260312"
"HVV5250J","박정현","더불어민주당","liberal",22,-0.558030664920807,-0.52798330783844,-0.217125669121742,"v20260312"
"HXT76735","박상혁","더불어민주당","liberal",22,-0.476244360208511,-0.446309566497803,0.0256983172148466,"v20260312"
"I5I2468R","최기상","더불어민주당","liberal",22,-0.515383899211884,-0.488558053970337,-0.0729191526770592,"v20260312"
"IC499858","정준호","더불어민주당","liberal",22,-0.483009517192841,-0.458158314228058,0.0131192747503519,"v20260312"
"IL74008M","박성준","더불어민주당","liberal",22,-0.479084402322769,-0.453584015369415,0.0200693476945162,"v20260312"
"IN328264","조정식","더불어민주당","liberal",22,-0.47573971748352,-0.447945028543472,0.0377642847597599,"v20260312"
"IUD9392R","이재명","더불어민주당","liberal",22,-0.500891029834747,-0.4749436378479,-0.0462777800858021,"v20260312"
"IUX1829H","김남근","더불어민주당","liberal",22,-0.548699617385864,-0.517204642295837,0.0165155865252018,"v20260312"
"IWR8966I","박균택","더불어민주당","liberal",22,-0.473344743251801,-0.451355993747711,0.104907564818859,"v20260312"
"J1G57517","모경종","더불어민주당","liberal",22,-0.495672941207886,-0.467473894357681,0.222317725419998,"v20260312"
"JC14718Q","윤준병","더불어민주당","liberal",22,-0.579690396785736,-0.541903972625732,-0.305139899253845,"v20260312"
"JZY9937U","김윤덕","더불어민주당","liberal",22,-0.50711178779602,-0.477829128503799,-0.118528880178928,"v20260312"
"K5F2023J","이학영","더불어민주당","liberal",22,-0.470664203166962,-0.444537699222565,-0.0291764307767153,"v20260312"
"KNP22261","차규근","조국혁신당","rebuilding",22,-0.607050180435181,-0.574103832244873,0.398865312337875,"v20260312"
"LT72093S","정일영","더불어민주당","liberal",22,-0.48923459649086,-0.459539264440536,0.0028659007512033,"v20260312"
"M4O5221T","박민규","더불어민주당","liberal",22,-0.475802898406982,-0.45180544257164,0.0347027219831944,"v20260312"
"MIS62075","김동아","더불어민주당","liberal",22,-0.591497957706451,-0.551352918148041,-0.329760164022446,"v20260312"
"MLH1404S","김민석","더불어민주당","liberal",22,-0.491691261529922,-0.463572144508362,-0.00797494687139988,"v20260312"
"MNZ4401T","강선우","더불어민주당","liberal",22,-0.508258998394012,-0.48245495557785,-0.130338728427887,"v20260312"
"MQK9493H","윤종군","더불어민주당","liberal",22,-0.505019187927246,-0.47853147983551,-0.0287895016372204,"v20260312"
"NA61091D","정을호","더불어민주연합","liberal",22,-0.479533433914185,-0.455369621515274,0.043231800198555,"v20260312"
"NB64509Z","김용만","더불어민주당","liberal",22,-0.490348964929581,-0.463991433382034,0.0204606186598539,"v20260312"
"NPD75153","신장식","조국혁신당","rebuilding",22,-0.738424837589264,-0.703219532966614,0.29123666882515,"v20260312"
"NXB3178C","김남희","더불어민주당","liberal",22,-0.490635097026825,-0.465911418199539,0.333047419786453,"v20260312"
"O0I2045I","이정문","더불어민주당","liberal",22,-0.479496479034424,-0.455322355031967,0.0256867054849863,"v20260312"
"O6D8329R","민홍철","더불어민주당","liberal",22,-0.482354670763016,-0.457205832004547,0.0439251251518726,"v20260312"
"O7R5461J","윤후덕","더불어민주당","liberal",22,-0.527774095535278,-0.498783200979233,0.430397182703018,"v20260312"
"OFE45081","김용민","더불어민주당","liberal",22,-0.487031996250153,-0.461881369352341,0.0117040639743209,"v20260312"
"OIA3741M","오기형","더불어민주당","liberal",22,-0.482285261154175,-0.454365491867065,0.0418923385441303,"v20260312"
"Q129715Y","강유정","더불어민주연합","liberal",22,-0.543978214263916,-0.514715909957886,0.298024237155914,"v20260312"
"QUR40502","전진숙","더불어민주당","liberal",22,-0.538631319999695,-0.501262545585632,-0.439634054899216,"v20260312"
"RC885085","차지호","더불어민주당","liberal",22,-0.563722491264343,-0.533964812755585,0.628580629825592,"v20260312"
"RJH6314D","황명선","더불어민주당","liberal",22,-0.500961899757385,-0.471722990274429,-0.205174580216408,"v20260312"
"RPN2293B","장경태","더불어민주당","liberal",22,-0.494458168745041,-0.468088746070862,-0.211767047643661,"v20260312"
"RQQ3807K","위성곤","더불어민주당","liberal",22,-0.578901827335358,-0.547911882400513,-0.0771677941083908,"v20260312"
"S824682L","박홍근","더불어민주당","liberal",22,-0.482688963413239,-0.457244545221329,0.0273325126618147,"v20260312"
"SQ36001H","송기헌","더불어민주당","liberal",22,-0.480812400579453,-0.455597728490829,0.0337652899324894,"v20260312"
"T3E4932G","조국","조국혁신당","rebuilding",22,-0.602531313896179,-0.567827045917511,0.823147892951965,"v20260312"
"T465023H","주철현","더불어민주당","liberal",22,-0.472352385520935,-0.445946335792542,0.0351005420088768,"v20260312"
"T4I4862D","한창민","더불어민주연합","liberal",22,-0.90712183713913,-0.835518598556519,0.549462199211121,"v20260312"
"T9E37304","위성락","더불어민주연합","liberal",22,-0.483975946903229,-0.460050225257874,0.0923646315932274,"v20260312"
"TJW93720","전용기","더불어민주당","liberal",22,-0.551313936710358,-0.521498084068298,-0.153263136744499,"v20260312"
"TRE2429O","강훈식","더불어민주당","liberal",22,-0.488523334264755,-0.461019694805145,0.35269170999527,"v20260312"
"TST4507I","안규백","더불어민주당","liberal",22,-0.49183264374733,-0.466454297304153,0.0453681796789169,"v20260312"
"TZ228122","민병덕","더불어민주당","liberal",22,-0.51411896944046,-0.484360188245773,-0.0921437740325928,"v20260312"
"URV1689Q","추미애","더불어민주당","liberal",22,-0.537878632545471,-0.50801283121109,-0.211664736270905,"v20260312"
"URX8075K","염태영","더불어민주당","liberal",22,-0.520797967910767,-0.492658019065857,-0.19039286673069,"v20260312"
"V2R7430Z","이춘석","더불어민주당","liberal",22,-0.530960381031036,-0.502448558807373,-0.191479608416557,"v20260312"
"V429892C","정성호","더불어민주당","liberal",22,-0.480041980743408,-0.452577233314514,0.062197882682085,"v20260312"
"VCP96419","허종식","더불어민주당","liberal",22,-0.481617271900177,-0.453682005405426,-0.198171928524971,"v20260312"
"VRY5522V","민형배","더불어민주당","liberal",22,-0.632018327713013,-0.601239323616028,0.0652289390563965,"v20260312"
"VZA76236","박선원","더불어민주당","liberal",22,-0.524955868721008,-0.487886786460876,-0.409856885671616,"v20260312"
"W3U3344O","이기헌","더불어민주당","liberal",22,-0.554816901683807,-0.524529933929443,0.0570134073495865,"v20260312"
"W8L9421K","안태준","더불어민주당","liberal",22,-0.515306890010834,-0.487553626298904,-0.0430732183158398,"v20260312"
"WCD5518S","고민정","더불어민주당","liberal",22,-0.495755881071091,-0.467756927013397,-0.0898322910070419,"v20260312"
"WI719547","이주영","개혁신당","centrist",22,0.19255918264389,0.206990674138069,0.9526207447052,"v20260312"
"WTR5885Y","이소영","더불어민주당","liberal",22,-0.539651095867157,-0.508516490459442,-0.270887553691864,"v20260312"
"X1K3667J","김교흥","더불어민주당","liberal",22,-0.503206670284271,-0.475045919418335,-0.00358416954986751,"v20260312"
"XG348314","정춘생","조국혁신당","rebuilding",22,-0.636806130409241,-0.602795422077179,0.47659495472908,"v20260312"
"XPP2564T","한정애","더불어민주당","liberal",22,-0.528891265392303,-0.498968094587326,0.372966676950455,"v20260312"
"XR24352K","서영석","더불어민주당","liberal",22,-0.49253711104393,-0.467757642269135,0.0277980975806713,"v20260312"
"YGB8604T","천하람","개혁신당","centrist",22,0.247994169592857,0.235451102256775,0.971886157989502,"v20260312"
"YM42715P","김준혁","더불어민주당","liberal",22,-0.486364364624023,-0.461545884609222,-0.111290439963341,"v20260312"
"YS38221N","최민희","더불어민주당","liberal",22,-0.479440420866013,-0.454059392213821,0.0205366108566523,"v20260312"
"ZKB18611","조인철","더불어민주당","liberal",22,-0.490535706281662,-0.464639604091644,0.0325213558971882,"v20260312"
"ZW43496R","박홍배","더불어민주연합","liberal",22,-0.590435147285461,-0.559024214744568,-0.0975411683320999,"v20260312"
"5K93695T","김승수","국민의힘","conservative",22,0.84636116027832,0.849342286586761,0.284942835569382,"v20260312"
"7469929V","구자근","국민의힘","conservative",22,0.739984095096588,0.746297597885132,-0.566408812999725,"v20260312"
"HE08888N","김기웅","국민의힘","conservative",22,0.650346636772156,0.655329406261444,0.0140203917399049,"v20260312"
"HRG9655C","김희정","국민의힘","conservative",22,0.833552062511444,0.836021065711975,0.169068351387978,"v20260312"
"LG63087O","권영세","국민의힘","conservative",22,0.765029311180115,0.768789649009705,0.326091080904007,"v20260312"
"NQO7187X","강선영","국민의미래","conservative",22,0.794116854667664,0.797138571739197,0.296470493078232,"v20260312"
"OSV9142K","이만희","국민의힘","conservative",22,0.716352224349976,0.72198623418808,-0.388256788253784,"v20260312"
"PFG2137X","정희용","국민의힘","conservative",22,0.683549463748932,0.690981984138489,-0.0470335632562637,"v20260312"
"T2T8225E","강경숙","조국혁신당","rebuilding",22,-0.632530748844147,-0.597823143005371,0.471001923084259,"v20260312"
"1Y73132H","김상훈","국민의힘","conservative",22,0.625411152839661,0.633655190467834,-0.349204659461975,"v20260312"
"3BC6890E","김미애","국민의힘","conservative",22,0.62586373090744,0.633460640907288,-0.2327601313591,"v20260312"
"3NI5978A","조지연","국민의힘","conservative",22,0.726125955581665,0.731565773487091,-0.525676071643829,"v20260312"
"42K7317Y","강승규","국민의힘","conservative",22,0.721176385879517,0.725869178771973,-0.446931332349777,"v20260312"
"4X525582","배현진","국민의힘","conservative",22,0.667004346847534,0.674070656299591,0.0207967534661293,"v20260312"
"5KV82250","조경태","국민의힘","conservative",22,0.307066202163696,0.324576705694199,0.0521498769521713,"v20260312"
"6RD62559","박정하","국민의힘","conservative",22,0.701446354389191,0.706615090370178,0.26585641503334,"v20260312"
"6U243644","박형수","국민의힘","conservative",22,0.66070431470871,0.668807148933411,-0.162664800882339,"v20260312"
"8XE7026P","정연욱","국민의힘","conservative",22,0.718402683734894,0.724319815635681,-0.18036587536335,"v20260312"
"9901388T","강명구","국민의힘","conservative",22,0.596377849578857,0.605617165565491,-0.32481238245964,"v20260312"
"9D939735","김성원","국민의힘","conservative",22,0.787786722183228,0.790514647960663,-0.115324541926384,"v20260312"
"A0P4646G","최형두","국민의힘","conservative",22,0.699945747852325,0.706720113754272,-0.152206212282181,"v20260312"
"ANS8383S","김대식","국민의힘","conservative",22,0.680244624614716,0.687248826026917,-0.244388833642006,"v20260312"
"B7789327","인요한","국민의미래","conservative",22,0.644690752029419,0.652273297309875,-0.113971143960953,"v20260312"
"CAA7713A","백종헌","국민의힘","conservative",22,0.632390916347504,0.640001773834229,-0.11540687084198,"v20260312"
"CGW7415Z","정성국","국민의힘","conservative",22,0.711195349693298,0.715349972248077,-0.0302008651196957,"v20260312"
"CNZ51556","김예지","국민의미래","conservative",22,0.455920040607452,0.469948589801788,0.115508958697319,"v20260312"
"DAY6557K","정동만","국민의힘","conservative",22,0.715058863162994,0.720533967018127,-0.223738119006157,"v20260312"
"DWK26447","이인선","국민의힘","conservative",22,0.714502573013306,0.720162034034729,-0.22435237467289,"v20260312"
"E1J8836Y","김정재","국민의힘","conservative",22,0.749919056892395,0.75430166721344,-0.0608750954270363,"v20260312"
"EH27538E","임이자","국민의힘","conservative",22,0.695840179920197,0.701546728610992,-0.349085569381714,"v20260312"
"EPI69383","김용태","국민의힘","conservative",22,0.679474949836731,0.684326946735382,0.319174021482468,"v20260312"
"EVH1507C","이헌승","국민의힘","conservative",22,0.747536242008209,0.752374708652496,0.225406751036644,"v20260312"
"G152611B","추경호","국민의힘","conservative",22,0.708792448043823,0.715850651264191,0.262737184762955,"v20260312"
"G6W8250J","박준태","국민의미래","conservative",22,0.742859542369843,0.74593836069107,-0.263033300638199,"v20260312"
"GX22581L","강민국","국민의힘","conservative",22,0.807560563087463,0.810321867465973,0.0375586338341236,"v20260312"
"HS39431V","고동진","국민의힘","conservative",22,0.772007942199707,0.775650262832642,0.463458478450775,"v20260312"
"HSW1214Q","이종배","국민의힘","conservative",22,0.688559830188751,0.694994688034058,-0.0687647089362144,"v20260312"
"JEZ3130Q","김형동","국민의힘","conservative",22,0.609937191009521,0.615777492523193,-0.234133690595627,"v20260312"
"JNL7001A","김선교","국민의힘","conservative",22,0.959605634212494,0.961118936538696,-0.256798774003983,"v20260312"
"JP222486","서천호","국민의힘","conservative",22,0.787952959537506,0.79135000705719,-0.336405158042908,"v20260312"
"JQA21112","한기호","국민의힘","conservative",22,1,0.941954553127289,0.335740476846695,"v20260312"
"JZV5283U","유영하","국민의힘","conservative",22,0.751195669174194,0.765592277050018,-0.643326044082642,"v20260312"
"KBK8836C","유용원","국민의미래","conservative",22,0.675014197826385,0.682626307010651,-0.216716796159744,"v20260312"
"KFM1081G","장동혁","국민의힘","conservative",22,0.714076399803162,0.718976140022278,-0.111579619348049,"v20260312"
"L2I9861C","강대식","국민의힘","conservative",22,0.830793499946594,0.833848536014557,-0.533794105052948,"v20260312"
"L5P27909","김은혜","국민의힘","conservative",22,0.76785159111023,0.770894825458527,0.198306143283844,"v20260312"
"L7J93733","서범수","국민의힘","conservative",22,0.583772778511047,0.591622054576874,-0.0436297431588173,"v20260312"
"LCZ1711I","김위상","국민의미래","conservative",22,0.604372620582581,0.613469243049622,-0.167397782206535,"v20260312"
"LH97552Q","김도읍","국민의힘","conservative",22,0.730754375457764,0.734700083732605,0.12300168722868,"v20260312"
"LYY5513O","권영진","국민의힘","conservative",22,0.540454685688019,0.548005402088165,-0.677798271179199,"v20260312"
"ME83002L","조승환","국민의힘","conservative",22,0.793327391147614,0.797502279281616,0.0523400157690048,"v20260312"
"MQU41854","조은희","국민의힘","conservative",22,0.712565779685974,0.716462731361389,-0.25916400551796,"v20260312"
"MR210505","서일준","국민의힘","conservative",22,0.681617677211761,0.768901586532593,-0.63936710357666,"v20260312"
"N378078V","김종양","국민의힘","conservative",22,0.604595184326172,0.611259996891022,-0.180677503347397,"v20260312"
"N4R2421C","박덕흠","국민의힘","conservative",22,0.667602241039276,0.674006938934326,-0.196949422359467,"v20260312"
"NLS46526","이종욱","국민의힘","conservative",22,0.835385024547577,0.837815642356873,0.295465171337128,"v20260312"
"NX534083","박성훈","국민의힘","conservative",22,0.903990566730499,0.905659198760986,0.340038806200027,"v20260312"
"P7U7800Z","서지영","국민의힘","conservative",22,0.914060294628143,0.914822161197662,0.293381720781326,"v20260312"
"PYA8594I","안상훈","국민의미래","conservative",22,0.690037429332733,0.696681320667267,0.14519177377224,"v20260312"
"Q918403D","한지아","국민의미래","conservative",22,0.615243256092072,0.624925315380096,0.399661600589752,"v20260312"
"QDU1100U","진종오","국민의미래","conservative",22,0.704821228981018,0.710113644599915,0.128787964582443,"v20260312"
"QQ429063","서명옥","국민의힘","conservative",22,0.732524931430817,0.737146615982056,0.24177223443985,"v20260312"
"QQP4727N","배준영","국민의힘","conservative",22,0.638326346874237,0.64610093832016,-0.0265096221119165,"v20260312"
"RAJ1024Z","임종득","국민의힘","conservative",22,0.735114753246307,0.739363610744476,0.0456311851739883,"v20260312"
"REG96285","곽규택","국민의힘","conservative",22,0.72473794221878,0.729541063308716,0.243453055620193,"v20260312"
"ROS6754L","이달희","국민의미래","conservative",22,0.696844696998596,0.702076494693756,-0.270237952470779,"v20260312"
"SLW27496","나경원","국민의힘","conservative",22,0.935224413871765,0.937983453273773,0.155907139182091,"v20260312"
"TCP9838Y","김민전","국민의미래","conservative",22,0.996055543422699,0.913106858730316,0.407720327377319,"v20260312"
"TZP9391O","이철규","국민의힘","conservative",22,0.884253442287445,0.88686215877533,-0.0830616354942322,"v20260312"
"UOS16250","최보윤","국민의미래","conservative",22,0.815660417079926,0.817072629928589,0.126201465725899,"v20260312"
"VA04150X","박상웅","국민의힘","conservative",22,0.669225335121155,0.676017940044403,0.0256603416055441,"v20260312"
"VDN5593C","김상욱","국민의힘","conservative",22,-0.368266373872757,-0.355544924736023,-0.308813720941544,"v20260312"
"W4X85128","박대출","국민의힘","conservative",22,1,0.990284502506256,-0.139056339859962,"v20260312"
"WJL30106","조정훈","국민의힘","conservative",22,0.63641357421875,0.643581807613373,-0.33017960190773,"v20260312"
"WXJ8352N","이성권","국민의힘","conservative",22,0.578430116176605,0.584005057811737,-0.0185147430747747,"v20260312"
"X3170462","박성민","국민의힘","conservative",22,0.746155560016632,0.750084817409515,-0.135282054543495,"v20260312"
"X639721U","임미애","더불어민주연합","liberal",22,-0.594936668872833,-0.562632858753204,-0.442062735557556,"v20260312"
"Y0X4618N","박수민","국민의힘","conservative",22,0.723594844341278,0.728403806686401,0.339360445737839,"v20260312"
"ZRF3039U","윤재옥","국민의힘","conservative",22,0.750745475292206,0.754796624183655,0.148458078503609,"v20260312"
"M2Q9024I","김종민","새로운미래","centrist",22,-0.499564737081528,-0.475730150938034,0.548900008201599,"v20260312"
"UQ282145","이재정","더불어민주당","liberal",22,-0.575541913509369,-0.5422283411026,0.499944150447845,"v20260312"
"6EN68926","송언석","국민의힘","conservative",22,0.705038011074066,0.710748314857483,0.0264278315007687,"v20260312"
"7XY7109I","성일종","국민의힘","conservative",22,0.722437024116516,0.726665019989014,-0.0743743181228638,"v20260312"
"8348421R","엄태영","국민의힘","conservative",22,0.736307442188263,0.739634931087494,-0.192167535424232,"v20260312"
"8L52480G","이상휘","국민의힘","conservative",22,0.660180032253265,0.667467534542084,-0.318854570388794,"v20260312"
"8UC4779G","우재준","국민의힘","conservative",22,0.637517154216766,0.644501328468323,0.0643147975206375,"v20260312"
"AEJ19639","박정훈","국민의힘","conservative",22,0.632165193557739,0.637083053588867,-0.372379571199417,"v20260312"
"FU87526G","박수영","국민의힘","conservative",22,0.915542364120483,0.915048480033875,0.323572814464569,"v20260312"
"GDG1847Z","권성동","국민의힘","conservative",22,0.84900712966919,0.85163426399231,0.168976441025734,"v20260312"
"GJK57930","주진우","국민의힘","conservative",22,0.629302442073822,0.636912763118744,-0.1440709233284,"v20260312"
"GP21946O","박충권","국민의미래","conservative",22,0.819314479827881,0.821917116641998,0.104538016021252,"v20260312"
"IWK63872","조배숙","국민의미래","conservative",22,0.659530222415924,0.666493833065033,-0.158947572112083,"v20260312"
"LJK4960Z","정점식","국민의힘","conservative",22,0.7370765209198,0.742042362689972,-0.202332004904747,"v20260312"
"MU69217P","유상범","국민의힘","conservative",22,0.792272686958313,0.795556306838989,0.0517599508166313,"v20260312"
"OWD1018N","신동욱","국민의힘","conservative",22,0.796525955200195,0.799705922603607,0.137040257453918,"v20260312"
"P0F1530P","김태호","국민의힘","conservative",22,0.570427417755127,0.576317191123962,-0.0263367909938097,"v20260312"
"RMC1840P","신성범","국민의힘","conservative",22,0.659110605716705,0.665551483631134,-0.187004521489143,"v20260312"
"TQP7167T","김건","국민의미래","conservative",22,0.611684203147888,0.619564354419708,-0.127522617578506,"v20260312"
"UF53617M","최은석","국민의힘","conservative",22,0.933687031269073,0.927385926246643,0.332793474197388,"v20260312"
"WJG74792","최수진","국민의미래","conservative",22,0.760525524616241,0.764032781124115,0.0422966852784157,"v20260312"
"X7E7893P","김장겸","국민의미래","conservative",22,0.781153857707977,0.784773707389832,-0.542424976825714,"v20260312"
"X7I4680R","김기현","국민의힘","conservative",22,0.753495454788208,0.757861018180847,0.290116131305695,"v20260312"
"ZYP7962W","김석기","국민의힘","conservative",22,0.724145174026489,0.729166746139526,-0.17846354842186,"v20260312"
"1SR94244","김소희","국민의미래","conservative",22,0.775591731071472,0.77965784072876,0.0748476982116699,"v20260312"
"8SV6917G","주호영","국민의힘","conservative",22,0.739409506320953,0.743322491645813,0.469480812549591,"v20260312"
"8X15119P","윤한홍","국민의힘","conservative",22,0.951836824417114,0.951959908008575,-0.112170703709126,"v20260312"
"CNW5754J","송석준","국민의힘","conservative",22,0.724490225315094,0.729714751243591,-0.034824226051569,"v20260312"
"9VR65006","윤영석","국민의힘","conservative",22,0.607553064823151,0.616153061389923,-0.404924660921097,"v20260312"
"MSY7784L","윤상현","국민의힘","conservative",22,0.702265799045563,0.73774790763855,-0.675076365470886,"v20260312"
"S9U45255","이양수","국민의힘","conservative",22,0.826002538204193,0.829850196838379,0.16268216073513,"v20260312"
"YN160848","백선희","조국혁신당","rebuilding",22,-0.629183232784271,-0.594604194164276,0.479910373687744,"v20260312"
"2KM3589W","손솔","더불어민주연합","liberal",22,-0.96822988986969,-0.77891993522644,0.627123475074768,"v20260312"
"CC78321E","최혁진","더불어민주연합","liberal",22,-0.578054428100586,-0.541080474853516,0.0851501375436783,"v20260312"
"RBM5454A","이주희","더불어민주당","liberal",22,-0.47527602314949,-0.449510604143143,0.0653147920966148,"v20260312"
